solid OpenSCAD_Model
  facet normal -0.989173 -0.146755 0
    outer loop
      vertex -36.9039 -61.9754 0
      vertex -36.9759 -61.4901 17
      vertex -36.9759 -61.4901 0
    endloop
  endfacet
  facet normal -0.989173 -0.146755 0
    outer loop
      vertex -36.9759 -61.4901 17
      vertex -36.9039 -61.9754 0
      vertex -36.9039 -61.9754 17
    endloop
  endfacet
  facet normal 0.903995 -0.427543 0
    outer loop
      vertex 36.4096 -63.357 17
      vertex 36.6194 -62.9134 0
      vertex 36.6194 -62.9134 17
    endloop
  endfacet
  facet normal 0.903995 -0.427543 0
    outer loop
      vertex 36.6194 -62.9134 0
      vertex 36.4096 -63.357 17
      vertex 36.4096 -63.357 0
    endloop
  endfacet
  facet normal -0.998793 -0.0491143 0
    outer loop
      vertex -36.9759 -61.4901 0
      vertex -37 -61 17
      vertex -37 -61 0
    endloop
  endfacet
  facet normal -0.998793 -0.0491143 0
    outer loop
      vertex -37 -61 17
      vertex -36.9759 -61.4901 0
      vertex -36.9759 -61.4901 17
    endloop
  endfacet
  facet normal -0.671719 -0.740806 0
    outer loop
      vertex -35.5355 -64.5355 0
      vertex -35.172 -64.8651 17
      vertex -35.5355 -64.5355 17
    endloop
  endfacet
  facet normal -0.671719 -0.740806 -0
    outer loop
      vertex -35.172 -64.8651 17
      vertex -35.5355 -64.5355 0
      vertex -35.172 -64.8651 0
    endloop
  endfacet
  facet normal 0.242919 0.970047 -0
    outer loop
      vertex 33.4514 65.7847 0
      vertex 32.9754 65.9039 17
      vertex 33.4514 65.7847 17
    endloop
  endfacet
  facet normal 0.242919 0.970047 0
    outer loop
      vertex 32.9754 65.9039 17
      vertex 33.4514 65.7847 0
      vertex 32.9754 65.9039 0
    endloop
  endfacet
  facet normal 0.514226 0.857655 -0
    outer loop
      vertex 34.7778 65.1573 0
      vertex 34.357 65.4096 17
      vertex 34.7778 65.1573 17
    endloop
  endfacet
  facet normal 0.514226 0.857655 0
    outer loop
      vertex 34.357 65.4096 17
      vertex 34.7778 65.1573 0
      vertex 34.357 65.4096 0
    endloop
  endfacet
  facet normal -0.514226 0.857655 0
    outer loop
      vertex -34.357 65.4096 0
      vertex -34.7778 65.1573 17
      vertex -34.357 65.4096 17
    endloop
  endfacet
  facet normal -0.514226 0.857655 0
    outer loop
      vertex -34.7778 65.1573 17
      vertex -34.357 65.4096 0
      vertex -34.7778 65.1573 0
    endloop
  endfacet
  facet normal -0.989173 0.146755 0
    outer loop
      vertex -36.9759 61.4901 0
      vertex -36.9039 61.9754 17
      vertex -36.9039 61.9754 0
    endloop
  endfacet
  facet normal -0.989173 0.146755 0
    outer loop
      vertex -36.9039 61.9754 17
      vertex -36.9759 61.4901 0
      vertex -36.9759 61.4901 17
    endloop
  endfacet
  facet normal -0.970047 0.242919 0
    outer loop
      vertex -36.9039 61.9754 0
      vertex -36.7847 62.4514 17
      vertex -36.7847 62.4514 0
    endloop
  endfacet
  facet normal -0.970047 0.242919 0
    outer loop
      vertex -36.7847 62.4514 17
      vertex -36.9039 61.9754 0
      vertex -36.9039 61.9754 17
    endloop
  endfacet
  facet normal 1 0 0
    outer loop
      vertex 37 61 17
      vertex 37 48.5 9
      vertex 37 61 0
    endloop
  endfacet
  facet normal 1 0 0
    outer loop
      vertex 37 61 17
      vertex 37 48.4952 9.09801
      vertex 37 48.5 9
    endloop
  endfacet
  facet normal 1 0 0
    outer loop
      vertex 37 61 17
      vertex 37 48.4808 9.19508
      vertex 37 48.4952 9.09801
    endloop
  endfacet
  facet normal 1 0 0
    outer loop
      vertex 37 61 17
      vertex 37 48.4569 9.29028
      vertex 37 48.4808 9.19508
    endloop
  endfacet
  facet normal 1 0 0
    outer loop
      vertex 37 61 17
      vertex 37 48.4239 9.38268
      vertex 37 48.4569 9.29028
    endloop
  endfacet
  facet normal 1 0 0
    outer loop
      vertex 37 61 17
      vertex 37 48.3819 9.47139
      vertex 37 48.4239 9.38268
    endloop
  endfacet
  facet normal 1 0 0
    outer loop
      vertex 37 61 17
      vertex 37 48.3315 9.55556
      vertex 37 48.3819 9.47139
    endloop
  endfacet
  facet normal 1 0 0
    outer loop
      vertex 37 61 17
      vertex 37 48.273 9.63438
      vertex 37 48.3315 9.55556
    endloop
  endfacet
  facet normal 1 0 0
    outer loop
      vertex 37 61 17
      vertex 37 48.2071 9.70709
      vertex 37 48.273 9.63438
    endloop
  endfacet
  facet normal 1 0 0
    outer loop
      vertex 37 61 17
      vertex 37 48.1344 9.77301
      vertex 37 48.2071 9.70709
    endloop
  endfacet
  facet normal 1 0 0
    outer loop
      vertex 37 61 17
      vertex 37 48.0556 9.83147
      vertex 37 48.1344 9.77301
    endloop
  endfacet
  facet normal 1 0 0
    outer loop
      vertex 37 61 17
      vertex 37 47.9714 9.88191
      vertex 37 48.0556 9.83147
    endloop
  endfacet
  facet normal 1 0 0
    outer loop
      vertex 37 61 17
      vertex 37 47.8827 9.92387
      vertex 37 47.9714 9.88191
    endloop
  endfacet
  facet normal 1 0 0
    outer loop
      vertex 37 61 17
      vertex 37 47.7903 9.95694
      vertex 37 47.8827 9.92387
    endloop
  endfacet
  facet normal 1 0 0
    outer loop
      vertex 37 61 17
      vertex 37 47.6951 9.98077
      vertex 37 47.7903 9.95694
    endloop
  endfacet
  facet normal 1 0 0
    outer loop
      vertex 37 61 17
      vertex 37 47.598 9.99518
      vertex 37 47.6951 9.98077
    endloop
  endfacet
  facet normal 1 0 0
    outer loop
      vertex 37 61 17
      vertex 37 47.5 10
      vertex 37 47.598 9.99518
    endloop
  endfacet
  facet normal 1 0 0
    outer loop
      vertex 37 61 17
      vertex 37 36.5 10
      vertex 37 47.5 10
    endloop
  endfacet
  facet normal 1 0 0
    outer loop
      vertex 37 61 17
      vertex 37 36.402 9.99518
      vertex 37 36.5 10
    endloop
  endfacet
  facet normal 1 0 0
    outer loop
      vertex 37 61 17
      vertex 37 36.3049 9.98077
      vertex 37 36.402 9.99518
    endloop
  endfacet
  facet normal 1 -0 0
    outer loop
      vertex 37 -61 17
      vertex 37 36.3049 9.98077
      vertex 37 61 17
    endloop
  endfacet
  facet normal 1 0 0
    outer loop
      vertex 37 35.5 9
      vertex 37 -61 17
      vertex 37 35.5 8
    endloop
  endfacet
  facet normal 1 0 0
    outer loop
      vertex 37 35.5048 9.09801
      vertex 37 -61 17
      vertex 37 35.5 9
    endloop
  endfacet
  facet normal 1 0 0
    outer loop
      vertex 37 35.5192 9.19508
      vertex 37 -61 17
      vertex 37 35.5048 9.09801
    endloop
  endfacet
  facet normal 1 0 0
    outer loop
      vertex 37 35.5431 9.29028
      vertex 37 -61 17
      vertex 37 35.5192 9.19508
    endloop
  endfacet
  facet normal 1 0 0
    outer loop
      vertex 37 35.5761 9.38268
      vertex 37 -61 17
      vertex 37 35.5431 9.29028
    endloop
  endfacet
  facet normal 1 0 0
    outer loop
      vertex 37 35.6181 9.47139
      vertex 37 -61 17
      vertex 37 35.5761 9.38268
    endloop
  endfacet
  facet normal 1 0 0
    outer loop
      vertex 37 35.6685 9.55556
      vertex 37 -61 17
      vertex 37 35.6181 9.47139
    endloop
  endfacet
  facet normal 1 0 0
    outer loop
      vertex 37 35.727 9.63438
      vertex 37 -61 17
      vertex 37 35.6685 9.55556
    endloop
  endfacet
  facet normal 1 0 0
    outer loop
      vertex 37 35.7929 9.70709
      vertex 37 -61 17
      vertex 37 35.727 9.63438
    endloop
  endfacet
  facet normal 1 0 0
    outer loop
      vertex 37 35.8656 9.77301
      vertex 37 -61 17
      vertex 37 35.7929 9.70709
    endloop
  endfacet
  facet normal 1 0 0
    outer loop
      vertex 37 35.9444 9.83147
      vertex 37 -61 17
      vertex 37 35.8656 9.77301
    endloop
  endfacet
  facet normal 1 0 0
    outer loop
      vertex 37 36.0286 9.88191
      vertex 37 -61 17
      vertex 37 35.9444 9.83147
    endloop
  endfacet
  facet normal 1 0 0
    outer loop
      vertex 37 36.1173 9.92387
      vertex 37 -61 17
      vertex 37 36.0286 9.88191
    endloop
  endfacet
  facet normal 1 0 0
    outer loop
      vertex 37 36.2097 9.95694
      vertex 37 -61 17
      vertex 37 36.1173 9.92387
    endloop
  endfacet
  facet normal 1 0 0
    outer loop
      vertex 37 36.3049 9.98077
      vertex 37 -61 17
      vertex 37 36.2097 9.95694
    endloop
  endfacet
  facet normal 1 -0 0
    outer loop
      vertex 37 48.5 8
      vertex 37 61 0
      vertex 37 48.5 9
    endloop
  endfacet
  facet normal 1 -0 0
    outer loop
      vertex 37 48.4952 7.90199
      vertex 37 61 0
      vertex 37 48.5 8
    endloop
  endfacet
  facet normal 1 -0 0
    outer loop
      vertex 37 48.4808 7.80492
      vertex 37 61 0
      vertex 37 48.4952 7.90199
    endloop
  endfacet
  facet normal 1 -0 0
    outer loop
      vertex 37 48.4569 7.70972
      vertex 37 61 0
      vertex 37 48.4808 7.80492
    endloop
  endfacet
  facet normal 1 -0 0
    outer loop
      vertex 37 48.4239 7.61732
      vertex 37 61 0
      vertex 37 48.4569 7.70972
    endloop
  endfacet
  facet normal 1 -0 0
    outer loop
      vertex 37 48.3819 7.52861
      vertex 37 61 0
      vertex 37 48.4239 7.61732
    endloop
  endfacet
  facet normal 1 -0 0
    outer loop
      vertex 37 48.3315 7.44444
      vertex 37 61 0
      vertex 37 48.3819 7.52861
    endloop
  endfacet
  facet normal 1 -0 0
    outer loop
      vertex 37 48.273 7.36562
      vertex 37 61 0
      vertex 37 48.3315 7.44444
    endloop
  endfacet
  facet normal 1 -0 0
    outer loop
      vertex 37 48.2071 7.29291
      vertex 37 61 0
      vertex 37 48.273 7.36562
    endloop
  endfacet
  facet normal 1 -0 0
    outer loop
      vertex 37 48.1344 7.22699
      vertex 37 61 0
      vertex 37 48.2071 7.29291
    endloop
  endfacet
  facet normal 1 -0 0
    outer loop
      vertex 37 48.0556 7.16853
      vertex 37 61 0
      vertex 37 48.1344 7.22699
    endloop
  endfacet
  facet normal 1 -0 0
    outer loop
      vertex 37 47.9714 7.11809
      vertex 37 61 0
      vertex 37 48.0556 7.16853
    endloop
  endfacet
  facet normal 1 -0 0
    outer loop
      vertex 37 47.8827 7.07613
      vertex 37 61 0
      vertex 37 47.9714 7.11809
    endloop
  endfacet
  facet normal 1 -0 0
    outer loop
      vertex 37 47.7903 7.04306
      vertex 37 61 0
      vertex 37 47.8827 7.07613
    endloop
  endfacet
  facet normal 1 -0 0
    outer loop
      vertex 37 47.6951 7.01923
      vertex 37 61 0
      vertex 37 47.7903 7.04306
    endloop
  endfacet
  facet normal 1 -0 0
    outer loop
      vertex 37 47.598 7.00482
      vertex 37 61 0
      vertex 37 47.6951 7.01923
    endloop
  endfacet
  facet normal 1 -0 0
    outer loop
      vertex 37 47.5 7
      vertex 37 61 0
      vertex 37 47.598 7.00482
    endloop
  endfacet
  facet normal 1 -0 0
    outer loop
      vertex 37 36.5 7
      vertex 37 61 0
      vertex 37 47.5 7
    endloop
  endfacet
  facet normal 1 0 0
    outer loop
      vertex 37 36.402 7.00482
      vertex 37 61 0
      vertex 37 36.5 7
    endloop
  endfacet
  facet normal 1 0 0
    outer loop
      vertex 37 36.3049 7.01923
      vertex 37 61 0
      vertex 37 36.402 7.00482
    endloop
  endfacet
  facet normal 1 0 0
    outer loop
      vertex 37 -61 0
      vertex 37 36.3049 7.01923
      vertex 37 36.2097 7.04306
    endloop
  endfacet
  facet normal 1 0 0
    outer loop
      vertex 37 -61 0
      vertex 37 35.5 8
      vertex 37 -61 17
    endloop
  endfacet
  facet normal 1 0 0
    outer loop
      vertex 37 35.5 8
      vertex 37 -61 0
      vertex 37 35.5048 7.90199
    endloop
  endfacet
  facet normal 1 0 0
    outer loop
      vertex 37 35.5048 7.90199
      vertex 37 -61 0
      vertex 37 35.5192 7.80492
    endloop
  endfacet
  facet normal 1 0 0
    outer loop
      vertex 37 35.5192 7.80492
      vertex 37 -61 0
      vertex 37 35.5431 7.70972
    endloop
  endfacet
  facet normal 1 0 0
    outer loop
      vertex 37 35.5431 7.70972
      vertex 37 -61 0
      vertex 37 35.5761 7.61732
    endloop
  endfacet
  facet normal 1 0 0
    outer loop
      vertex 37 35.5761 7.61732
      vertex 37 -61 0
      vertex 37 35.6181 7.52861
    endloop
  endfacet
  facet normal 1 0 0
    outer loop
      vertex 37 35.6181 7.52861
      vertex 37 -61 0
      vertex 37 35.6685 7.44444
    endloop
  endfacet
  facet normal 1 0 0
    outer loop
      vertex 37 35.6685 7.44444
      vertex 37 -61 0
      vertex 37 35.727 7.36562
    endloop
  endfacet
  facet normal 1 0 0
    outer loop
      vertex 37 35.727 7.36562
      vertex 37 -61 0
      vertex 37 35.7929 7.29291
    endloop
  endfacet
  facet normal 1 0 0
    outer loop
      vertex 37 35.7929 7.29291
      vertex 37 -61 0
      vertex 37 35.8656 7.22699
    endloop
  endfacet
  facet normal 1 0 0
    outer loop
      vertex 37 35.8656 7.22699
      vertex 37 -61 0
      vertex 37 35.9444 7.16853
    endloop
  endfacet
  facet normal 1 0 0
    outer loop
      vertex 37 35.9444 7.16853
      vertex 37 -61 0
      vertex 37 36.0286 7.11809
    endloop
  endfacet
  facet normal 1 0 0
    outer loop
      vertex 37 36.0286 7.11809
      vertex 37 -61 0
      vertex 37 36.1173 7.07613
    endloop
  endfacet
  facet normal 1 0 0
    outer loop
      vertex 37 36.1173 7.07613
      vertex 37 -61 0
      vertex 37 36.2097 7.04306
    endloop
  endfacet
  facet normal 1 0 0
    outer loop
      vertex 37 36.3049 7.01923
      vertex 37 -61 0
      vertex 37 61 0
    endloop
  endfacet
  facet normal 0 1 -0
    outer loop
      vertex -0.682816 66 11.9327
      vertex -32 66 17
      vertex -0.34306 66 11.9831
    endloop
  endfacet
  facet normal 0 1 0
    outer loop
      vertex -32 66 17
      vertex -19.6569 66 11.9831
      vertex -20 66 12
    endloop
  endfacet
  facet normal 0 1 -0
    outer loop
      vertex -19.3172 66 11.9327
      vertex -32 66 17
      vertex -0.682816 66 11.9327
    endloop
  endfacet
  facet normal 0 1 0
    outer loop
      vertex -32 66 17
      vertex -19.3172 66 11.9327
      vertex -19.6569 66 11.9831
    endloop
  endfacet
  facet normal 0 1 -0
    outer loop
      vertex -1.016 66 11.8493
      vertex -19.3172 66 11.9327
      vertex -0.682816 66 11.9327
    endloop
  endfacet
  facet normal 0 1 0
    outer loop
      vertex -1.016 66 11.8493
      vertex -18.984 66 11.8493
      vertex -19.3172 66 11.9327
    endloop
  endfacet
  facet normal 0 1 -0
    outer loop
      vertex -1.33939 66 11.7336
      vertex -18.984 66 11.8493
      vertex -1.016 66 11.8493
    endloop
  endfacet
  facet normal 0 1 0
    outer loop
      vertex -1.33939 66 11.7336
      vertex -18.6606 66 11.7336
      vertex -18.984 66 11.8493
    endloop
  endfacet
  facet normal 0 1 -0
    outer loop
      vertex -1.64989 66 11.5867
      vertex -18.6606 66 11.7336
      vertex -1.33939 66 11.7336
    endloop
  endfacet
  facet normal 0 1 0
    outer loop
      vertex -1.64989 66 11.5867
      vertex -18.3501 66 11.5867
      vertex -18.6606 66 11.7336
    endloop
  endfacet
  facet normal 0 1 -0
    outer loop
      vertex -1.9445 66 11.4101
      vertex -18.3501 66 11.5867
      vertex -1.64989 66 11.5867
    endloop
  endfacet
  facet normal 0 1 0
    outer loop
      vertex -1.9445 66 11.4101
      vertex -18.0555 66 11.4101
      vertex -18.3501 66 11.5867
    endloop
  endfacet
  facet normal 0 1 -0
    outer loop
      vertex -2.22038 66 11.2055
      vertex -18.0555 66 11.4101
      vertex -1.9445 66 11.4101
    endloop
  endfacet
  facet normal 0 1 0
    outer loop
      vertex -2.22038 66 11.2055
      vertex -17.7796 66 11.2055
      vertex -18.0555 66 11.4101
    endloop
  endfacet
  facet normal 0 1 -0
    outer loop
      vertex -2.47487 66 10.9749
      vertex -17.7796 66 11.2055
      vertex -2.22038 66 11.2055
    endloop
  endfacet
  facet normal 0 1 0
    outer loop
      vertex -2.47487 66 10.9749
      vertex -17.5251 66 10.9749
      vertex -17.7796 66 11.2055
    endloop
  endfacet
  facet normal 0 1 -0
    outer loop
      vertex -2.70554 66 10.7204
      vertex -17.5251 66 10.9749
      vertex -2.47487 66 10.9749
    endloop
  endfacet
  facet normal 0 1 0
    outer loop
      vertex -2.70554 66 10.7204
      vertex -17.2945 66 10.7204
      vertex -17.5251 66 10.9749
    endloop
  endfacet
  facet normal 0 1 -0
    outer loop
      vertex -2.91014 66 10.4445
      vertex -17.2945 66 10.7204
      vertex -2.70554 66 10.7204
    endloop
  endfacet
  facet normal 0 1 0
    outer loop
      vertex -2.91014 66 10.4445
      vertex -17.0899 66 10.4445
      vertex -17.2945 66 10.7204
    endloop
  endfacet
  facet normal 0 1 -0
    outer loop
      vertex -3.08672 66 10.1499
      vertex -17.0899 66 10.4445
      vertex -2.91014 66 10.4445
    endloop
  endfacet
  facet normal 0 1 0
    outer loop
      vertex -3.08672 66 10.1499
      vertex -16.9133 66 10.1499
      vertex -17.0899 66 10.4445
    endloop
  endfacet
  facet normal 0 1 -0
    outer loop
      vertex -3.23358 66 9.83939
      vertex -16.9133 66 10.1499
      vertex -3.08672 66 10.1499
    endloop
  endfacet
  facet normal 0 1 0
    outer loop
      vertex -3.23358 66 9.83939
      vertex -16.7664 66 9.83939
      vertex -16.9133 66 10.1499
    endloop
  endfacet
  facet normal 0 1 -0
    outer loop
      vertex -3.34929 66 9.516
      vertex -16.7664 66 9.83939
      vertex -3.23358 66 9.83939
    endloop
  endfacet
  facet normal 0 1 0
    outer loop
      vertex -3.34929 66 9.516
      vertex -16.6507 66 9.516
      vertex -16.7664 66 9.83939
    endloop
  endfacet
  facet normal 0 1 -0
    outer loop
      vertex -3.43275 66 9.18282
      vertex -16.6507 66 9.516
      vertex -3.34929 66 9.516
    endloop
  endfacet
  facet normal 0 1 0
    outer loop
      vertex -3.43275 66 9.18282
      vertex -16.5673 66 9.18282
      vertex -16.6507 66 9.516
    endloop
  endfacet
  facet normal 0 1 -0
    outer loop
      vertex -3.48315 66 8.84306
      vertex -16.5673 66 9.18282
      vertex -3.43275 66 9.18282
    endloop
  endfacet
  facet normal 0 1 0
    outer loop
      vertex -3.48315 66 8.84306
      vertex -16.5169 66 8.84306
      vertex -16.5673 66 9.18282
    endloop
  endfacet
  facet normal 0 1 -0
    outer loop
      vertex -3.5 66 8.5
      vertex -16.5169 66 8.84306
      vertex -3.48315 66 8.84306
    endloop
  endfacet
  facet normal 0 1 0
    outer loop
      vertex -3.5 66 8.5
      vertex -16.5 66 8.5
      vertex -16.5169 66 8.84306
    endloop
  endfacet
  facet normal 0 1 0
    outer loop
      vertex -3.48315 66 8.15694
      vertex -16.5 66 8.5
      vertex -3.5 66 8.5
    endloop
  endfacet
  facet normal 0 1 0
    outer loop
      vertex -3.48315 66 8.15694
      vertex -16.5169 66 8.15694
      vertex -16.5 66 8.5
    endloop
  endfacet
  facet normal 0 1 0
    outer loop
      vertex -3.43275 66 7.81718
      vertex -16.5169 66 8.15694
      vertex -3.48315 66 8.15694
    endloop
  endfacet
  facet normal 0 1 0
    outer loop
      vertex -3.43275 66 7.81718
      vertex -16.5673 66 7.81718
      vertex -16.5169 66 8.15694
    endloop
  endfacet
  facet normal 0 1 0
    outer loop
      vertex -3.34929 66 7.484
      vertex -16.5673 66 7.81718
      vertex -3.43275 66 7.81718
    endloop
  endfacet
  facet normal 0 1 0
    outer loop
      vertex -3.34929 66 7.484
      vertex -16.6507 66 7.484
      vertex -16.5673 66 7.81718
    endloop
  endfacet
  facet normal 0 1 0
    outer loop
      vertex -3.23358 66 7.16061
      vertex -16.6507 66 7.484
      vertex -3.34929 66 7.484
    endloop
  endfacet
  facet normal 0 1 0
    outer loop
      vertex -3.23358 66 7.16061
      vertex -16.7664 66 7.16061
      vertex -16.6507 66 7.484
    endloop
  endfacet
  facet normal 0 1 0
    outer loop
      vertex -3.08672 66 6.85011
      vertex -16.7664 66 7.16061
      vertex -3.23358 66 7.16061
    endloop
  endfacet
  facet normal 0 1 0
    outer loop
      vertex -3.08672 66 6.85011
      vertex -16.9133 66 6.85011
      vertex -16.7664 66 7.16061
    endloop
  endfacet
  facet normal 0 1 0
    outer loop
      vertex -2.91014 66 6.5555
      vertex -16.9133 66 6.85011
      vertex -3.08672 66 6.85011
    endloop
  endfacet
  facet normal 0 1 0
    outer loop
      vertex -2.91014 66 6.5555
      vertex -17.0899 66 6.5555
      vertex -16.9133 66 6.85011
    endloop
  endfacet
  facet normal 0 1 0
    outer loop
      vertex -2.70554 66 6.27962
      vertex -17.0899 66 6.5555
      vertex -2.91014 66 6.5555
    endloop
  endfacet
  facet normal 0 1 0
    outer loop
      vertex -2.70554 66 6.27962
      vertex -17.2945 66 6.27962
      vertex -17.0899 66 6.5555
    endloop
  endfacet
  facet normal 0 1 0
    outer loop
      vertex -2.47487 66 6.02513
      vertex -17.2945 66 6.27962
      vertex -2.70554 66 6.27962
    endloop
  endfacet
  facet normal 0 1 0
    outer loop
      vertex -2.47487 66 6.02513
      vertex -17.5251 66 6.02513
      vertex -17.2945 66 6.27962
    endloop
  endfacet
  facet normal 0 1 0
    outer loop
      vertex -2.22038 66 5.79446
      vertex -17.5251 66 6.02513
      vertex -2.47487 66 6.02513
    endloop
  endfacet
  facet normal 0 1 0
    outer loop
      vertex -2.22038 66 5.79446
      vertex -17.7796 66 5.79446
      vertex -17.5251 66 6.02513
    endloop
  endfacet
  facet normal 0 1 0
    outer loop
      vertex -1.9445 66 5.58986
      vertex -17.7796 66 5.79446
      vertex -2.22038 66 5.79446
    endloop
  endfacet
  facet normal 0 1 0
    outer loop
      vertex -1.9445 66 5.58986
      vertex -18.0555 66 5.58986
      vertex -17.7796 66 5.79446
    endloop
  endfacet
  facet normal 0 1 0
    outer loop
      vertex -1.64989 66 5.41327
      vertex -18.0555 66 5.58986
      vertex -1.9445 66 5.58986
    endloop
  endfacet
  facet normal 0 1 0
    outer loop
      vertex -1.64989 66 5.41327
      vertex -18.3501 66 5.41327
      vertex -18.0555 66 5.58986
    endloop
  endfacet
  facet normal 0 1 0
    outer loop
      vertex -1.33939 66 5.26642
      vertex -18.3501 66 5.41327
      vertex -1.64989 66 5.41327
    endloop
  endfacet
  facet normal 0 1 0
    outer loop
      vertex -1.33939 66 5.26642
      vertex -18.6606 66 5.26642
      vertex -18.3501 66 5.41327
    endloop
  endfacet
  facet normal 0 1 0
    outer loop
      vertex -1.016 66 5.15071
      vertex -18.6606 66 5.26642
      vertex -1.33939 66 5.26642
    endloop
  endfacet
  facet normal 0 1 0
    outer loop
      vertex -1.016 66 5.15071
      vertex -18.984 66 5.15071
      vertex -18.6606 66 5.26642
    endloop
  endfacet
  facet normal 0 1 0
    outer loop
      vertex -0.682816 66 5.06725
      vertex -18.984 66 5.15071
      vertex -1.016 66 5.15071
    endloop
  endfacet
  facet normal 0 1 0
    outer loop
      vertex -0.682816 66 5.06725
      vertex -19.3172 66 5.06725
      vertex -18.984 66 5.15071
    endloop
  endfacet
  facet normal 0 1 0
    outer loop
      vertex -32 66 0
      vertex -0.682816 66 5.06725
      vertex -0.34306 66 5.01685
    endloop
  endfacet
  facet normal 0 1 0
    outer loop
      vertex -0.682816 66 5.06725
      vertex -32 66 0
      vertex -19.3172 66 5.06725
    endloop
  endfacet
  facet normal 0 1 0
    outer loop
      vertex -32 66 0
      vertex -0.34306 66 5.01685
      vertex 0 66 5
    endloop
  endfacet
  facet normal 0 1 0
    outer loop
      vertex -19.3172 66 5.06725
      vertex -32 66 0
      vertex -19.6569 66 5.01685
    endloop
  endfacet
  facet normal 0 1 0
    outer loop
      vertex 19.3172 66 11.9327
      vertex 32 66 17
      vertex 19.6569 66 11.9831
    endloop
  endfacet
  facet normal 0 1 0
    outer loop
      vertex 32 66 17
      vertex 0.34306 66 11.9831
      vertex 0 66 12
    endloop
  endfacet
  facet normal 0 1 0
    outer loop
      vertex 0.682816 66 11.9327
      vertex 32 66 17
      vertex 19.3172 66 11.9327
    endloop
  endfacet
  facet normal 0 1 0
    outer loop
      vertex 32 66 17
      vertex 0.682816 66 11.9327
      vertex 0.34306 66 11.9831
    endloop
  endfacet
  facet normal 0 1 -0
    outer loop
      vertex 18.984 66 11.8493
      vertex 0.682816 66 11.9327
      vertex 19.3172 66 11.9327
    endloop
  endfacet
  facet normal 0 1 0
    outer loop
      vertex 18.984 66 11.8493
      vertex 1.016 66 11.8493
      vertex 0.682816 66 11.9327
    endloop
  endfacet
  facet normal 0 1 -0
    outer loop
      vertex 18.6606 66 11.7336
      vertex 1.016 66 11.8493
      vertex 18.984 66 11.8493
    endloop
  endfacet
  facet normal 0 1 0
    outer loop
      vertex 18.6606 66 11.7336
      vertex 1.33939 66 11.7336
      vertex 1.016 66 11.8493
    endloop
  endfacet
  facet normal 0 1 -0
    outer loop
      vertex 18.3501 66 11.5867
      vertex 1.33939 66 11.7336
      vertex 18.6606 66 11.7336
    endloop
  endfacet
  facet normal 0 1 0
    outer loop
      vertex 18.3501 66 11.5867
      vertex 1.64989 66 11.5867
      vertex 1.33939 66 11.7336
    endloop
  endfacet
  facet normal 0 1 -0
    outer loop
      vertex 18.0555 66 11.4101
      vertex 1.64989 66 11.5867
      vertex 18.3501 66 11.5867
    endloop
  endfacet
  facet normal 0 1 0
    outer loop
      vertex 18.0555 66 11.4101
      vertex 1.9445 66 11.4101
      vertex 1.64989 66 11.5867
    endloop
  endfacet
  facet normal 0 1 -0
    outer loop
      vertex 17.7796 66 11.2055
      vertex 1.9445 66 11.4101
      vertex 18.0555 66 11.4101
    endloop
  endfacet
  facet normal 0 1 0
    outer loop
      vertex 17.7796 66 11.2055
      vertex 2.22038 66 11.2055
      vertex 1.9445 66 11.4101
    endloop
  endfacet
  facet normal 0 1 -0
    outer loop
      vertex 17.5251 66 10.9749
      vertex 2.22038 66 11.2055
      vertex 17.7796 66 11.2055
    endloop
  endfacet
  facet normal 0 1 0
    outer loop
      vertex 17.5251 66 10.9749
      vertex 2.47487 66 10.9749
      vertex 2.22038 66 11.2055
    endloop
  endfacet
  facet normal 0 1 -0
    outer loop
      vertex 17.2945 66 10.7204
      vertex 2.47487 66 10.9749
      vertex 17.5251 66 10.9749
    endloop
  endfacet
  facet normal 0 1 0
    outer loop
      vertex 17.2945 66 10.7204
      vertex 2.70554 66 10.7204
      vertex 2.47487 66 10.9749
    endloop
  endfacet
  facet normal 0 1 -0
    outer loop
      vertex 17.0899 66 10.4445
      vertex 2.70554 66 10.7204
      vertex 17.2945 66 10.7204
    endloop
  endfacet
  facet normal 0 1 0
    outer loop
      vertex 17.0899 66 10.4445
      vertex 2.91014 66 10.4445
      vertex 2.70554 66 10.7204
    endloop
  endfacet
  facet normal 0 1 -0
    outer loop
      vertex 16.9133 66 10.1499
      vertex 2.91014 66 10.4445
      vertex 17.0899 66 10.4445
    endloop
  endfacet
  facet normal 0 1 0
    outer loop
      vertex 16.9133 66 10.1499
      vertex 3.08672 66 10.1499
      vertex 2.91014 66 10.4445
    endloop
  endfacet
  facet normal 0 1 -0
    outer loop
      vertex 16.7664 66 9.83939
      vertex 3.08672 66 10.1499
      vertex 16.9133 66 10.1499
    endloop
  endfacet
  facet normal 0 1 0
    outer loop
      vertex 16.7664 66 9.83939
      vertex 3.23358 66 9.83939
      vertex 3.08672 66 10.1499
    endloop
  endfacet
  facet normal 0 1 -0
    outer loop
      vertex 16.6507 66 9.516
      vertex 3.23358 66 9.83939
      vertex 16.7664 66 9.83939
    endloop
  endfacet
  facet normal 0 1 0
    outer loop
      vertex 16.6507 66 9.516
      vertex 3.34929 66 9.516
      vertex 3.23358 66 9.83939
    endloop
  endfacet
  facet normal 0 1 -0
    outer loop
      vertex 16.5673 66 9.18282
      vertex 3.34929 66 9.516
      vertex 16.6507 66 9.516
    endloop
  endfacet
  facet normal 0 1 0
    outer loop
      vertex 16.5673 66 9.18282
      vertex 3.43275 66 9.18282
      vertex 3.34929 66 9.516
    endloop
  endfacet
  facet normal 0 1 -0
    outer loop
      vertex 16.5169 66 8.84306
      vertex 3.43275 66 9.18282
      vertex 16.5673 66 9.18282
    endloop
  endfacet
  facet normal 0 1 0
    outer loop
      vertex 16.5169 66 8.84306
      vertex 3.48315 66 8.84306
      vertex 3.43275 66 9.18282
    endloop
  endfacet
  facet normal 0 1 -0
    outer loop
      vertex 16.5 66 8.5
      vertex 3.48315 66 8.84306
      vertex 16.5169 66 8.84306
    endloop
  endfacet
  facet normal 0 1 0
    outer loop
      vertex 16.5 66 8.5
      vertex 3.5 66 8.5
      vertex 3.48315 66 8.84306
    endloop
  endfacet
  facet normal 0 1 0
    outer loop
      vertex 16.5169 66 8.15694
      vertex 3.5 66 8.5
      vertex 16.5 66 8.5
    endloop
  endfacet
  facet normal 0 1 0
    outer loop
      vertex 16.5169 66 8.15694
      vertex 3.48315 66 8.15694
      vertex 3.5 66 8.5
    endloop
  endfacet
  facet normal 0 1 0
    outer loop
      vertex 16.5673 66 7.81718
      vertex 3.48315 66 8.15694
      vertex 16.5169 66 8.15694
    endloop
  endfacet
  facet normal 0 1 0
    outer loop
      vertex 16.5673 66 7.81718
      vertex 3.43275 66 7.81718
      vertex 3.48315 66 8.15694
    endloop
  endfacet
  facet normal 0 1 0
    outer loop
      vertex 16.6507 66 7.484
      vertex 3.43275 66 7.81718
      vertex 16.5673 66 7.81718
    endloop
  endfacet
  facet normal 0 1 0
    outer loop
      vertex 16.6507 66 7.484
      vertex 3.34929 66 7.484
      vertex 3.43275 66 7.81718
    endloop
  endfacet
  facet normal 0 1 0
    outer loop
      vertex 16.7664 66 7.16061
      vertex 3.34929 66 7.484
      vertex 16.6507 66 7.484
    endloop
  endfacet
  facet normal 0 1 0
    outer loop
      vertex 16.7664 66 7.16061
      vertex 3.23358 66 7.16061
      vertex 3.34929 66 7.484
    endloop
  endfacet
  facet normal 0 1 0
    outer loop
      vertex 16.9133 66 6.85011
      vertex 3.23358 66 7.16061
      vertex 16.7664 66 7.16061
    endloop
  endfacet
  facet normal 0 1 0
    outer loop
      vertex 16.9133 66 6.85011
      vertex 3.08672 66 6.85011
      vertex 3.23358 66 7.16061
    endloop
  endfacet
  facet normal 0 1 0
    outer loop
      vertex 17.0899 66 6.5555
      vertex 3.08672 66 6.85011
      vertex 16.9133 66 6.85011
    endloop
  endfacet
  facet normal 0 1 0
    outer loop
      vertex 17.0899 66 6.5555
      vertex 2.91014 66 6.5555
      vertex 3.08672 66 6.85011
    endloop
  endfacet
  facet normal 0 1 0
    outer loop
      vertex 17.2945 66 6.27962
      vertex 2.91014 66 6.5555
      vertex 17.0899 66 6.5555
    endloop
  endfacet
  facet normal 0 1 0
    outer loop
      vertex 17.2945 66 6.27962
      vertex 2.70554 66 6.27962
      vertex 2.91014 66 6.5555
    endloop
  endfacet
  facet normal 0 1 0
    outer loop
      vertex 17.5251 66 6.02513
      vertex 2.70554 66 6.27962
      vertex 17.2945 66 6.27962
    endloop
  endfacet
  facet normal 0 1 0
    outer loop
      vertex 17.5251 66 6.02513
      vertex 2.47487 66 6.02513
      vertex 2.70554 66 6.27962
    endloop
  endfacet
  facet normal 0 1 0
    outer loop
      vertex 17.7796 66 5.79446
      vertex 2.47487 66 6.02513
      vertex 17.5251 66 6.02513
    endloop
  endfacet
  facet normal 0 1 0
    outer loop
      vertex 17.7796 66 5.79446
      vertex 2.22038 66 5.79446
      vertex 2.47487 66 6.02513
    endloop
  endfacet
  facet normal 0 1 0
    outer loop
      vertex 18.0555 66 5.58986
      vertex 2.22038 66 5.79446
      vertex 17.7796 66 5.79446
    endloop
  endfacet
  facet normal 0 1 0
    outer loop
      vertex 18.0555 66 5.58986
      vertex 1.9445 66 5.58986
      vertex 2.22038 66 5.79446
    endloop
  endfacet
  facet normal 0 1 0
    outer loop
      vertex 18.3501 66 5.41327
      vertex 1.9445 66 5.58986
      vertex 18.0555 66 5.58986
    endloop
  endfacet
  facet normal 0 1 0
    outer loop
      vertex 18.3501 66 5.41327
      vertex 1.64989 66 5.41327
      vertex 1.9445 66 5.58986
    endloop
  endfacet
  facet normal 0 1 0
    outer loop
      vertex 18.6606 66 5.26642
      vertex 1.64989 66 5.41327
      vertex 18.3501 66 5.41327
    endloop
  endfacet
  facet normal 0 1 0
    outer loop
      vertex 18.6606 66 5.26642
      vertex 1.33939 66 5.26642
      vertex 1.64989 66 5.41327
    endloop
  endfacet
  facet normal 0 1 0
    outer loop
      vertex 18.984 66 5.15071
      vertex 1.33939 66 5.26642
      vertex 18.6606 66 5.26642
    endloop
  endfacet
  facet normal 0 1 0
    outer loop
      vertex 18.984 66 5.15071
      vertex 1.016 66 5.15071
      vertex 1.33939 66 5.26642
    endloop
  endfacet
  facet normal 0 1 0
    outer loop
      vertex 19.3172 66 5.06725
      vertex 1.016 66 5.15071
      vertex 18.984 66 5.15071
    endloop
  endfacet
  facet normal 0 1 0
    outer loop
      vertex 19.3172 66 5.06725
      vertex 0.682816 66 5.06725
      vertex 1.016 66 5.15071
    endloop
  endfacet
  facet normal 0 1 0
    outer loop
      vertex 32 66 0
      vertex 19.3172 66 5.06725
      vertex 19.6569 66 5.01685
    endloop
  endfacet
  facet normal 0 1 0
    outer loop
      vertex 19.3172 66 5.06725
      vertex 32 66 0
      vertex 0.682816 66 5.06725
    endloop
  endfacet
  facet normal 0 1 0
    outer loop
      vertex 32 66 0
      vertex 19.6569 66 5.01685
      vertex 20 66 5
    endloop
  endfacet
  facet normal 0 1 0
    outer loop
      vertex 0.682816 66 5.06725
      vertex 32 66 0
      vertex 0.34306 66 5.01685
    endloop
  endfacet
  facet normal 0 1 0
    outer loop
      vertex 19.6569 66 11.9831
      vertex 32 66 17
      vertex 20 66 12
    endloop
  endfacet
  facet normal 0 1 0
    outer loop
      vertex 32 66 17
      vertex 20.3431 66 11.9831
      vertex 20 66 12
    endloop
  endfacet
  facet normal 0 1 0
    outer loop
      vertex 32 66 17
      vertex 20.6828 66 11.9327
      vertex 20.3431 66 11.9831
    endloop
  endfacet
  facet normal 0 1 0
    outer loop
      vertex 32 66 17
      vertex 21.016 66 11.8493
      vertex 20.6828 66 11.9327
    endloop
  endfacet
  facet normal 0 1 0
    outer loop
      vertex 32 66 17
      vertex 21.3394 66 11.7336
      vertex 21.016 66 11.8493
    endloop
  endfacet
  facet normal 0 1 0
    outer loop
      vertex 32 66 17
      vertex 21.6499 66 11.5867
      vertex 21.3394 66 11.7336
    endloop
  endfacet
  facet normal 0 1 0
    outer loop
      vertex 32 66 17
      vertex 21.9445 66 11.4101
      vertex 21.6499 66 11.5867
    endloop
  endfacet
  facet normal 0 1 0
    outer loop
      vertex 32 66 17
      vertex 22.2204 66 11.2055
      vertex 21.9445 66 11.4101
    endloop
  endfacet
  facet normal 0 1 0
    outer loop
      vertex 32 66 17
      vertex 22.4749 66 10.9749
      vertex 22.2204 66 11.2055
    endloop
  endfacet
  facet normal 0 1 0
    outer loop
      vertex 32 66 17
      vertex 22.7055 66 10.7204
      vertex 22.4749 66 10.9749
    endloop
  endfacet
  facet normal 0 1 0
    outer loop
      vertex 32 66 17
      vertex 22.9101 66 10.4445
      vertex 22.7055 66 10.7204
    endloop
  endfacet
  facet normal 0 1 0
    outer loop
      vertex 32 66 17
      vertex 23.0867 66 10.1499
      vertex 22.9101 66 10.4445
    endloop
  endfacet
  facet normal 0 1 0
    outer loop
      vertex 32 66 17
      vertex 23.2336 66 9.83939
      vertex 23.0867 66 10.1499
    endloop
  endfacet
  facet normal 0 1 0
    outer loop
      vertex 32 66 17
      vertex 23.3493 66 9.516
      vertex 23.2336 66 9.83939
    endloop
  endfacet
  facet normal 0 1 0
    outer loop
      vertex 32 66 17
      vertex 23.4327 66 9.18282
      vertex 23.3493 66 9.516
    endloop
  endfacet
  facet normal 0 1 0
    outer loop
      vertex 32 66 17
      vertex 23.4831 66 8.84306
      vertex 23.4327 66 9.18282
    endloop
  endfacet
  facet normal 0 1 0
    outer loop
      vertex 32 66 17
      vertex 23.5 66 8.5
      vertex 23.4831 66 8.84306
    endloop
  endfacet
  facet normal 0 1 -0
    outer loop
      vertex 32 66 0
      vertex 23.5 66 8.5
      vertex 32 66 17
    endloop
  endfacet
  facet normal 0 1 0
    outer loop
      vertex 23.5 66 8.5
      vertex 32 66 0
      vertex 23.4831 66 8.15694
    endloop
  endfacet
  facet normal 0 1 0
    outer loop
      vertex 23.4831 66 8.15694
      vertex 32 66 0
      vertex 23.4327 66 7.81718
    endloop
  endfacet
  facet normal 0 1 0
    outer loop
      vertex 23.4327 66 7.81718
      vertex 32 66 0
      vertex 23.3493 66 7.484
    endloop
  endfacet
  facet normal 0 1 0
    outer loop
      vertex 23.3493 66 7.484
      vertex 32 66 0
      vertex 23.2336 66 7.16061
    endloop
  endfacet
  facet normal 0 1 0
    outer loop
      vertex 23.2336 66 7.16061
      vertex 32 66 0
      vertex 23.0867 66 6.85011
    endloop
  endfacet
  facet normal 0 1 0
    outer loop
      vertex 23.0867 66 6.85011
      vertex 32 66 0
      vertex 22.9101 66 6.5555
    endloop
  endfacet
  facet normal 0 1 0
    outer loop
      vertex 0.34306 66 5.01685
      vertex 32 66 0
      vertex 0 66 5
    endloop
  endfacet
  facet normal 0 1 0
    outer loop
      vertex -32 66 0
      vertex 0 66 5
      vertex 32 66 0
    endloop
  endfacet
  facet normal 0 1 0
    outer loop
      vertex 20.3431 66 5.01685
      vertex 32 66 0
      vertex 20 66 5
    endloop
  endfacet
  facet normal 0 1 0
    outer loop
      vertex 20.6828 66 5.06725
      vertex 32 66 0
      vertex 20.3431 66 5.01685
    endloop
  endfacet
  facet normal 0 1 0
    outer loop
      vertex 21.016 66 5.15071
      vertex 32 66 0
      vertex 20.6828 66 5.06725
    endloop
  endfacet
  facet normal 0 1 0
    outer loop
      vertex 21.3394 66 5.26642
      vertex 32 66 0
      vertex 21.016 66 5.15071
    endloop
  endfacet
  facet normal 0 1 0
    outer loop
      vertex 21.6499 66 5.41327
      vertex 32 66 0
      vertex 21.3394 66 5.26642
    endloop
  endfacet
  facet normal 0 1 0
    outer loop
      vertex 21.9445 66 5.58986
      vertex 32 66 0
      vertex 21.6499 66 5.41327
    endloop
  endfacet
  facet normal 0 1 0
    outer loop
      vertex 22.2204 66 5.79446
      vertex 32 66 0
      vertex 21.9445 66 5.58986
    endloop
  endfacet
  facet normal 0 1 0
    outer loop
      vertex 22.4749 66 6.02513
      vertex 32 66 0
      vertex 22.2204 66 5.79446
    endloop
  endfacet
  facet normal 0 1 0
    outer loop
      vertex 22.7055 66 6.27962
      vertex 32 66 0
      vertex 22.4749 66 6.02513
    endloop
  endfacet
  facet normal 0 1 0
    outer loop
      vertex 22.9101 66 6.5555
      vertex 32 66 0
      vertex 22.7055 66 6.27962
    endloop
  endfacet
  facet normal 0 1 0
    outer loop
      vertex 32 66 17
      vertex 0 66 12
      vertex -32 66 17
    endloop
  endfacet
  facet normal 0 1 -0
    outer loop
      vertex -0.34306 66 11.9831
      vertex -32 66 17
      vertex 0 66 12
    endloop
  endfacet
  facet normal 0 1 -0
    outer loop
      vertex -20.3431 66 11.9831
      vertex -32 66 17
      vertex -20 66 12
    endloop
  endfacet
  facet normal 0 1 -0
    outer loop
      vertex -20.6828 66 11.9327
      vertex -32 66 17
      vertex -20.3431 66 11.9831
    endloop
  endfacet
  facet normal 0 1 -0
    outer loop
      vertex -21.016 66 11.8493
      vertex -32 66 17
      vertex -20.6828 66 11.9327
    endloop
  endfacet
  facet normal 0 1 -0
    outer loop
      vertex -21.3394 66 11.7336
      vertex -32 66 17
      vertex -21.016 66 11.8493
    endloop
  endfacet
  facet normal 0 1 -0
    outer loop
      vertex -21.6499 66 11.5867
      vertex -32 66 17
      vertex -21.3394 66 11.7336
    endloop
  endfacet
  facet normal 0 1 -0
    outer loop
      vertex -21.9445 66 11.4101
      vertex -32 66 17
      vertex -21.6499 66 11.5867
    endloop
  endfacet
  facet normal 0 1 -0
    outer loop
      vertex -22.2204 66 11.2055
      vertex -32 66 17
      vertex -21.9445 66 11.4101
    endloop
  endfacet
  facet normal 0 1 -0
    outer loop
      vertex -22.4749 66 10.9749
      vertex -32 66 17
      vertex -22.2204 66 11.2055
    endloop
  endfacet
  facet normal 0 1 -0
    outer loop
      vertex -22.7055 66 10.7204
      vertex -32 66 17
      vertex -22.4749 66 10.9749
    endloop
  endfacet
  facet normal 0 1 -0
    outer loop
      vertex -22.9101 66 10.4445
      vertex -32 66 17
      vertex -22.7055 66 10.7204
    endloop
  endfacet
  facet normal 0 1 -0
    outer loop
      vertex -23.0867 66 10.1499
      vertex -32 66 17
      vertex -22.9101 66 10.4445
    endloop
  endfacet
  facet normal 0 1 -0
    outer loop
      vertex -23.2336 66 9.83939
      vertex -32 66 17
      vertex -23.0867 66 10.1499
    endloop
  endfacet
  facet normal 0 1 -0
    outer loop
      vertex -23.3493 66 9.516
      vertex -32 66 17
      vertex -23.2336 66 9.83939
    endloop
  endfacet
  facet normal 0 1 -0
    outer loop
      vertex -23.4327 66 9.18282
      vertex -32 66 17
      vertex -23.3493 66 9.516
    endloop
  endfacet
  facet normal 0 1 -0
    outer loop
      vertex -23.4831 66 8.84306
      vertex -32 66 17
      vertex -23.4327 66 9.18282
    endloop
  endfacet
  facet normal 0 1 -0
    outer loop
      vertex -23.5 66 8.5
      vertex -32 66 17
      vertex -23.4831 66 8.84306
    endloop
  endfacet
  facet normal 0 1 0
    outer loop
      vertex -32 66 0
      vertex -23.5 66 8.5
      vertex -23.4831 66 8.15694
    endloop
  endfacet
  facet normal 0 1 0
    outer loop
      vertex -32 66 0
      vertex -23.4831 66 8.15694
      vertex -23.4327 66 7.81718
    endloop
  endfacet
  facet normal 0 1 0
    outer loop
      vertex -32 66 0
      vertex -23.4327 66 7.81718
      vertex -23.3493 66 7.484
    endloop
  endfacet
  facet normal 0 1 0
    outer loop
      vertex -32 66 0
      vertex -23.3493 66 7.484
      vertex -23.2336 66 7.16061
    endloop
  endfacet
  facet normal 0 1 0
    outer loop
      vertex -32 66 0
      vertex -23.2336 66 7.16061
      vertex -23.0867 66 6.85011
    endloop
  endfacet
  facet normal 0 1 0
    outer loop
      vertex -32 66 0
      vertex -23.0867 66 6.85011
      vertex -22.9101 66 6.5555
    endloop
  endfacet
  facet normal 0 1 0
    outer loop
      vertex -32 66 0
      vertex -22.9101 66 6.5555
      vertex -22.7055 66 6.27962
    endloop
  endfacet
  facet normal 0 1 0
    outer loop
      vertex -19.6569 66 5.01685
      vertex -32 66 0
      vertex -20 66 5
    endloop
  endfacet
  facet normal 0 1 0
    outer loop
      vertex -23.5 66 8.5
      vertex -32 66 0
      vertex -32 66 17
    endloop
  endfacet
  facet normal 0 1 0
    outer loop
      vertex -22.4749 66 6.02513
      vertex -32 66 0
      vertex -22.7055 66 6.27962
    endloop
  endfacet
  facet normal 0 1 0
    outer loop
      vertex -22.2204 66 5.79446
      vertex -32 66 0
      vertex -22.4749 66 6.02513
    endloop
  endfacet
  facet normal 0 1 0
    outer loop
      vertex -21.9445 66 5.58986
      vertex -32 66 0
      vertex -22.2204 66 5.79446
    endloop
  endfacet
  facet normal 0 1 0
    outer loop
      vertex -21.6499 66 5.41327
      vertex -32 66 0
      vertex -21.9445 66 5.58986
    endloop
  endfacet
  facet normal 0 1 0
    outer loop
      vertex -21.3394 66 5.26642
      vertex -32 66 0
      vertex -21.6499 66 5.41327
    endloop
  endfacet
  facet normal 0 1 0
    outer loop
      vertex -21.016 66 5.15071
      vertex -32 66 0
      vertex -21.3394 66 5.26642
    endloop
  endfacet
  facet normal 0 1 0
    outer loop
      vertex -20.6828 66 5.06725
      vertex -32 66 0
      vertex -21.016 66 5.15071
    endloop
  endfacet
  facet normal 0 1 0
    outer loop
      vertex -20.3431 66 5.01685
      vertex -32 66 0
      vertex -20.6828 66 5.06725
    endloop
  endfacet
  facet normal 0 1 0
    outer loop
      vertex -20 66 5
      vertex -32 66 0
      vertex -20.3431 66 5.01685
    endloop
  endfacet
  facet normal -0.903995 0.427543 0
    outer loop
      vertex -36.6194 62.9134 0
      vertex -36.4096 63.357 17
      vertex -36.4096 63.357 0
    endloop
  endfacet
  facet normal -0.903995 0.427543 0
    outer loop
      vertex -36.4096 63.357 17
      vertex -36.6194 62.9134 0
      vertex -36.6194 62.9134 17
    endloop
  endfacet
  facet normal -0.857655 0.514226 0
    outer loop
      vertex -36.4096 63.357 0
      vertex -36.1573 63.7778 17
      vertex -36.1573 63.7778 0
    endloop
  endfacet
  facet normal -0.857655 0.514226 0
    outer loop
      vertex -36.1573 63.7778 17
      vertex -36.4096 63.357 0
      vertex -36.4096 63.357 17
    endloop
  endfacet
  facet normal -1 0 0
    outer loop
      vertex -37 61 0
      vertex -37 50.5 7
      vertex -37 61 17
    endloop
  endfacet
  facet normal -1 0 0
    outer loop
      vertex -37 61 0
      vertex -37 50.4952 6.90199
      vertex -37 50.5 7
    endloop
  endfacet
  facet normal -1 0 0
    outer loop
      vertex -37 61 0
      vertex -37 50.4808 6.80492
      vertex -37 50.4952 6.90199
    endloop
  endfacet
  facet normal -1 0 0
    outer loop
      vertex -37 61 0
      vertex -37 50.4569 6.70972
      vertex -37 50.4808 6.80492
    endloop
  endfacet
  facet normal -1 0 0
    outer loop
      vertex -37 61 0
      vertex -37 50.4239 6.61732
      vertex -37 50.4569 6.70972
    endloop
  endfacet
  facet normal -1 0 0
    outer loop
      vertex -37 61 0
      vertex -37 50.3819 6.52861
      vertex -37 50.4239 6.61732
    endloop
  endfacet
  facet normal -1 0 0
    outer loop
      vertex -37 61 0
      vertex -37 50.3315 6.44444
      vertex -37 50.3819 6.52861
    endloop
  endfacet
  facet normal -1 0 0
    outer loop
      vertex -37 61 0
      vertex -37 50.273 6.36562
      vertex -37 50.3315 6.44444
    endloop
  endfacet
  facet normal -1 0 0
    outer loop
      vertex -37 61 0
      vertex -37 50.2071 6.29291
      vertex -37 50.273 6.36562
    endloop
  endfacet
  facet normal -1 0 0
    outer loop
      vertex -37 61 0
      vertex -37 50.1344 6.22699
      vertex -37 50.2071 6.29291
    endloop
  endfacet
  facet normal -1 0 0
    outer loop
      vertex -37 61 0
      vertex -37 50.0556 6.16853
      vertex -37 50.1344 6.22699
    endloop
  endfacet
  facet normal -1 0 0
    outer loop
      vertex -37 61 0
      vertex -37 49.9714 6.11809
      vertex -37 50.0556 6.16853
    endloop
  endfacet
  facet normal -1 0 0
    outer loop
      vertex -37 61 0
      vertex -37 49.8827 6.07613
      vertex -37 49.9714 6.11809
    endloop
  endfacet
  facet normal -1 0 0
    outer loop
      vertex -37 61 0
      vertex -37 49.7903 6.04306
      vertex -37 49.8827 6.07613
    endloop
  endfacet
  facet normal -1 0 0
    outer loop
      vertex -37 61 0
      vertex -37 49.6951 6.01923
      vertex -37 49.7903 6.04306
    endloop
  endfacet
  facet normal -1 0 0
    outer loop
      vertex -37 61 0
      vertex -37 49.598 6.00482
      vertex -37 49.6951 6.01923
    endloop
  endfacet
  facet normal -1 0 0
    outer loop
      vertex -37 61 0
      vertex -37 49.5 6
      vertex -37 49.598 6.00482
    endloop
  endfacet
  facet normal -1 0 0
    outer loop
      vertex -37 61 0
      vertex -37 42.5 6
      vertex -37 49.5 6
    endloop
  endfacet
  facet normal -1 0 0
    outer loop
      vertex -37 61 0
      vertex -37 42.402 6.00482
      vertex -37 42.5 6
    endloop
  endfacet
  facet normal -1 0 0
    outer loop
      vertex -37 61 0
      vertex -37 42.3049 6.01923
      vertex -37 42.402 6.00482
    endloop
  endfacet
  facet normal -1 0 0
    outer loop
      vertex -37 61 0
      vertex -37 42.2097 6.04306
      vertex -37 42.3049 6.01923
    endloop
  endfacet
  facet normal -1 -0 0
    outer loop
      vertex -37 41.5 7
      vertex -37 -61 0
      vertex -37 41.5 10
    endloop
  endfacet
  facet normal -1 -0 0
    outer loop
      vertex -37 41.5048 6.90199
      vertex -37 -61 0
      vertex -37 41.5 7
    endloop
  endfacet
  facet normal -1 -0 0
    outer loop
      vertex -37 41.5192 6.80492
      vertex -37 -61 0
      vertex -37 41.5048 6.90199
    endloop
  endfacet
  facet normal -1 -0 0
    outer loop
      vertex -37 41.5431 6.70972
      vertex -37 -61 0
      vertex -37 41.5192 6.80492
    endloop
  endfacet
  facet normal -1 -0 0
    outer loop
      vertex -37 41.5761 6.61732
      vertex -37 -61 0
      vertex -37 41.5431 6.70972
    endloop
  endfacet
  facet normal -1 -0 0
    outer loop
      vertex -37 41.6181 6.52861
      vertex -37 -61 0
      vertex -37 41.5761 6.61732
    endloop
  endfacet
  facet normal -1 -0 0
    outer loop
      vertex -37 41.6685 6.44444
      vertex -37 -61 0
      vertex -37 41.6181 6.52861
    endloop
  endfacet
  facet normal -1 -0 0
    outer loop
      vertex -37 41.727 6.36562
      vertex -37 -61 0
      vertex -37 41.6685 6.44444
    endloop
  endfacet
  facet normal -1 -0 0
    outer loop
      vertex -37 41.7929 6.29291
      vertex -37 -61 0
      vertex -37 41.727 6.36562
    endloop
  endfacet
  facet normal -1 -0 0
    outer loop
      vertex -37 41.8656 6.22699
      vertex -37 -61 0
      vertex -37 41.7929 6.29291
    endloop
  endfacet
  facet normal -1 -0 0
    outer loop
      vertex -37 41.9444 6.16853
      vertex -37 -61 0
      vertex -37 41.8656 6.22699
    endloop
  endfacet
  facet normal -1 -0 0
    outer loop
      vertex -37 42.0286 6.11809
      vertex -37 -61 0
      vertex -37 41.9444 6.16853
    endloop
  endfacet
  facet normal -1 -0 0
    outer loop
      vertex -37 42.1173 6.07613
      vertex -37 -61 0
      vertex -37 42.0286 6.11809
    endloop
  endfacet
  facet normal -1 -0 0
    outer loop
      vertex -37 42.2097 6.04306
      vertex -37 -61 0
      vertex -37 42.1173 6.07613
    endloop
  endfacet
  facet normal -1 0 0
    outer loop
      vertex -37 -61 0
      vertex -37 42.2097 6.04306
      vertex -37 61 0
    endloop
  endfacet
  facet normal -1 0 0
    outer loop
      vertex -37 50.5 10
      vertex -37 61 17
      vertex -37 50.5 7
    endloop
  endfacet
  facet normal -1 0 0
    outer loop
      vertex -37 50.4952 10.098
      vertex -37 61 17
      vertex -37 50.5 10
    endloop
  endfacet
  facet normal -1 0 0
    outer loop
      vertex -37 50.4808 10.1951
      vertex -37 61 17
      vertex -37 50.4952 10.098
    endloop
  endfacet
  facet normal -1 0 0
    outer loop
      vertex -37 50.4569 10.2903
      vertex -37 61 17
      vertex -37 50.4808 10.1951
    endloop
  endfacet
  facet normal -1 0 0
    outer loop
      vertex -37 50.4239 10.3827
      vertex -37 61 17
      vertex -37 50.4569 10.2903
    endloop
  endfacet
  facet normal -1 0 0
    outer loop
      vertex -37 50.3819 10.4714
      vertex -37 61 17
      vertex -37 50.4239 10.3827
    endloop
  endfacet
  facet normal -1 0 0
    outer loop
      vertex -37 50.3315 10.5556
      vertex -37 61 17
      vertex -37 50.3819 10.4714
    endloop
  endfacet
  facet normal -1 0 0
    outer loop
      vertex -37 50.273 10.6344
      vertex -37 61 17
      vertex -37 50.3315 10.5556
    endloop
  endfacet
  facet normal -1 0 0
    outer loop
      vertex -37 50.2071 10.7071
      vertex -37 61 17
      vertex -37 50.273 10.6344
    endloop
  endfacet
  facet normal -1 0 0
    outer loop
      vertex -37 50.1344 10.773
      vertex -37 61 17
      vertex -37 50.2071 10.7071
    endloop
  endfacet
  facet normal -1 0 0
    outer loop
      vertex -37 50.0556 10.8315
      vertex -37 61 17
      vertex -37 50.1344 10.773
    endloop
  endfacet
  facet normal -1 0 0
    outer loop
      vertex -37 49.9714 10.8819
      vertex -37 61 17
      vertex -37 50.0556 10.8315
    endloop
  endfacet
  facet normal -1 0 0
    outer loop
      vertex -37 49.8827 10.9239
      vertex -37 61 17
      vertex -37 49.9714 10.8819
    endloop
  endfacet
  facet normal -1 0 0
    outer loop
      vertex -37 49.7903 10.9569
      vertex -37 61 17
      vertex -37 49.8827 10.9239
    endloop
  endfacet
  facet normal -1 0 0
    outer loop
      vertex -37 49.6951 10.9808
      vertex -37 61 17
      vertex -37 49.7903 10.9569
    endloop
  endfacet
  facet normal -1 0 0
    outer loop
      vertex -37 49.598 10.9952
      vertex -37 61 17
      vertex -37 49.6951 10.9808
    endloop
  endfacet
  facet normal -1 0 0
    outer loop
      vertex -37 49.5 11
      vertex -37 61 17
      vertex -37 49.598 10.9952
    endloop
  endfacet
  facet normal -1 0 0
    outer loop
      vertex -37 42.5 11
      vertex -37 61 17
      vertex -37 49.5 11
    endloop
  endfacet
  facet normal -1 0 0
    outer loop
      vertex -37 42.402 10.9952
      vertex -37 61 17
      vertex -37 42.5 11
    endloop
  endfacet
  facet normal -1 0 0
    outer loop
      vertex -37 42.3049 10.9808
      vertex -37 61 17
      vertex -37 42.402 10.9952
    endloop
  endfacet
  facet normal -1 0 0
    outer loop
      vertex -37 42.2097 10.9569
      vertex -37 61 17
      vertex -37 42.3049 10.9808
    endloop
  endfacet
  facet normal -1 0 0
    outer loop
      vertex -37 -61 17
      vertex -37 41.5 10
      vertex -37 -61 0
    endloop
  endfacet
  facet normal -1 0 0
    outer loop
      vertex -37 41.5 10
      vertex -37 -61 17
      vertex -37 41.5048 10.098
    endloop
  endfacet
  facet normal -1 0 0
    outer loop
      vertex -37 41.5048 10.098
      vertex -37 -61 17
      vertex -37 41.5192 10.1951
    endloop
  endfacet
  facet normal -1 0 0
    outer loop
      vertex -37 41.5192 10.1951
      vertex -37 -61 17
      vertex -37 41.5431 10.2903
    endloop
  endfacet
  facet normal -1 0 0
    outer loop
      vertex -37 41.5431 10.2903
      vertex -37 -61 17
      vertex -37 41.5761 10.3827
    endloop
  endfacet
  facet normal -1 0 0
    outer loop
      vertex -37 41.5761 10.3827
      vertex -37 -61 17
      vertex -37 41.6181 10.4714
    endloop
  endfacet
  facet normal -1 0 0
    outer loop
      vertex -37 41.6181 10.4714
      vertex -37 -61 17
      vertex -37 41.6685 10.5556
    endloop
  endfacet
  facet normal -1 0 0
    outer loop
      vertex -37 41.6685 10.5556
      vertex -37 -61 17
      vertex -37 41.727 10.6344
    endloop
  endfacet
  facet normal -1 0 0
    outer loop
      vertex -37 41.727 10.6344
      vertex -37 -61 17
      vertex -37 41.7929 10.7071
    endloop
  endfacet
  facet normal -1 0 0
    outer loop
      vertex -37 41.7929 10.7071
      vertex -37 -61 17
      vertex -37 41.8656 10.773
    endloop
  endfacet
  facet normal -1 0 0
    outer loop
      vertex -37 41.8656 10.773
      vertex -37 -61 17
      vertex -37 41.9444 10.8315
    endloop
  endfacet
  facet normal -1 0 0
    outer loop
      vertex -37 41.9444 10.8315
      vertex -37 -61 17
      vertex -37 42.0286 10.8819
    endloop
  endfacet
  facet normal -1 0 0
    outer loop
      vertex -37 42.0286 10.8819
      vertex -37 -61 17
      vertex -37 42.1173 10.9239
    endloop
  endfacet
  facet normal -1 0 0
    outer loop
      vertex -37 42.1173 10.9239
      vertex -37 -61 17
      vertex -37 42.2097 10.9569
    endloop
  endfacet
  facet normal -1 0 0
    outer loop
      vertex -37 42.2097 10.9569
      vertex -37 -61 17
      vertex -37 61 17
    endloop
  endfacet
  facet normal 0 -1 0
    outer loop
      vertex -32 -66 17
      vertex -4 -66 12
      vertex 32 -66 17
    endloop
  endfacet
  facet normal 0 -1 0
    outer loop
      vertex -32 -66 17
      vertex -4.14702 -66 11.9928
      vertex -4 -66 12
    endloop
  endfacet
  facet normal 0 -1 0
    outer loop
      vertex -32 -66 17
      vertex -4.29263 -66 11.9712
      vertex -4.14702 -66 11.9928
    endloop
  endfacet
  facet normal 0 -1 0
    outer loop
      vertex -32 -66 17
      vertex -4.43542 -66 11.9354
      vertex -4.29263 -66 11.9712
    endloop
  endfacet
  facet normal 0 -1 0
    outer loop
      vertex -32 -66 17
      vertex -4.57402 -66 11.8858
      vertex -4.43542 -66 11.9354
    endloop
  endfacet
  facet normal 0 -1 0
    outer loop
      vertex -32 -66 17
      vertex -4.70709 -66 11.8229
      vertex -4.57402 -66 11.8858
    endloop
  endfacet
  facet normal 0 -1 0
    outer loop
      vertex -32 -66 17
      vertex -4.83334 -66 11.7472
      vertex -4.70709 -66 11.8229
    endloop
  endfacet
  facet normal 0 -1 0
    outer loop
      vertex -32 -66 17
      vertex -4.95158 -66 11.6595
      vertex -4.83334 -66 11.7472
    endloop
  endfacet
  facet normal 0 -1 0
    outer loop
      vertex -32 -66 17
      vertex -5.06065 -66 11.5607
      vertex -4.95158 -66 11.6595
    endloop
  endfacet
  facet normal 0 -1 0
    outer loop
      vertex -32 -66 17
      vertex -5.15952 -66 11.4516
      vertex -5.06065 -66 11.5607
    endloop
  endfacet
  facet normal 0 -1 0
    outer loop
      vertex -32 -66 17
      vertex -5.24719 -66 11.3333
      vertex -5.15952 -66 11.4516
    endloop
  endfacet
  facet normal 0 -1 0
    outer loop
      vertex -32 -66 17
      vertex -5.32288 -66 11.2071
      vertex -5.24719 -66 11.3333
    endloop
  endfacet
  facet normal 0 -1 0
    outer loop
      vertex -32 -66 17
      vertex -5.38582 -66 11.074
      vertex -5.32288 -66 11.2071
    endloop
  endfacet
  facet normal 0 -1 0
    outer loop
      vertex -32 -66 17
      vertex -5.43541 -66 10.9354
      vertex -5.38582 -66 11.074
    endloop
  endfacet
  facet normal 0 -1 0
    outer loop
      vertex -32 -66 17
      vertex -5.47118 -66 10.7926
      vertex -5.43541 -66 10.9354
    endloop
  endfacet
  facet normal 0 -1 0
    outer loop
      vertex -32 -66 17
      vertex -5.49277 -66 10.647
      vertex -5.47118 -66 10.7926
    endloop
  endfacet
  facet normal 0 -1 0
    outer loop
      vertex -32 -66 17
      vertex -5.5 -66 10.5
      vertex -5.49277 -66 10.647
    endloop
  endfacet
  facet normal 0 -1 0
    outer loop
      vertex -32 -66 17
      vertex -5.5 -66 6.5
      vertex -5.5 -66 10.5
    endloop
  endfacet
  facet normal 0 -1 0
    outer loop
      vertex -32 -66 0
      vertex -5.5 -66 6.5
      vertex -32 -66 17
    endloop
  endfacet
  facet normal 0 -1 -0
    outer loop
      vertex -5.5 -66 6.5
      vertex -32 -66 0
      vertex -5.49277 -66 6.35298
    endloop
  endfacet
  facet normal 0 -1 -0
    outer loop
      vertex -5.49277 -66 6.35298
      vertex -32 -66 0
      vertex -5.47118 -66 6.20737
    endloop
  endfacet
  facet normal 0 -1 -0
    outer loop
      vertex -5.47118 -66 6.20737
      vertex -32 -66 0
      vertex -5.43541 -66 6.06458
    endloop
  endfacet
  facet normal 0 -1 -0
    outer loop
      vertex -5.43541 -66 6.06458
      vertex -32 -66 0
      vertex -5.38582 -66 5.92598
    endloop
  endfacet
  facet normal 0 -1 -0
    outer loop
      vertex -5.38582 -66 5.92598
      vertex -32 -66 0
      vertex -5.32288 -66 5.79291
    endloop
  endfacet
  facet normal 0 -1 -0
    outer loop
      vertex -5.32288 -66 5.79291
      vertex -32 -66 0
      vertex -5.24719 -66 5.66666
    endloop
  endfacet
  facet normal 0 -1 -0
    outer loop
      vertex -5.24719 -66 5.66666
      vertex -32 -66 0
      vertex -5.15952 -66 5.54842
    endloop
  endfacet
  facet normal 0 -1 -0
    outer loop
      vertex -5.15952 -66 5.54842
      vertex -32 -66 0
      vertex -5.06065 -66 5.43935
    endloop
  endfacet
  facet normal 0 -1 -0
    outer loop
      vertex -5.06065 -66 5.43935
      vertex -32 -66 0
      vertex -4.95158 -66 5.34048
    endloop
  endfacet
  facet normal 0 -1 -0
    outer loop
      vertex -4.95158 -66 5.34048
      vertex -32 -66 0
      vertex -4.83334 -66 5.25281
    endloop
  endfacet
  facet normal 0 -1 -0
    outer loop
      vertex -4.83334 -66 5.25281
      vertex -32 -66 0
      vertex -4.70709 -66 5.17712
    endloop
  endfacet
  facet normal 0 -1 -0
    outer loop
      vertex -4 -66 5
      vertex -32 -66 0
      vertex 4 -66 5
    endloop
  endfacet
  facet normal 0 -1 -0
    outer loop
      vertex -4.14702 -66 5.00723
      vertex -32 -66 0
      vertex -4 -66 5
    endloop
  endfacet
  facet normal 0 -1 -0
    outer loop
      vertex -4.29263 -66 5.02882
      vertex -32 -66 0
      vertex -4.14702 -66 5.00723
    endloop
  endfacet
  facet normal 0 -1 -0
    outer loop
      vertex -4.43542 -66 5.06459
      vertex -32 -66 0
      vertex -4.29263 -66 5.02882
    endloop
  endfacet
  facet normal 0 -1 -0
    outer loop
      vertex -4.57402 -66 5.11418
      vertex -32 -66 0
      vertex -4.43542 -66 5.06459
    endloop
  endfacet
  facet normal 0 -1 -0
    outer loop
      vertex -4.70709 -66 5.17712
      vertex -32 -66 0
      vertex -4.57402 -66 5.11418
    endloop
  endfacet
  facet normal 0 -1 0
    outer loop
      vertex 4 -66 12
      vertex 32 -66 17
      vertex -4 -66 12
    endloop
  endfacet
  facet normal 0 -1 0
    outer loop
      vertex 4.14702 -66 11.9928
      vertex 32 -66 17
      vertex 4 -66 12
    endloop
  endfacet
  facet normal 0 -1 0
    outer loop
      vertex 4.29263 -66 11.9712
      vertex 32 -66 17
      vertex 4.14702 -66 11.9928
    endloop
  endfacet
  facet normal 0 -1 0
    outer loop
      vertex 4.43542 -66 11.9354
      vertex 32 -66 17
      vertex 4.29263 -66 11.9712
    endloop
  endfacet
  facet normal 0 -1 0
    outer loop
      vertex 4.57402 -66 11.8858
      vertex 32 -66 17
      vertex 4.43542 -66 11.9354
    endloop
  endfacet
  facet normal 0 -1 0
    outer loop
      vertex 4.70709 -66 11.8229
      vertex 32 -66 17
      vertex 4.57402 -66 11.8858
    endloop
  endfacet
  facet normal 0 -1 0
    outer loop
      vertex 4.83334 -66 11.7472
      vertex 32 -66 17
      vertex 4.70709 -66 11.8229
    endloop
  endfacet
  facet normal 0 -1 0
    outer loop
      vertex 4.95158 -66 11.6595
      vertex 32 -66 17
      vertex 4.83334 -66 11.7472
    endloop
  endfacet
  facet normal 0 -1 0
    outer loop
      vertex 5.06065 -66 11.5607
      vertex 32 -66 17
      vertex 4.95158 -66 11.6595
    endloop
  endfacet
  facet normal 0 -1 0
    outer loop
      vertex 5.15952 -66 11.4516
      vertex 32 -66 17
      vertex 5.06065 -66 11.5607
    endloop
  endfacet
  facet normal 0 -1 0
    outer loop
      vertex 5.24719 -66 11.3333
      vertex 32 -66 17
      vertex 5.15952 -66 11.4516
    endloop
  endfacet
  facet normal 0 -1 0
    outer loop
      vertex 5.32288 -66 11.2071
      vertex 32 -66 17
      vertex 5.24719 -66 11.3333
    endloop
  endfacet
  facet normal 0 -1 0
    outer loop
      vertex 5.38582 -66 11.074
      vertex 32 -66 17
      vertex 5.32288 -66 11.2071
    endloop
  endfacet
  facet normal 0 -1 0
    outer loop
      vertex 5.43541 -66 10.9354
      vertex 32 -66 17
      vertex 5.38582 -66 11.074
    endloop
  endfacet
  facet normal 0 -1 0
    outer loop
      vertex 5.47118 -66 10.7926
      vertex 32 -66 17
      vertex 5.43541 -66 10.9354
    endloop
  endfacet
  facet normal 0 -1 0
    outer loop
      vertex 5.49277 -66 10.647
      vertex 32 -66 17
      vertex 5.47118 -66 10.7926
    endloop
  endfacet
  facet normal 0 -1 0
    outer loop
      vertex 5.5 -66 10.5
      vertex 32 -66 17
      vertex 5.49277 -66 10.647
    endloop
  endfacet
  facet normal 0 -1 0
    outer loop
      vertex 5.5 -66 6.5
      vertex 32 -66 17
      vertex 5.5 -66 10.5
    endloop
  endfacet
  facet normal 0 -1 0
    outer loop
      vertex 32 -66 0
      vertex 5.5 -66 6.5
      vertex 5.49277 -66 6.35298
    endloop
  endfacet
  facet normal 0 -1 0
    outer loop
      vertex 32 -66 0
      vertex 5.49277 -66 6.35298
      vertex 5.47118 -66 6.20737
    endloop
  endfacet
  facet normal 0 -1 0
    outer loop
      vertex 32 -66 0
      vertex 5.47118 -66 6.20737
      vertex 5.43541 -66 6.06458
    endloop
  endfacet
  facet normal 0 -1 0
    outer loop
      vertex 32 -66 0
      vertex 5.43541 -66 6.06458
      vertex 5.38582 -66 5.92598
    endloop
  endfacet
  facet normal 0 -1 0
    outer loop
      vertex 32 -66 0
      vertex 5.38582 -66 5.92598
      vertex 5.32288 -66 5.79291
    endloop
  endfacet
  facet normal 0 -1 0
    outer loop
      vertex 32 -66 0
      vertex 5.32288 -66 5.79291
      vertex 5.24719 -66 5.66666
    endloop
  endfacet
  facet normal 0 -1 0
    outer loop
      vertex 32 -66 0
      vertex 5.24719 -66 5.66666
      vertex 5.15952 -66 5.54842
    endloop
  endfacet
  facet normal 0 -1 0
    outer loop
      vertex 32 -66 0
      vertex 5.15952 -66 5.54842
      vertex 5.06065 -66 5.43935
    endloop
  endfacet
  facet normal 0 -1 0
    outer loop
      vertex 32 -66 0
      vertex 5.06065 -66 5.43935
      vertex 4.95158 -66 5.34048
    endloop
  endfacet
  facet normal 0 -1 0
    outer loop
      vertex 32 -66 0
      vertex 4.95158 -66 5.34048
      vertex 4.83334 -66 5.25281
    endloop
  endfacet
  facet normal 0 -1 0
    outer loop
      vertex 32 -66 0
      vertex 4.83334 -66 5.25281
      vertex 4.70709 -66 5.17712
    endloop
  endfacet
  facet normal 0 -1 0
    outer loop
      vertex 32 -66 0
      vertex 4.70709 -66 5.17712
      vertex 4.57402 -66 5.11418
    endloop
  endfacet
  facet normal 0 -1 0
    outer loop
      vertex 32 -66 0
      vertex 4 -66 5
      vertex -32 -66 0
    endloop
  endfacet
  facet normal 0 -1 0
    outer loop
      vertex 5.5 -66 6.5
      vertex 32 -66 0
      vertex 32 -66 17
    endloop
  endfacet
  facet normal 0 -1 0
    outer loop
      vertex 4.43542 -66 5.06459
      vertex 32 -66 0
      vertex 4.57402 -66 5.11418
    endloop
  endfacet
  facet normal 0 -1 0
    outer loop
      vertex 4.29263 -66 5.02882
      vertex 32 -66 0
      vertex 4.43542 -66 5.06459
    endloop
  endfacet
  facet normal 0 -1 0
    outer loop
      vertex 4.14702 -66 5.00723
      vertex 32 -66 0
      vertex 4.29263 -66 5.02882
    endloop
  endfacet
  facet normal 0 -1 0
    outer loop
      vertex 4 -66 5
      vertex 32 -66 0
      vertex 4.14702 -66 5.00723
    endloop
  endfacet
  facet normal 0.941548 -0.336879 0
    outer loop
      vertex 36.6194 -62.9134 17
      vertex 36.7847 -62.4514 0
      vertex 36.7847 -62.4514 17
    endloop
  endfacet
  facet normal 0.941548 -0.336879 0
    outer loop
      vertex 36.7847 -62.4514 0
      vertex 36.6194 -62.9134 17
      vertex 36.6194 -62.9134 0
    endloop
  endfacet
  facet normal -0.998793 0.0491143 0
    outer loop
      vertex -37 61 0
      vertex -36.9759 61.4901 17
      vertex -36.9759 61.4901 0
    endloop
  endfacet
  facet normal -0.998793 0.0491143 0
    outer loop
      vertex -36.9759 61.4901 17
      vertex -37 61 0
      vertex -37 61 17
    endloop
  endfacet
  facet normal 0.336879 0.941548 -0
    outer loop
      vertex 33.9134 65.6194 0
      vertex 33.4514 65.7847 17
      vertex 33.9134 65.6194 17
    endloop
  endfacet
  facet normal 0.336879 0.941548 0
    outer loop
      vertex 33.4514 65.7847 17
      vertex 33.9134 65.6194 0
      vertex 33.4514 65.7847 0
    endloop
  endfacet
  facet normal 0.514226 -0.857655 0
    outer loop
      vertex 34.357 -65.4096 0
      vertex 34.7778 -65.1573 17
      vertex 34.357 -65.4096 17
    endloop
  endfacet
  facet normal 0.514226 -0.857655 0
    outer loop
      vertex 34.7778 -65.1573 17
      vertex 34.357 -65.4096 0
      vertex 34.7778 -65.1573 0
    endloop
  endfacet
  facet normal 0.970047 0.242919 0
    outer loop
      vertex 36.9039 61.9754 17
      vertex 36.7847 62.4514 0
      vertex 36.7847 62.4514 17
    endloop
  endfacet
  facet normal 0.970047 0.242919 0
    outer loop
      vertex 36.7847 62.4514 0
      vertex 36.9039 61.9754 17
      vertex 36.9039 61.9754 0
    endloop
  endfacet
  facet normal 0.970047 -0.242919 0
    outer loop
      vertex 36.7847 -62.4514 17
      vertex 36.9039 -61.9754 0
      vertex 36.9039 -61.9754 17
    endloop
  endfacet
  facet normal 0.970047 -0.242919 0
    outer loop
      vertex 36.9039 -61.9754 0
      vertex 36.7847 -62.4514 17
      vertex 36.7847 -62.4514 0
    endloop
  endfacet
  facet normal 0.903995 0.427543 0
    outer loop
      vertex 36.6194 62.9134 17
      vertex 36.4096 63.357 0
      vertex 36.4096 63.357 17
    endloop
  endfacet
  facet normal 0.903995 0.427543 0
    outer loop
      vertex 36.4096 63.357 0
      vertex 36.6194 62.9134 17
      vertex 36.6194 62.9134 0
    endloop
  endfacet
  facet normal 0.998793 0.0491143 0
    outer loop
      vertex 37 61 17
      vertex 36.9759 61.4901 0
      vertex 36.9759 61.4901 17
    endloop
  endfacet
  facet normal 0.998793 0.0491143 0
    outer loop
      vertex 36.9759 61.4901 0
      vertex 37 61 17
      vertex 37 61 0
    endloop
  endfacet
  facet normal 0.427543 -0.903995 0
    outer loop
      vertex 33.9134 -65.6194 0
      vertex 34.357 -65.4096 17
      vertex 33.9134 -65.6194 17
    endloop
  endfacet
  facet normal 0.427543 -0.903995 0
    outer loop
      vertex 34.357 -65.4096 17
      vertex 33.9134 -65.6194 0
      vertex 34.357 -65.4096 0
    endloop
  endfacet
  facet normal 0.857655 0.514226 0
    outer loop
      vertex 36.4096 63.357 17
      vertex 36.1573 63.7778 0
      vertex 36.1573 63.7778 17
    endloop
  endfacet
  facet normal 0.857655 0.514226 0
    outer loop
      vertex 36.1573 63.7778 0
      vertex 36.4096 63.357 17
      vertex 36.4096 63.357 0
    endloop
  endfacet
  facet normal -0.0491143 0.998793 0
    outer loop
      vertex -32 66 0
      vertex -32.4901 65.9759 17
      vertex -32 66 17
    endloop
  endfacet
  facet normal -0.0491143 0.998793 0
    outer loop
      vertex -32.4901 65.9759 17
      vertex -32 66 0
      vertex -32.4901 65.9759 0
    endloop
  endfacet
  facet normal 0.146755 -0.989173 0
    outer loop
      vertex 32.4901 -65.9759 0
      vertex 32.9754 -65.9039 17
      vertex 32.4901 -65.9759 17
    endloop
  endfacet
  facet normal 0.146755 -0.989173 0
    outer loop
      vertex 32.9754 -65.9039 17
      vertex 32.4901 -65.9759 0
      vertex 32.9754 -65.9039 0
    endloop
  endfacet
  facet normal 0.989173 0.146755 0
    outer loop
      vertex 36.9759 61.4901 17
      vertex 36.9039 61.9754 0
      vertex 36.9039 61.9754 17
    endloop
  endfacet
  facet normal 0.989173 0.146755 0
    outer loop
      vertex 36.9039 61.9754 0
      vertex 36.9759 61.4901 17
      vertex 36.9759 61.4901 0
    endloop
  endfacet
  facet normal -0.857655 -0.514226 0
    outer loop
      vertex -36.1573 -63.7778 0
      vertex -36.4096 -63.357 17
      vertex -36.4096 -63.357 0
    endloop
  endfacet
  facet normal -0.857655 -0.514226 0
    outer loop
      vertex -36.4096 -63.357 17
      vertex -36.1573 -63.7778 0
      vertex -36.1573 -63.7778 17
    endloop
  endfacet
  facet normal -0.427543 0.903995 0
    outer loop
      vertex -33.9134 65.6194 0
      vertex -34.357 65.4096 17
      vertex -33.9134 65.6194 17
    endloop
  endfacet
  facet normal -0.427543 0.903995 0
    outer loop
      vertex -34.357 65.4096 17
      vertex -33.9134 65.6194 0
      vertex -34.357 65.4096 0
    endloop
  endfacet
  facet normal 0.803362 -0.595491 0
    outer loop
      vertex 35.8651 -64.172 17
      vertex 36.1573 -63.7778 0
      vertex 36.1573 -63.7778 17
    endloop
  endfacet
  facet normal 0.803362 -0.595491 0
    outer loop
      vertex 36.1573 -63.7778 0
      vertex 35.8651 -64.172 17
      vertex 35.8651 -64.172 0
    endloop
  endfacet
  facet normal -0.242919 0.970047 0
    outer loop
      vertex -32.9754 65.9039 0
      vertex -33.4514 65.7847 17
      vertex -32.9754 65.9039 17
    endloop
  endfacet
  facet normal -0.242919 0.970047 0
    outer loop
      vertex -33.4514 65.7847 17
      vertex -32.9754 65.9039 0
      vertex -33.4514 65.7847 0
    endloop
  endfacet
  facet normal -0.740806 0.671719 0
    outer loop
      vertex -35.8651 64.172 0
      vertex -35.5355 64.5355 17
      vertex -35.5355 64.5355 0
    endloop
  endfacet
  facet normal -0.740806 0.671719 0
    outer loop
      vertex -35.5355 64.5355 17
      vertex -35.8651 64.172 0
      vertex -35.8651 64.172 17
    endloop
  endfacet
  facet normal 0.0491143 0.998793 -0
    outer loop
      vertex 32.4901 65.9759 0
      vertex 32 66 17
      vertex 32.4901 65.9759 17
    endloop
  endfacet
  facet normal 0.0491143 0.998793 0
    outer loop
      vertex 32 66 17
      vertex 32.4901 65.9759 0
      vertex 32 66 0
    endloop
  endfacet
  facet normal -0.941548 0.336879 0
    outer loop
      vertex -36.7847 62.4514 0
      vertex -36.6194 62.9134 17
      vertex -36.6194 62.9134 0
    endloop
  endfacet
  facet normal -0.941548 0.336879 0
    outer loop
      vertex -36.6194 62.9134 17
      vertex -36.7847 62.4514 0
      vertex -36.7847 62.4514 17
    endloop
  endfacet
  facet normal 0.336879 -0.941548 0
    outer loop
      vertex 33.4514 -65.7847 0
      vertex 33.9134 -65.6194 17
      vertex 33.4514 -65.7847 17
    endloop
  endfacet
  facet normal 0.336879 -0.941548 0
    outer loop
      vertex 33.9134 -65.6194 17
      vertex 33.4514 -65.7847 0
      vertex 33.9134 -65.6194 0
    endloop
  endfacet
  facet normal 0.998793 -0.0491143 0
    outer loop
      vertex 36.9759 -61.4901 17
      vertex 37 -61 0
      vertex 37 -61 17
    endloop
  endfacet
  facet normal 0.998793 -0.0491143 0
    outer loop
      vertex 37 -61 0
      vertex 36.9759 -61.4901 17
      vertex 36.9759 -61.4901 0
    endloop
  endfacet
  facet normal 0.595491 -0.803362 0
    outer loop
      vertex 34.7778 -65.1573 0
      vertex 35.172 -64.8651 17
      vertex 34.7778 -65.1573 17
    endloop
  endfacet
  facet normal 0.595491 -0.803362 0
    outer loop
      vertex 35.172 -64.8651 17
      vertex 34.7778 -65.1573 0
      vertex 35.172 -64.8651 0
    endloop
  endfacet
  facet normal 0.671719 0.740806 -0
    outer loop
      vertex 35.5355 64.5355 0
      vertex 35.172 64.8651 17
      vertex 35.5355 64.5355 17
    endloop
  endfacet
  facet normal 0.671719 0.740806 0
    outer loop
      vertex 35.172 64.8651 17
      vertex 35.5355 64.5355 0
      vertex 35.172 64.8651 0
    endloop
  endfacet
  facet normal 0.941548 0.336879 0
    outer loop
      vertex 36.7847 62.4514 17
      vertex 36.6194 62.9134 0
      vertex 36.6194 62.9134 17
    endloop
  endfacet
  facet normal 0.941548 0.336879 0
    outer loop
      vertex 36.6194 62.9134 0
      vertex 36.7847 62.4514 17
      vertex 36.7847 62.4514 0
    endloop
  endfacet
  facet normal 0.595491 0.803362 -0
    outer loop
      vertex 35.172 64.8651 0
      vertex 34.7778 65.1573 17
      vertex 35.172 64.8651 17
    endloop
  endfacet
  facet normal 0.595491 0.803362 0
    outer loop
      vertex 34.7778 65.1573 17
      vertex 35.172 64.8651 0
      vertex 34.7778 65.1573 0
    endloop
  endfacet
  facet normal 0.740806 0.671719 0
    outer loop
      vertex 35.8651 64.172 17
      vertex 35.5355 64.5355 0
      vertex 35.5355 64.5355 17
    endloop
  endfacet
  facet normal 0.740806 0.671719 0
    outer loop
      vertex 35.5355 64.5355 0
      vertex 35.8651 64.172 17
      vertex 35.8651 64.172 0
    endloop
  endfacet
  facet normal 0.803362 0.595491 0
    outer loop
      vertex 36.1573 63.7778 17
      vertex 35.8651 64.172 0
      vertex 35.8651 64.172 17
    endloop
  endfacet
  facet normal 0.803362 0.595491 0
    outer loop
      vertex 35.8651 64.172 0
      vertex 36.1573 63.7778 17
      vertex 36.1573 63.7778 0
    endloop
  endfacet
  facet normal -0.803362 -0.595491 0
    outer loop
      vertex -35.8651 -64.172 0
      vertex -36.1573 -63.7778 17
      vertex -36.1573 -63.7778 0
    endloop
  endfacet
  facet normal -0.803362 -0.595491 0
    outer loop
      vertex -36.1573 -63.7778 17
      vertex -35.8651 -64.172 0
      vertex -35.8651 -64.172 17
    endloop
  endfacet
  facet normal -0.740806 -0.671719 0
    outer loop
      vertex -35.5355 -64.5355 0
      vertex -35.8651 -64.172 17
      vertex -35.8651 -64.172 0
    endloop
  endfacet
  facet normal -0.740806 -0.671719 0
    outer loop
      vertex -35.8651 -64.172 17
      vertex -35.5355 -64.5355 0
      vertex -35.5355 -64.5355 17
    endloop
  endfacet
  facet normal 0.427543 0.903995 -0
    outer loop
      vertex 34.357 65.4096 0
      vertex 33.9134 65.6194 17
      vertex 34.357 65.4096 17
    endloop
  endfacet
  facet normal 0.427543 0.903995 0
    outer loop
      vertex 33.9134 65.6194 17
      vertex 34.357 65.4096 0
      vertex 33.9134 65.6194 0
    endloop
  endfacet
  facet normal -0.595491 0.803362 0
    outer loop
      vertex -34.7778 65.1573 0
      vertex -35.172 64.8651 17
      vertex -34.7778 65.1573 17
    endloop
  endfacet
  facet normal -0.595491 0.803362 0
    outer loop
      vertex -35.172 64.8651 17
      vertex -34.7778 65.1573 0
      vertex -35.172 64.8651 0
    endloop
  endfacet
  facet normal 0.146755 0.989173 -0
    outer loop
      vertex 32.9754 65.9039 0
      vertex 32.4901 65.9759 17
      vertex 32.9754 65.9039 17
    endloop
  endfacet
  facet normal 0.146755 0.989173 0
    outer loop
      vertex 32.4901 65.9759 17
      vertex 32.9754 65.9039 0
      vertex 32.4901 65.9759 0
    endloop
  endfacet
  facet normal 0.671719 -0.740806 0
    outer loop
      vertex 35.172 -64.8651 0
      vertex 35.5355 -64.5355 17
      vertex 35.172 -64.8651 17
    endloop
  endfacet
  facet normal 0.671719 -0.740806 0
    outer loop
      vertex 35.5355 -64.5355 17
      vertex 35.172 -64.8651 0
      vertex 35.5355 -64.5355 0
    endloop
  endfacet
  facet normal 0.989173 -0.146755 0
    outer loop
      vertex 36.9039 -61.9754 17
      vertex 36.9759 -61.4901 0
      vertex 36.9759 -61.4901 17
    endloop
  endfacet
  facet normal 0.989173 -0.146755 0
    outer loop
      vertex 36.9759 -61.4901 0
      vertex 36.9039 -61.9754 17
      vertex 36.9039 -61.9754 0
    endloop
  endfacet
  facet normal 0.857655 -0.514226 0
    outer loop
      vertex 36.1573 -63.7778 17
      vertex 36.4096 -63.357 0
      vertex 36.4096 -63.357 17
    endloop
  endfacet
  facet normal 0.857655 -0.514226 0
    outer loop
      vertex 36.4096 -63.357 0
      vertex 36.1573 -63.7778 17
      vertex 36.1573 -63.7778 0
    endloop
  endfacet
  facet normal 0.0491143 -0.998793 0
    outer loop
      vertex 32 -66 0
      vertex 32.4901 -65.9759 17
      vertex 32 -66 17
    endloop
  endfacet
  facet normal 0.0491143 -0.998793 0
    outer loop
      vertex 32.4901 -65.9759 17
      vertex 32 -66 0
      vertex 32.4901 -65.9759 0
    endloop
  endfacet
  facet normal -0.595491 -0.803362 0
    outer loop
      vertex -35.172 -64.8651 0
      vertex -34.7778 -65.1573 17
      vertex -35.172 -64.8651 17
    endloop
  endfacet
  facet normal -0.595491 -0.803362 -0
    outer loop
      vertex -34.7778 -65.1573 17
      vertex -35.172 -64.8651 0
      vertex -34.7778 -65.1573 0
    endloop
  endfacet
  facet normal -0.514226 -0.857655 0
    outer loop
      vertex -34.7778 -65.1573 0
      vertex -34.357 -65.4096 17
      vertex -34.7778 -65.1573 17
    endloop
  endfacet
  facet normal -0.514226 -0.857655 -0
    outer loop
      vertex -34.357 -65.4096 17
      vertex -34.7778 -65.1573 0
      vertex -34.357 -65.4096 0
    endloop
  endfacet
  facet normal -0.803362 0.595491 0
    outer loop
      vertex -36.1573 63.7778 0
      vertex -35.8651 64.172 17
      vertex -35.8651 64.172 0
    endloop
  endfacet
  facet normal -0.803362 0.595491 0
    outer loop
      vertex -35.8651 64.172 17
      vertex -36.1573 63.7778 0
      vertex -36.1573 63.7778 17
    endloop
  endfacet
  facet normal -0.146755 -0.989173 0
    outer loop
      vertex -32.9754 -65.9039 0
      vertex -32.4901 -65.9759 17
      vertex -32.9754 -65.9039 17
    endloop
  endfacet
  facet normal -0.146755 -0.989173 -0
    outer loop
      vertex -32.4901 -65.9759 17
      vertex -32.9754 -65.9039 0
      vertex -32.4901 -65.9759 0
    endloop
  endfacet
  facet normal -0.336879 -0.941548 0
    outer loop
      vertex -33.9134 -65.6194 0
      vertex -33.4514 -65.7847 17
      vertex -33.9134 -65.6194 17
    endloop
  endfacet
  facet normal -0.336879 -0.941548 -0
    outer loop
      vertex -33.4514 -65.7847 17
      vertex -33.9134 -65.6194 0
      vertex -33.4514 -65.7847 0
    endloop
  endfacet
  facet normal -0.0491143 -0.998793 0
    outer loop
      vertex -32.4901 -65.9759 0
      vertex -32 -66 17
      vertex -32.4901 -65.9759 17
    endloop
  endfacet
  facet normal -0.0491143 -0.998793 -0
    outer loop
      vertex -32 -66 17
      vertex -32.4901 -65.9759 0
      vertex -32 -66 0
    endloop
  endfacet
  facet normal 0.242919 -0.970047 0
    outer loop
      vertex 32.9754 -65.9039 0
      vertex 33.4514 -65.7847 17
      vertex 32.9754 -65.9039 17
    endloop
  endfacet
  facet normal 0.242919 -0.970047 0
    outer loop
      vertex 33.4514 -65.7847 17
      vertex 32.9754 -65.9039 0
      vertex 33.4514 -65.7847 0
    endloop
  endfacet
  facet normal 0.740806 -0.671719 0
    outer loop
      vertex 35.5355 -64.5355 17
      vertex 35.8651 -64.172 0
      vertex 35.8651 -64.172 17
    endloop
  endfacet
  facet normal 0.740806 -0.671719 0
    outer loop
      vertex 35.8651 -64.172 0
      vertex 35.5355 -64.5355 17
      vertex 35.5355 -64.5355 0
    endloop
  endfacet
  facet normal -0.427543 -0.903995 0
    outer loop
      vertex -34.357 -65.4096 0
      vertex -33.9134 -65.6194 17
      vertex -34.357 -65.4096 17
    endloop
  endfacet
  facet normal -0.427543 -0.903995 -0
    outer loop
      vertex -33.9134 -65.6194 17
      vertex -34.357 -65.4096 0
      vertex -33.9134 -65.6194 0
    endloop
  endfacet
  facet normal -0.671719 0.740806 0
    outer loop
      vertex -35.172 64.8651 0
      vertex -35.5355 64.5355 17
      vertex -35.172 64.8651 17
    endloop
  endfacet
  facet normal -0.671719 0.740806 0
    outer loop
      vertex -35.5355 64.5355 17
      vertex -35.172 64.8651 0
      vertex -35.5355 64.5355 0
    endloop
  endfacet
  facet normal 0 0 1
    outer loop
      vertex 34.6 61 17
      vertex 37 61 17
      vertex 36.9759 61.4901 17
    endloop
  endfacet
  facet normal 0 0 1
    outer loop
      vertex 37 61 17
      vertex 34.6 61 17
      vertex 37 -61 17
    endloop
  endfacet
  facet normal 0 0 1
    outer loop
      vertex 34.5875 61.2548 17
      vertex 36.9759 61.4901 17
      vertex 36.9039 61.9754 17
    endloop
  endfacet
  facet normal 0 0 1
    outer loop
      vertex 34.6 -61 17
      vertex 37 -61 17
      vertex 34.6 61 17
    endloop
  endfacet
  facet normal 0 0 1
    outer loop
      vertex 34.55 61.5072 17
      vertex 36.9039 61.9754 17
      vertex 36.7847 62.4514 17
    endloop
  endfacet
  facet normal 0 0 1
    outer loop
      vertex 37 -61 17
      vertex 34.6 -61 17
      vertex 36.9759 -61.4901 17
    endloop
  endfacet
  facet normal 0 0 1
    outer loop
      vertex 34.488 61.7547 17
      vertex 36.7847 62.4514 17
      vertex 36.6194 62.9134 17
    endloop
  endfacet
  facet normal -0 0 1
    outer loop
      vertex 34.5875 -61.2548 17
      vertex 36.9759 -61.4901 17
      vertex 34.6 -61 17
    endloop
  endfacet
  facet normal 0 0 1
    outer loop
      vertex 34.4021 61.995 17
      vertex 36.6194 62.9134 17
      vertex 36.4096 63.357 17
    endloop
  endfacet
  facet normal 0 0 1
    outer loop
      vertex 36.9759 -61.4901 17
      vertex 34.5875 -61.2548 17
      vertex 36.9039 -61.9754 17
    endloop
  endfacet
  facet normal 0 0 1
    outer loop
      vertex 34.293 62.2256 17
      vertex 36.4096 63.357 17
      vertex 36.1573 63.7778 17
    endloop
  endfacet
  facet normal -0 0 1
    outer loop
      vertex 34.55 -61.5072 17
      vertex 36.9039 -61.9754 17
      vertex 34.5875 -61.2548 17
    endloop
  endfacet
  facet normal 0 0 1
    outer loop
      vertex 34.1618 62.4445 17
      vertex 36.1573 63.7778 17
      vertex 35.8651 64.172 17
    endloop
  endfacet
  facet normal 0 0 1
    outer loop
      vertex 36.9039 -61.9754 17
      vertex 34.55 -61.5072 17
      vertex 36.7847 -62.4514 17
    endloop
  endfacet
  facet normal 0 0 1
    outer loop
      vertex 34.0098 62.6494 17
      vertex 35.8651 64.172 17
      vertex 35.5355 64.5355 17
    endloop
  endfacet
  facet normal -0 0 1
    outer loop
      vertex 34.488 -61.7547 17
      vertex 36.7847 -62.4514 17
      vertex 34.55 -61.5072 17
    endloop
  endfacet
  facet normal 0 0 1
    outer loop
      vertex 33.8385 62.8385 17
      vertex 35.5355 64.5355 17
      vertex 35.172 64.8651 17
    endloop
  endfacet
  facet normal 0 0 1
    outer loop
      vertex 36.7847 -62.4514 17
      vertex 34.488 -61.7547 17
      vertex 36.6194 -62.9134 17
    endloop
  endfacet
  facet normal 0 0 1
    outer loop
      vertex 33.6494 63.0098 17
      vertex 35.172 64.8651 17
      vertex 34.7778 65.1573 17
    endloop
  endfacet
  facet normal -0 0 1
    outer loop
      vertex 34.4021 -61.995 17
      vertex 36.6194 -62.9134 17
      vertex 34.488 -61.7547 17
    endloop
  endfacet
  facet normal 0 0 1
    outer loop
      vertex 36.6194 -62.9134 17
      vertex 34.4021 -61.995 17
      vertex 36.4096 -63.357 17
    endloop
  endfacet
  facet normal 0 0 1
    outer loop
      vertex 36.9759 61.4901 17
      vertex 34.5875 61.2548 17
      vertex 34.6 61 17
    endloop
  endfacet
  facet normal 0 0 1
    outer loop
      vertex 36.9039 61.9754 17
      vertex 34.55 61.5072 17
      vertex 34.5875 61.2548 17
    endloop
  endfacet
  facet normal 0 0 1
    outer loop
      vertex 36.7847 62.4514 17
      vertex 34.488 61.7547 17
      vertex 34.55 61.5072 17
    endloop
  endfacet
  facet normal 0 0 1
    outer loop
      vertex 36.6194 62.9134 17
      vertex 34.4021 61.995 17
      vertex 34.488 61.7547 17
    endloop
  endfacet
  facet normal 0 0 1
    outer loop
      vertex 33.4445 63.1618 17
      vertex 34.7778 65.1573 17
      vertex 34.357 65.4096 17
    endloop
  endfacet
  facet normal 0 0 1
    outer loop
      vertex 36.4096 63.357 17
      vertex 34.293 62.2256 17
      vertex 34.4021 61.995 17
    endloop
  endfacet
  facet normal 0 0 1
    outer loop
      vertex 36.1573 63.7778 17
      vertex 34.1618 62.4445 17
      vertex 34.293 62.2256 17
    endloop
  endfacet
  facet normal 0 0 1
    outer loop
      vertex 35.8651 64.172 17
      vertex 34.0098 62.6494 17
      vertex 34.1618 62.4445 17
    endloop
  endfacet
  facet normal 0 0 1
    outer loop
      vertex 33.2256 63.293 17
      vertex 34.357 65.4096 17
      vertex 33.9134 65.6194 17
    endloop
  endfacet
  facet normal 0 0 1
    outer loop
      vertex 35.5355 64.5355 17
      vertex 33.8385 62.8385 17
      vertex 34.0098 62.6494 17
    endloop
  endfacet
  facet normal 0 0 1
    outer loop
      vertex 35.172 64.8651 17
      vertex 33.6494 63.0098 17
      vertex 33.8385 62.8385 17
    endloop
  endfacet
  facet normal 0 0 1
    outer loop
      vertex 32.995 63.4021 17
      vertex 33.9134 65.6194 17
      vertex 33.4514 65.7847 17
    endloop
  endfacet
  facet normal 0 0 1
    outer loop
      vertex 34.7778 65.1573 17
      vertex 33.4445 63.1618 17
      vertex 33.6494 63.0098 17
    endloop
  endfacet
  facet normal 0 0 1
    outer loop
      vertex 34.357 65.4096 17
      vertex 33.2256 63.293 17
      vertex 33.4445 63.1618 17
    endloop
  endfacet
  facet normal 0 0 1
    outer loop
      vertex 33.9134 65.6194 17
      vertex 32.995 63.4021 17
      vertex 33.2256 63.293 17
    endloop
  endfacet
  facet normal 0 0 1
    outer loop
      vertex 32.7547 63.488 17
      vertex 33.4514 65.7847 17
      vertex 32.9754 65.9039 17
    endloop
  endfacet
  facet normal 0 0 1
    outer loop
      vertex 33.4514 65.7847 17
      vertex 32.7547 63.488 17
      vertex 32.995 63.4021 17
    endloop
  endfacet
  facet normal 0 0 1
    outer loop
      vertex 32.9754 65.9039 17
      vertex 32.5072 63.55 17
      vertex 32.7547 63.488 17
    endloop
  endfacet
  facet normal 0 0 1
    outer loop
      vertex 32.4901 65.9759 17
      vertex 32.5072 63.55 17
      vertex 32.9754 65.9039 17
    endloop
  endfacet
  facet normal 0 0 1
    outer loop
      vertex 32.4901 65.9759 17
      vertex 32.2548 63.5875 17
      vertex 32.5072 63.55 17
    endloop
  endfacet
  facet normal 0 0 1
    outer loop
      vertex 32 66 17
      vertex 32.2548 63.5875 17
      vertex 32.4901 65.9759 17
    endloop
  endfacet
  facet normal 0 0 1
    outer loop
      vertex 32 66 17
      vertex 32 63.6 17
      vertex 32.2548 63.5875 17
    endloop
  endfacet
  facet normal -0 0 1
    outer loop
      vertex -32 66 17
      vertex 32 63.6 17
      vertex 32 66 17
    endloop
  endfacet
  facet normal 0 0 1
    outer loop
      vertex -32 66 17
      vertex -32 63.6 17
      vertex 32 63.6 17
    endloop
  endfacet
  facet normal 0 0 1
    outer loop
      vertex -32 66 17
      vertex -32.2548 63.5875 17
      vertex -32 63.6 17
    endloop
  endfacet
  facet normal -0 0 1
    outer loop
      vertex -32.4901 65.9759 17
      vertex -32.2548 63.5875 17
      vertex -32 66 17
    endloop
  endfacet
  facet normal 0 0 1
    outer loop
      vertex -32.4901 65.9759 17
      vertex -32.5072 63.55 17
      vertex -32.2548 63.5875 17
    endloop
  endfacet
  facet normal -0 0 1
    outer loop
      vertex -32.9754 65.9039 17
      vertex -32.5072 63.55 17
      vertex -32.4901 65.9759 17
    endloop
  endfacet
  facet normal 0 0 1
    outer loop
      vertex -32.5072 63.55 17
      vertex -32.9754 65.9039 17
      vertex -32.7547 63.488 17
    endloop
  endfacet
  facet normal -0 0 1
    outer loop
      vertex -33.4514 65.7847 17
      vertex -32.7547 63.488 17
      vertex -32.9754 65.9039 17
    endloop
  endfacet
  facet normal 0 0 1
    outer loop
      vertex -32.7547 63.488 17
      vertex -33.4514 65.7847 17
      vertex -32.995 63.4021 17
    endloop
  endfacet
  facet normal -0 0 1
    outer loop
      vertex -33.9134 65.6194 17
      vertex -32.995 63.4021 17
      vertex -33.4514 65.7847 17
    endloop
  endfacet
  facet normal 0 0 1
    outer loop
      vertex -32.995 63.4021 17
      vertex -33.9134 65.6194 17
      vertex -33.2256 63.293 17
    endloop
  endfacet
  facet normal -0 0 1
    outer loop
      vertex -34.357 65.4096 17
      vertex -33.2256 63.293 17
      vertex -33.9134 65.6194 17
    endloop
  endfacet
  facet normal 0 0 1
    outer loop
      vertex -33.2256 63.293 17
      vertex -34.357 65.4096 17
      vertex -33.4445 63.1618 17
    endloop
  endfacet
  facet normal -0 0 1
    outer loop
      vertex -34.7778 65.1573 17
      vertex -33.4445 63.1618 17
      vertex -34.357 65.4096 17
    endloop
  endfacet
  facet normal 0 0 1
    outer loop
      vertex -33.4445 63.1618 17
      vertex -34.7778 65.1573 17
      vertex -33.6494 63.0098 17
    endloop
  endfacet
  facet normal -0 0 1
    outer loop
      vertex -35.172 64.8651 17
      vertex -33.6494 63.0098 17
      vertex -34.7778 65.1573 17
    endloop
  endfacet
  facet normal 0 0 1
    outer loop
      vertex -33.6494 63.0098 17
      vertex -35.172 64.8651 17
      vertex -33.8385 62.8385 17
    endloop
  endfacet
  facet normal -0 0 1
    outer loop
      vertex -35.5355 64.5355 17
      vertex -33.8385 62.8385 17
      vertex -35.172 64.8651 17
    endloop
  endfacet
  facet normal 0 0 1
    outer loop
      vertex -33.8385 62.8385 17
      vertex -35.5355 64.5355 17
      vertex -34.0098 62.6494 17
    endloop
  endfacet
  facet normal -0 0 1
    outer loop
      vertex -35.8651 64.172 17
      vertex -34.0098 62.6494 17
      vertex -35.5355 64.5355 17
    endloop
  endfacet
  facet normal 0 0 1
    outer loop
      vertex -34.0098 62.6494 17
      vertex -35.8651 64.172 17
      vertex -34.1618 62.4445 17
    endloop
  endfacet
  facet normal -0 0 1
    outer loop
      vertex -36.1573 63.7778 17
      vertex -34.1618 62.4445 17
      vertex -35.8651 64.172 17
    endloop
  endfacet
  facet normal 0 0 1
    outer loop
      vertex -34.293 62.2256 17
      vertex -36.4096 63.357 17
      vertex -34.4021 61.995 17
    endloop
  endfacet
  facet normal -0 0 1
    outer loop
      vertex -36.4096 63.357 17
      vertex -34.293 62.2256 17
      vertex -36.1573 63.7778 17
    endloop
  endfacet
  facet normal 0 0 1
    outer loop
      vertex -34.1618 62.4445 17
      vertex -36.1573 63.7778 17
      vertex -34.293 62.2256 17
    endloop
  endfacet
  facet normal -0 0 1
    outer loop
      vertex 34.293 -62.2256 17
      vertex 36.4096 -63.357 17
      vertex 34.4021 -61.995 17
    endloop
  endfacet
  facet normal 0 0 1
    outer loop
      vertex 36.4096 -63.357 17
      vertex 34.293 -62.2256 17
      vertex 36.1573 -63.7778 17
    endloop
  endfacet
  facet normal -0 0 1
    outer loop
      vertex 34.1618 -62.4445 17
      vertex 36.1573 -63.7778 17
      vertex 34.293 -62.2256 17
    endloop
  endfacet
  facet normal 0 0 1
    outer loop
      vertex 36.1573 -63.7778 17
      vertex 34.1618 -62.4445 17
      vertex 35.8651 -64.172 17
    endloop
  endfacet
  facet normal -0 0 1
    outer loop
      vertex 34.0098 -62.6494 17
      vertex 35.8651 -64.172 17
      vertex 34.1618 -62.4445 17
    endloop
  endfacet
  facet normal 0 0 1
    outer loop
      vertex 35.8651 -64.172 17
      vertex 34.0098 -62.6494 17
      vertex 35.5355 -64.5355 17
    endloop
  endfacet
  facet normal -0 0 1
    outer loop
      vertex 33.8385 -62.8385 17
      vertex 35.5355 -64.5355 17
      vertex 34.0098 -62.6494 17
    endloop
  endfacet
  facet normal 0 0 1
    outer loop
      vertex 35.5355 -64.5355 17
      vertex 33.8385 -62.8385 17
      vertex 35.172 -64.8651 17
    endloop
  endfacet
  facet normal -0 0 1
    outer loop
      vertex 33.6494 -63.0098 17
      vertex 35.172 -64.8651 17
      vertex 33.8385 -62.8385 17
    endloop
  endfacet
  facet normal 0 0 1
    outer loop
      vertex 35.172 -64.8651 17
      vertex 33.6494 -63.0098 17
      vertex 34.7778 -65.1573 17
    endloop
  endfacet
  facet normal -0 0 1
    outer loop
      vertex 33.4445 -63.1618 17
      vertex 34.7778 -65.1573 17
      vertex 33.6494 -63.0098 17
    endloop
  endfacet
  facet normal 0 0 1
    outer loop
      vertex 34.7778 -65.1573 17
      vertex 33.4445 -63.1618 17
      vertex 34.357 -65.4096 17
    endloop
  endfacet
  facet normal -0 0 1
    outer loop
      vertex 33.2256 -63.293 17
      vertex 34.357 -65.4096 17
      vertex 33.4445 -63.1618 17
    endloop
  endfacet
  facet normal 0 0 1
    outer loop
      vertex 34.357 -65.4096 17
      vertex 33.2256 -63.293 17
      vertex 33.9134 -65.6194 17
    endloop
  endfacet
  facet normal -0 0 1
    outer loop
      vertex 32.995 -63.4021 17
      vertex 33.9134 -65.6194 17
      vertex 33.2256 -63.293 17
    endloop
  endfacet
  facet normal 0 0 1
    outer loop
      vertex 33.9134 -65.6194 17
      vertex 32.995 -63.4021 17
      vertex 33.4514 -65.7847 17
    endloop
  endfacet
  facet normal -0 0 1
    outer loop
      vertex 32.7547 -63.488 17
      vertex 33.4514 -65.7847 17
      vertex 32.995 -63.4021 17
    endloop
  endfacet
  facet normal 0 0 1
    outer loop
      vertex 33.4514 -65.7847 17
      vertex 32.7547 -63.488 17
      vertex 32.9754 -65.9039 17
    endloop
  endfacet
  facet normal -0 0 1
    outer loop
      vertex 32.5072 -63.55 17
      vertex 32.9754 -65.9039 17
      vertex 32.7547 -63.488 17
    endloop
  endfacet
  facet normal 0 0 1
    outer loop
      vertex 32.5072 -63.55 17
      vertex 32.4901 -65.9759 17
      vertex 32.9754 -65.9039 17
    endloop
  endfacet
  facet normal -0 0 1
    outer loop
      vertex 32.2548 -63.5875 17
      vertex 32.4901 -65.9759 17
      vertex 32.5072 -63.55 17
    endloop
  endfacet
  facet normal -0 0 1
    outer loop
      vertex 32 -63.6 17
      vertex 32.4901 -65.9759 17
      vertex 32.2548 -63.5875 17
    endloop
  endfacet
  facet normal 0 0 1
    outer loop
      vertex 32 -63.6 17
      vertex 32 -66 17
      vertex 32.4901 -65.9759 17
    endloop
  endfacet
  facet normal -0 0 1
    outer loop
      vertex -32 -63.6 17
      vertex 32 -66 17
      vertex 32 -63.6 17
    endloop
  endfacet
  facet normal 0 0 1
    outer loop
      vertex -32 -63.6 17
      vertex -32 -66 17
      vertex 32 -66 17
    endloop
  endfacet
  facet normal 0 0 1
    outer loop
      vertex -32.2548 -63.5875 17
      vertex -32 -66 17
      vertex -32 -63.6 17
    endloop
  endfacet
  facet normal 0 0 1
    outer loop
      vertex -32.2548 -63.5875 17
      vertex -32.4901 -65.9759 17
      vertex -32 -66 17
    endloop
  endfacet
  facet normal 0 0 1
    outer loop
      vertex -32.5072 -63.55 17
      vertex -32.4901 -65.9759 17
      vertex -32.2548 -63.5875 17
    endloop
  endfacet
  facet normal 0 0 1
    outer loop
      vertex -32.9754 -65.9039 17
      vertex -32.5072 -63.55 17
      vertex -32.7547 -63.488 17
    endloop
  endfacet
  facet normal 0 0 1
    outer loop
      vertex -32.5072 -63.55 17
      vertex -32.9754 -65.9039 17
      vertex -32.4901 -65.9759 17
    endloop
  endfacet
  facet normal 0 0 1
    outer loop
      vertex -33.4514 -65.7847 17
      vertex -32.7547 -63.488 17
      vertex -32.995 -63.4021 17
    endloop
  endfacet
  facet normal 0 0 1
    outer loop
      vertex -33.9134 -65.6194 17
      vertex -32.995 -63.4021 17
      vertex -33.2256 -63.293 17
    endloop
  endfacet
  facet normal 0 0 1
    outer loop
      vertex -34.357 -65.4096 17
      vertex -33.2256 -63.293 17
      vertex -33.4445 -63.1618 17
    endloop
  endfacet
  facet normal 0 0 1
    outer loop
      vertex -32.7547 -63.488 17
      vertex -33.4514 -65.7847 17
      vertex -32.9754 -65.9039 17
    endloop
  endfacet
  facet normal 0 0 1
    outer loop
      vertex -34.7778 -65.1573 17
      vertex -33.4445 -63.1618 17
      vertex -33.6494 -63.0098 17
    endloop
  endfacet
  facet normal 0 0 1
    outer loop
      vertex -35.172 -64.8651 17
      vertex -33.6494 -63.0098 17
      vertex -33.8385 -62.8385 17
    endloop
  endfacet
  facet normal 0 0 1
    outer loop
      vertex -32.995 -63.4021 17
      vertex -33.9134 -65.6194 17
      vertex -33.4514 -65.7847 17
    endloop
  endfacet
  facet normal 0 0 1
    outer loop
      vertex -35.5355 -64.5355 17
      vertex -33.8385 -62.8385 17
      vertex -34.0098 -62.6494 17
    endloop
  endfacet
  facet normal 0 0 1
    outer loop
      vertex -35.8651 -64.172 17
      vertex -34.0098 -62.6494 17
      vertex -34.1618 -62.4445 17
    endloop
  endfacet
  facet normal 0 0 1
    outer loop
      vertex -36.1573 -63.7778 17
      vertex -34.1618 -62.4445 17
      vertex -34.293 -62.2256 17
    endloop
  endfacet
  facet normal 0 0 1
    outer loop
      vertex -33.2256 -63.293 17
      vertex -34.357 -65.4096 17
      vertex -33.9134 -65.6194 17
    endloop
  endfacet
  facet normal 0 0 1
    outer loop
      vertex -36.4096 -63.357 17
      vertex -34.293 -62.2256 17
      vertex -34.4021 -61.995 17
    endloop
  endfacet
  facet normal 0 0 1
    outer loop
      vertex -36.6194 -62.9134 17
      vertex -34.4021 -61.995 17
      vertex -34.488 -61.7547 17
    endloop
  endfacet
  facet normal 0 0 1
    outer loop
      vertex -36.7847 -62.4514 17
      vertex -34.488 -61.7547 17
      vertex -34.55 -61.5072 17
    endloop
  endfacet
  facet normal 0 0 1
    outer loop
      vertex -36.9039 -61.9754 17
      vertex -34.55 -61.5072 17
      vertex -34.5875 -61.2548 17
    endloop
  endfacet
  facet normal 0 0 1
    outer loop
      vertex -33.4445 -63.1618 17
      vertex -34.7778 -65.1573 17
      vertex -34.357 -65.4096 17
    endloop
  endfacet
  facet normal 0 0 1
    outer loop
      vertex -36.9759 -61.4901 17
      vertex -34.5875 -61.2548 17
      vertex -34.6 -61 17
    endloop
  endfacet
  facet normal 0 0 1
    outer loop
      vertex -34.6 61 17
      vertex -37 61 17
      vertex -34.6 -61 17
    endloop
  endfacet
  facet normal -0 0 1
    outer loop
      vertex -36.6194 62.9134 17
      vertex -34.4021 61.995 17
      vertex -36.4096 63.357 17
    endloop
  endfacet
  facet normal 0 0 1
    outer loop
      vertex -37 -61 17
      vertex -34.6 -61 17
      vertex -37 61 17
    endloop
  endfacet
  facet normal 0 0 1
    outer loop
      vertex -34.4021 61.995 17
      vertex -36.6194 62.9134 17
      vertex -34.488 61.7547 17
    endloop
  endfacet
  facet normal 0 -0 1
    outer loop
      vertex -36.9759 -61.4901 17
      vertex -34.6 -61 17
      vertex -37 -61 17
    endloop
  endfacet
  facet normal -0 0 1
    outer loop
      vertex -36.7847 62.4514 17
      vertex -34.488 61.7547 17
      vertex -36.6194 62.9134 17
    endloop
  endfacet
  facet normal 0 0 1
    outer loop
      vertex -33.6494 -63.0098 17
      vertex -35.172 -64.8651 17
      vertex -34.7778 -65.1573 17
    endloop
  endfacet
  facet normal 0 0 1
    outer loop
      vertex -34.488 61.7547 17
      vertex -36.7847 62.4514 17
      vertex -34.55 61.5072 17
    endloop
  endfacet
  facet normal 0 0 1
    outer loop
      vertex -33.8385 -62.8385 17
      vertex -35.5355 -64.5355 17
      vertex -35.172 -64.8651 17
    endloop
  endfacet
  facet normal -0 0 1
    outer loop
      vertex -36.9039 61.9754 17
      vertex -34.55 61.5072 17
      vertex -36.7847 62.4514 17
    endloop
  endfacet
  facet normal 0 0 1
    outer loop
      vertex -34.0098 -62.6494 17
      vertex -35.8651 -64.172 17
      vertex -35.5355 -64.5355 17
    endloop
  endfacet
  facet normal 0 0 1
    outer loop
      vertex -34.55 61.5072 17
      vertex -36.9039 61.9754 17
      vertex -34.5875 61.2548 17
    endloop
  endfacet
  facet normal 0 0 1
    outer loop
      vertex -34.1618 -62.4445 17
      vertex -36.1573 -63.7778 17
      vertex -35.8651 -64.172 17
    endloop
  endfacet
  facet normal -0 0 1
    outer loop
      vertex -36.9759 61.4901 17
      vertex -34.5875 61.2548 17
      vertex -36.9039 61.9754 17
    endloop
  endfacet
  facet normal 0 0 1
    outer loop
      vertex -34.293 -62.2256 17
      vertex -36.4096 -63.357 17
      vertex -36.1573 -63.7778 17
    endloop
  endfacet
  facet normal 0 0 1
    outer loop
      vertex -34.5875 61.2548 17
      vertex -36.9759 61.4901 17
      vertex -34.6 61 17
    endloop
  endfacet
  facet normal 0 0 1
    outer loop
      vertex -34.4021 -61.995 17
      vertex -36.6194 -62.9134 17
      vertex -36.4096 -63.357 17
    endloop
  endfacet
  facet normal 0 0 1
    outer loop
      vertex -34.6 61 17
      vertex -36.9759 61.4901 17
      vertex -37 61 17
    endloop
  endfacet
  facet normal 0 0 1
    outer loop
      vertex -34.488 -61.7547 17
      vertex -36.7847 -62.4514 17
      vertex -36.6194 -62.9134 17
    endloop
  endfacet
  facet normal 0 0 1
    outer loop
      vertex -34.55 -61.5072 17
      vertex -36.9039 -61.9754 17
      vertex -36.7847 -62.4514 17
    endloop
  endfacet
  facet normal 0 0 1
    outer loop
      vertex -34.5875 -61.2548 17
      vertex -36.9759 -61.4901 17
      vertex -36.9039 -61.9754 17
    endloop
  endfacet
  facet normal -0.336879 0.941548 0
    outer loop
      vertex -33.4514 65.7847 0
      vertex -33.9134 65.6194 17
      vertex -33.4514 65.7847 17
    endloop
  endfacet
  facet normal -0.336879 0.941548 0
    outer loop
      vertex -33.9134 65.6194 17
      vertex -33.4514 65.7847 0
      vertex -33.9134 65.6194 0
    endloop
  endfacet
  facet normal -0.146755 0.989173 0
    outer loop
      vertex -32.4901 65.9759 0
      vertex -32.9754 65.9039 17
      vertex -32.4901 65.9759 17
    endloop
  endfacet
  facet normal -0.146755 0.989173 0
    outer loop
      vertex -32.9754 65.9039 17
      vertex -32.4901 65.9759 0
      vertex -32.9754 65.9039 0
    endloop
  endfacet
  facet normal -0.242919 -0.970047 0
    outer loop
      vertex -33.4514 -65.7847 0
      vertex -32.9754 -65.9039 17
      vertex -33.4514 -65.7847 17
    endloop
  endfacet
  facet normal -0.242919 -0.970047 -0
    outer loop
      vertex -32.9754 -65.9039 17
      vertex -33.4514 -65.7847 0
      vertex -32.9754 -65.9039 0
    endloop
  endfacet
  facet normal 0 0 -1
    outer loop
      vertex 32 -66 0
      vertex 37 -61 0
      vertex 36.9759 -61.4901 0
    endloop
  endfacet
  facet normal 0 0 -1
    outer loop
      vertex 37 -61 0
      vertex -37 -61 0
      vertex 37 61 0
    endloop
  endfacet
  facet normal 0 0 -1
    outer loop
      vertex 32 -66 0
      vertex 36.9759 -61.4901 0
      vertex 36.9039 -61.9754 0
    endloop
  endfacet
  facet normal 0 0 -1
    outer loop
      vertex -37 61 0
      vertex 37 61 0
      vertex -37 -61 0
    endloop
  endfacet
  facet normal 0 0 -1
    outer loop
      vertex 32 -66 0
      vertex 36.9039 -61.9754 0
      vertex 36.7847 -62.4514 0
    endloop
  endfacet
  facet normal 0 -0 -1
    outer loop
      vertex 32 66 0
      vertex 37 61 0
      vertex -37 61 0
    endloop
  endfacet
  facet normal 0 0 -1
    outer loop
      vertex 32 -66 0
      vertex 36.7847 -62.4514 0
      vertex 36.6194 -62.9134 0
    endloop
  endfacet
  facet normal 0 0 -1
    outer loop
      vertex 37 61 0
      vertex 32 66 0
      vertex 36.9759 61.4901 0
    endloop
  endfacet
  facet normal 0 0 -1
    outer loop
      vertex 32 -66 0
      vertex 36.6194 -62.9134 0
      vertex 36.4096 -63.357 0
    endloop
  endfacet
  facet normal 0 0 -1
    outer loop
      vertex 36.9759 61.4901 0
      vertex 32 66 0
      vertex 36.9039 61.9754 0
    endloop
  endfacet
  facet normal 0 0 -1
    outer loop
      vertex 32 -66 0
      vertex 36.4096 -63.357 0
      vertex 36.1573 -63.7778 0
    endloop
  endfacet
  facet normal 0 0 -1
    outer loop
      vertex 36.9039 61.9754 0
      vertex 32 66 0
      vertex 36.7847 62.4514 0
    endloop
  endfacet
  facet normal 0 0 -1
    outer loop
      vertex 32 -66 0
      vertex 36.1573 -63.7778 0
      vertex 35.8651 -64.172 0
    endloop
  endfacet
  facet normal -0 0 -1
    outer loop
      vertex 37 -61 0
      vertex 32 -66 0
      vertex -37 -61 0
    endloop
  endfacet
  facet normal 0 0 -1
    outer loop
      vertex 32 -66 0
      vertex 35.8651 -64.172 0
      vertex 35.5355 -64.5355 0
    endloop
  endfacet
  facet normal 0 0 -1
    outer loop
      vertex 36.7847 62.4514 0
      vertex 32 66 0
      vertex 36.6194 62.9134 0
    endloop
  endfacet
  facet normal 0 0 -1
    outer loop
      vertex 32 -66 0
      vertex 35.5355 -64.5355 0
      vertex 35.172 -64.8651 0
    endloop
  endfacet
  facet normal 0 0 -1
    outer loop
      vertex 36.1573 63.7778 0
      vertex 32 66 0
      vertex 35.8651 64.172 0
    endloop
  endfacet
  facet normal 0 0 -1
    outer loop
      vertex 32 -66 0
      vertex 35.172 -64.8651 0
      vertex 34.7778 -65.1573 0
    endloop
  endfacet
  facet normal 0 0 -1
    outer loop
      vertex 35.8651 64.172 0
      vertex 32 66 0
      vertex 35.5355 64.5355 0
    endloop
  endfacet
  facet normal 0 0 -1
    outer loop
      vertex 32 -66 0
      vertex 34.7778 -65.1573 0
      vertex 34.357 -65.4096 0
    endloop
  endfacet
  facet normal 0 0 -1
    outer loop
      vertex 35.5355 64.5355 0
      vertex 32 66 0
      vertex 35.172 64.8651 0
    endloop
  endfacet
  facet normal 0 0 -1
    outer loop
      vertex 32 -66 0
      vertex 34.357 -65.4096 0
      vertex 33.9134 -65.6194 0
    endloop
  endfacet
  facet normal 0 0 -1
    outer loop
      vertex 35.172 64.8651 0
      vertex 32 66 0
      vertex 34.7778 65.1573 0
    endloop
  endfacet
  facet normal 0 0 -1
    outer loop
      vertex 32 -66 0
      vertex 33.9134 -65.6194 0
      vertex 33.4514 -65.7847 0
    endloop
  endfacet
  facet normal 0 0 -1
    outer loop
      vertex 34.7778 65.1573 0
      vertex 32 66 0
      vertex 34.357 65.4096 0
    endloop
  endfacet
  facet normal 0 0 -1
    outer loop
      vertex 32 -66 0
      vertex 33.4514 -65.7847 0
      vertex 32.9754 -65.9039 0
    endloop
  endfacet
  facet normal 0 0 -1
    outer loop
      vertex 34.357 65.4096 0
      vertex 32 66 0
      vertex 33.9134 65.6194 0
    endloop
  endfacet
  facet normal 0 0 -1
    outer loop
      vertex 32 -66 0
      vertex 32.9754 -65.9039 0
      vertex 32.4901 -65.9759 0
    endloop
  endfacet
  facet normal 0 0 -1
    outer loop
      vertex 33.9134 65.6194 0
      vertex 32 66 0
      vertex 33.4514 65.7847 0
    endloop
  endfacet
  facet normal 0 0 -1
    outer loop
      vertex 33.4514 65.7847 0
      vertex 32 66 0
      vertex 32.9754 65.9039 0
    endloop
  endfacet
  facet normal 0 0 -1
    outer loop
      vertex 32.9754 65.9039 0
      vertex 32 66 0
      vertex 32.4901 65.9759 0
    endloop
  endfacet
  facet normal 0 0 -1
    outer loop
      vertex -37 -61 0
      vertex 32 -66 0
      vertex -32 -66 0
    endloop
  endfacet
  facet normal 0 0 -1
    outer loop
      vertex 36.6194 62.9134 0
      vertex 32 66 0
      vertex 36.4096 63.357 0
    endloop
  endfacet
  facet normal 0 0 -1
    outer loop
      vertex -37 -61 0
      vertex -32 -66 0
      vertex -32.4901 -65.9759 0
    endloop
  endfacet
  facet normal 0 0 -1
    outer loop
      vertex 36.4096 63.357 0
      vertex 32 66 0
      vertex 36.1573 63.7778 0
    endloop
  endfacet
  facet normal 0 0 -1
    outer loop
      vertex -37 -61 0
      vertex -32.4901 -65.9759 0
      vertex -32.9754 -65.9039 0
    endloop
  endfacet
  facet normal -0 0 -1
    outer loop
      vertex 32 66 0
      vertex -37 61 0
      vertex -32 66 0
    endloop
  endfacet
  facet normal 0 0 -1
    outer loop
      vertex -37 -61 0
      vertex -32.9754 -65.9039 0
      vertex -33.4514 -65.7847 0
    endloop
  endfacet
  facet normal 0 0 -1
    outer loop
      vertex -32 66 0
      vertex -37 61 0
      vertex -32.4901 65.9759 0
    endloop
  endfacet
  facet normal 0 0 -1
    outer loop
      vertex -37 -61 0
      vertex -33.4514 -65.7847 0
      vertex -33.9134 -65.6194 0
    endloop
  endfacet
  facet normal 0 0 -1
    outer loop
      vertex -32.4901 65.9759 0
      vertex -37 61 0
      vertex -32.9754 65.9039 0
    endloop
  endfacet
  facet normal 0 0 -1
    outer loop
      vertex -37 -61 0
      vertex -33.9134 -65.6194 0
      vertex -34.357 -65.4096 0
    endloop
  endfacet
  facet normal 0 0 -1
    outer loop
      vertex -32.9754 65.9039 0
      vertex -37 61 0
      vertex -33.4514 65.7847 0
    endloop
  endfacet
  facet normal 0 0 -1
    outer loop
      vertex -37 -61 0
      vertex -34.357 -65.4096 0
      vertex -34.7778 -65.1573 0
    endloop
  endfacet
  facet normal 0 0 -1
    outer loop
      vertex -33.4514 65.7847 0
      vertex -37 61 0
      vertex -33.9134 65.6194 0
    endloop
  endfacet
  facet normal 0 0 -1
    outer loop
      vertex -37 -61 0
      vertex -34.7778 -65.1573 0
      vertex -35.172 -64.8651 0
    endloop
  endfacet
  facet normal 0 0 -1
    outer loop
      vertex -33.9134 65.6194 0
      vertex -37 61 0
      vertex -34.357 65.4096 0
    endloop
  endfacet
  facet normal 0 0 -1
    outer loop
      vertex -37 -61 0
      vertex -35.172 -64.8651 0
      vertex -35.5355 -64.5355 0
    endloop
  endfacet
  facet normal 0 0 -1
    outer loop
      vertex -34.357 65.4096 0
      vertex -37 61 0
      vertex -34.7778 65.1573 0
    endloop
  endfacet
  facet normal 0 0 -1
    outer loop
      vertex -37 -61 0
      vertex -35.5355 -64.5355 0
      vertex -35.8651 -64.172 0
    endloop
  endfacet
  facet normal 0 0 -1
    outer loop
      vertex -34.7778 65.1573 0
      vertex -37 61 0
      vertex -35.172 64.8651 0
    endloop
  endfacet
  facet normal 0 0 -1
    outer loop
      vertex -37 -61 0
      vertex -35.8651 -64.172 0
      vertex -36.1573 -63.7778 0
    endloop
  endfacet
  facet normal 0 0 -1
    outer loop
      vertex -35.172 64.8651 0
      vertex -37 61 0
      vertex -35.5355 64.5355 0
    endloop
  endfacet
  facet normal 0 0 -1
    outer loop
      vertex -37 -61 0
      vertex -36.1573 -63.7778 0
      vertex -36.4096 -63.357 0
    endloop
  endfacet
  facet normal 0 0 -1
    outer loop
      vertex -35.5355 64.5355 0
      vertex -37 61 0
      vertex -35.8651 64.172 0
    endloop
  endfacet
  facet normal 0 0 -1
    outer loop
      vertex -37 -61 0
      vertex -36.4096 -63.357 0
      vertex -36.6194 -62.9134 0
    endloop
  endfacet
  facet normal 0 0 -1
    outer loop
      vertex -35.8651 64.172 0
      vertex -37 61 0
      vertex -36.1573 63.7778 0
    endloop
  endfacet
  facet normal 0 0 -1
    outer loop
      vertex -37 -61 0
      vertex -36.6194 -62.9134 0
      vertex -36.7847 -62.4514 0
    endloop
  endfacet
  facet normal 0 0 -1
    outer loop
      vertex -36.1573 63.7778 0
      vertex -37 61 0
      vertex -36.4096 63.357 0
    endloop
  endfacet
  facet normal 0 0 -1
    outer loop
      vertex -37 -61 0
      vertex -36.7847 -62.4514 0
      vertex -36.9039 -61.9754 0
    endloop
  endfacet
  facet normal 0 0 -1
    outer loop
      vertex -36.4096 63.357 0
      vertex -37 61 0
      vertex -36.6194 62.9134 0
    endloop
  endfacet
  facet normal 0 0 -1
    outer loop
      vertex -37 -61 0
      vertex -36.9039 -61.9754 0
      vertex -36.9759 -61.4901 0
    endloop
  endfacet
  facet normal 0 0 -1
    outer loop
      vertex -36.6194 62.9134 0
      vertex -37 61 0
      vertex -36.7847 62.4514 0
    endloop
  endfacet
  facet normal 0 0 -1
    outer loop
      vertex -36.7847 62.4514 0
      vertex -37 61 0
      vertex -36.9039 61.9754 0
    endloop
  endfacet
  facet normal 0 0 -1
    outer loop
      vertex -36.9039 61.9754 0
      vertex -37 61 0
      vertex -36.9759 61.4901 0
    endloop
  endfacet
  facet normal -0.970047 -0.242919 0
    outer loop
      vertex -36.7847 -62.4514 0
      vertex -36.9039 -61.9754 17
      vertex -36.9039 -61.9754 0
    endloop
  endfacet
  facet normal -0.970047 -0.242919 0
    outer loop
      vertex -36.9039 -61.9754 17
      vertex -36.7847 -62.4514 0
      vertex -36.7847 -62.4514 17
    endloop
  endfacet
  facet normal -0.903995 -0.427543 0
    outer loop
      vertex -36.4096 -63.357 0
      vertex -36.6194 -62.9134 17
      vertex -36.6194 -62.9134 0
    endloop
  endfacet
  facet normal -0.903995 -0.427543 0
    outer loop
      vertex -36.6194 -62.9134 17
      vertex -36.4096 -63.357 0
      vertex -36.4096 -63.357 17
    endloop
  endfacet
  facet normal -0.941548 -0.336879 0
    outer loop
      vertex -36.6194 -62.9134 0
      vertex -36.7847 -62.4514 17
      vertex -36.7847 -62.4514 0
    endloop
  endfacet
  facet normal -0.941548 -0.336879 0
    outer loop
      vertex -36.7847 -62.4514 17
      vertex -36.6194 -62.9134 0
      vertex -36.6194 -62.9134 17
    endloop
  endfacet
  facet normal -0.59579 -0.80314 0
    outer loop
      vertex 33.4445 63.1618 4
      vertex 33.6494 63.0098 17
      vertex 33.4445 63.1618 17
    endloop
  endfacet
  facet normal -0.59579 -0.80314 -0
    outer loop
      vertex 33.6494 63.0098 17
      vertex 33.4445 63.1618 4
      vertex 33.6494 63.0098 4
    endloop
  endfacet
  facet normal 0.989142 0.146961 0
    outer loop
      vertex -34.55 -61.5072 17
      vertex -34.5875 -61.2548 4
      vertex -34.5875 -61.2548 17
    endloop
  endfacet
  facet normal 0.989142 0.146961 0
    outer loop
      vertex -34.5875 -61.2548 4
      vertex -34.55 -61.5072 17
      vertex -34.55 -61.5072 4
    endloop
  endfacet
  facet normal 0.989142 -0.146961 0
    outer loop
      vertex -34.5875 61.2548 17
      vertex -34.55 61.5072 4
      vertex -34.55 61.5072 17
    endloop
  endfacet
  facet normal 0.989142 -0.146961 0
    outer loop
      vertex -34.55 61.5072 4
      vertex -34.5875 61.2548 17
      vertex -34.5875 61.2548 4
    endloop
  endfacet
  facet normal 0.998799 0.0489992 0
    outer loop
      vertex -34.5875 -61.2548 17
      vertex -34.6 -61 4
      vertex -34.6 -61 17
    endloop
  endfacet
  facet normal 0.998799 0.0489992 0
    outer loop
      vertex -34.6 -61 4
      vertex -34.5875 -61.2548 17
      vertex -34.5875 -61.2548 4
    endloop
  endfacet
  facet normal -0.970027 0.242997 0
    outer loop
      vertex 34.488 -61.7547 4
      vertex 34.55 -61.5072 17
      vertex 34.55 -61.5072 4
    endloop
  endfacet
  facet normal -0.970027 0.242997 0
    outer loop
      vertex 34.55 -61.5072 17
      vertex 34.488 -61.7547 4
      vertex 34.488 -61.7547 17
    endloop
  endfacet
  facet normal -0.427665 -0.903937 0
    outer loop
      vertex 32.995 63.4021 4
      vertex 33.2256 63.293 17
      vertex 32.995 63.4021 17
    endloop
  endfacet
  facet normal -0.427665 -0.903937 -0
    outer loop
      vertex 33.2256 63.293 17
      vertex 32.995 63.4021 4
      vertex 33.2256 63.293 4
    endloop
  endfacet
  facet normal -1 0 0
    outer loop
      vertex 34.6 48.5 9
      vertex 34.6 61 4
      vertex 34.6 48.5 8
    endloop
  endfacet
  facet normal -1 0 0
    outer loop
      vertex 34.6 61 4
      vertex 34.6 48.4952 7.90199
      vertex 34.6 48.5 8
    endloop
  endfacet
  facet normal -1 0 0
    outer loop
      vertex 34.6 61 4
      vertex 34.6 48.4808 7.80492
      vertex 34.6 48.4952 7.90199
    endloop
  endfacet
  facet normal -1 0 0
    outer loop
      vertex 34.6 61 4
      vertex 34.6 48.4569 7.70972
      vertex 34.6 48.4808 7.80492
    endloop
  endfacet
  facet normal -1 0 0
    outer loop
      vertex 34.6 61 4
      vertex 34.6 48.4239 7.61732
      vertex 34.6 48.4569 7.70972
    endloop
  endfacet
  facet normal -1 0 0
    outer loop
      vertex 34.6 61 4
      vertex 34.6 48.3819 7.52861
      vertex 34.6 48.4239 7.61732
    endloop
  endfacet
  facet normal -1 0 0
    outer loop
      vertex 34.6 61 4
      vertex 34.6 48.3315 7.44444
      vertex 34.6 48.3819 7.52861
    endloop
  endfacet
  facet normal -1 0 0
    outer loop
      vertex 34.6 61 4
      vertex 34.6 48.273 7.36562
      vertex 34.6 48.3315 7.44444
    endloop
  endfacet
  facet normal -1 0 0
    outer loop
      vertex 34.6 61 4
      vertex 34.6 48.2071 7.29291
      vertex 34.6 48.273 7.36562
    endloop
  endfacet
  facet normal -1 0 0
    outer loop
      vertex 34.6 61 4
      vertex 34.6 48.1344 7.22699
      vertex 34.6 48.2071 7.29291
    endloop
  endfacet
  facet normal -1 0 0
    outer loop
      vertex 34.6 61 4
      vertex 34.6 48.0556 7.16853
      vertex 34.6 48.1344 7.22699
    endloop
  endfacet
  facet normal -1 0 0
    outer loop
      vertex 34.6 61 4
      vertex 34.6 47.9714 7.11809
      vertex 34.6 48.0556 7.16853
    endloop
  endfacet
  facet normal -1 0 0
    outer loop
      vertex 34.6 61 4
      vertex 34.6 47.8827 7.07613
      vertex 34.6 47.9714 7.11809
    endloop
  endfacet
  facet normal -1 0 0
    outer loop
      vertex 34.6 61 4
      vertex 34.6 47.7903 7.04306
      vertex 34.6 47.8827 7.07613
    endloop
  endfacet
  facet normal -1 0 0
    outer loop
      vertex 34.6 61 4
      vertex 34.6 47.6951 7.01923
      vertex 34.6 47.7903 7.04306
    endloop
  endfacet
  facet normal -1 0 0
    outer loop
      vertex 34.6 61 4
      vertex 34.6 47.598 7.00482
      vertex 34.6 47.6951 7.01923
    endloop
  endfacet
  facet normal -1 0 0
    outer loop
      vertex 34.6 61 4
      vertex 34.6 47.5 7
      vertex 34.6 47.598 7.00482
    endloop
  endfacet
  facet normal -1 0 0
    outer loop
      vertex 34.6 61 4
      vertex 34.6 36.5 7
      vertex 34.6 47.5 7
    endloop
  endfacet
  facet normal -1 0 0
    outer loop
      vertex 34.6 61 4
      vertex 34.6 36.402 7.00482
      vertex 34.6 36.5 7
    endloop
  endfacet
  facet normal -1 -0 0
    outer loop
      vertex 34.6 35.5 8
      vertex 34.6 -61 4
      vertex 34.6 35.5 9
    endloop
  endfacet
  facet normal -1 -0 0
    outer loop
      vertex 34.6 35.5048 7.90199
      vertex 34.6 -61 4
      vertex 34.6 35.5 8
    endloop
  endfacet
  facet normal -1 -0 0
    outer loop
      vertex 34.6 35.5192 7.80492
      vertex 34.6 -61 4
      vertex 34.6 35.5048 7.90199
    endloop
  endfacet
  facet normal -1 -0 0
    outer loop
      vertex 34.6 35.5431 7.70972
      vertex 34.6 -61 4
      vertex 34.6 35.5192 7.80492
    endloop
  endfacet
  facet normal -1 -0 0
    outer loop
      vertex 34.6 35.5761 7.61732
      vertex 34.6 -61 4
      vertex 34.6 35.5431 7.70972
    endloop
  endfacet
  facet normal -1 -0 0
    outer loop
      vertex 34.6 35.6181 7.52861
      vertex 34.6 -61 4
      vertex 34.6 35.5761 7.61732
    endloop
  endfacet
  facet normal -1 -0 0
    outer loop
      vertex 34.6 35.6685 7.44444
      vertex 34.6 -61 4
      vertex 34.6 35.6181 7.52861
    endloop
  endfacet
  facet normal -1 -0 0
    outer loop
      vertex 34.6 35.727 7.36562
      vertex 34.6 -61 4
      vertex 34.6 35.6685 7.44444
    endloop
  endfacet
  facet normal -1 -0 0
    outer loop
      vertex 34.6 35.7929 7.29291
      vertex 34.6 -61 4
      vertex 34.6 35.727 7.36562
    endloop
  endfacet
  facet normal -1 -0 0
    outer loop
      vertex 34.6 35.8656 7.22699
      vertex 34.6 -61 4
      vertex 34.6 35.7929 7.29291
    endloop
  endfacet
  facet normal -1 -0 0
    outer loop
      vertex 34.6 35.9444 7.16853
      vertex 34.6 -61 4
      vertex 34.6 35.8656 7.22699
    endloop
  endfacet
  facet normal -1 -0 0
    outer loop
      vertex 34.6 36.0286 7.11809
      vertex 34.6 -61 4
      vertex 34.6 35.9444 7.16853
    endloop
  endfacet
  facet normal -1 -0 0
    outer loop
      vertex 34.6 36.1173 7.07613
      vertex 34.6 -61 4
      vertex 34.6 36.0286 7.11809
    endloop
  endfacet
  facet normal -1 -0 0
    outer loop
      vertex 34.6 36.2097 7.04306
      vertex 34.6 -61 4
      vertex 34.6 36.1173 7.07613
    endloop
  endfacet
  facet normal -1 -0 0
    outer loop
      vertex 34.6 36.3049 7.01923
      vertex 34.6 -61 4
      vertex 34.6 36.2097 7.04306
    endloop
  endfacet
  facet normal -1 -0 0
    outer loop
      vertex 34.6 36.402 7.00482
      vertex 34.6 -61 4
      vertex 34.6 36.3049 7.01923
    endloop
  endfacet
  facet normal -1 0 0
    outer loop
      vertex 34.6 -61 4
      vertex 34.6 36.402 7.00482
      vertex 34.6 61 4
    endloop
  endfacet
  facet normal -1 0 0
    outer loop
      vertex 34.6 48.4952 9.09801
      vertex 34.6 61 4
      vertex 34.6 48.5 9
    endloop
  endfacet
  facet normal -1 0 0
    outer loop
      vertex 34.6 48.4808 9.19508
      vertex 34.6 61 4
      vertex 34.6 48.4952 9.09801
    endloop
  endfacet
  facet normal -1 0 0
    outer loop
      vertex 34.6 61 4
      vertex 34.6 48.4808 9.19508
      vertex 34.6 61 17
    endloop
  endfacet
  facet normal -1 0 0
    outer loop
      vertex 34.6 48.4569 9.29028
      vertex 34.6 61 17
      vertex 34.6 48.4808 9.19508
    endloop
  endfacet
  facet normal -1 0 0
    outer loop
      vertex 34.6 48.4239 9.38268
      vertex 34.6 61 17
      vertex 34.6 48.4569 9.29028
    endloop
  endfacet
  facet normal -1 0 0
    outer loop
      vertex 34.6 48.3819 9.47139
      vertex 34.6 61 17
      vertex 34.6 48.4239 9.38268
    endloop
  endfacet
  facet normal -1 0 0
    outer loop
      vertex 34.6 48.3315 9.55556
      vertex 34.6 61 17
      vertex 34.6 48.3819 9.47139
    endloop
  endfacet
  facet normal -1 0 0
    outer loop
      vertex 34.6 48.273 9.63438
      vertex 34.6 61 17
      vertex 34.6 48.3315 9.55556
    endloop
  endfacet
  facet normal -1 0 0
    outer loop
      vertex 34.6 48.2071 9.70709
      vertex 34.6 61 17
      vertex 34.6 48.273 9.63438
    endloop
  endfacet
  facet normal -1 0 0
    outer loop
      vertex 34.6 48.1344 9.77301
      vertex 34.6 61 17
      vertex 34.6 48.2071 9.70709
    endloop
  endfacet
  facet normal -1 0 0
    outer loop
      vertex 34.6 48.0556 9.83147
      vertex 34.6 61 17
      vertex 34.6 48.1344 9.77301
    endloop
  endfacet
  facet normal -1 0 0
    outer loop
      vertex 34.6 47.9714 9.88191
      vertex 34.6 61 17
      vertex 34.6 48.0556 9.83147
    endloop
  endfacet
  facet normal -1 0 0
    outer loop
      vertex 34.6 47.8827 9.92387
      vertex 34.6 61 17
      vertex 34.6 47.9714 9.88191
    endloop
  endfacet
  facet normal -1 0 0
    outer loop
      vertex 34.6 47.7903 9.95694
      vertex 34.6 61 17
      vertex 34.6 47.8827 9.92387
    endloop
  endfacet
  facet normal -1 0 0
    outer loop
      vertex 34.6 47.6951 9.98077
      vertex 34.6 61 17
      vertex 34.6 47.7903 9.95694
    endloop
  endfacet
  facet normal -1 0 0
    outer loop
      vertex 34.6 47.598 9.99518
      vertex 34.6 61 17
      vertex 34.6 47.6951 9.98077
    endloop
  endfacet
  facet normal -1 0 0
    outer loop
      vertex 34.6 47.5 10
      vertex 34.6 61 17
      vertex 34.6 47.598 9.99518
    endloop
  endfacet
  facet normal -1 0 0
    outer loop
      vertex 34.6 36.5 10
      vertex 34.6 61 17
      vertex 34.6 47.5 10
    endloop
  endfacet
  facet normal -1 0 0
    outer loop
      vertex 34.6 36.402 9.99518
      vertex 34.6 61 17
      vertex 34.6 36.5 10
    endloop
  endfacet
  facet normal -1 0 0
    outer loop
      vertex 34.6 36.3049 9.98077
      vertex 34.6 61 17
      vertex 34.6 36.402 9.99518
    endloop
  endfacet
  facet normal -1 0 0
    outer loop
      vertex 34.6 -61 17
      vertex 34.6 36.3049 9.98077
      vertex 34.6 36.2097 9.95694
    endloop
  endfacet
  facet normal -1 0 0
    outer loop
      vertex 34.6 -61 17
      vertex 34.6 35.5 9
      vertex 34.6 -61 4
    endloop
  endfacet
  facet normal -1 0 0
    outer loop
      vertex 34.6 35.5 9
      vertex 34.6 -61 17
      vertex 34.6 35.5048 9.09801
    endloop
  endfacet
  facet normal -1 0 0
    outer loop
      vertex 34.6 35.5048 9.09801
      vertex 34.6 -61 17
      vertex 34.6 35.5192 9.19508
    endloop
  endfacet
  facet normal -1 0 0
    outer loop
      vertex 34.6 35.5192 9.19508
      vertex 34.6 -61 17
      vertex 34.6 35.5431 9.29028
    endloop
  endfacet
  facet normal -1 0 0
    outer loop
      vertex 34.6 35.5431 9.29028
      vertex 34.6 -61 17
      vertex 34.6 35.5761 9.38268
    endloop
  endfacet
  facet normal -1 0 0
    outer loop
      vertex 34.6 35.5761 9.38268
      vertex 34.6 -61 17
      vertex 34.6 35.6181 9.47139
    endloop
  endfacet
  facet normal -1 0 0
    outer loop
      vertex 34.6 35.6181 9.47139
      vertex 34.6 -61 17
      vertex 34.6 35.6685 9.55556
    endloop
  endfacet
  facet normal -1 0 0
    outer loop
      vertex 34.6 35.6685 9.55556
      vertex 34.6 -61 17
      vertex 34.6 35.727 9.63438
    endloop
  endfacet
  facet normal -1 0 0
    outer loop
      vertex 34.6 35.727 9.63438
      vertex 34.6 -61 17
      vertex 34.6 35.7929 9.70709
    endloop
  endfacet
  facet normal -1 0 0
    outer loop
      vertex 34.6 35.7929 9.70709
      vertex 34.6 -61 17
      vertex 34.6 35.8656 9.77301
    endloop
  endfacet
  facet normal -1 0 0
    outer loop
      vertex 34.6 35.8656 9.77301
      vertex 34.6 -61 17
      vertex 34.6 35.9444 9.83147
    endloop
  endfacet
  facet normal -1 0 0
    outer loop
      vertex 34.6 35.9444 9.83147
      vertex 34.6 -61 17
      vertex 34.6 36.0286 9.88191
    endloop
  endfacet
  facet normal -1 0 0
    outer loop
      vertex 34.6 36.0286 9.88191
      vertex 34.6 -61 17
      vertex 34.6 36.1173 9.92387
    endloop
  endfacet
  facet normal -1 0 0
    outer loop
      vertex 34.6 36.1173 9.92387
      vertex 34.6 -61 17
      vertex 34.6 36.2097 9.95694
    endloop
  endfacet
  facet normal -1 0 0
    outer loop
      vertex 34.6 36.3049 9.98077
      vertex 34.6 -61 17
      vertex 34.6 61 17
    endloop
  endfacet
  facet normal 0 -1 0
    outer loop
      vertex 0.682816 63.6 11.9327
      vertex 32 63.6 17
      vertex 0.34306 63.6 11.9831
    endloop
  endfacet
  facet normal 0 -1 0
    outer loop
      vertex 32 63.6 17
      vertex 19.6569 63.6 11.9831
      vertex 20 63.6 12
    endloop
  endfacet
  facet normal 0 -1 0
    outer loop
      vertex 19.3172 63.6 11.9327
      vertex 32 63.6 17
      vertex 0.682816 63.6 11.9327
    endloop
  endfacet
  facet normal 0 -1 0
    outer loop
      vertex 32 63.6 17
      vertex 19.3172 63.6 11.9327
      vertex 19.6569 63.6 11.9831
    endloop
  endfacet
  facet normal 0 -1 0
    outer loop
      vertex 1.016 63.6 11.8493
      vertex 19.3172 63.6 11.9327
      vertex 0.682816 63.6 11.9327
    endloop
  endfacet
  facet normal 0 -1 0
    outer loop
      vertex 1.016 63.6 11.8493
      vertex 18.984 63.6 11.8493
      vertex 19.3172 63.6 11.9327
    endloop
  endfacet
  facet normal 0 -1 0
    outer loop
      vertex 1.33939 63.6 11.7336
      vertex 18.984 63.6 11.8493
      vertex 1.016 63.6 11.8493
    endloop
  endfacet
  facet normal 0 -1 0
    outer loop
      vertex 1.33939 63.6 11.7336
      vertex 18.6606 63.6 11.7336
      vertex 18.984 63.6 11.8493
    endloop
  endfacet
  facet normal 0 -1 0
    outer loop
      vertex 1.64989 63.6 11.5867
      vertex 18.6606 63.6 11.7336
      vertex 1.33939 63.6 11.7336
    endloop
  endfacet
  facet normal 0 -1 0
    outer loop
      vertex 1.64989 63.6 11.5867
      vertex 18.3501 63.6 11.5867
      vertex 18.6606 63.6 11.7336
    endloop
  endfacet
  facet normal 0 -1 0
    outer loop
      vertex 1.9445 63.6 11.4101
      vertex 18.3501 63.6 11.5867
      vertex 1.64989 63.6 11.5867
    endloop
  endfacet
  facet normal 0 -1 0
    outer loop
      vertex 1.9445 63.6 11.4101
      vertex 18.0555 63.6 11.4101
      vertex 18.3501 63.6 11.5867
    endloop
  endfacet
  facet normal 0 -1 0
    outer loop
      vertex 2.22038 63.6 11.2055
      vertex 18.0555 63.6 11.4101
      vertex 1.9445 63.6 11.4101
    endloop
  endfacet
  facet normal 0 -1 0
    outer loop
      vertex 2.22038 63.6 11.2055
      vertex 17.7796 63.6 11.2055
      vertex 18.0555 63.6 11.4101
    endloop
  endfacet
  facet normal 0 -1 0
    outer loop
      vertex 2.47487 63.6 10.9749
      vertex 17.7796 63.6 11.2055
      vertex 2.22038 63.6 11.2055
    endloop
  endfacet
  facet normal 0 -1 0
    outer loop
      vertex 2.47487 63.6 10.9749
      vertex 17.5251 63.6 10.9749
      vertex 17.7796 63.6 11.2055
    endloop
  endfacet
  facet normal 0 -1 0
    outer loop
      vertex 2.70554 63.6 10.7204
      vertex 17.5251 63.6 10.9749
      vertex 2.47487 63.6 10.9749
    endloop
  endfacet
  facet normal 0 -1 0
    outer loop
      vertex 2.70554 63.6 10.7204
      vertex 17.2945 63.6 10.7204
      vertex 17.5251 63.6 10.9749
    endloop
  endfacet
  facet normal 0 -1 0
    outer loop
      vertex 2.91014 63.6 10.4445
      vertex 17.2945 63.6 10.7204
      vertex 2.70554 63.6 10.7204
    endloop
  endfacet
  facet normal 0 -1 0
    outer loop
      vertex 2.91014 63.6 10.4445
      vertex 17.0899 63.6 10.4445
      vertex 17.2945 63.6 10.7204
    endloop
  endfacet
  facet normal 0 -1 0
    outer loop
      vertex 3.08672 63.6 10.1499
      vertex 17.0899 63.6 10.4445
      vertex 2.91014 63.6 10.4445
    endloop
  endfacet
  facet normal 0 -1 0
    outer loop
      vertex 3.08672 63.6 10.1499
      vertex 16.9133 63.6 10.1499
      vertex 17.0899 63.6 10.4445
    endloop
  endfacet
  facet normal 0 -1 0
    outer loop
      vertex 3.23358 63.6 9.83939
      vertex 16.9133 63.6 10.1499
      vertex 3.08672 63.6 10.1499
    endloop
  endfacet
  facet normal 0 -1 0
    outer loop
      vertex 3.23358 63.6 9.83939
      vertex 16.7664 63.6 9.83939
      vertex 16.9133 63.6 10.1499
    endloop
  endfacet
  facet normal 0 -1 0
    outer loop
      vertex 3.34929 63.6 9.516
      vertex 16.7664 63.6 9.83939
      vertex 3.23358 63.6 9.83939
    endloop
  endfacet
  facet normal 0 -1 0
    outer loop
      vertex 3.34929 63.6 9.516
      vertex 16.6507 63.6 9.516
      vertex 16.7664 63.6 9.83939
    endloop
  endfacet
  facet normal 0 -1 0
    outer loop
      vertex 3.43275 63.6 9.18282
      vertex 16.6507 63.6 9.516
      vertex 3.34929 63.6 9.516
    endloop
  endfacet
  facet normal 0 -1 0
    outer loop
      vertex 3.43275 63.6 9.18282
      vertex 16.5673 63.6 9.18282
      vertex 16.6507 63.6 9.516
    endloop
  endfacet
  facet normal 0 -1 0
    outer loop
      vertex 3.48315 63.6 8.84306
      vertex 16.5673 63.6 9.18282
      vertex 3.43275 63.6 9.18282
    endloop
  endfacet
  facet normal 0 -1 0
    outer loop
      vertex 3.48315 63.6 8.84306
      vertex 16.5169 63.6 8.84306
      vertex 16.5673 63.6 9.18282
    endloop
  endfacet
  facet normal 0 -1 0
    outer loop
      vertex 3.5 63.6 8.5
      vertex 16.5169 63.6 8.84306
      vertex 3.48315 63.6 8.84306
    endloop
  endfacet
  facet normal 0 -1 0
    outer loop
      vertex 3.5 63.6 8.5
      vertex 16.5 63.6 8.5
      vertex 16.5169 63.6 8.84306
    endloop
  endfacet
  facet normal 0 -1 0
    outer loop
      vertex 3.48315 63.6 8.15694
      vertex 16.5 63.6 8.5
      vertex 3.5 63.6 8.5
    endloop
  endfacet
  facet normal 0 -1 0
    outer loop
      vertex 3.48315 63.6 8.15694
      vertex 16.5169 63.6 8.15694
      vertex 16.5 63.6 8.5
    endloop
  endfacet
  facet normal 0 -1 0
    outer loop
      vertex 3.43275 63.6 7.81718
      vertex 16.5169 63.6 8.15694
      vertex 3.48315 63.6 8.15694
    endloop
  endfacet
  facet normal 0 -1 0
    outer loop
      vertex 3.43275 63.6 7.81718
      vertex 16.5673 63.6 7.81718
      vertex 16.5169 63.6 8.15694
    endloop
  endfacet
  facet normal 0 -1 0
    outer loop
      vertex 3.34929 63.6 7.484
      vertex 16.5673 63.6 7.81718
      vertex 3.43275 63.6 7.81718
    endloop
  endfacet
  facet normal 0 -1 0
    outer loop
      vertex 3.34929 63.6 7.484
      vertex 16.6507 63.6 7.484
      vertex 16.5673 63.6 7.81718
    endloop
  endfacet
  facet normal 0 -1 0
    outer loop
      vertex 3.23358 63.6 7.16061
      vertex 16.6507 63.6 7.484
      vertex 3.34929 63.6 7.484
    endloop
  endfacet
  facet normal 0 -1 0
    outer loop
      vertex 3.23358 63.6 7.16061
      vertex 16.7664 63.6 7.16061
      vertex 16.6507 63.6 7.484
    endloop
  endfacet
  facet normal 0 -1 0
    outer loop
      vertex 3.08672 63.6 6.85011
      vertex 16.7664 63.6 7.16061
      vertex 3.23358 63.6 7.16061
    endloop
  endfacet
  facet normal 0 -1 0
    outer loop
      vertex 3.08672 63.6 6.85011
      vertex 16.9133 63.6 6.85011
      vertex 16.7664 63.6 7.16061
    endloop
  endfacet
  facet normal 0 -1 0
    outer loop
      vertex 2.91014 63.6 6.5555
      vertex 16.9133 63.6 6.85011
      vertex 3.08672 63.6 6.85011
    endloop
  endfacet
  facet normal 0 -1 0
    outer loop
      vertex 2.91014 63.6 6.5555
      vertex 17.0899 63.6 6.5555
      vertex 16.9133 63.6 6.85011
    endloop
  endfacet
  facet normal 0 -1 0
    outer loop
      vertex 2.70554 63.6 6.27962
      vertex 17.0899 63.6 6.5555
      vertex 2.91014 63.6 6.5555
    endloop
  endfacet
  facet normal 0 -1 0
    outer loop
      vertex 2.70554 63.6 6.27962
      vertex 17.2945 63.6 6.27962
      vertex 17.0899 63.6 6.5555
    endloop
  endfacet
  facet normal 0 -1 0
    outer loop
      vertex 2.47487 63.6 6.02513
      vertex 17.2945 63.6 6.27962
      vertex 2.70554 63.6 6.27962
    endloop
  endfacet
  facet normal 0 -1 0
    outer loop
      vertex 2.47487 63.6 6.02513
      vertex 17.5251 63.6 6.02513
      vertex 17.2945 63.6 6.27962
    endloop
  endfacet
  facet normal 0 -1 0
    outer loop
      vertex 2.22038 63.6 5.79446
      vertex 17.5251 63.6 6.02513
      vertex 2.47487 63.6 6.02513
    endloop
  endfacet
  facet normal 0 -1 0
    outer loop
      vertex 2.22038 63.6 5.79446
      vertex 17.7796 63.6 5.79446
      vertex 17.5251 63.6 6.02513
    endloop
  endfacet
  facet normal 0 -1 0
    outer loop
      vertex 1.9445 63.6 5.58986
      vertex 17.7796 63.6 5.79446
      vertex 2.22038 63.6 5.79446
    endloop
  endfacet
  facet normal 0 -1 0
    outer loop
      vertex 1.9445 63.6 5.58986
      vertex 18.0555 63.6 5.58986
      vertex 17.7796 63.6 5.79446
    endloop
  endfacet
  facet normal 0 -1 0
    outer loop
      vertex 1.64989 63.6 5.41327
      vertex 18.0555 63.6 5.58986
      vertex 1.9445 63.6 5.58986
    endloop
  endfacet
  facet normal 0 -1 0
    outer loop
      vertex 1.64989 63.6 5.41327
      vertex 18.3501 63.6 5.41327
      vertex 18.0555 63.6 5.58986
    endloop
  endfacet
  facet normal 0 -1 0
    outer loop
      vertex 1.33939 63.6 5.26642
      vertex 18.3501 63.6 5.41327
      vertex 1.64989 63.6 5.41327
    endloop
  endfacet
  facet normal 0 -1 0
    outer loop
      vertex 1.33939 63.6 5.26642
      vertex 18.6606 63.6 5.26642
      vertex 18.3501 63.6 5.41327
    endloop
  endfacet
  facet normal 0 -1 0
    outer loop
      vertex 1.016 63.6 5.15071
      vertex 18.6606 63.6 5.26642
      vertex 1.33939 63.6 5.26642
    endloop
  endfacet
  facet normal 0 -1 0
    outer loop
      vertex 1.016 63.6 5.15071
      vertex 18.984 63.6 5.15071
      vertex 18.6606 63.6 5.26642
    endloop
  endfacet
  facet normal 0 -1 0
    outer loop
      vertex 0.682816 63.6 5.06725
      vertex 18.984 63.6 5.15071
      vertex 1.016 63.6 5.15071
    endloop
  endfacet
  facet normal 0 -1 0
    outer loop
      vertex 0.682816 63.6 5.06725
      vertex 19.3172 63.6 5.06725
      vertex 18.984 63.6 5.15071
    endloop
  endfacet
  facet normal 0 -1 0
    outer loop
      vertex 0.34306 63.6 5.01685
      vertex 19.3172 63.6 5.06725
      vertex 0.682816 63.6 5.06725
    endloop
  endfacet
  facet normal 0 -1 0
    outer loop
      vertex 0.34306 63.6 5.01685
      vertex 19.6569 63.6 5.01685
      vertex 19.3172 63.6 5.06725
    endloop
  endfacet
  facet normal 0 -1 0
    outer loop
      vertex 0 63.6 5
      vertex 19.6569 63.6 5.01685
      vertex 0.34306 63.6 5.01685
    endloop
  endfacet
  facet normal 0 -1 -0
    outer loop
      vertex 19.6569 63.6 5.01685
      vertex 0 63.6 5
      vertex 20 63.6 5
    endloop
  endfacet
  facet normal 0 -1 0
    outer loop
      vertex -19.3172 63.6 11.9327
      vertex -32 63.6 17
      vertex -19.6569 63.6 11.9831
    endloop
  endfacet
  facet normal 0 -1 0
    outer loop
      vertex -32 63.6 17
      vertex -0.34306 63.6 11.9831
      vertex 0 63.6 12
    endloop
  endfacet
  facet normal 0 -1 0
    outer loop
      vertex -0.682816 63.6 11.9327
      vertex -32 63.6 17
      vertex -19.3172 63.6 11.9327
    endloop
  endfacet
  facet normal 0 -1 0
    outer loop
      vertex -32 63.6 17
      vertex -0.682816 63.6 11.9327
      vertex -0.34306 63.6 11.9831
    endloop
  endfacet
  facet normal 0 -1 0
    outer loop
      vertex -18.984 63.6 11.8493
      vertex -0.682816 63.6 11.9327
      vertex -19.3172 63.6 11.9327
    endloop
  endfacet
  facet normal 0 -1 0
    outer loop
      vertex -18.984 63.6 11.8493
      vertex -1.016 63.6 11.8493
      vertex -0.682816 63.6 11.9327
    endloop
  endfacet
  facet normal 0 -1 0
    outer loop
      vertex -18.6606 63.6 11.7336
      vertex -1.016 63.6 11.8493
      vertex -18.984 63.6 11.8493
    endloop
  endfacet
  facet normal 0 -1 0
    outer loop
      vertex -18.6606 63.6 11.7336
      vertex -1.33939 63.6 11.7336
      vertex -1.016 63.6 11.8493
    endloop
  endfacet
  facet normal 0 -1 0
    outer loop
      vertex -18.3501 63.6 11.5867
      vertex -1.33939 63.6 11.7336
      vertex -18.6606 63.6 11.7336
    endloop
  endfacet
  facet normal 0 -1 0
    outer loop
      vertex -18.3501 63.6 11.5867
      vertex -1.64989 63.6 11.5867
      vertex -1.33939 63.6 11.7336
    endloop
  endfacet
  facet normal 0 -1 0
    outer loop
      vertex -18.0555 63.6 11.4101
      vertex -1.64989 63.6 11.5867
      vertex -18.3501 63.6 11.5867
    endloop
  endfacet
  facet normal 0 -1 0
    outer loop
      vertex -18.0555 63.6 11.4101
      vertex -1.9445 63.6 11.4101
      vertex -1.64989 63.6 11.5867
    endloop
  endfacet
  facet normal 0 -1 0
    outer loop
      vertex -17.7796 63.6 11.2055
      vertex -1.9445 63.6 11.4101
      vertex -18.0555 63.6 11.4101
    endloop
  endfacet
  facet normal 0 -1 0
    outer loop
      vertex -17.7796 63.6 11.2055
      vertex -2.22038 63.6 11.2055
      vertex -1.9445 63.6 11.4101
    endloop
  endfacet
  facet normal 0 -1 0
    outer loop
      vertex -17.5251 63.6 10.9749
      vertex -2.22038 63.6 11.2055
      vertex -17.7796 63.6 11.2055
    endloop
  endfacet
  facet normal 0 -1 0
    outer loop
      vertex -17.5251 63.6 10.9749
      vertex -2.47487 63.6 10.9749
      vertex -2.22038 63.6 11.2055
    endloop
  endfacet
  facet normal 0 -1 0
    outer loop
      vertex -17.2945 63.6 10.7204
      vertex -2.47487 63.6 10.9749
      vertex -17.5251 63.6 10.9749
    endloop
  endfacet
  facet normal 0 -1 0
    outer loop
      vertex -17.2945 63.6 10.7204
      vertex -2.70554 63.6 10.7204
      vertex -2.47487 63.6 10.9749
    endloop
  endfacet
  facet normal 0 -1 0
    outer loop
      vertex -17.0899 63.6 10.4445
      vertex -2.70554 63.6 10.7204
      vertex -17.2945 63.6 10.7204
    endloop
  endfacet
  facet normal 0 -1 0
    outer loop
      vertex -17.0899 63.6 10.4445
      vertex -2.91014 63.6 10.4445
      vertex -2.70554 63.6 10.7204
    endloop
  endfacet
  facet normal 0 -1 0
    outer loop
      vertex -16.9133 63.6 10.1499
      vertex -2.91014 63.6 10.4445
      vertex -17.0899 63.6 10.4445
    endloop
  endfacet
  facet normal 0 -1 0
    outer loop
      vertex -16.9133 63.6 10.1499
      vertex -3.08672 63.6 10.1499
      vertex -2.91014 63.6 10.4445
    endloop
  endfacet
  facet normal 0 -1 0
    outer loop
      vertex -16.7664 63.6 9.83939
      vertex -3.08672 63.6 10.1499
      vertex -16.9133 63.6 10.1499
    endloop
  endfacet
  facet normal 0 -1 0
    outer loop
      vertex -16.7664 63.6 9.83939
      vertex -3.23358 63.6 9.83939
      vertex -3.08672 63.6 10.1499
    endloop
  endfacet
  facet normal 0 -1 0
    outer loop
      vertex -16.6507 63.6 9.516
      vertex -3.23358 63.6 9.83939
      vertex -16.7664 63.6 9.83939
    endloop
  endfacet
  facet normal 0 -1 0
    outer loop
      vertex -16.6507 63.6 9.516
      vertex -3.34929 63.6 9.516
      vertex -3.23358 63.6 9.83939
    endloop
  endfacet
  facet normal 0 -1 0
    outer loop
      vertex -16.5673 63.6 9.18282
      vertex -3.34929 63.6 9.516
      vertex -16.6507 63.6 9.516
    endloop
  endfacet
  facet normal 0 -1 0
    outer loop
      vertex -16.5673 63.6 9.18282
      vertex -3.43275 63.6 9.18282
      vertex -3.34929 63.6 9.516
    endloop
  endfacet
  facet normal 0 -1 0
    outer loop
      vertex -16.5169 63.6 8.84306
      vertex -3.43275 63.6 9.18282
      vertex -16.5673 63.6 9.18282
    endloop
  endfacet
  facet normal 0 -1 0
    outer loop
      vertex -16.5169 63.6 8.84306
      vertex -3.48315 63.6 8.84306
      vertex -3.43275 63.6 9.18282
    endloop
  endfacet
  facet normal 0 -1 0
    outer loop
      vertex -16.5 63.6 8.5
      vertex -3.48315 63.6 8.84306
      vertex -16.5169 63.6 8.84306
    endloop
  endfacet
  facet normal 0 -1 0
    outer loop
      vertex -16.5 63.6 8.5
      vertex -3.5 63.6 8.5
      vertex -3.48315 63.6 8.84306
    endloop
  endfacet
  facet normal 0 -1 0
    outer loop
      vertex -16.5169 63.6 8.15694
      vertex -3.5 63.6 8.5
      vertex -16.5 63.6 8.5
    endloop
  endfacet
  facet normal 0 -1 0
    outer loop
      vertex -16.5169 63.6 8.15694
      vertex -3.48315 63.6 8.15694
      vertex -3.5 63.6 8.5
    endloop
  endfacet
  facet normal 0 -1 0
    outer loop
      vertex -16.5673 63.6 7.81718
      vertex -3.48315 63.6 8.15694
      vertex -16.5169 63.6 8.15694
    endloop
  endfacet
  facet normal 0 -1 0
    outer loop
      vertex -16.5673 63.6 7.81718
      vertex -3.43275 63.6 7.81718
      vertex -3.48315 63.6 8.15694
    endloop
  endfacet
  facet normal 0 -1 0
    outer loop
      vertex -16.6507 63.6 7.484
      vertex -3.43275 63.6 7.81718
      vertex -16.5673 63.6 7.81718
    endloop
  endfacet
  facet normal 0 -1 0
    outer loop
      vertex -16.6507 63.6 7.484
      vertex -3.34929 63.6 7.484
      vertex -3.43275 63.6 7.81718
    endloop
  endfacet
  facet normal 0 -1 0
    outer loop
      vertex -16.7664 63.6 7.16061
      vertex -3.34929 63.6 7.484
      vertex -16.6507 63.6 7.484
    endloop
  endfacet
  facet normal 0 -1 0
    outer loop
      vertex -16.7664 63.6 7.16061
      vertex -3.23358 63.6 7.16061
      vertex -3.34929 63.6 7.484
    endloop
  endfacet
  facet normal 0 -1 0
    outer loop
      vertex -16.9133 63.6 6.85011
      vertex -3.23358 63.6 7.16061
      vertex -16.7664 63.6 7.16061
    endloop
  endfacet
  facet normal 0 -1 0
    outer loop
      vertex -16.9133 63.6 6.85011
      vertex -3.08672 63.6 6.85011
      vertex -3.23358 63.6 7.16061
    endloop
  endfacet
  facet normal 0 -1 0
    outer loop
      vertex -17.0899 63.6 6.5555
      vertex -3.08672 63.6 6.85011
      vertex -16.9133 63.6 6.85011
    endloop
  endfacet
  facet normal 0 -1 0
    outer loop
      vertex -17.0899 63.6 6.5555
      vertex -2.91014 63.6 6.5555
      vertex -3.08672 63.6 6.85011
    endloop
  endfacet
  facet normal 0 -1 0
    outer loop
      vertex -17.2945 63.6 6.27962
      vertex -2.91014 63.6 6.5555
      vertex -17.0899 63.6 6.5555
    endloop
  endfacet
  facet normal 0 -1 0
    outer loop
      vertex -17.2945 63.6 6.27962
      vertex -2.70554 63.6 6.27962
      vertex -2.91014 63.6 6.5555
    endloop
  endfacet
  facet normal 0 -1 0
    outer loop
      vertex -17.5251 63.6 6.02513
      vertex -2.70554 63.6 6.27962
      vertex -17.2945 63.6 6.27962
    endloop
  endfacet
  facet normal 0 -1 0
    outer loop
      vertex -17.5251 63.6 6.02513
      vertex -2.47487 63.6 6.02513
      vertex -2.70554 63.6 6.27962
    endloop
  endfacet
  facet normal 0 -1 0
    outer loop
      vertex -17.7796 63.6 5.79446
      vertex -2.47487 63.6 6.02513
      vertex -17.5251 63.6 6.02513
    endloop
  endfacet
  facet normal 0 -1 0
    outer loop
      vertex -17.7796 63.6 5.79446
      vertex -2.22038 63.6 5.79446
      vertex -2.47487 63.6 6.02513
    endloop
  endfacet
  facet normal 0 -1 0
    outer loop
      vertex -18.0555 63.6 5.58986
      vertex -2.22038 63.6 5.79446
      vertex -17.7796 63.6 5.79446
    endloop
  endfacet
  facet normal 0 -1 0
    outer loop
      vertex -18.0555 63.6 5.58986
      vertex -1.9445 63.6 5.58986
      vertex -2.22038 63.6 5.79446
    endloop
  endfacet
  facet normal 0 -1 0
    outer loop
      vertex -18.3501 63.6 5.41327
      vertex -1.9445 63.6 5.58986
      vertex -18.0555 63.6 5.58986
    endloop
  endfacet
  facet normal 0 -1 0
    outer loop
      vertex -18.3501 63.6 5.41327
      vertex -1.64989 63.6 5.41327
      vertex -1.9445 63.6 5.58986
    endloop
  endfacet
  facet normal 0 -1 0
    outer loop
      vertex -18.6606 63.6 5.26642
      vertex -1.64989 63.6 5.41327
      vertex -18.3501 63.6 5.41327
    endloop
  endfacet
  facet normal 0 -1 0
    outer loop
      vertex -18.6606 63.6 5.26642
      vertex -1.33939 63.6 5.26642
      vertex -1.64989 63.6 5.41327
    endloop
  endfacet
  facet normal 0 -1 0
    outer loop
      vertex -18.984 63.6 5.15071
      vertex -1.33939 63.6 5.26642
      vertex -18.6606 63.6 5.26642
    endloop
  endfacet
  facet normal 0 -1 0
    outer loop
      vertex -18.984 63.6 5.15071
      vertex -1.016 63.6 5.15071
      vertex -1.33939 63.6 5.26642
    endloop
  endfacet
  facet normal 0 -1 0
    outer loop
      vertex -19.3172 63.6 5.06725
      vertex -1.016 63.6 5.15071
      vertex -18.984 63.6 5.15071
    endloop
  endfacet
  facet normal 0 -1 0
    outer loop
      vertex -19.3172 63.6 5.06725
      vertex -0.682816 63.6 5.06725
      vertex -1.016 63.6 5.15071
    endloop
  endfacet
  facet normal 0 -1 0
    outer loop
      vertex -19.6569 63.6 5.01685
      vertex -0.682816 63.6 5.06725
      vertex -19.3172 63.6 5.06725
    endloop
  endfacet
  facet normal 0 -1 0
    outer loop
      vertex -19.6569 63.6 5.01685
      vertex -0.34306 63.6 5.01685
      vertex -0.682816 63.6 5.06725
    endloop
  endfacet
  facet normal 0 -1 0
    outer loop
      vertex -20 63.6 5
      vertex -0.34306 63.6 5.01685
      vertex -19.6569 63.6 5.01685
    endloop
  endfacet
  facet normal 0 -1 -0
    outer loop
      vertex -0.34306 63.6 5.01685
      vertex -20 63.6 5
      vertex 0 63.6 5
    endloop
  endfacet
  facet normal 0 -1 0
    outer loop
      vertex -19.6569 63.6 11.9831
      vertex -32 63.6 17
      vertex -20 63.6 12
    endloop
  endfacet
  facet normal 0 -1 0
    outer loop
      vertex -32 63.6 17
      vertex -20.3431 63.6 11.9831
      vertex -20 63.6 12
    endloop
  endfacet
  facet normal 0 -1 0
    outer loop
      vertex -32 63.6 17
      vertex -20.6828 63.6 11.9327
      vertex -20.3431 63.6 11.9831
    endloop
  endfacet
  facet normal 0 -1 0
    outer loop
      vertex -32 63.6 17
      vertex -21.016 63.6 11.8493
      vertex -20.6828 63.6 11.9327
    endloop
  endfacet
  facet normal 0 -1 0
    outer loop
      vertex -32 63.6 17
      vertex -21.3394 63.6 11.7336
      vertex -21.016 63.6 11.8493
    endloop
  endfacet
  facet normal 0 -1 0
    outer loop
      vertex -32 63.6 17
      vertex -21.6499 63.6 11.5867
      vertex -21.3394 63.6 11.7336
    endloop
  endfacet
  facet normal 0 -1 0
    outer loop
      vertex -32 63.6 17
      vertex -21.9445 63.6 11.4101
      vertex -21.6499 63.6 11.5867
    endloop
  endfacet
  facet normal 0 -1 0
    outer loop
      vertex -32 63.6 17
      vertex -22.2204 63.6 11.2055
      vertex -21.9445 63.6 11.4101
    endloop
  endfacet
  facet normal 0 -1 0
    outer loop
      vertex -32 63.6 17
      vertex -22.4749 63.6 10.9749
      vertex -22.2204 63.6 11.2055
    endloop
  endfacet
  facet normal 0 -1 0
    outer loop
      vertex -32 63.6 17
      vertex -22.7055 63.6 10.7204
      vertex -22.4749 63.6 10.9749
    endloop
  endfacet
  facet normal 0 -1 0
    outer loop
      vertex -32 63.6 17
      vertex -22.9101 63.6 10.4445
      vertex -22.7055 63.6 10.7204
    endloop
  endfacet
  facet normal 0 -1 0
    outer loop
      vertex -32 63.6 17
      vertex -23.0867 63.6 10.1499
      vertex -22.9101 63.6 10.4445
    endloop
  endfacet
  facet normal 0 -1 0
    outer loop
      vertex -32 63.6 17
      vertex -23.2336 63.6 9.83939
      vertex -23.0867 63.6 10.1499
    endloop
  endfacet
  facet normal 0 -1 0
    outer loop
      vertex -32 63.6 17
      vertex -23.3493 63.6 9.516
      vertex -23.2336 63.6 9.83939
    endloop
  endfacet
  facet normal 0 -1 0
    outer loop
      vertex -32 63.6 17
      vertex -23.4327 63.6 9.18282
      vertex -23.3493 63.6 9.516
    endloop
  endfacet
  facet normal 0 -1 0
    outer loop
      vertex -32 63.6 4
      vertex -23.4327 63.6 9.18282
      vertex -32 63.6 17
    endloop
  endfacet
  facet normal 0 -1 0
    outer loop
      vertex -23.4327 63.6 9.18282
      vertex -32 63.6 4
      vertex -23.4831 63.6 8.84306
    endloop
  endfacet
  facet normal 0 -1 0
    outer loop
      vertex -23.4831 63.6 8.84306
      vertex -32 63.6 4
      vertex -23.5 63.6 8.5
    endloop
  endfacet
  facet normal 0 -1 -0
    outer loop
      vertex -23.5 63.6 8.5
      vertex -32 63.6 4
      vertex -23.4831 63.6 8.15694
    endloop
  endfacet
  facet normal 0 -1 -0
    outer loop
      vertex -23.4831 63.6 8.15694
      vertex -32 63.6 4
      vertex -23.4327 63.6 7.81718
    endloop
  endfacet
  facet normal 0 -1 -0
    outer loop
      vertex -23.4327 63.6 7.81718
      vertex -32 63.6 4
      vertex -23.3493 63.6 7.484
    endloop
  endfacet
  facet normal 0 -1 -0
    outer loop
      vertex -23.3493 63.6 7.484
      vertex -32 63.6 4
      vertex -23.2336 63.6 7.16061
    endloop
  endfacet
  facet normal 0 -1 -0
    outer loop
      vertex -23.2336 63.6 7.16061
      vertex -32 63.6 4
      vertex -23.0867 63.6 6.85011
    endloop
  endfacet
  facet normal 0 -1 -0
    outer loop
      vertex -23.0867 63.6 6.85011
      vertex -32 63.6 4
      vertex -22.9101 63.6 6.5555
    endloop
  endfacet
  facet normal 0 -1 0
    outer loop
      vertex -32 63.6 4
      vertex 0 63.6 5
      vertex -20 63.6 5
    endloop
  endfacet
  facet normal 0 -1 0
    outer loop
      vertex 32 63.6 4
      vertex 0 63.6 5
      vertex -32 63.6 4
    endloop
  endfacet
  facet normal 0 -1 -0
    outer loop
      vertex -20.3431 63.6 5.01685
      vertex -32 63.6 4
      vertex -20 63.6 5
    endloop
  endfacet
  facet normal 0 -1 -0
    outer loop
      vertex -20.6828 63.6 5.06725
      vertex -32 63.6 4
      vertex -20.3431 63.6 5.01685
    endloop
  endfacet
  facet normal 0 -1 -0
    outer loop
      vertex -21.016 63.6 5.15071
      vertex -32 63.6 4
      vertex -20.6828 63.6 5.06725
    endloop
  endfacet
  facet normal 0 -1 -0
    outer loop
      vertex -21.3394 63.6 5.26642
      vertex -32 63.6 4
      vertex -21.016 63.6 5.15071
    endloop
  endfacet
  facet normal 0 -1 -0
    outer loop
      vertex -21.6499 63.6 5.41327
      vertex -32 63.6 4
      vertex -21.3394 63.6 5.26642
    endloop
  endfacet
  facet normal 0 -1 -0
    outer loop
      vertex -21.9445 63.6 5.58986
      vertex -32 63.6 4
      vertex -21.6499 63.6 5.41327
    endloop
  endfacet
  facet normal 0 -1 -0
    outer loop
      vertex -22.2204 63.6 5.79446
      vertex -32 63.6 4
      vertex -21.9445 63.6 5.58986
    endloop
  endfacet
  facet normal 0 -1 -0
    outer loop
      vertex -22.4749 63.6 6.02513
      vertex -32 63.6 4
      vertex -22.2204 63.6 5.79446
    endloop
  endfacet
  facet normal 0 -1 -0
    outer loop
      vertex -22.7055 63.6 6.27962
      vertex -32 63.6 4
      vertex -22.4749 63.6 6.02513
    endloop
  endfacet
  facet normal 0 -1 -0
    outer loop
      vertex -22.9101 63.6 6.5555
      vertex -32 63.6 4
      vertex -22.7055 63.6 6.27962
    endloop
  endfacet
  facet normal 0 -1 0
    outer loop
      vertex -32 63.6 17
      vertex 0 63.6 12
      vertex 32 63.6 17
    endloop
  endfacet
  facet normal 0 -1 0
    outer loop
      vertex 0.34306 63.6 11.9831
      vertex 32 63.6 17
      vertex 0 63.6 12
    endloop
  endfacet
  facet normal 0 -1 0
    outer loop
      vertex 20.3431 63.6 11.9831
      vertex 32 63.6 17
      vertex 20 63.6 12
    endloop
  endfacet
  facet normal 0 -1 0
    outer loop
      vertex 20.6828 63.6 11.9327
      vertex 32 63.6 17
      vertex 20.3431 63.6 11.9831
    endloop
  endfacet
  facet normal 0 -1 0
    outer loop
      vertex 21.016 63.6 11.8493
      vertex 32 63.6 17
      vertex 20.6828 63.6 11.9327
    endloop
  endfacet
  facet normal 0 -1 0
    outer loop
      vertex 21.3394 63.6 11.7336
      vertex 32 63.6 17
      vertex 21.016 63.6 11.8493
    endloop
  endfacet
  facet normal 0 -1 0
    outer loop
      vertex 21.6499 63.6 11.5867
      vertex 32 63.6 17
      vertex 21.3394 63.6 11.7336
    endloop
  endfacet
  facet normal 0 -1 0
    outer loop
      vertex 21.9445 63.6 11.4101
      vertex 32 63.6 17
      vertex 21.6499 63.6 11.5867
    endloop
  endfacet
  facet normal 0 -1 0
    outer loop
      vertex 22.2204 63.6 11.2055
      vertex 32 63.6 17
      vertex 21.9445 63.6 11.4101
    endloop
  endfacet
  facet normal 0 -1 0
    outer loop
      vertex 22.4749 63.6 10.9749
      vertex 32 63.6 17
      vertex 22.2204 63.6 11.2055
    endloop
  endfacet
  facet normal 0 -1 0
    outer loop
      vertex 22.7055 63.6 10.7204
      vertex 32 63.6 17
      vertex 22.4749 63.6 10.9749
    endloop
  endfacet
  facet normal 0 -1 0
    outer loop
      vertex 22.9101 63.6 10.4445
      vertex 32 63.6 17
      vertex 22.7055 63.6 10.7204
    endloop
  endfacet
  facet normal 0 -1 0
    outer loop
      vertex 23.0867 63.6 10.1499
      vertex 32 63.6 17
      vertex 22.9101 63.6 10.4445
    endloop
  endfacet
  facet normal 0 -1 0
    outer loop
      vertex 23.2336 63.6 9.83939
      vertex 32 63.6 17
      vertex 23.0867 63.6 10.1499
    endloop
  endfacet
  facet normal 0 -1 0
    outer loop
      vertex 23.3493 63.6 9.516
      vertex 32 63.6 17
      vertex 23.2336 63.6 9.83939
    endloop
  endfacet
  facet normal 0 -1 0
    outer loop
      vertex 23.4327 63.6 9.18282
      vertex 32 63.6 17
      vertex 23.3493 63.6 9.516
    endloop
  endfacet
  facet normal 0 -1 0
    outer loop
      vertex 32 63.6 4
      vertex 23.4327 63.6 9.18282
      vertex 23.4831 63.6 8.84306
    endloop
  endfacet
  facet normal 0 -1 0
    outer loop
      vertex 32 63.6 4
      vertex 23.4831 63.6 8.84306
      vertex 23.5 63.6 8.5
    endloop
  endfacet
  facet normal 0 -1 0
    outer loop
      vertex 32 63.6 4
      vertex 23.5 63.6 8.5
      vertex 23.4831 63.6 8.15694
    endloop
  endfacet
  facet normal 0 -1 0
    outer loop
      vertex 32 63.6 4
      vertex 23.4831 63.6 8.15694
      vertex 23.4327 63.6 7.81718
    endloop
  endfacet
  facet normal 0 -1 0
    outer loop
      vertex 32 63.6 4
      vertex 23.4327 63.6 7.81718
      vertex 23.3493 63.6 7.484
    endloop
  endfacet
  facet normal 0 -1 0
    outer loop
      vertex 32 63.6 4
      vertex 23.3493 63.6 7.484
      vertex 23.2336 63.6 7.16061
    endloop
  endfacet
  facet normal 0 -1 0
    outer loop
      vertex 32 63.6 4
      vertex 23.2336 63.6 7.16061
      vertex 23.0867 63.6 6.85011
    endloop
  endfacet
  facet normal 0 -1 0
    outer loop
      vertex 32 63.6 4
      vertex 23.0867 63.6 6.85011
      vertex 22.9101 63.6 6.5555
    endloop
  endfacet
  facet normal 0 -1 0
    outer loop
      vertex 32 63.6 4
      vertex 22.9101 63.6 6.5555
      vertex 22.7055 63.6 6.27962
    endloop
  endfacet
  facet normal 0 -1 0
    outer loop
      vertex 23.4327 63.6 9.18282
      vertex 32 63.6 4
      vertex 32 63.6 17
    endloop
  endfacet
  facet normal 0 -1 0
    outer loop
      vertex 22.4749 63.6 6.02513
      vertex 32 63.6 4
      vertex 22.7055 63.6 6.27962
    endloop
  endfacet
  facet normal 0 -1 0
    outer loop
      vertex 22.2204 63.6 5.79446
      vertex 32 63.6 4
      vertex 22.4749 63.6 6.02513
    endloop
  endfacet
  facet normal 0 -1 0
    outer loop
      vertex 21.9445 63.6 5.58986
      vertex 32 63.6 4
      vertex 22.2204 63.6 5.79446
    endloop
  endfacet
  facet normal 0 -1 0
    outer loop
      vertex 21.6499 63.6 5.41327
      vertex 32 63.6 4
      vertex 21.9445 63.6 5.58986
    endloop
  endfacet
  facet normal 0 -1 0
    outer loop
      vertex 21.3394 63.6 5.26642
      vertex 32 63.6 4
      vertex 21.6499 63.6 5.41327
    endloop
  endfacet
  facet normal 0 -1 0
    outer loop
      vertex 21.016 63.6 5.15071
      vertex 32 63.6 4
      vertex 21.3394 63.6 5.26642
    endloop
  endfacet
  facet normal 0 -1 0
    outer loop
      vertex 20.6828 63.6 5.06725
      vertex 32 63.6 4
      vertex 21.016 63.6 5.15071
    endloop
  endfacet
  facet normal 0 -1 0
    outer loop
      vertex 20.3431 63.6 5.01685
      vertex 32 63.6 4
      vertex 20.6828 63.6 5.06725
    endloop
  endfacet
  facet normal 0 -1 0
    outer loop
      vertex 20 63.6 5
      vertex 32 63.6 4
      vertex 20.3431 63.6 5.01685
    endloop
  endfacet
  facet normal 0 -1 0
    outer loop
      vertex 0 63.6 5
      vertex 32 63.6 4
      vertex 20 63.6 5
    endloop
  endfacet
  facet normal 0.941644 -0.336609 0
    outer loop
      vertex -34.488 61.7547 17
      vertex -34.4021 61.995 4
      vertex -34.4021 61.995 17
    endloop
  endfacet
  facet normal 0.941644 -0.336609 0
    outer loop
      vertex -34.4021 61.995 4
      vertex -34.488 61.7547 17
      vertex -34.488 61.7547 4
    endloop
  endfacet
  facet normal 0.903937 -0.427665 0
    outer loop
      vertex -34.4021 61.995 17
      vertex -34.293 62.2256 4
      vertex -34.293 62.2256 17
    endloop
  endfacet
  facet normal 0.903937 -0.427665 0
    outer loop
      vertex -34.293 62.2256 4
      vertex -34.4021 61.995 17
      vertex -34.4021 61.995 4
    endloop
  endfacet
  facet normal -0.941644 0.336609 0
    outer loop
      vertex 34.4021 -61.995 4
      vertex 34.488 -61.7547 17
      vertex 34.488 -61.7547 4
    endloop
  endfacet
  facet normal -0.941644 0.336609 0
    outer loop
      vertex 34.488 -61.7547 17
      vertex 34.4021 -61.995 4
      vertex 34.4021 -61.995 17
    endloop
  endfacet
  facet normal -0.671365 0.741127 0
    outer loop
      vertex 33.8385 -62.8385 4
      vertex 33.6494 -63.0098 17
      vertex 33.8385 -62.8385 17
    endloop
  endfacet
  facet normal -0.671365 0.741127 0
    outer loop
      vertex 33.6494 -63.0098 17
      vertex 33.8385 -62.8385 4
      vertex 33.6494 -63.0098 4
    endloop
  endfacet
  facet normal 1 -0 0
    outer loop
      vertex -34.6 50.4952 10.098
      vertex -34.6 61 4
      vertex -34.6 61 17
    endloop
  endfacet
  facet normal 1 0 0
    outer loop
      vertex -34.6 61 4
      vertex -34.6 50.4952 10.098
      vertex -34.6 50.5 10
    endloop
  endfacet
  facet normal 1 0 0
    outer loop
      vertex -34.6 61 17
      vertex -34.6 50.4808 10.1951
      vertex -34.6 50.4952 10.098
    endloop
  endfacet
  facet normal 1 0 0
    outer loop
      vertex -34.6 61 17
      vertex -34.6 50.4569 10.2903
      vertex -34.6 50.4808 10.1951
    endloop
  endfacet
  facet normal 1 0 0
    outer loop
      vertex -34.6 61 17
      vertex -34.6 50.4239 10.3827
      vertex -34.6 50.4569 10.2903
    endloop
  endfacet
  facet normal 1 0 0
    outer loop
      vertex -34.6 61 17
      vertex -34.6 50.3819 10.4714
      vertex -34.6 50.4239 10.3827
    endloop
  endfacet
  facet normal 1 0 0
    outer loop
      vertex -34.6 61 17
      vertex -34.6 50.3315 10.5556
      vertex -34.6 50.3819 10.4714
    endloop
  endfacet
  facet normal 1 0 0
    outer loop
      vertex -34.6 61 17
      vertex -34.6 50.273 10.6344
      vertex -34.6 50.3315 10.5556
    endloop
  endfacet
  facet normal 1 0 0
    outer loop
      vertex -34.6 61 17
      vertex -34.6 50.2071 10.7071
      vertex -34.6 50.273 10.6344
    endloop
  endfacet
  facet normal 1 0 0
    outer loop
      vertex -34.6 61 17
      vertex -34.6 50.1344 10.773
      vertex -34.6 50.2071 10.7071
    endloop
  endfacet
  facet normal 1 0 0
    outer loop
      vertex -34.6 61 17
      vertex -34.6 50.0556 10.8315
      vertex -34.6 50.1344 10.773
    endloop
  endfacet
  facet normal 1 0 0
    outer loop
      vertex -34.6 61 17
      vertex -34.6 49.9714 10.8819
      vertex -34.6 50.0556 10.8315
    endloop
  endfacet
  facet normal 1 0 0
    outer loop
      vertex -34.6 61 17
      vertex -34.6 49.8827 10.9239
      vertex -34.6 49.9714 10.8819
    endloop
  endfacet
  facet normal 1 0 0
    outer loop
      vertex -34.6 61 17
      vertex -34.6 49.7903 10.9569
      vertex -34.6 49.8827 10.9239
    endloop
  endfacet
  facet normal 1 0 0
    outer loop
      vertex -34.6 61 17
      vertex -34.6 49.6951 10.9808
      vertex -34.6 49.7903 10.9569
    endloop
  endfacet
  facet normal 1 0 0
    outer loop
      vertex -34.6 61 17
      vertex -34.6 49.598 10.9952
      vertex -34.6 49.6951 10.9808
    endloop
  endfacet
  facet normal 1 0 0
    outer loop
      vertex -34.6 61 17
      vertex -34.6 49.5 11
      vertex -34.6 49.598 10.9952
    endloop
  endfacet
  facet normal 1 0 0
    outer loop
      vertex -34.6 61 17
      vertex -34.6 42.5 11
      vertex -34.6 49.5 11
    endloop
  endfacet
  facet normal 1 0 0
    outer loop
      vertex -34.6 61 17
      vertex -34.6 42.402 10.9952
      vertex -34.6 42.5 11
    endloop
  endfacet
  facet normal 1 0 0
    outer loop
      vertex -34.6 61 17
      vertex -34.6 42.3049 10.9808
      vertex -34.6 42.402 10.9952
    endloop
  endfacet
  facet normal 1 0 0
    outer loop
      vertex -34.6 61 17
      vertex -34.6 42.2097 10.9569
      vertex -34.6 42.3049 10.9808
    endloop
  endfacet
  facet normal 1 0 0
    outer loop
      vertex -34.6 -61 4
      vertex -34.6 41.5 10
      vertex -34.6 -61 17
    endloop
  endfacet
  facet normal 1 0 0
    outer loop
      vertex -34.6 41.5048 10.098
      vertex -34.6 -61 17
      vertex -34.6 41.5 10
    endloop
  endfacet
  facet normal 1 0 0
    outer loop
      vertex -34.6 41.5192 10.1951
      vertex -34.6 -61 17
      vertex -34.6 41.5048 10.098
    endloop
  endfacet
  facet normal 1 0 0
    outer loop
      vertex -34.6 41.5431 10.2903
      vertex -34.6 -61 17
      vertex -34.6 41.5192 10.1951
    endloop
  endfacet
  facet normal 1 0 0
    outer loop
      vertex -34.6 41.5761 10.3827
      vertex -34.6 -61 17
      vertex -34.6 41.5431 10.2903
    endloop
  endfacet
  facet normal 1 0 0
    outer loop
      vertex -34.6 41.6181 10.4714
      vertex -34.6 -61 17
      vertex -34.6 41.5761 10.3827
    endloop
  endfacet
  facet normal 1 0 0
    outer loop
      vertex -34.6 41.6685 10.5556
      vertex -34.6 -61 17
      vertex -34.6 41.6181 10.4714
    endloop
  endfacet
  facet normal 1 0 0
    outer loop
      vertex -34.6 41.727 10.6344
      vertex -34.6 -61 17
      vertex -34.6 41.6685 10.5556
    endloop
  endfacet
  facet normal 1 0 0
    outer loop
      vertex -34.6 41.7929 10.7071
      vertex -34.6 -61 17
      vertex -34.6 41.727 10.6344
    endloop
  endfacet
  facet normal 1 0 0
    outer loop
      vertex -34.6 41.8656 10.773
      vertex -34.6 -61 17
      vertex -34.6 41.7929 10.7071
    endloop
  endfacet
  facet normal 1 0 0
    outer loop
      vertex -34.6 41.9444 10.8315
      vertex -34.6 -61 17
      vertex -34.6 41.8656 10.773
    endloop
  endfacet
  facet normal 1 0 0
    outer loop
      vertex -34.6 42.0286 10.8819
      vertex -34.6 -61 17
      vertex -34.6 41.9444 10.8315
    endloop
  endfacet
  facet normal 1 0 0
    outer loop
      vertex -34.6 42.1173 10.9239
      vertex -34.6 -61 17
      vertex -34.6 42.0286 10.8819
    endloop
  endfacet
  facet normal 1 0 0
    outer loop
      vertex -34.6 42.2097 10.9569
      vertex -34.6 -61 17
      vertex -34.6 42.1173 10.9239
    endloop
  endfacet
  facet normal 1 -0 0
    outer loop
      vertex -34.6 -61 17
      vertex -34.6 42.2097 10.9569
      vertex -34.6 61 17
    endloop
  endfacet
  facet normal 1 -0 0
    outer loop
      vertex -34.6 50.5 7
      vertex -34.6 61 4
      vertex -34.6 50.5 10
    endloop
  endfacet
  facet normal 1 -0 0
    outer loop
      vertex -34.6 50.4952 6.90199
      vertex -34.6 61 4
      vertex -34.6 50.5 7
    endloop
  endfacet
  facet normal 1 -0 0
    outer loop
      vertex -34.6 50.4808 6.80492
      vertex -34.6 61 4
      vertex -34.6 50.4952 6.90199
    endloop
  endfacet
  facet normal 1 -0 0
    outer loop
      vertex -34.6 50.4569 6.70972
      vertex -34.6 61 4
      vertex -34.6 50.4808 6.80492
    endloop
  endfacet
  facet normal 1 -0 0
    outer loop
      vertex -34.6 50.4239 6.61732
      vertex -34.6 61 4
      vertex -34.6 50.4569 6.70972
    endloop
  endfacet
  facet normal 1 -0 0
    outer loop
      vertex -34.6 50.3819 6.52861
      vertex -34.6 61 4
      vertex -34.6 50.4239 6.61732
    endloop
  endfacet
  facet normal 1 -0 0
    outer loop
      vertex -34.6 50.3315 6.44444
      vertex -34.6 61 4
      vertex -34.6 50.3819 6.52861
    endloop
  endfacet
  facet normal 1 -0 0
    outer loop
      vertex -34.6 50.273 6.36562
      vertex -34.6 61 4
      vertex -34.6 50.3315 6.44444
    endloop
  endfacet
  facet normal 1 -0 0
    outer loop
      vertex -34.6 50.2071 6.29291
      vertex -34.6 61 4
      vertex -34.6 50.273 6.36562
    endloop
  endfacet
  facet normal 1 -0 0
    outer loop
      vertex -34.6 50.1344 6.22699
      vertex -34.6 61 4
      vertex -34.6 50.2071 6.29291
    endloop
  endfacet
  facet normal 1 -0 0
    outer loop
      vertex -34.6 50.0556 6.16853
      vertex -34.6 61 4
      vertex -34.6 50.1344 6.22699
    endloop
  endfacet
  facet normal 1 -0 0
    outer loop
      vertex -34.6 49.9714 6.11809
      vertex -34.6 61 4
      vertex -34.6 50.0556 6.16853
    endloop
  endfacet
  facet normal 1 -0 0
    outer loop
      vertex -34.6 49.8827 6.07613
      vertex -34.6 61 4
      vertex -34.6 49.9714 6.11809
    endloop
  endfacet
  facet normal 1 -0 0
    outer loop
      vertex -34.6 49.7903 6.04306
      vertex -34.6 61 4
      vertex -34.6 49.8827 6.07613
    endloop
  endfacet
  facet normal 1 -0 0
    outer loop
      vertex -34.6 49.6951 6.01923
      vertex -34.6 61 4
      vertex -34.6 49.7903 6.04306
    endloop
  endfacet
  facet normal 1 -0 0
    outer loop
      vertex -34.6 49.598 6.00482
      vertex -34.6 61 4
      vertex -34.6 49.6951 6.01923
    endloop
  endfacet
  facet normal 1 -0 0
    outer loop
      vertex -34.6 49.5 6
      vertex -34.6 61 4
      vertex -34.6 49.598 6.00482
    endloop
  endfacet
  facet normal 1 -0 0
    outer loop
      vertex -34.6 42.5 6
      vertex -34.6 61 4
      vertex -34.6 49.5 6
    endloop
  endfacet
  facet normal 1 0 0
    outer loop
      vertex -34.6 42.402 6.00482
      vertex -34.6 61 4
      vertex -34.6 42.5 6
    endloop
  endfacet
  facet normal 1 0 0
    outer loop
      vertex -34.6 41.5 10
      vertex -34.6 -61 4
      vertex -34.6 41.5 7
    endloop
  endfacet
  facet normal 1 0 0
    outer loop
      vertex -34.6 41.5 7
      vertex -34.6 -61 4
      vertex -34.6 41.5048 6.90199
    endloop
  endfacet
  facet normal 1 0 0
    outer loop
      vertex -34.6 41.5048 6.90199
      vertex -34.6 -61 4
      vertex -34.6 41.5192 6.80492
    endloop
  endfacet
  facet normal 1 0 0
    outer loop
      vertex -34.6 41.5192 6.80492
      vertex -34.6 -61 4
      vertex -34.6 41.5431 6.70972
    endloop
  endfacet
  facet normal 1 0 0
    outer loop
      vertex -34.6 41.5431 6.70972
      vertex -34.6 -61 4
      vertex -34.6 41.5761 6.61732
    endloop
  endfacet
  facet normal 1 0 0
    outer loop
      vertex -34.6 41.5761 6.61732
      vertex -34.6 -61 4
      vertex -34.6 41.6181 6.52861
    endloop
  endfacet
  facet normal 1 0 0
    outer loop
      vertex -34.6 41.6181 6.52861
      vertex -34.6 -61 4
      vertex -34.6 41.6685 6.44444
    endloop
  endfacet
  facet normal 1 0 0
    outer loop
      vertex -34.6 41.6685 6.44444
      vertex -34.6 -61 4
      vertex -34.6 41.727 6.36562
    endloop
  endfacet
  facet normal 1 0 0
    outer loop
      vertex -34.6 41.727 6.36562
      vertex -34.6 -61 4
      vertex -34.6 41.7929 6.29291
    endloop
  endfacet
  facet normal 1 0 0
    outer loop
      vertex -34.6 41.7929 6.29291
      vertex -34.6 -61 4
      vertex -34.6 41.8656 6.22699
    endloop
  endfacet
  facet normal 1 0 0
    outer loop
      vertex -34.6 41.8656 6.22699
      vertex -34.6 -61 4
      vertex -34.6 41.9444 6.16853
    endloop
  endfacet
  facet normal 1 0 0
    outer loop
      vertex -34.6 41.9444 6.16853
      vertex -34.6 -61 4
      vertex -34.6 42.0286 6.11809
    endloop
  endfacet
  facet normal 1 0 0
    outer loop
      vertex -34.6 42.0286 6.11809
      vertex -34.6 -61 4
      vertex -34.6 42.1173 6.07613
    endloop
  endfacet
  facet normal 1 0 0
    outer loop
      vertex -34.6 42.1173 6.07613
      vertex -34.6 -61 4
      vertex -34.6 42.2097 6.04306
    endloop
  endfacet
  facet normal 1 0 0
    outer loop
      vertex -34.6 42.2097 6.04306
      vertex -34.6 -61 4
      vertex -34.6 42.3049 6.01923
    endloop
  endfacet
  facet normal 1 0 0
    outer loop
      vertex -34.6 42.3049 6.01923
      vertex -34.6 -61 4
      vertex -34.6 42.402 6.00482
    endloop
  endfacet
  facet normal 1 0 0
    outer loop
      vertex -34.6 42.402 6.00482
      vertex -34.6 -61 4
      vertex -34.6 61 4
    endloop
  endfacet
  facet normal 0 1 0
    outer loop
      vertex 32 -63.6 17
      vertex 4 -63.6 12
      vertex -32 -63.6 17
    endloop
  endfacet
  facet normal 0 1 0
    outer loop
      vertex 32 -63.6 17
      vertex 4.14702 -63.6 11.9928
      vertex 4 -63.6 12
    endloop
  endfacet
  facet normal 0 1 0
    outer loop
      vertex 32 -63.6 17
      vertex 4.29263 -63.6 11.9712
      vertex 4.14702 -63.6 11.9928
    endloop
  endfacet
  facet normal 0 1 0
    outer loop
      vertex 32 -63.6 17
      vertex 4.43542 -63.6 11.9354
      vertex 4.29263 -63.6 11.9712
    endloop
  endfacet
  facet normal 0 1 0
    outer loop
      vertex 32 -63.6 17
      vertex 4.57402 -63.6 11.8858
      vertex 4.43542 -63.6 11.9354
    endloop
  endfacet
  facet normal 0 1 0
    outer loop
      vertex 32 -63.6 17
      vertex 4.70709 -63.6 11.8229
      vertex 4.57402 -63.6 11.8858
    endloop
  endfacet
  facet normal 0 1 0
    outer loop
      vertex 32 -63.6 17
      vertex 4.83334 -63.6 11.7472
      vertex 4.70709 -63.6 11.8229
    endloop
  endfacet
  facet normal 0 1 0
    outer loop
      vertex 32 -63.6 17
      vertex 4.95158 -63.6 11.6595
      vertex 4.83334 -63.6 11.7472
    endloop
  endfacet
  facet normal 0 1 0
    outer loop
      vertex 32 -63.6 17
      vertex 5.06065 -63.6 11.5607
      vertex 4.95158 -63.6 11.6595
    endloop
  endfacet
  facet normal 0 1 0
    outer loop
      vertex 32 -63.6 17
      vertex 5.15952 -63.6 11.4516
      vertex 5.06065 -63.6 11.5607
    endloop
  endfacet
  facet normal 0 1 0
    outer loop
      vertex 32 -63.6 17
      vertex 5.24719 -63.6 11.3333
      vertex 5.15952 -63.6 11.4516
    endloop
  endfacet
  facet normal 0 1 0
    outer loop
      vertex 32 -63.6 17
      vertex 5.32288 -63.6 11.2071
      vertex 5.24719 -63.6 11.3333
    endloop
  endfacet
  facet normal 0 1 0
    outer loop
      vertex 32 -63.6 17
      vertex 5.38582 -63.6 11.074
      vertex 5.32288 -63.6 11.2071
    endloop
  endfacet
  facet normal 0 1 0
    outer loop
      vertex 32 -63.6 17
      vertex 5.43541 -63.6 10.9354
      vertex 5.38582 -63.6 11.074
    endloop
  endfacet
  facet normal 0 1 0
    outer loop
      vertex 32 -63.6 17
      vertex 5.47118 -63.6 10.7926
      vertex 5.43541 -63.6 10.9354
    endloop
  endfacet
  facet normal 0 1 0
    outer loop
      vertex 32 -63.6 17
      vertex 5.49277 -63.6 10.647
      vertex 5.47118 -63.6 10.7926
    endloop
  endfacet
  facet normal 0 1 0
    outer loop
      vertex 32 -63.6 17
      vertex 5.5 -63.6 10.5
      vertex 5.49277 -63.6 10.647
    endloop
  endfacet
  facet normal 0 1 -0
    outer loop
      vertex 32 -63.6 4
      vertex 5.5 -63.6 10.5
      vertex 32 -63.6 17
    endloop
  endfacet
  facet normal 0 1 0
    outer loop
      vertex 5.5 -63.6 10.5
      vertex 32 -63.6 4
      vertex 5.5 -63.6 6.5
    endloop
  endfacet
  facet normal 0 1 0
    outer loop
      vertex 5.5 -63.6 6.5
      vertex 32 -63.6 4
      vertex 5.49277 -63.6 6.35298
    endloop
  endfacet
  facet normal 0 1 0
    outer loop
      vertex 5.49277 -63.6 6.35298
      vertex 32 -63.6 4
      vertex 5.47118 -63.6 6.20737
    endloop
  endfacet
  facet normal 0 1 0
    outer loop
      vertex 5.47118 -63.6 6.20737
      vertex 32 -63.6 4
      vertex 5.43541 -63.6 6.06458
    endloop
  endfacet
  facet normal 0 1 0
    outer loop
      vertex 5.43541 -63.6 6.06458
      vertex 32 -63.6 4
      vertex 5.38582 -63.6 5.92598
    endloop
  endfacet
  facet normal 0 1 0
    outer loop
      vertex 5.38582 -63.6 5.92598
      vertex 32 -63.6 4
      vertex 5.32288 -63.6 5.79291
    endloop
  endfacet
  facet normal 0 1 0
    outer loop
      vertex 5.32288 -63.6 5.79291
      vertex 32 -63.6 4
      vertex 5.24719 -63.6 5.66666
    endloop
  endfacet
  facet normal 0 1 0
    outer loop
      vertex 5.24719 -63.6 5.66666
      vertex 32 -63.6 4
      vertex 5.15952 -63.6 5.54842
    endloop
  endfacet
  facet normal 0 1 0
    outer loop
      vertex 5.15952 -63.6 5.54842
      vertex 32 -63.6 4
      vertex 5.06065 -63.6 5.43935
    endloop
  endfacet
  facet normal 0 1 0
    outer loop
      vertex 5.06065 -63.6 5.43935
      vertex 32 -63.6 4
      vertex 4.95158 -63.6 5.34048
    endloop
  endfacet
  facet normal 0 1 0
    outer loop
      vertex 4.95158 -63.6 5.34048
      vertex 32 -63.6 4
      vertex 4.83334 -63.6 5.25281
    endloop
  endfacet
  facet normal 0 1 0
    outer loop
      vertex 4.83334 -63.6 5.25281
      vertex 32 -63.6 4
      vertex 4.70709 -63.6 5.17712
    endloop
  endfacet
  facet normal 0 1 0
    outer loop
      vertex 4 -63.6 5
      vertex 32 -63.6 4
      vertex -4 -63.6 5
    endloop
  endfacet
  facet normal 0 1 0
    outer loop
      vertex 4.14702 -63.6 5.00723
      vertex 32 -63.6 4
      vertex 4 -63.6 5
    endloop
  endfacet
  facet normal 0 1 0
    outer loop
      vertex 4.29263 -63.6 5.02882
      vertex 32 -63.6 4
      vertex 4.14702 -63.6 5.00723
    endloop
  endfacet
  facet normal 0 1 0
    outer loop
      vertex 4.43542 -63.6 5.06459
      vertex 32 -63.6 4
      vertex 4.29263 -63.6 5.02882
    endloop
  endfacet
  facet normal 0 1 0
    outer loop
      vertex 4.57402 -63.6 5.11418
      vertex 32 -63.6 4
      vertex 4.43542 -63.6 5.06459
    endloop
  endfacet
  facet normal 0 1 0
    outer loop
      vertex 4.70709 -63.6 5.17712
      vertex 32 -63.6 4
      vertex 4.57402 -63.6 5.11418
    endloop
  endfacet
  facet normal 0 1 -0
    outer loop
      vertex -4 -63.6 12
      vertex -32 -63.6 17
      vertex 4 -63.6 12
    endloop
  endfacet
  facet normal 0 1 -0
    outer loop
      vertex -4.14702 -63.6 11.9928
      vertex -32 -63.6 17
      vertex -4 -63.6 12
    endloop
  endfacet
  facet normal 0 1 -0
    outer loop
      vertex -4.29263 -63.6 11.9712
      vertex -32 -63.6 17
      vertex -4.14702 -63.6 11.9928
    endloop
  endfacet
  facet normal 0 1 -0
    outer loop
      vertex -4.43542 -63.6 11.9354
      vertex -32 -63.6 17
      vertex -4.29263 -63.6 11.9712
    endloop
  endfacet
  facet normal 0 1 -0
    outer loop
      vertex -4.57402 -63.6 11.8858
      vertex -32 -63.6 17
      vertex -4.43542 -63.6 11.9354
    endloop
  endfacet
  facet normal 0 1 -0
    outer loop
      vertex -4.70709 -63.6 11.8229
      vertex -32 -63.6 17
      vertex -4.57402 -63.6 11.8858
    endloop
  endfacet
  facet normal 0 1 -0
    outer loop
      vertex -4.83334 -63.6 11.7472
      vertex -32 -63.6 17
      vertex -4.70709 -63.6 11.8229
    endloop
  endfacet
  facet normal 0 1 -0
    outer loop
      vertex -4.95158 -63.6 11.6595
      vertex -32 -63.6 17
      vertex -4.83334 -63.6 11.7472
    endloop
  endfacet
  facet normal 0 1 -0
    outer loop
      vertex -5.06065 -63.6 11.5607
      vertex -32 -63.6 17
      vertex -4.95158 -63.6 11.6595
    endloop
  endfacet
  facet normal 0 1 -0
    outer loop
      vertex -5.15952 -63.6 11.4516
      vertex -32 -63.6 17
      vertex -5.06065 -63.6 11.5607
    endloop
  endfacet
  facet normal 0 1 -0
    outer loop
      vertex -5.24719 -63.6 11.3333
      vertex -32 -63.6 17
      vertex -5.15952 -63.6 11.4516
    endloop
  endfacet
  facet normal 0 1 -0
    outer loop
      vertex -5.32288 -63.6 11.2071
      vertex -32 -63.6 17
      vertex -5.24719 -63.6 11.3333
    endloop
  endfacet
  facet normal 0 1 -0
    outer loop
      vertex -5.38582 -63.6 11.074
      vertex -32 -63.6 17
      vertex -5.32288 -63.6 11.2071
    endloop
  endfacet
  facet normal 0 1 -0
    outer loop
      vertex -5.43541 -63.6 10.9354
      vertex -32 -63.6 17
      vertex -5.38582 -63.6 11.074
    endloop
  endfacet
  facet normal 0 1 -0
    outer loop
      vertex -5.47118 -63.6 10.7926
      vertex -32 -63.6 17
      vertex -5.43541 -63.6 10.9354
    endloop
  endfacet
  facet normal 0 1 -0
    outer loop
      vertex -5.49277 -63.6 10.647
      vertex -32 -63.6 17
      vertex -5.47118 -63.6 10.7926
    endloop
  endfacet
  facet normal 0 1 -0
    outer loop
      vertex -5.5 -63.6 10.5
      vertex -32 -63.6 17
      vertex -5.49277 -63.6 10.647
    endloop
  endfacet
  facet normal 0 1 0
    outer loop
      vertex -32 -63.6 4
      vertex -5.5 -63.6 10.5
      vertex -5.5 -63.6 6.5
    endloop
  endfacet
  facet normal 0 1 0
    outer loop
      vertex -32 -63.6 4
      vertex -5.5 -63.6 6.5
      vertex -5.49277 -63.6 6.35298
    endloop
  endfacet
  facet normal 0 1 0
    outer loop
      vertex -32 -63.6 4
      vertex -5.49277 -63.6 6.35298
      vertex -5.47118 -63.6 6.20737
    endloop
  endfacet
  facet normal 0 1 0
    outer loop
      vertex -32 -63.6 4
      vertex -5.47118 -63.6 6.20737
      vertex -5.43541 -63.6 6.06458
    endloop
  endfacet
  facet normal 0 1 0
    outer loop
      vertex -32 -63.6 4
      vertex -5.43541 -63.6 6.06458
      vertex -5.38582 -63.6 5.92598
    endloop
  endfacet
  facet normal 0 1 0
    outer loop
      vertex -32 -63.6 4
      vertex -5.38582 -63.6 5.92598
      vertex -5.32288 -63.6 5.79291
    endloop
  endfacet
  facet normal 0 1 0
    outer loop
      vertex -32 -63.6 4
      vertex -5.32288 -63.6 5.79291
      vertex -5.24719 -63.6 5.66666
    endloop
  endfacet
  facet normal 0 1 0
    outer loop
      vertex -32 -63.6 4
      vertex -5.24719 -63.6 5.66666
      vertex -5.15952 -63.6 5.54842
    endloop
  endfacet
  facet normal 0 1 0
    outer loop
      vertex -32 -63.6 4
      vertex -5.15952 -63.6 5.54842
      vertex -5.06065 -63.6 5.43935
    endloop
  endfacet
  facet normal 0 1 0
    outer loop
      vertex -32 -63.6 4
      vertex -5.06065 -63.6 5.43935
      vertex -4.95158 -63.6 5.34048
    endloop
  endfacet
  facet normal 0 1 0
    outer loop
      vertex -32 -63.6 4
      vertex -4.95158 -63.6 5.34048
      vertex -4.83334 -63.6 5.25281
    endloop
  endfacet
  facet normal 0 1 0
    outer loop
      vertex -32 -63.6 4
      vertex -4.83334 -63.6 5.25281
      vertex -4.70709 -63.6 5.17712
    endloop
  endfacet
  facet normal 0 1 0
    outer loop
      vertex -32 -63.6 4
      vertex -4.70709 -63.6 5.17712
      vertex -4.57402 -63.6 5.11418
    endloop
  endfacet
  facet normal 0 1 0
    outer loop
      vertex -5.5 -63.6 10.5
      vertex -32 -63.6 4
      vertex -32 -63.6 17
    endloop
  endfacet
  facet normal 0 1 0
    outer loop
      vertex -4.43542 -63.6 5.06459
      vertex -32 -63.6 4
      vertex -4.57402 -63.6 5.11418
    endloop
  endfacet
  facet normal 0 1 0
    outer loop
      vertex -4.29263 -63.6 5.02882
      vertex -32 -63.6 4
      vertex -4.43542 -63.6 5.06459
    endloop
  endfacet
  facet normal 0 1 0
    outer loop
      vertex -4.14702 -63.6 5.00723
      vertex -32 -63.6 4
      vertex -4.29263 -63.6 5.02882
    endloop
  endfacet
  facet normal 0 1 0
    outer loop
      vertex -4 -63.6 5
      vertex -32 -63.6 4
      vertex -4.14702 -63.6 5.00723
    endloop
  endfacet
  facet normal 0 1 0
    outer loop
      vertex -32 -63.6 4
      vertex -4 -63.6 5
      vertex 32 -63.6 4
    endloop
  endfacet
  facet normal 0.80314 -0.59579 0
    outer loop
      vertex -34.1618 62.4445 17
      vertex -34.0098 62.6494 4
      vertex -34.0098 62.6494 17
    endloop
  endfacet
  facet normal 0.80314 -0.59579 0
    outer loop
      vertex -34.0098 62.6494 4
      vertex -34.1618 62.4445 17
      vertex -34.1618 62.4445 4
    endloop
  endfacet
  facet normal 0.998799 -0.0489992 0
    outer loop
      vertex -34.6 61 17
      vertex -34.5875 61.2548 4
      vertex -34.5875 61.2548 17
    endloop
  endfacet
  facet normal 0.998799 -0.0489992 0
    outer loop
      vertex -34.5875 61.2548 4
      vertex -34.6 61 17
      vertex -34.6 61 4
    endloop
  endfacet
  facet normal -0.989142 0.146961 0
    outer loop
      vertex 34.55 -61.5072 4
      vertex 34.5875 -61.2548 17
      vertex 34.5875 -61.2548 4
    endloop
  endfacet
  facet normal -0.989142 0.146961 0
    outer loop
      vertex 34.5875 -61.2548 17
      vertex 34.55 -61.5072 4
      vertex 34.55 -61.5072 17
    endloop
  endfacet
  facet normal 0.857735 -0.514092 0
    outer loop
      vertex -34.293 62.2256 17
      vertex -34.1618 62.4445 4
      vertex -34.1618 62.4445 17
    endloop
  endfacet
  facet normal 0.857735 -0.514092 0
    outer loop
      vertex -34.1618 62.4445 4
      vertex -34.293 62.2256 17
      vertex -34.293 62.2256 4
    endloop
  endfacet
  facet normal -0.59579 0.80314 0
    outer loop
      vertex 33.6494 -63.0098 4
      vertex 33.4445 -63.1618 17
      vertex 33.6494 -63.0098 17
    endloop
  endfacet
  facet normal -0.59579 0.80314 0
    outer loop
      vertex 33.4445 -63.1618 17
      vertex 33.6494 -63.0098 4
      vertex 33.4445 -63.1618 4
    endloop
  endfacet
  facet normal -0.903937 0.427665 0
    outer loop
      vertex 34.293 -62.2256 4
      vertex 34.4021 -61.995 17
      vertex 34.4021 -61.995 4
    endloop
  endfacet
  facet normal -0.903937 0.427665 0
    outer loop
      vertex 34.4021 -61.995 17
      vertex 34.293 -62.2256 4
      vertex 34.293 -62.2256 17
    endloop
  endfacet
  facet normal -0.998799 -0.0489992 0
    outer loop
      vertex 34.6 61 4
      vertex 34.5875 61.2548 17
      vertex 34.5875 61.2548 4
    endloop
  endfacet
  facet normal -0.998799 -0.0489992 0
    outer loop
      vertex 34.5875 61.2548 17
      vertex 34.6 61 4
      vertex 34.6 61 17
    endloop
  endfacet
  facet normal -0.741127 -0.671365 0
    outer loop
      vertex 34.0098 62.6494 4
      vertex 33.8385 62.8385 17
      vertex 33.8385 62.8385 4
    endloop
  endfacet
  facet normal -0.741127 -0.671365 0
    outer loop
      vertex 33.8385 62.8385 17
      vertex 34.0098 62.6494 4
      vertex 34.0098 62.6494 17
    endloop
  endfacet
  facet normal -0.80314 -0.59579 0
    outer loop
      vertex 34.1618 62.4445 4
      vertex 34.0098 62.6494 17
      vertex 34.0098 62.6494 4
    endloop
  endfacet
  facet normal -0.80314 -0.59579 0
    outer loop
      vertex 34.0098 62.6494 17
      vertex 34.1618 62.4445 4
      vertex 34.1618 62.4445 17
    endloop
  endfacet
  facet normal 0.146961 -0.989142 0
    outer loop
      vertex -32.5072 63.55 4
      vertex -32.2548 63.5875 17
      vertex -32.5072 63.55 17
    endloop
  endfacet
  facet normal 0.146961 -0.989142 0
    outer loop
      vertex -32.2548 63.5875 17
      vertex -32.5072 63.55 4
      vertex -32.2548 63.5875 4
    endloop
  endfacet
  facet normal 0.514092 0.857735 -0
    outer loop
      vertex -33.2256 -63.293 4
      vertex -33.4445 -63.1618 17
      vertex -33.2256 -63.293 17
    endloop
  endfacet
  facet normal 0.514092 0.857735 0
    outer loop
      vertex -33.4445 -63.1618 17
      vertex -33.2256 -63.293 4
      vertex -33.4445 -63.1618 4
    endloop
  endfacet
  facet normal 0.671365 -0.741127 0
    outer loop
      vertex -33.8385 62.8385 4
      vertex -33.6494 63.0098 17
      vertex -33.8385 62.8385 17
    endloop
  endfacet
  facet normal 0.671365 -0.741127 0
    outer loop
      vertex -33.6494 63.0098 17
      vertex -33.8385 62.8385 4
      vertex -33.6494 63.0098 4
    endloop
  endfacet
  facet normal 0.514092 -0.857735 0
    outer loop
      vertex -33.4445 63.1618 4
      vertex -33.2256 63.293 17
      vertex -33.4445 63.1618 17
    endloop
  endfacet
  facet normal 0.514092 -0.857735 0
    outer loop
      vertex -33.2256 63.293 17
      vertex -33.4445 63.1618 4
      vertex -33.2256 63.293 4
    endloop
  endfacet
  facet normal -0.970027 -0.242997 0
    outer loop
      vertex 34.55 61.5072 4
      vertex 34.488 61.7547 17
      vertex 34.488 61.7547 4
    endloop
  endfacet
  facet normal -0.970027 -0.242997 0
    outer loop
      vertex 34.488 61.7547 17
      vertex 34.55 61.5072 4
      vertex 34.55 61.5072 17
    endloop
  endfacet
  facet normal -0.989142 -0.146961 0
    outer loop
      vertex 34.5875 61.2548 4
      vertex 34.55 61.5072 17
      vertex 34.55 61.5072 4
    endloop
  endfacet
  facet normal -0.989142 -0.146961 0
    outer loop
      vertex 34.55 61.5072 17
      vertex 34.5875 61.2548 4
      vertex 34.5875 61.2548 17
    endloop
  endfacet
  facet normal -0.998799 0.0489992 0
    outer loop
      vertex 34.5875 -61.2548 4
      vertex 34.6 -61 17
      vertex 34.6 -61 4
    endloop
  endfacet
  facet normal -0.998799 0.0489992 0
    outer loop
      vertex 34.6 -61 17
      vertex 34.5875 -61.2548 4
      vertex 34.5875 -61.2548 17
    endloop
  endfacet
  facet normal 0.970027 -0.242997 0
    outer loop
      vertex -34.55 61.5072 17
      vertex -34.488 61.7547 4
      vertex -34.488 61.7547 17
    endloop
  endfacet
  facet normal 0.970027 -0.242997 0
    outer loop
      vertex -34.488 61.7547 4
      vertex -34.55 61.5072 17
      vertex -34.55 61.5072 4
    endloop
  endfacet
  facet normal -0.336609 -0.941644 0
    outer loop
      vertex 32.7547 63.488 4
      vertex 32.995 63.4021 17
      vertex 32.7547 63.488 17
    endloop
  endfacet
  facet normal -0.336609 -0.941644 -0
    outer loop
      vertex 32.995 63.4021 17
      vertex 32.7547 63.488 4
      vertex 32.995 63.4021 4
    endloop
  endfacet
  facet normal -0.146961 -0.989142 0
    outer loop
      vertex 32.2548 63.5875 4
      vertex 32.5072 63.55 17
      vertex 32.2548 63.5875 17
    endloop
  endfacet
  facet normal -0.146961 -0.989142 -0
    outer loop
      vertex 32.5072 63.55 17
      vertex 32.2548 63.5875 4
      vertex 32.5072 63.55 4
    endloop
  endfacet
  facet normal -0.903937 -0.427665 0
    outer loop
      vertex 34.4021 61.995 4
      vertex 34.293 62.2256 17
      vertex 34.293 62.2256 4
    endloop
  endfacet
  facet normal -0.903937 -0.427665 0
    outer loop
      vertex 34.293 62.2256 17
      vertex 34.4021 61.995 4
      vertex 34.4021 61.995 17
    endloop
  endfacet
  facet normal 0.146961 0.989142 -0
    outer loop
      vertex -32.2548 -63.5875 4
      vertex -32.5072 -63.55 17
      vertex -32.2548 -63.5875 17
    endloop
  endfacet
  facet normal 0.146961 0.989142 0
    outer loop
      vertex -32.5072 -63.55 17
      vertex -32.2548 -63.5875 4
      vertex -32.5072 -63.55 4
    endloop
  endfacet
  facet normal 0.242997 0.970027 -0
    outer loop
      vertex -32.5072 -63.55 4
      vertex -32.7547 -63.488 17
      vertex -32.5072 -63.55 17
    endloop
  endfacet
  facet normal 0.242997 0.970027 0
    outer loop
      vertex -32.7547 -63.488 17
      vertex -32.5072 -63.55 4
      vertex -32.7547 -63.488 4
    endloop
  endfacet
  facet normal 0.336609 0.941644 -0
    outer loop
      vertex -32.7547 -63.488 4
      vertex -32.995 -63.4021 17
      vertex -32.7547 -63.488 17
    endloop
  endfacet
  facet normal 0.336609 0.941644 0
    outer loop
      vertex -32.995 -63.4021 17
      vertex -32.7547 -63.488 4
      vertex -32.995 -63.4021 4
    endloop
  endfacet
  facet normal -0.514092 -0.857735 0
    outer loop
      vertex 33.2256 63.293 4
      vertex 33.4445 63.1618 17
      vertex 33.2256 63.293 17
    endloop
  endfacet
  facet normal -0.514092 -0.857735 -0
    outer loop
      vertex 33.4445 63.1618 17
      vertex 33.2256 63.293 4
      vertex 33.4445 63.1618 4
    endloop
  endfacet
  facet normal -0.941644 -0.336609 0
    outer loop
      vertex 34.488 61.7547 4
      vertex 34.4021 61.995 17
      vertex 34.4021 61.995 4
    endloop
  endfacet
  facet normal -0.941644 -0.336609 0
    outer loop
      vertex 34.4021 61.995 17
      vertex 34.488 61.7547 4
      vertex 34.488 61.7547 17
    endloop
  endfacet
  facet normal -0.857735 -0.514092 0
    outer loop
      vertex 34.293 62.2256 4
      vertex 34.1618 62.4445 17
      vertex 34.1618 62.4445 4
    endloop
  endfacet
  facet normal -0.857735 -0.514092 0
    outer loop
      vertex 34.1618 62.4445 17
      vertex 34.293 62.2256 4
      vertex 34.293 62.2256 17
    endloop
  endfacet
  facet normal 0.80314 0.59579 0
    outer loop
      vertex -34.0098 -62.6494 17
      vertex -34.1618 -62.4445 4
      vertex -34.1618 -62.4445 17
    endloop
  endfacet
  facet normal 0.80314 0.59579 0
    outer loop
      vertex -34.1618 -62.4445 4
      vertex -34.0098 -62.6494 17
      vertex -34.0098 -62.6494 4
    endloop
  endfacet
  facet normal -0.741127 0.671365 0
    outer loop
      vertex 33.8385 -62.8385 4
      vertex 34.0098 -62.6494 17
      vertex 34.0098 -62.6494 4
    endloop
  endfacet
  facet normal -0.741127 0.671365 0
    outer loop
      vertex 34.0098 -62.6494 17
      vertex 33.8385 -62.8385 4
      vertex 33.8385 -62.8385 17
    endloop
  endfacet
  facet normal -0.242997 -0.970027 0
    outer loop
      vertex 32.5072 63.55 4
      vertex 32.7547 63.488 17
      vertex 32.5072 63.55 17
    endloop
  endfacet
  facet normal -0.242997 -0.970027 -0
    outer loop
      vertex 32.7547 63.488 17
      vertex 32.5072 63.55 4
      vertex 32.7547 63.488 4
    endloop
  endfacet
  facet normal 0.741127 0.671365 0
    outer loop
      vertex -33.8385 -62.8385 17
      vertex -34.0098 -62.6494 4
      vertex -34.0098 -62.6494 17
    endloop
  endfacet
  facet normal 0.741127 0.671365 0
    outer loop
      vertex -34.0098 -62.6494 4
      vertex -33.8385 -62.8385 17
      vertex -33.8385 -62.8385 4
    endloop
  endfacet
  facet normal -0.80314 0.59579 0
    outer loop
      vertex 34.0098 -62.6494 4
      vertex 34.1618 -62.4445 17
      vertex 34.1618 -62.4445 4
    endloop
  endfacet
  facet normal -0.80314 0.59579 0
    outer loop
      vertex 34.1618 -62.4445 17
      vertex 34.0098 -62.6494 4
      vertex 34.0098 -62.6494 17
    endloop
  endfacet
  facet normal -0.146961 0.989142 0
    outer loop
      vertex 32.5072 -63.55 4
      vertex 32.2548 -63.5875 17
      vertex 32.5072 -63.55 17
    endloop
  endfacet
  facet normal -0.146961 0.989142 0
    outer loop
      vertex 32.2548 -63.5875 17
      vertex 32.5072 -63.55 4
      vertex 32.2548 -63.5875 4
    endloop
  endfacet
  facet normal 0.242997 -0.970027 0
    outer loop
      vertex -32.7547 63.488 4
      vertex -32.5072 63.55 17
      vertex -32.7547 63.488 17
    endloop
  endfacet
  facet normal 0.242997 -0.970027 0
    outer loop
      vertex -32.5072 63.55 17
      vertex -32.7547 63.488 4
      vertex -32.5072 63.55 4
    endloop
  endfacet
  facet normal 0.741127 -0.671365 0
    outer loop
      vertex -34.0098 62.6494 17
      vertex -33.8385 62.8385 4
      vertex -33.8385 62.8385 17
    endloop
  endfacet
  facet normal 0.741127 -0.671365 0
    outer loop
      vertex -33.8385 62.8385 4
      vertex -34.0098 62.6494 17
      vertex -34.0098 62.6494 4
    endloop
  endfacet
  facet normal 0.903937 0.427665 0
    outer loop
      vertex -34.293 -62.2256 17
      vertex -34.4021 -61.995 4
      vertex -34.4021 -61.995 17
    endloop
  endfacet
  facet normal 0.903937 0.427665 0
    outer loop
      vertex -34.4021 -61.995 4
      vertex -34.293 -62.2256 17
      vertex -34.293 -62.2256 4
    endloop
  endfacet
  facet normal 0.0489992 -0.998799 0
    outer loop
      vertex -32.2548 63.5875 4
      vertex -32 63.6 17
      vertex -32.2548 63.5875 17
    endloop
  endfacet
  facet normal 0.0489992 -0.998799 0
    outer loop
      vertex -32 63.6 17
      vertex -32.2548 63.5875 4
      vertex -32 63.6 4
    endloop
  endfacet
  facet normal -0.242997 0.970027 0
    outer loop
      vertex 32.7547 -63.488 4
      vertex 32.5072 -63.55 17
      vertex 32.7547 -63.488 17
    endloop
  endfacet
  facet normal -0.242997 0.970027 0
    outer loop
      vertex 32.5072 -63.55 17
      vertex 32.7547 -63.488 4
      vertex 32.5072 -63.55 4
    endloop
  endfacet
  facet normal -0.857735 0.514092 0
    outer loop
      vertex 34.1618 -62.4445 4
      vertex 34.293 -62.2256 17
      vertex 34.293 -62.2256 4
    endloop
  endfacet
  facet normal -0.857735 0.514092 0
    outer loop
      vertex 34.293 -62.2256 17
      vertex 34.1618 -62.4445 4
      vertex 34.1618 -62.4445 17
    endloop
  endfacet
  facet normal -0.671365 -0.741127 0
    outer loop
      vertex 33.6494 63.0098 4
      vertex 33.8385 62.8385 17
      vertex 33.6494 63.0098 17
    endloop
  endfacet
  facet normal -0.671365 -0.741127 -0
    outer loop
      vertex 33.8385 62.8385 17
      vertex 33.6494 63.0098 4
      vertex 33.8385 62.8385 4
    endloop
  endfacet
  facet normal 0.970027 0.242997 0
    outer loop
      vertex -34.488 -61.7547 17
      vertex -34.55 -61.5072 4
      vertex -34.55 -61.5072 17
    endloop
  endfacet
  facet normal 0.970027 0.242997 0
    outer loop
      vertex -34.55 -61.5072 4
      vertex -34.488 -61.7547 17
      vertex -34.488 -61.7547 4
    endloop
  endfacet
  facet normal -0.336609 0.941644 0
    outer loop
      vertex 32.995 -63.4021 4
      vertex 32.7547 -63.488 17
      vertex 32.995 -63.4021 17
    endloop
  endfacet
  facet normal -0.336609 0.941644 0
    outer loop
      vertex 32.7547 -63.488 17
      vertex 32.995 -63.4021 4
      vertex 32.7547 -63.488 4
    endloop
  endfacet
  facet normal -0.0489992 0.998799 0
    outer loop
      vertex 32.2548 -63.5875 4
      vertex 32 -63.6 17
      vertex 32.2548 -63.5875 17
    endloop
  endfacet
  facet normal -0.0489992 0.998799 0
    outer loop
      vertex 32 -63.6 17
      vertex 32.2548 -63.5875 4
      vertex 32 -63.6 4
    endloop
  endfacet
  facet normal 0.59579 -0.80314 0
    outer loop
      vertex -33.6494 63.0098 4
      vertex -33.4445 63.1618 17
      vertex -33.6494 63.0098 17
    endloop
  endfacet
  facet normal 0.59579 -0.80314 0
    outer loop
      vertex -33.4445 63.1618 17
      vertex -33.6494 63.0098 4
      vertex -33.4445 63.1618 4
    endloop
  endfacet
  facet normal 0.427665 -0.903937 0
    outer loop
      vertex -33.2256 63.293 4
      vertex -32.995 63.4021 17
      vertex -33.2256 63.293 17
    endloop
  endfacet
  facet normal 0.427665 -0.903937 0
    outer loop
      vertex -32.995 63.4021 17
      vertex -33.2256 63.293 4
      vertex -32.995 63.4021 4
    endloop
  endfacet
  facet normal -0.0489992 -0.998799 0
    outer loop
      vertex 32 63.6 4
      vertex 32.2548 63.5875 17
      vertex 32 63.6 17
    endloop
  endfacet
  facet normal -0.0489992 -0.998799 -0
    outer loop
      vertex 32.2548 63.5875 17
      vertex 32 63.6 4
      vertex 32.2548 63.5875 4
    endloop
  endfacet
  facet normal 0.671365 0.741127 -0
    outer loop
      vertex -33.6494 -63.0098 4
      vertex -33.8385 -62.8385 17
      vertex -33.6494 -63.0098 17
    endloop
  endfacet
  facet normal 0.671365 0.741127 0
    outer loop
      vertex -33.8385 -62.8385 17
      vertex -33.6494 -63.0098 4
      vertex -33.8385 -62.8385 4
    endloop
  endfacet
  facet normal -0.427665 0.903937 0
    outer loop
      vertex 33.2256 -63.293 4
      vertex 32.995 -63.4021 17
      vertex 33.2256 -63.293 17
    endloop
  endfacet
  facet normal -0.427665 0.903937 0
    outer loop
      vertex 32.995 -63.4021 17
      vertex 33.2256 -63.293 4
      vertex 32.995 -63.4021 4
    endloop
  endfacet
  facet normal 0.59579 0.80314 -0
    outer loop
      vertex -33.4445 -63.1618 4
      vertex -33.6494 -63.0098 17
      vertex -33.4445 -63.1618 17
    endloop
  endfacet
  facet normal 0.59579 0.80314 0
    outer loop
      vertex -33.6494 -63.0098 17
      vertex -33.4445 -63.1618 4
      vertex -33.6494 -63.0098 4
    endloop
  endfacet
  facet normal -0.514092 0.857735 0
    outer loop
      vertex 33.4445 -63.1618 4
      vertex 33.2256 -63.293 17
      vertex 33.4445 -63.1618 17
    endloop
  endfacet
  facet normal -0.514092 0.857735 0
    outer loop
      vertex 33.2256 -63.293 17
      vertex 33.4445 -63.1618 4
      vertex 33.2256 -63.293 4
    endloop
  endfacet
  facet normal 0.0489992 0.998799 -0
    outer loop
      vertex -32 -63.6 4
      vertex -32.2548 -63.5875 17
      vertex -32 -63.6 17
    endloop
  endfacet
  facet normal 0.0489992 0.998799 0
    outer loop
      vertex -32.2548 -63.5875 17
      vertex -32 -63.6 4
      vertex -32.2548 -63.5875 4
    endloop
  endfacet
  facet normal 0.336609 -0.941644 0
    outer loop
      vertex -32.995 63.4021 4
      vertex -32.7547 63.488 17
      vertex -32.995 63.4021 17
    endloop
  endfacet
  facet normal 0.336609 -0.941644 0
    outer loop
      vertex -32.7547 63.488 17
      vertex -32.995 63.4021 4
      vertex -32.7547 63.488 4
    endloop
  endfacet
  facet normal 0.427665 0.903937 -0
    outer loop
      vertex -32.995 -63.4021 4
      vertex -33.2256 -63.293 17
      vertex -32.995 -63.4021 17
    endloop
  endfacet
  facet normal 0.427665 0.903937 0
    outer loop
      vertex -33.2256 -63.293 17
      vertex -32.995 -63.4021 4
      vertex -33.2256 -63.293 4
    endloop
  endfacet
  facet normal -0 0 1
    outer loop
      vertex -32.1372 62.3932 2.4
      vertex -32.2223 62.3259 2.4
      vertex -32.1074 62.3947 2.4
    endloop
  endfacet
  facet normal -0 0 1
    outer loop
      vertex -32.2731 62.3731 2.4
      vertex -32.2223 62.3259 2.4
      vertex -32.1372 62.3932 2.4
    endloop
  endfacet
  facet normal -0 0 1
    outer loop
      vertex -32.4064 62.3397 2.4
      vertex -32.2223 62.3259 2.4
      vertex -32.2731 62.3731 2.4
    endloop
  endfacet
  facet normal 0 0 1
    outer loop
      vertex -32.5376 62.092 2.4
      vertex -32.4064 62.3397 2.4
      vertex -32.5358 62.2934 2.4
    endloop
  endfacet
  facet normal 0 0 1
    outer loop
      vertex -32.4064 62.3397 2.4
      vertex -32.5376 62.092 2.4
      vertex -32.2223 62.3259 2.4
    endloop
  endfacet
  facet normal -0 0 1
    outer loop
      vertex -32.6599 62.2347 2.4
      vertex -32.5376 62.092 2.4
      vertex -32.5358 62.2934 2.4
    endloop
  endfacet
  facet normal -0 0 1
    outer loop
      vertex -32.7778 62.164 2.4
      vertex -32.5376 62.092 2.4
      vertex -32.6599 62.2347 2.4
    endloop
  endfacet
  facet normal 0 0 1
    outer loop
      vertex -32.7778 62.164 2.4
      vertex -32.8284 61.8284 2.4
      vertex -32.5376 62.092 2.4
    endloop
  endfacet
  facet normal -0 0 1
    outer loop
      vertex -32.8881 62.0822 2.4
      vertex -32.8284 61.8284 2.4
      vertex -32.7778 62.164 2.4
    endloop
  endfacet
  facet normal -0 0 1
    outer loop
      vertex -32.9899 61.9899 2.4
      vertex -32.8284 61.8284 2.4
      vertex -32.8881 62.0822 2.4
    endloop
  endfacet
  facet normal -0 0 1
    outer loop
      vertex -33.0822 61.8881 2.4
      vertex -32.8284 61.8284 2.4
      vertex -32.9899 61.9899 2.4
    endloop
  endfacet
  facet normal 0 0 1
    outer loop
      vertex -33.164 61.7778 2.4
      vertex -32.8284 61.8284 2.4
      vertex -33.0822 61.8881 2.4
    endloop
  endfacet
  facet normal 0 0 1
    outer loop
      vertex -32.8284 61.8284 2.4
      vertex -33.164 61.7778 2.4
      vertex -33.092 61.5376 2.4
    endloop
  endfacet
  facet normal -0 0 1
    outer loop
      vertex -33.2347 61.6599 2.4
      vertex -33.092 61.5376 2.4
      vertex -33.164 61.7778 2.4
    endloop
  endfacet
  facet normal 0 0 1
    outer loop
      vertex -33.2934 61.5358 2.4
      vertex -33.092 61.5376 2.4
      vertex -33.2347 61.6599 2.4
    endloop
  endfacet
  facet normal 0 0 1
    outer loop
      vertex -33.3397 61.4064 2.4
      vertex -33.092 61.5376 2.4
      vertex -33.2934 61.5358 2.4
    endloop
  endfacet
  facet normal 0 0 1
    outer loop
      vertex -33.092 61.5376 2.4
      vertex -33.3397 61.4064 2.4
      vertex -33.3259 61.2223 2.4
    endloop
  endfacet
  facet normal -0 0 1
    outer loop
      vertex -33.3731 61.2731 2.4
      vertex -33.3259 61.2223 2.4
      vertex -33.3397 61.4064 2.4
    endloop
  endfacet
  facet normal 0 0 1
    outer loop
      vertex -33.3932 61.1372 2.4
      vertex -33.3259 61.2223 2.4
      vertex -33.3731 61.2731 2.4
    endloop
  endfacet
  facet normal 0 0 1
    outer loop
      vertex -33.3259 61.2223 2.4
      vertex -33.3932 61.1372 2.4
      vertex -33.3947 61.1074 2.4
    endloop
  endfacet
  facet normal 0 0 1
    outer loop
      vertex -32.2223 -62.3259 2.4
      vertex -32.1372 -62.3932 2.4
      vertex -32.1074 -62.3947 2.4
    endloop
  endfacet
  facet normal 0 0 1
    outer loop
      vertex -32.2223 -62.3259 2.4
      vertex -32.2731 -62.3731 2.4
      vertex -32.1372 -62.3932 2.4
    endloop
  endfacet
  facet normal 0 0 1
    outer loop
      vertex -32.2223 -62.3259 2.4
      vertex -32.4064 -62.3397 2.4
      vertex -32.2731 -62.3731 2.4
    endloop
  endfacet
  facet normal 0 0 1
    outer loop
      vertex -32.5376 -62.092 2.4
      vertex -32.4064 -62.3397 2.4
      vertex -32.2223 -62.3259 2.4
    endloop
  endfacet
  facet normal 0 0 1
    outer loop
      vertex -32.4064 -62.3397 2.4
      vertex -32.5376 -62.092 2.4
      vertex -32.5358 -62.2934 2.4
    endloop
  endfacet
  facet normal 0 0 1
    outer loop
      vertex -32.5376 -62.092 2.4
      vertex -32.6599 -62.2347 2.4
      vertex -32.5358 -62.2934 2.4
    endloop
  endfacet
  facet normal 0 0 1
    outer loop
      vertex -32.5376 -62.092 2.4
      vertex -32.7778 -62.164 2.4
      vertex -32.6599 -62.2347 2.4
    endloop
  endfacet
  facet normal 0 0 1
    outer loop
      vertex -32.8284 -61.8284 2.4
      vertex -32.7778 -62.164 2.4
      vertex -32.5376 -62.092 2.4
    endloop
  endfacet
  facet normal 0 0 1
    outer loop
      vertex -32.8284 -61.8284 2.4
      vertex -32.8881 -62.0822 2.4
      vertex -32.7778 -62.164 2.4
    endloop
  endfacet
  facet normal 0 0 1
    outer loop
      vertex -32.8284 -61.8284 2.4
      vertex -32.9899 -61.9899 2.4
      vertex -32.8881 -62.0822 2.4
    endloop
  endfacet
  facet normal 0 0 1
    outer loop
      vertex -32.8284 -61.8284 2.4
      vertex -33.0822 -61.8881 2.4
      vertex -32.9899 -61.9899 2.4
    endloop
  endfacet
  facet normal -0 0 1
    outer loop
      vertex -33.164 -61.7778 2.4
      vertex -32.8284 -61.8284 2.4
      vertex -33.092 -61.5376 2.4
    endloop
  endfacet
  facet normal 0 0 1
    outer loop
      vertex -32.8284 -61.8284 2.4
      vertex -33.164 -61.7778 2.4
      vertex -33.0822 -61.8881 2.4
    endloop
  endfacet
  facet normal 0 0 1
    outer loop
      vertex -33.092 -61.5376 2.4
      vertex -33.2347 -61.6599 2.4
      vertex -33.164 -61.7778 2.4
    endloop
  endfacet
  facet normal 0 0 1
    outer loop
      vertex -33.092 -61.5376 2.4
      vertex -33.2934 -61.5358 2.4
      vertex -33.2347 -61.6599 2.4
    endloop
  endfacet
  facet normal -0 0 1
    outer loop
      vertex -33.3397 -61.4064 2.4
      vertex -33.092 -61.5376 2.4
      vertex -33.3259 -61.2223 2.4
    endloop
  endfacet
  facet normal 0 0 1
    outer loop
      vertex -33.092 -61.5376 2.4
      vertex -33.3397 -61.4064 2.4
      vertex -33.2934 -61.5358 2.4
    endloop
  endfacet
  facet normal 0 0 1
    outer loop
      vertex -33.3259 -61.2223 2.4
      vertex -33.3731 -61.2731 2.4
      vertex -33.3397 -61.4064 2.4
    endloop
  endfacet
  facet normal 0 0 1
    outer loop
      vertex -33.3259 -61.2223 2.4
      vertex -33.3932 -61.1372 2.4
      vertex -33.3731 -61.2731 2.4
    endloop
  endfacet
  facet normal -0 -0 1
    outer loop
      vertex -33.3932 -61.1372 2.4
      vertex -33.3259 -61.2223 2.4
      vertex -33.3947 -61.1074 2.4
    endloop
  endfacet
  facet normal -0 0 1
    outer loop
      vertex 33.3259 61.2223 2.4
      vertex 33.3932 61.1372 2.4
      vertex 33.3731 61.2731 2.4
    endloop
  endfacet
  facet normal 0 0 1
    outer loop
      vertex 33.3259 61.2223 2.4
      vertex 33.3731 61.2731 2.4
      vertex 33.3397 61.4064 2.4
    endloop
  endfacet
  facet normal 0 0 1
    outer loop
      vertex 33.3932 61.1372 2.4
      vertex 33.3259 61.2223 2.4
      vertex 33.3947 61.1074 2.4
    endloop
  endfacet
  facet normal 0 0 1
    outer loop
      vertex 33.092 61.5376 2.4
      vertex 33.3397 61.4064 2.4
      vertex 33.2934 61.5358 2.4
    endloop
  endfacet
  facet normal -0 0 1
    outer loop
      vertex 33.092 61.5376 2.4
      vertex 33.2934 61.5358 2.4
      vertex 33.2347 61.6599 2.4
    endloop
  endfacet
  facet normal 0 0 1
    outer loop
      vertex 33.092 61.5376 2.4
      vertex 33.2347 61.6599 2.4
      vertex 33.164 61.7778 2.4
    endloop
  endfacet
  facet normal 0 0 1
    outer loop
      vertex 33.3397 61.4064 2.4
      vertex 33.092 61.5376 2.4
      vertex 33.3259 61.2223 2.4
    endloop
  endfacet
  facet normal -0 0 1
    outer loop
      vertex 32.8284 61.8284 2.4
      vertex 33.164 61.7778 2.4
      vertex 33.0822 61.8881 2.4
    endloop
  endfacet
  facet normal 0 0 1
    outer loop
      vertex 32.8284 61.8284 2.4
      vertex 33.0822 61.8881 2.4
      vertex 32.9899 61.9899 2.4
    endloop
  endfacet
  facet normal 0 0 1
    outer loop
      vertex 32.8284 61.8284 2.4
      vertex 32.9899 61.9899 2.4
      vertex 32.8881 62.0822 2.4
    endloop
  endfacet
  facet normal 0 0 1
    outer loop
      vertex 33.164 61.7778 2.4
      vertex 32.8284 61.8284 2.4
      vertex 33.092 61.5376 2.4
    endloop
  endfacet
  facet normal 0 0 1
    outer loop
      vertex 32.7778 62.164 2.4
      vertex 32.8284 61.8284 2.4
      vertex 32.8881 62.0822 2.4
    endloop
  endfacet
  facet normal 0 0 1
    outer loop
      vertex 32.5376 62.092 2.4
      vertex 32.7778 62.164 2.4
      vertex 32.6599 62.2347 2.4
    endloop
  endfacet
  facet normal 0 0 1
    outer loop
      vertex 32.7778 62.164 2.4
      vertex 32.5376 62.092 2.4
      vertex 32.8284 61.8284 2.4
    endloop
  endfacet
  facet normal 0 0 1
    outer loop
      vertex 32.5358 62.2934 2.4
      vertex 32.5376 62.092 2.4
      vertex 32.6599 62.2347 2.4
    endloop
  endfacet
  facet normal 0 0 1
    outer loop
      vertex 32.4064 62.3397 2.4
      vertex 32.5376 62.092 2.4
      vertex 32.5358 62.2934 2.4
    endloop
  endfacet
  facet normal 0 0 1
    outer loop
      vertex 32.2223 62.3259 2.4
      vertex 32.4064 62.3397 2.4
      vertex 32.2731 62.3731 2.4
    endloop
  endfacet
  facet normal 0 0 1
    outer loop
      vertex 32.4064 62.3397 2.4
      vertex 32.2223 62.3259 2.4
      vertex 32.5376 62.092 2.4
    endloop
  endfacet
  facet normal 0 0 1
    outer loop
      vertex 32.1372 62.3932 2.4
      vertex 32.2223 62.3259 2.4
      vertex 32.2731 62.3731 2.4
    endloop
  endfacet
  facet normal 0 0 1
    outer loop
      vertex 32.2223 62.3259 2.4
      vertex 32.1372 62.3932 2.4
      vertex 32.1074 62.3947 2.4
    endloop
  endfacet
  facet normal 0 0 1
    outer loop
      vertex 33.3259 -61.2223 2.4
      vertex 33.3932 -61.1372 2.4
      vertex 33.3947 -61.1074 2.4
    endloop
  endfacet
  facet normal 0 0 1
    outer loop
      vertex 33.3932 -61.1372 2.4
      vertex 33.3259 -61.2223 2.4
      vertex 33.3731 -61.2731 2.4
    endloop
  endfacet
  facet normal 0 0 1
    outer loop
      vertex 33.3731 -61.2731 2.4
      vertex 33.3259 -61.2223 2.4
      vertex 33.3397 -61.4064 2.4
    endloop
  endfacet
  facet normal 0 0 1
    outer loop
      vertex 33.092 -61.5376 2.4
      vertex 33.3397 -61.4064 2.4
      vertex 33.3259 -61.2223 2.4
    endloop
  endfacet
  facet normal 0 0 1
    outer loop
      vertex 33.3397 -61.4064 2.4
      vertex 33.092 -61.5376 2.4
      vertex 33.2934 -61.5358 2.4
    endloop
  endfacet
  facet normal 0 0 1
    outer loop
      vertex 33.2934 -61.5358 2.4
      vertex 33.092 -61.5376 2.4
      vertex 33.2347 -61.6599 2.4
    endloop
  endfacet
  facet normal 0 0 1
    outer loop
      vertex 33.2347 -61.6599 2.4
      vertex 33.092 -61.5376 2.4
      vertex 33.164 -61.7778 2.4
    endloop
  endfacet
  facet normal 0 0 1
    outer loop
      vertex 32.8284 -61.8284 2.4
      vertex 33.164 -61.7778 2.4
      vertex 33.092 -61.5376 2.4
    endloop
  endfacet
  facet normal 0 0 1
    outer loop
      vertex 33.164 -61.7778 2.4
      vertex 32.8284 -61.8284 2.4
      vertex 33.0822 -61.8881 2.4
    endloop
  endfacet
  facet normal 0 0 1
    outer loop
      vertex 33.0822 -61.8881 2.4
      vertex 32.8284 -61.8284 2.4
      vertex 32.9899 -61.9899 2.4
    endloop
  endfacet
  facet normal 0 0 1
    outer loop
      vertex 32.9899 -61.9899 2.4
      vertex 32.8284 -61.8284 2.4
      vertex 32.8881 -62.0822 2.4
    endloop
  endfacet
  facet normal 0 0 1
    outer loop
      vertex 32.8284 -61.8284 2.4
      vertex 32.7778 -62.164 2.4
      vertex 32.8881 -62.0822 2.4
    endloop
  endfacet
  facet normal -0 0 1
    outer loop
      vertex 32.5376 -62.092 2.4
      vertex 32.7778 -62.164 2.4
      vertex 32.8284 -61.8284 2.4
    endloop
  endfacet
  facet normal 0 0 1
    outer loop
      vertex 32.7778 -62.164 2.4
      vertex 32.5376 -62.092 2.4
      vertex 32.6599 -62.2347 2.4
    endloop
  endfacet
  facet normal 0 0 1
    outer loop
      vertex 32.5376 -62.092 2.4
      vertex 32.5358 -62.2934 2.4
      vertex 32.6599 -62.2347 2.4
    endloop
  endfacet
  facet normal 0 0 1
    outer loop
      vertex 32.5376 -62.092 2.4
      vertex 32.4064 -62.3397 2.4
      vertex 32.5358 -62.2934 2.4
    endloop
  endfacet
  facet normal -0 0 1
    outer loop
      vertex 32.2223 -62.3259 2.4
      vertex 32.4064 -62.3397 2.4
      vertex 32.5376 -62.092 2.4
    endloop
  endfacet
  facet normal 0 0 1
    outer loop
      vertex 32.4064 -62.3397 2.4
      vertex 32.2223 -62.3259 2.4
      vertex 32.2731 -62.3731 2.4
    endloop
  endfacet
  facet normal 0 0 1
    outer loop
      vertex 32.2223 -62.3259 2.4
      vertex 32.1372 -62.3932 2.4
      vertex 32.2731 -62.3731 2.4
    endloop
  endfacet
  facet normal 0 -0 1
    outer loop
      vertex 32.1372 -62.3932 2.4
      vertex 32.2223 -62.3259 2.4
      vertex 32.1074 -62.3947 2.4
    endloop
  endfacet
  facet normal -0 0 1
    outer loop
      vertex -30 55 2.4
      vertex -20.5853 -12.6576 2.4
      vertex -29.6079 55.0193 2.4
    endloop
  endfacet
  facet normal 0 0 1
    outer loop
      vertex -23 -15.6 2.4
      vertex -26.0193 -58.6079 2.4
      vertex -26 -59 2.4
    endloop
  endfacet
  facet normal 0 0 1
    outer loop
      vertex -20.5853 -12.6576 2.4
      vertex -30 55 2.4
      vertex -20.8708 -12.7292 2.4
    endloop
  endfacet
  facet normal 0 0 1
    outer loop
      vertex -23 -15.6 2.4
      vertex -26.0769 -58.2196 2.4
      vertex -26.0193 -58.6079 2.4
    endloop
  endfacet
  facet normal 0 0 1
    outer loop
      vertex -30.3921 55.0193 2.4
      vertex -20.8708 -12.7292 2.4
      vertex -30 55 2.4
    endloop
  endfacet
  facet normal 0 0 1
    outer loop
      vertex -23 -15.6 2.4
      vertex -26.1722 -57.8389 2.4
      vertex -26.0769 -58.2196 2.4
    endloop
  endfacet
  facet normal 0 0 1
    outer loop
      vertex -20.8708 -12.7292 2.4
      vertex -30.3921 55.0193 2.4
      vertex -21.148 -12.8284 2.4
    endloop
  endfacet
  facet normal 0 0 1
    outer loop
      vertex -23 -15.6 2.4
      vertex -26.3045 -57.4693 2.4
      vertex -26.1722 -57.8389 2.4
    endloop
  endfacet
  facet normal 0 0 1
    outer loop
      vertex -30.7804 55.0769 2.4
      vertex -21.148 -12.8284 2.4
      vertex -30.3921 55.0193 2.4
    endloop
  endfacet
  facet normal 0 0 1
    outer loop
      vertex -23 -15.6 2.4
      vertex -26.4723 -57.1144 2.4
      vertex -26.3045 -57.4693 2.4
    endloop
  endfacet
  facet normal 0 0 1
    outer loop
      vertex -21.148 -12.8284 2.4
      vertex -30.7804 55.0769 2.4
      vertex -21.4142 -12.9542 2.4
    endloop
  endfacet
  facet normal 0 0 1
    outer loop
      vertex -23 -15.6 2.4
      vertex -26.6741 -56.7777 2.4
      vertex -26.4723 -57.1144 2.4
    endloop
  endfacet
  facet normal 0 0 1
    outer loop
      vertex -31.1611 55.1722 2.4
      vertex -21.4142 -12.9542 2.4
      vertex -30.7804 55.0769 2.4
    endloop
  endfacet
  facet normal 0 0 1
    outer loop
      vertex -23 -15.6 2.4
      vertex -26.908 -56.4624 2.4
      vertex -26.6741 -56.7777 2.4
    endloop
  endfacet
  facet normal 0 0 1
    outer loop
      vertex -21.4142 -12.9542 2.4
      vertex -31.1611 55.1722 2.4
      vertex -21.6667 -13.1056 2.4
    endloop
  endfacet
  facet normal 0 0 1
    outer loop
      vertex -23 -15.6 2.4
      vertex -27.1716 -56.1716 2.4
      vertex -26.908 -56.4624 2.4
    endloop
  endfacet
  facet normal 0 0 1
    outer loop
      vertex -31.5307 55.3045 2.4
      vertex -21.6667 -13.1056 2.4
      vertex -31.1611 55.1722 2.4
    endloop
  endfacet
  facet normal 0 0 1
    outer loop
      vertex -23 -15.6 2.4
      vertex -27.4624 -55.908 2.4
      vertex -27.1716 -56.1716 2.4
    endloop
  endfacet
  facet normal 0 0 1
    outer loop
      vertex -21.6667 -13.1056 2.4
      vertex -31.5307 55.3045 2.4
      vertex -21.9032 -13.281 2.4
    endloop
  endfacet
  facet normal 0 0 1
    outer loop
      vertex -23 -15.6 2.4
      vertex -27.7777 -55.6741 2.4
      vertex -27.4624 -55.908 2.4
    endloop
  endfacet
  facet normal 0 0 1
    outer loop
      vertex -31.8856 55.4723 2.4
      vertex -21.9032 -13.281 2.4
      vertex -31.5307 55.3045 2.4
    endloop
  endfacet
  facet normal 0 0 1
    outer loop
      vertex -23 -15.6 2.4
      vertex -28.1144 -55.4723 2.4
      vertex -27.7777 -55.6741 2.4
    endloop
  endfacet
  facet normal 0 0 1
    outer loop
      vertex -21.9032 -13.281 2.4
      vertex -31.8856 55.4723 2.4
      vertex -22.1213 -13.4787 2.4
    endloop
  endfacet
  facet normal 0 0 1
    outer loop
      vertex -23 -15.6 2.4
      vertex -28.4693 -55.3045 2.4
      vertex -28.1144 -55.4723 2.4
    endloop
  endfacet
  facet normal 0 0 1
    outer loop
      vertex -32.2223 55.6741 2.4
      vertex -22.1213 -13.4787 2.4
      vertex -31.8856 55.4723 2.4
    endloop
  endfacet
  facet normal 0 0 1
    outer loop
      vertex -23 -15.6 2.4
      vertex -28.8389 -55.1722 2.4
      vertex -28.4693 -55.3045 2.4
    endloop
  endfacet
  facet normal 0 0 1
    outer loop
      vertex -22.1213 -13.4787 2.4
      vertex -32.2223 55.6741 2.4
      vertex -22.319 -13.6968 2.4
    endloop
  endfacet
  facet normal 0 0 1
    outer loop
      vertex -23 -15.6 2.4
      vertex -29.2196 -55.0769 2.4
      vertex -28.8389 -55.1722 2.4
    endloop
  endfacet
  facet normal 0 0 1
    outer loop
      vertex -22.319 -13.6968 2.4
      vertex -32.2223 55.6741 2.4
      vertex -22.4944 -13.9333 2.4
    endloop
  endfacet
  facet normal 0 0 1
    outer loop
      vertex -23 -15.6 2.4
      vertex -29.6079 -55.0193 2.4
      vertex -29.2196 -55.0769 2.4
    endloop
  endfacet
  facet normal 0 0 1
    outer loop
      vertex -32.5376 55.908 2.4
      vertex -22.4944 -13.9333 2.4
      vertex -32.2223 55.6741 2.4
    endloop
  endfacet
  facet normal 0 0 1
    outer loop
      vertex -23 -15.6 2.4
      vertex -30 -55 2.4
      vertex -29.6079 -55.0193 2.4
    endloop
  endfacet
  facet normal 0 0 1
    outer loop
      vertex -22.4944 -13.9333 2.4
      vertex -32.5376 55.908 2.4
      vertex -22.6458 -14.1858 2.4
    endloop
  endfacet
  facet normal 0 0 1
    outer loop
      vertex -23 -15.6 2.4
      vertex -30.3921 -55.0193 2.4
      vertex -30 -55 2.4
    endloop
  endfacet
  facet normal 0 0 1
    outer loop
      vertex -32.8284 56.1716 2.4
      vertex -22.6458 -14.1858 2.4
      vertex -32.5376 55.908 2.4
    endloop
  endfacet
  facet normal 0 0 1
    outer loop
      vertex -23 -15.6 2.4
      vertex -30.7804 -55.0769 2.4
      vertex -30.3921 -55.0193 2.4
    endloop
  endfacet
  facet normal 0 0 1
    outer loop
      vertex -22.6458 -14.1858 2.4
      vertex -32.8284 56.1716 2.4
      vertex -22.7716 -14.452 2.4
    endloop
  endfacet
  facet normal 0 0 1
    outer loop
      vertex -23 -15.6 2.4
      vertex -31.1611 -55.1722 2.4
      vertex -30.7804 -55.0769 2.4
    endloop
  endfacet
  facet normal 0 0 1
    outer loop
      vertex -33.092 56.4624 2.4
      vertex -22.7716 -14.452 2.4
      vertex -32.8284 56.1716 2.4
    endloop
  endfacet
  facet normal 0 0 1
    outer loop
      vertex -23 -15.6 2.4
      vertex -31.5307 -55.3045 2.4
      vertex -31.1611 -55.1722 2.4
    endloop
  endfacet
  facet normal 0 0 1
    outer loop
      vertex -22.7716 -14.452 2.4
      vertex -33.092 56.4624 2.4
      vertex -22.8708 -14.7291 2.4
    endloop
  endfacet
  facet normal 0 0 1
    outer loop
      vertex -23 -15.6 2.4
      vertex -31.8856 -55.4723 2.4
      vertex -31.5307 -55.3045 2.4
    endloop
  endfacet
  facet normal 0 0 1
    outer loop
      vertex -33.3259 56.7777 2.4
      vertex -22.8708 -14.7291 2.4
      vertex -33.092 56.4624 2.4
    endloop
  endfacet
  facet normal 0 0 1
    outer loop
      vertex -23 -15.6 2.4
      vertex -32.2223 -55.6741 2.4
      vertex -31.8856 -55.4723 2.4
    endloop
  endfacet
  facet normal 0 0 1
    outer loop
      vertex -22.8708 -14.7291 2.4
      vertex -33.3259 56.7777 2.4
      vertex -22.9424 -15.0147 2.4
    endloop
  endfacet
  facet normal 0 0 1
    outer loop
      vertex -23 -15.6 2.4
      vertex -32.5376 -55.908 2.4
      vertex -32.2223 -55.6741 2.4
    endloop
  endfacet
  facet normal 0 0 1
    outer loop
      vertex -33.4 56.9014 2.4
      vertex -22.9424 -15.0147 2.4
      vertex -33.3259 56.7777 2.4
    endloop
  endfacet
  facet normal 0 0 1
    outer loop
      vertex -23 -15.6 2.4
      vertex -32.8284 -56.1716 2.4
      vertex -32.5376 -55.908 2.4
    endloop
  endfacet
  facet normal 0 0 1
    outer loop
      vertex -22.9424 -15.0147 2.4
      vertex -33.4 56.9014 2.4
      vertex -22.9855 -15.306 2.4
    endloop
  endfacet
  facet normal 0 0 1
    outer loop
      vertex -23 -15.6 2.4
      vertex -33.092 -56.4624 2.4
      vertex -32.8284 -56.1716 2.4
    endloop
  endfacet
  facet normal 0 0 1
    outer loop
      vertex -33.4 -56.9014 2.4
      vertex -22.9855 -15.306 2.4
      vertex -33.4 56.9014 2.4
    endloop
  endfacet
  facet normal 0 0 1
    outer loop
      vertex -23 -15.6 2.4
      vertex -33.3259 -56.7777 2.4
      vertex -33.092 -56.4624 2.4
    endloop
  endfacet
  facet normal 0 0 1
    outer loop
      vertex -22.9855 -15.306 2.4
      vertex -33.4 -56.9014 2.4
      vertex -23 -15.6 2.4
    endloop
  endfacet
  facet normal 0 0 1
    outer loop
      vertex -23 -15.6 2.4
      vertex -33.4 -56.9014 2.4
      vertex -33.3259 -56.7777 2.4
    endloop
  endfacet
  facet normal -0 0 1
    outer loop
      vertex 22.4944 -53.2667 2.4
      vertex 26.908 -56.4624 2.4
      vertex 22.6458 -53.0142 2.4
    endloop
  endfacet
  facet normal 0 0 1
    outer loop
      vertex 26.0193 58.6079 2.4
      vertex 22.9855 -15.306 2.4
      vertex 23 -15.6 2.4
    endloop
  endfacet
  facet normal 0 0 1
    outer loop
      vertex 26.0193 58.6079 2.4
      vertex 22.9424 -15.0147 2.4
      vertex 22.9855 -15.306 2.4
    endloop
  endfacet
  facet normal 0 0 1
    outer loop
      vertex 26.0193 58.6079 2.4
      vertex 22.8708 -14.7291 2.4
      vertex 22.9424 -15.0147 2.4
    endloop
  endfacet
  facet normal 0 0 1
    outer loop
      vertex 26.0193 58.6079 2.4
      vertex 22.7716 -14.452 2.4
      vertex 22.8708 -14.7291 2.4
    endloop
  endfacet
  facet normal 0 0 1
    outer loop
      vertex 26.0193 58.6079 2.4
      vertex 22.6458 -14.1858 2.4
      vertex 22.7716 -14.452 2.4
    endloop
  endfacet
  facet normal 0 0 1
    outer loop
      vertex 26.0193 58.6079 2.4
      vertex 22.4944 -13.9333 2.4
      vertex 22.6458 -14.1858 2.4
    endloop
  endfacet
  facet normal 0 0 1
    outer loop
      vertex 26.0193 58.6079 2.4
      vertex 22.319 -13.6968 2.4
      vertex 22.4944 -13.9333 2.4
    endloop
  endfacet
  facet normal 0 0 1
    outer loop
      vertex -26 59 2.4
      vertex 26 59 2.4
      vertex 26.0193 59.3921 2.4
    endloop
  endfacet
  facet normal 0 0 1
    outer loop
      vertex 26.0193 58.6079 2.4
      vertex 22.1213 -13.4787 2.4
      vertex 22.319 -13.6968 2.4
    endloop
  endfacet
  facet normal 0 0 1
    outer loop
      vertex 26.0193 58.6079 2.4
      vertex 21.9032 -13.281 2.4
      vertex 22.1213 -13.4787 2.4
    endloop
  endfacet
  facet normal 0 0 1
    outer loop
      vertex 26.0193 58.6079 2.4
      vertex 21.6667 -13.1056 2.4
      vertex 21.9032 -13.281 2.4
    endloop
  endfacet
  facet normal 0 0 1
    outer loop
      vertex 26.0193 58.6079 2.4
      vertex 21.4142 -12.9542 2.4
      vertex 21.6667 -13.1056 2.4
    endloop
  endfacet
  facet normal 0 0 1
    outer loop
      vertex 26.0193 58.6079 2.4
      vertex 21.148 -12.8284 2.4
      vertex 21.4142 -12.9542 2.4
    endloop
  endfacet
  facet normal 0 0 1
    outer loop
      vertex 26.0193 58.6079 2.4
      vertex 20.8708 -12.7292 2.4
      vertex 21.148 -12.8284 2.4
    endloop
  endfacet
  facet normal 0 0 1
    outer loop
      vertex 26.0193 58.6079 2.4
      vertex 20.5853 -12.6576 2.4
      vertex 20.8708 -12.7292 2.4
    endloop
  endfacet
  facet normal 0 0 1
    outer loop
      vertex 26.0193 58.6079 2.4
      vertex 20.294 -12.6144 2.4
      vertex 20.5853 -12.6576 2.4
    endloop
  endfacet
  facet normal 0 0 1
    outer loop
      vertex 26.0193 58.6079 2.4
      vertex 20 -12.6 2.4
      vertex 20.294 -12.6144 2.4
    endloop
  endfacet
  facet normal 0 0 1
    outer loop
      vertex -26.3045 57.4693 2.4
      vertex 26.0193 58.6079 2.4
      vertex -26.1722 57.8389 2.4
    endloop
  endfacet
  facet normal 0 0 1
    outer loop
      vertex -26.0193 59.3921 2.4
      vertex 26.0193 59.3921 2.4
      vertex 26.0769 59.7804 2.4
    endloop
  endfacet
  facet normal 0 0 1
    outer loop
      vertex -26.0769 59.7804 2.4
      vertex 26.0769 59.7804 2.4
      vertex 26.1722 60.1611 2.4
    endloop
  endfacet
  facet normal 0 0 1
    outer loop
      vertex -26.1722 60.1611 2.4
      vertex 26.1722 60.1611 2.4
      vertex 26.3045 60.5307 2.4
    endloop
  endfacet
  facet normal 0 0 1
    outer loop
      vertex -26.3045 60.5307 2.4
      vertex 26.3045 60.5307 2.4
      vertex 26.4723 60.8856 2.4
    endloop
  endfacet
  facet normal 0 0 1
    outer loop
      vertex -26.4723 60.8856 2.4
      vertex 26.4723 60.8856 2.4
      vertex 26.6741 61.2223 2.4
    endloop
  endfacet
  facet normal 0 0 1
    outer loop
      vertex -26.0193 58.6079 2.4
      vertex 26.0193 58.6079 2.4
      vertex -26 59 2.4
    endloop
  endfacet
  facet normal 0 0 1
    outer loop
      vertex -26.0769 58.2196 2.4
      vertex 26.0193 58.6079 2.4
      vertex -26.0193 58.6079 2.4
    endloop
  endfacet
  facet normal 0 0 1
    outer loop
      vertex -26.1722 57.8389 2.4
      vertex 26.0193 58.6079 2.4
      vertex -26.0769 58.2196 2.4
    endloop
  endfacet
  facet normal 0 0 1
    outer loop
      vertex -26.4723 57.1144 2.4
      vertex 26.0193 58.6079 2.4
      vertex -26.3045 57.4693 2.4
    endloop
  endfacet
  facet normal 0 0 1
    outer loop
      vertex -26.6741 56.7777 2.4
      vertex 26.0193 58.6079 2.4
      vertex -26.4723 57.1144 2.4
    endloop
  endfacet
  facet normal 0 0 1
    outer loop
      vertex -26.908 56.4624 2.4
      vertex 26.0193 58.6079 2.4
      vertex -26.6741 56.7777 2.4
    endloop
  endfacet
  facet normal 0 0 1
    outer loop
      vertex -27.1716 56.1716 2.4
      vertex 26.0193 58.6079 2.4
      vertex -26.908 56.4624 2.4
    endloop
  endfacet
  facet normal 0 0 1
    outer loop
      vertex 26.0193 58.6079 2.4
      vertex -27.1716 56.1716 2.4
      vertex 20 -12.6 2.4
    endloop
  endfacet
  facet normal -0 0 1
    outer loop
      vertex -27.4624 55.908 2.4
      vertex 20 -12.6 2.4
      vertex -27.1716 56.1716 2.4
    endloop
  endfacet
  facet normal 0 0 1
    outer loop
      vertex 20 -12.6 2.4
      vertex -27.4624 55.908 2.4
      vertex -20 -12.6 2.4
    endloop
  endfacet
  facet normal 0 0 1
    outer loop
      vertex -20.294 -12.6144 2.4
      vertex -29.6079 55.0193 2.4
      vertex -20.5853 -12.6576 2.4
    endloop
  endfacet
  facet normal -0 0 1
    outer loop
      vertex -29.6079 55.0193 2.4
      vertex -20.294 -12.6144 2.4
      vertex -29.2196 55.0769 2.4
    endloop
  endfacet
  facet normal 0 0 1
    outer loop
      vertex -20 -12.6 2.4
      vertex -29.2196 55.0769 2.4
      vertex -20.294 -12.6144 2.4
    endloop
  endfacet
  facet normal -0 0 1
    outer loop
      vertex -29.2196 55.0769 2.4
      vertex -20 -12.6 2.4
      vertex -28.8389 55.1722 2.4
    endloop
  endfacet
  facet normal -0 0 1
    outer loop
      vertex -28.8389 55.1722 2.4
      vertex -20 -12.6 2.4
      vertex -28.4693 55.3045 2.4
    endloop
  endfacet
  facet normal -0 0 1
    outer loop
      vertex -28.4693 55.3045 2.4
      vertex -20 -12.6 2.4
      vertex -28.1144 55.4723 2.4
    endloop
  endfacet
  facet normal -0 0 1
    outer loop
      vertex -28.1144 55.4723 2.4
      vertex -20 -12.6 2.4
      vertex -27.7777 55.6741 2.4
    endloop
  endfacet
  facet normal -0 0 1
    outer loop
      vertex -27.7777 55.6741 2.4
      vertex -20 -12.6 2.4
      vertex -27.4624 55.908 2.4
    endloop
  endfacet
  facet normal 0 0 1
    outer loop
      vertex -26.6741 61.2223 2.4
      vertex 26.6741 61.2223 2.4
      vertex 26.908 61.5376 2.4
    endloop
  endfacet
  facet normal 0 0 1
    outer loop
      vertex -26.908 61.5376 2.4
      vertex 26.908 61.5376 2.4
      vertex 27.1716 61.8284 2.4
    endloop
  endfacet
  facet normal 0 0 1
    outer loop
      vertex -27.1716 61.8284 2.4
      vertex 27.1716 61.8284 2.4
      vertex 27.4624 62.092 2.4
    endloop
  endfacet
  facet normal 0 0 1
    outer loop
      vertex -27.4624 62.092 2.4
      vertex 27.4624 62.092 2.4
      vertex 27.7777 62.3259 2.4
    endloop
  endfacet
  facet normal 0 0 1
    outer loop
      vertex -27.7777 62.3259 2.4
      vertex 27.7777 62.3259 2.4
      vertex 27.9014 62.4 2.4
    endloop
  endfacet
  facet normal 0 0 1
    outer loop
      vertex 26.0193 59.3921 2.4
      vertex -26.0193 59.3921 2.4
      vertex -26 59 2.4
    endloop
  endfacet
  facet normal 0 0 1
    outer loop
      vertex 26.0769 59.7804 2.4
      vertex -26.0769 59.7804 2.4
      vertex -26.0193 59.3921 2.4
    endloop
  endfacet
  facet normal 0 0 1
    outer loop
      vertex 26.1722 60.1611 2.4
      vertex -26.1722 60.1611 2.4
      vertex -26.0769 59.7804 2.4
    endloop
  endfacet
  facet normal 0 0 1
    outer loop
      vertex 26.3045 60.5307 2.4
      vertex -26.3045 60.5307 2.4
      vertex -26.1722 60.1611 2.4
    endloop
  endfacet
  facet normal 0 0 1
    outer loop
      vertex 26.4723 60.8856 2.4
      vertex -26.4723 60.8856 2.4
      vertex -26.3045 60.5307 2.4
    endloop
  endfacet
  facet normal 0 0 1
    outer loop
      vertex 26.6741 61.2223 2.4
      vertex -26.6741 61.2223 2.4
      vertex -26.4723 60.8856 2.4
    endloop
  endfacet
  facet normal 0 0 1
    outer loop
      vertex 26.908 61.5376 2.4
      vertex -26.908 61.5376 2.4
      vertex -26.6741 61.2223 2.4
    endloop
  endfacet
  facet normal 0 0 1
    outer loop
      vertex 27.1716 61.8284 2.4
      vertex -27.1716 61.8284 2.4
      vertex -26.908 61.5376 2.4
    endloop
  endfacet
  facet normal 0 0 1
    outer loop
      vertex 27.4624 62.092 2.4
      vertex -27.4624 62.092 2.4
      vertex -27.1716 61.8284 2.4
    endloop
  endfacet
  facet normal 0 0 1
    outer loop
      vertex 27.7777 62.3259 2.4
      vertex -27.7777 62.3259 2.4
      vertex -27.4624 62.092 2.4
    endloop
  endfacet
  facet normal 0 -0 1
    outer loop
      vertex -27.7777 62.3259 2.4
      vertex 27.9014 62.4 2.4
      vertex -27.9014 62.4 2.4
    endloop
  endfacet
  facet normal 0 0 1
    outer loop
      vertex 23 -15.6 2.4
      vertex 33.4 56.9014 2.4
      vertex 33.3259 56.7777 2.4
    endloop
  endfacet
  facet normal 0 0 1
    outer loop
      vertex 33.4 56.9014 2.4
      vertex 23 -15.6 2.4
      vertex 33.4 -56.9014 2.4
    endloop
  endfacet
  facet normal 0 0 1
    outer loop
      vertex 23 -15.6 2.4
      vertex 33.3259 56.7777 2.4
      vertex 33.092 56.4624 2.4
    endloop
  endfacet
  facet normal 0 0 1
    outer loop
      vertex 33.4 -56.9014 2.4
      vertex 23 -15.6 2.4
      vertex 33.3259 -56.7777 2.4
    endloop
  endfacet
  facet normal 0 0 1
    outer loop
      vertex 23 -15.6 2.4
      vertex 33.092 56.4624 2.4
      vertex 32.8284 56.1716 2.4
    endloop
  endfacet
  facet normal 0 0 1
    outer loop
      vertex 33.3259 -56.7777 2.4
      vertex 23 -15.6 2.4
      vertex 33.092 -56.4624 2.4
    endloop
  endfacet
  facet normal 0 0 1
    outer loop
      vertex 23 -15.6 2.4
      vertex 32.8284 56.1716 2.4
      vertex 32.5376 55.908 2.4
    endloop
  endfacet
  facet normal 0 0 1
    outer loop
      vertex 33.092 -56.4624 2.4
      vertex 23 -15.6 2.4
      vertex 32.8284 -56.1716 2.4
    endloop
  endfacet
  facet normal 0 0 1
    outer loop
      vertex 23 -15.6 2.4
      vertex 32.5376 55.908 2.4
      vertex 32.2223 55.6741 2.4
    endloop
  endfacet
  facet normal 0 0 1
    outer loop
      vertex 32.8284 -56.1716 2.4
      vertex 23 -15.6 2.4
      vertex 32.5376 -55.908 2.4
    endloop
  endfacet
  facet normal 0 0 1
    outer loop
      vertex 23 -15.6 2.4
      vertex 32.2223 55.6741 2.4
      vertex 31.8856 55.4723 2.4
    endloop
  endfacet
  facet normal 0 0 1
    outer loop
      vertex 32.5376 -55.908 2.4
      vertex 23 -15.6 2.4
      vertex 32.2223 -55.6741 2.4
    endloop
  endfacet
  facet normal 0 0 1
    outer loop
      vertex 23 -15.6 2.4
      vertex 31.8856 55.4723 2.4
      vertex 31.5307 55.3045 2.4
    endloop
  endfacet
  facet normal 0 0 1
    outer loop
      vertex 32.2223 -55.6741 2.4
      vertex 23 -15.6 2.4
      vertex 31.8856 -55.4723 2.4
    endloop
  endfacet
  facet normal 0 0 1
    outer loop
      vertex 23 -15.6 2.4
      vertex 31.5307 55.3045 2.4
      vertex 31.1611 55.1722 2.4
    endloop
  endfacet
  facet normal 0 0 1
    outer loop
      vertex 31.8856 -55.4723 2.4
      vertex 23 -15.6 2.4
      vertex 31.5307 -55.3045 2.4
    endloop
  endfacet
  facet normal 0 0 1
    outer loop
      vertex 23 -15.6 2.4
      vertex 31.1611 55.1722 2.4
      vertex 30.7804 55.0769 2.4
    endloop
  endfacet
  facet normal 0 0 1
    outer loop
      vertex 31.5307 -55.3045 2.4
      vertex 23 -15.6 2.4
      vertex 31.1611 -55.1722 2.4
    endloop
  endfacet
  facet normal 0 0 1
    outer loop
      vertex 23 -15.6 2.4
      vertex 30.7804 55.0769 2.4
      vertex 30.3921 55.0193 2.4
    endloop
  endfacet
  facet normal 0 0 1
    outer loop
      vertex 31.1611 -55.1722 2.4
      vertex 23 -15.6 2.4
      vertex 30.7804 -55.0769 2.4
    endloop
  endfacet
  facet normal 0 0 1
    outer loop
      vertex 23 -15.6 2.4
      vertex 30.3921 55.0193 2.4
      vertex 30 55 2.4
    endloop
  endfacet
  facet normal -0 0 1
    outer loop
      vertex 23 -51.6 2.4
      vertex 30.7804 -55.0769 2.4
      vertex 23 -15.6 2.4
    endloop
  endfacet
  facet normal 0 0 1
    outer loop
      vertex 23 -15.6 2.4
      vertex 30 55 2.4
      vertex 29.6079 55.0193 2.4
    endloop
  endfacet
  facet normal 0 0 1
    outer loop
      vertex 30.7804 -55.0769 2.4
      vertex 23 -51.6 2.4
      vertex 30.3921 -55.0193 2.4
    endloop
  endfacet
  facet normal 0 0 1
    outer loop
      vertex 23 -15.6 2.4
      vertex 29.6079 55.0193 2.4
      vertex 29.2196 55.0769 2.4
    endloop
  endfacet
  facet normal 0 0 1
    outer loop
      vertex 30.3921 -55.0193 2.4
      vertex 23 -51.6 2.4
      vertex 30 -55 2.4
    endloop
  endfacet
  facet normal 0 0 1
    outer loop
      vertex 23 -15.6 2.4
      vertex 29.2196 55.0769 2.4
      vertex 28.8389 55.1722 2.4
    endloop
  endfacet
  facet normal 0 0 1
    outer loop
      vertex 30 -55 2.4
      vertex 23 -51.6 2.4
      vertex 29.6079 -55.0193 2.4
    endloop
  endfacet
  facet normal 0 0 1
    outer loop
      vertex 23 -15.6 2.4
      vertex 28.8389 55.1722 2.4
      vertex 28.4693 55.3045 2.4
    endloop
  endfacet
  facet normal 0 0 1
    outer loop
      vertex 29.6079 -55.0193 2.4
      vertex 23 -51.6 2.4
      vertex 29.2196 -55.0769 2.4
    endloop
  endfacet
  facet normal 0 0 1
    outer loop
      vertex 23 -15.6 2.4
      vertex 28.4693 55.3045 2.4
      vertex 28.1144 55.4723 2.4
    endloop
  endfacet
  facet normal 0 0 1
    outer loop
      vertex 29.2196 -55.0769 2.4
      vertex 23 -51.6 2.4
      vertex 28.8389 -55.1722 2.4
    endloop
  endfacet
  facet normal 0 0 1
    outer loop
      vertex 23 -15.6 2.4
      vertex 28.1144 55.4723 2.4
      vertex 27.7777 55.6741 2.4
    endloop
  endfacet
  facet normal 0 0 1
    outer loop
      vertex 28.8389 -55.1722 2.4
      vertex 23 -51.6 2.4
      vertex 28.4693 -55.3045 2.4
    endloop
  endfacet
  facet normal 0 0 1
    outer loop
      vertex 23 -15.6 2.4
      vertex 27.7777 55.6741 2.4
      vertex 27.4624 55.908 2.4
    endloop
  endfacet
  facet normal -0 0 1
    outer loop
      vertex 22.9855 -51.894 2.4
      vertex 28.4693 -55.3045 2.4
      vertex 23 -51.6 2.4
    endloop
  endfacet
  facet normal 0 0 1
    outer loop
      vertex 23 -15.6 2.4
      vertex 27.4624 55.908 2.4
      vertex 27.1716 56.1716 2.4
    endloop
  endfacet
  facet normal 0 0 1
    outer loop
      vertex 28.4693 -55.3045 2.4
      vertex 22.9855 -51.894 2.4
      vertex 28.1144 -55.4723 2.4
    endloop
  endfacet
  facet normal 0 0 1
    outer loop
      vertex 23 -15.6 2.4
      vertex 27.1716 56.1716 2.4
      vertex 26.908 56.4624 2.4
    endloop
  endfacet
  facet normal -0 0 1
    outer loop
      vertex 22.9424 -52.1853 2.4
      vertex 28.1144 -55.4723 2.4
      vertex 22.9855 -51.894 2.4
    endloop
  endfacet
  facet normal 0 0 1
    outer loop
      vertex 23 -15.6 2.4
      vertex 26.908 56.4624 2.4
      vertex 26.6741 56.7777 2.4
    endloop
  endfacet
  facet normal 0 0 1
    outer loop
      vertex 28.1144 -55.4723 2.4
      vertex 22.9424 -52.1853 2.4
      vertex 27.7777 -55.6741 2.4
    endloop
  endfacet
  facet normal 0 0 1
    outer loop
      vertex 23 -15.6 2.4
      vertex 26.6741 56.7777 2.4
      vertex 26.4723 57.1144 2.4
    endloop
  endfacet
  facet normal -0 0 1
    outer loop
      vertex 22.8708 -52.4708 2.4
      vertex 27.7777 -55.6741 2.4
      vertex 22.9424 -52.1853 2.4
    endloop
  endfacet
  facet normal 0 0 1
    outer loop
      vertex 23 -15.6 2.4
      vertex 26.4723 57.1144 2.4
      vertex 26.3045 57.4693 2.4
    endloop
  endfacet
  facet normal 0 0 1
    outer loop
      vertex 27.7777 -55.6741 2.4
      vertex 22.8708 -52.4708 2.4
      vertex 27.4624 -55.908 2.4
    endloop
  endfacet
  facet normal 0 0 1
    outer loop
      vertex 23 -15.6 2.4
      vertex 26.3045 57.4693 2.4
      vertex 26.1722 57.8389 2.4
    endloop
  endfacet
  facet normal -0 0 1
    outer loop
      vertex 22.7716 -52.748 2.4
      vertex 27.4624 -55.908 2.4
      vertex 22.8708 -52.4708 2.4
    endloop
  endfacet
  facet normal 0 0 1
    outer loop
      vertex 23 -15.6 2.4
      vertex 26.1722 57.8389 2.4
      vertex 26.0769 58.2196 2.4
    endloop
  endfacet
  facet normal 0 0 1
    outer loop
      vertex 27.4624 -55.908 2.4
      vertex 22.7716 -52.748 2.4
      vertex 27.1716 -56.1716 2.4
    endloop
  endfacet
  facet normal 0 0 1
    outer loop
      vertex 23 -15.6 2.4
      vertex 26.0769 58.2196 2.4
      vertex 26.0193 58.6079 2.4
    endloop
  endfacet
  facet normal -0 0 1
    outer loop
      vertex 22.6458 -53.0142 2.4
      vertex 27.1716 -56.1716 2.4
      vertex 22.7716 -52.748 2.4
    endloop
  endfacet
  facet normal -0 0 1
    outer loop
      vertex -26 59 2.4
      vertex 26.0193 58.6079 2.4
      vertex 26 59 2.4
    endloop
  endfacet
  facet normal 0 0 1
    outer loop
      vertex 27.1716 -56.1716 2.4
      vertex 22.6458 -53.0142 2.4
      vertex 26.908 -56.4624 2.4
    endloop
  endfacet
  facet normal 0 0 1
    outer loop
      vertex 26.908 -56.4624 2.4
      vertex 22.4944 -53.2667 2.4
      vertex 26.6741 -56.7777 2.4
    endloop
  endfacet
  facet normal -0 0 1
    outer loop
      vertex 22.319 -53.5032 2.4
      vertex 26.6741 -56.7777 2.4
      vertex 22.4944 -53.2667 2.4
    endloop
  endfacet
  facet normal -0 0 1
    outer loop
      vertex 22.1213 -53.7213 2.4
      vertex 26.6741 -56.7777 2.4
      vertex 22.319 -53.5032 2.4
    endloop
  endfacet
  facet normal 0 0 1
    outer loop
      vertex 26.6741 -56.7777 2.4
      vertex 22.1213 -53.7213 2.4
      vertex 26.4723 -57.1144 2.4
    endloop
  endfacet
  facet normal -0 0 1
    outer loop
      vertex 21.9032 -53.919 2.4
      vertex 26.4723 -57.1144 2.4
      vertex 22.1213 -53.7213 2.4
    endloop
  endfacet
  facet normal 0 0 1
    outer loop
      vertex 26.4723 -57.1144 2.4
      vertex 21.9032 -53.919 2.4
      vertex 26.3045 -57.4693 2.4
    endloop
  endfacet
  facet normal -0 0 1
    outer loop
      vertex 21.6667 -54.0944 2.4
      vertex 26.3045 -57.4693 2.4
      vertex 21.9032 -53.919 2.4
    endloop
  endfacet
  facet normal 0 0 1
    outer loop
      vertex 26.3045 -57.4693 2.4
      vertex 21.6667 -54.0944 2.4
      vertex 26.1722 -57.8389 2.4
    endloop
  endfacet
  facet normal -0 0 1
    outer loop
      vertex 21.4142 -54.2458 2.4
      vertex 26.1722 -57.8389 2.4
      vertex 21.6667 -54.0944 2.4
    endloop
  endfacet
  facet normal 0 0 1
    outer loop
      vertex 26.1722 -57.8389 2.4
      vertex 21.4142 -54.2458 2.4
      vertex 26.0769 -58.2196 2.4
    endloop
  endfacet
  facet normal -0 0 1
    outer loop
      vertex 21.148 -54.3716 2.4
      vertex 26.0769 -58.2196 2.4
      vertex 21.4142 -54.2458 2.4
    endloop
  endfacet
  facet normal 0 0 1
    outer loop
      vertex 26.0769 -58.2196 2.4
      vertex 21.148 -54.3716 2.4
      vertex 26.0193 -58.6079 2.4
    endloop
  endfacet
  facet normal -0 0 1
    outer loop
      vertex 20.8708 -54.4708 2.4
      vertex 26.0193 -58.6079 2.4
      vertex 21.148 -54.3716 2.4
    endloop
  endfacet
  facet normal 0 0 1
    outer loop
      vertex 26.0193 -58.6079 2.4
      vertex 20.8708 -54.4708 2.4
      vertex 26 -59 2.4
    endloop
  endfacet
  facet normal -0 0 1
    outer loop
      vertex 20.5853 -54.5424 2.4
      vertex 26 -59 2.4
      vertex 20.8708 -54.4708 2.4
    endloop
  endfacet
  facet normal -0 0 1
    outer loop
      vertex 20.294 -54.5855 2.4
      vertex 26 -59 2.4
      vertex 20.5853 -54.5424 2.4
    endloop
  endfacet
  facet normal 0 0 1
    outer loop
      vertex 26 -59 2.4
      vertex 20.294 -54.5855 2.4
      vertex 26.0193 -59.3921 2.4
    endloop
  endfacet
  facet normal -0 0 1
    outer loop
      vertex 20 -54.6 2.4
      vertex 26.0193 -59.3921 2.4
      vertex 20.294 -54.5855 2.4
    endloop
  endfacet
  facet normal 0 0 1
    outer loop
      vertex 26.0193 -59.3921 2.4
      vertex 20 -54.6 2.4
      vertex 26.0769 -59.7804 2.4
    endloop
  endfacet
  facet normal 0 0 1
    outer loop
      vertex 26.0769 -59.7804 2.4
      vertex 20 -54.6 2.4
      vertex 26.1722 -60.1611 2.4
    endloop
  endfacet
  facet normal 0 0 1
    outer loop
      vertex 26.1722 -60.1611 2.4
      vertex 20 -54.6 2.4
      vertex 26.3045 -60.5307 2.4
    endloop
  endfacet
  facet normal 0 0 1
    outer loop
      vertex 26.3045 -60.5307 2.4
      vertex 20 -54.6 2.4
      vertex 26.4723 -60.8856 2.4
    endloop
  endfacet
  facet normal 0 0 1
    outer loop
      vertex 26.4723 -60.8856 2.4
      vertex 20 -54.6 2.4
      vertex 26.6741 -61.2223 2.4
    endloop
  endfacet
  facet normal 0 0 1
    outer loop
      vertex 26.6741 -61.2223 2.4
      vertex 20 -54.6 2.4
      vertex 26.908 -61.5376 2.4
    endloop
  endfacet
  facet normal -0 0 1
    outer loop
      vertex -20 -54.6 2.4
      vertex 26.908 -61.5376 2.4
      vertex 20 -54.6 2.4
    endloop
  endfacet
  facet normal -0 0 1
    outer loop
      vertex -26.6741 -61.2223 2.4
      vertex 26.908 -61.5376 2.4
      vertex -20 -54.6 2.4
    endloop
  endfacet
  facet normal 0 0 1
    outer loop
      vertex -26.908 -61.5376 2.4
      vertex 26.908 -61.5376 2.4
      vertex -26.6741 -61.2223 2.4
    endloop
  endfacet
  facet normal 0 0 1
    outer loop
      vertex 26.908 -61.5376 2.4
      vertex -26.908 -61.5376 2.4
      vertex 27.1716 -61.8284 2.4
    endloop
  endfacet
  facet normal 0 0 1
    outer loop
      vertex -27.1716 -61.8284 2.4
      vertex 27.1716 -61.8284 2.4
      vertex -26.908 -61.5376 2.4
    endloop
  endfacet
  facet normal 0 0 1
    outer loop
      vertex -26.0193 -59.3921 2.4
      vertex -20 -54.6 2.4
      vertex -20.294 -54.5855 2.4
    endloop
  endfacet
  facet normal 0 0 1
    outer loop
      vertex -26 -59 2.4
      vertex -20.294 -54.5855 2.4
      vertex -20.5853 -54.5424 2.4
    endloop
  endfacet
  facet normal 0 0 1
    outer loop
      vertex -23 -15.6 2.4
      vertex -26 -59 2.4
      vertex -23 -51.6 2.4
    endloop
  endfacet
  facet normal 0 0 1
    outer loop
      vertex -26 -59 2.4
      vertex -22.9855 -51.894 2.4
      vertex -23 -51.6 2.4
    endloop
  endfacet
  facet normal 0 0 1
    outer loop
      vertex -26 -59 2.4
      vertex -22.9424 -52.1853 2.4
      vertex -22.9855 -51.894 2.4
    endloop
  endfacet
  facet normal 0 0 1
    outer loop
      vertex -26 -59 2.4
      vertex -22.8708 -52.4708 2.4
      vertex -22.9424 -52.1853 2.4
    endloop
  endfacet
  facet normal 0 0 1
    outer loop
      vertex -26 -59 2.4
      vertex -22.7716 -52.748 2.4
      vertex -22.8708 -52.4708 2.4
    endloop
  endfacet
  facet normal 0 0 1
    outer loop
      vertex -26 -59 2.4
      vertex -22.6458 -53.0142 2.4
      vertex -22.7716 -52.748 2.4
    endloop
  endfacet
  facet normal 0 0 1
    outer loop
      vertex -26 -59 2.4
      vertex -22.4944 -53.2667 2.4
      vertex -22.6458 -53.0142 2.4
    endloop
  endfacet
  facet normal 0 0 1
    outer loop
      vertex -26 -59 2.4
      vertex -22.319 -53.5032 2.4
      vertex -22.4944 -53.2667 2.4
    endloop
  endfacet
  facet normal 0 0 1
    outer loop
      vertex -26 -59 2.4
      vertex -22.1213 -53.7213 2.4
      vertex -22.319 -53.5032 2.4
    endloop
  endfacet
  facet normal 0 0 1
    outer loop
      vertex -26 -59 2.4
      vertex -21.9032 -53.919 2.4
      vertex -22.1213 -53.7213 2.4
    endloop
  endfacet
  facet normal 0 0 1
    outer loop
      vertex -26 -59 2.4
      vertex -21.6667 -54.0944 2.4
      vertex -21.9032 -53.919 2.4
    endloop
  endfacet
  facet normal 0 0 1
    outer loop
      vertex -26 -59 2.4
      vertex -21.4142 -54.2458 2.4
      vertex -21.6667 -54.0944 2.4
    endloop
  endfacet
  facet normal 0 0 1
    outer loop
      vertex -26 -59 2.4
      vertex -21.148 -54.3716 2.4
      vertex -21.4142 -54.2458 2.4
    endloop
  endfacet
  facet normal 0 0 1
    outer loop
      vertex -26 -59 2.4
      vertex -20.8708 -54.4708 2.4
      vertex -21.148 -54.3716 2.4
    endloop
  endfacet
  facet normal 0 0 1
    outer loop
      vertex -26 -59 2.4
      vertex -20.5853 -54.5424 2.4
      vertex -20.8708 -54.4708 2.4
    endloop
  endfacet
  facet normal 0 0 1
    outer loop
      vertex -20.294 -54.5855 2.4
      vertex -26 -59 2.4
      vertex -26.0193 -59.3921 2.4
    endloop
  endfacet
  facet normal 0 0 1
    outer loop
      vertex -20 -54.6 2.4
      vertex -26.0193 -59.3921 2.4
      vertex -26.0769 -59.7804 2.4
    endloop
  endfacet
  facet normal 0 0 1
    outer loop
      vertex -20 -54.6 2.4
      vertex -26.0769 -59.7804 2.4
      vertex -26.1722 -60.1611 2.4
    endloop
  endfacet
  facet normal 0 0 1
    outer loop
      vertex -20 -54.6 2.4
      vertex -26.1722 -60.1611 2.4
      vertex -26.3045 -60.5307 2.4
    endloop
  endfacet
  facet normal 0 0 1
    outer loop
      vertex -20 -54.6 2.4
      vertex -26.3045 -60.5307 2.4
      vertex -26.4723 -60.8856 2.4
    endloop
  endfacet
  facet normal 0 0 1
    outer loop
      vertex -20 -54.6 2.4
      vertex -26.4723 -60.8856 2.4
      vertex -26.6741 -61.2223 2.4
    endloop
  endfacet
  facet normal 0 0 1
    outer loop
      vertex 27.1716 -61.8284 2.4
      vertex -27.1716 -61.8284 2.4
      vertex 27.4624 -62.092 2.4
    endloop
  endfacet
  facet normal 0 0 1
    outer loop
      vertex -27.4624 -62.092 2.4
      vertex 27.4624 -62.092 2.4
      vertex -27.1716 -61.8284 2.4
    endloop
  endfacet
  facet normal 0 0 1
    outer loop
      vertex 27.4624 -62.092 2.4
      vertex -27.4624 -62.092 2.4
      vertex 27.7777 -62.3259 2.4
    endloop
  endfacet
  facet normal 0 0 1
    outer loop
      vertex -27.7777 -62.3259 2.4
      vertex 27.7777 -62.3259 2.4
      vertex -27.4624 -62.092 2.4
    endloop
  endfacet
  facet normal 0 0 1
    outer loop
      vertex 27.7777 -62.3259 2.4
      vertex -27.7777 -62.3259 2.4
      vertex 27.9014 -62.4 2.4
    endloop
  endfacet
  facet normal 0 0 1
    outer loop
      vertex 27.9014 -62.4 2.4
      vertex -27.7777 -62.3259 2.4
      vertex -27.9014 -62.4 2.4
    endloop
  endfacet
  facet normal 0 0 1
    outer loop
      vertex -28.4077 -58.8432 2.4
      vertex -28.4077 -59.1568 2.4
      vertex -28.4 -59 2.4
    endloop
  endfacet
  facet normal 0 0 1
    outer loop
      vertex -28.4307 -58.6879 2.4
      vertex -28.4077 -59.1568 2.4
      vertex -28.4077 -58.8432 2.4
    endloop
  endfacet
  facet normal 0 0 1
    outer loop
      vertex -28.4307 -58.6879 2.4
      vertex -28.4307 -59.3121 2.4
      vertex -28.4077 -59.1568 2.4
    endloop
  endfacet
  facet normal 0 0 1
    outer loop
      vertex -28.4689 -58.5355 2.4
      vertex -28.4307 -59.3121 2.4
      vertex -28.4307 -58.6879 2.4
    endloop
  endfacet
  facet normal 0 0 1
    outer loop
      vertex -28.4689 -58.5355 2.4
      vertex -28.4689 -59.4645 2.4
      vertex -28.4307 -59.3121 2.4
    endloop
  endfacet
  facet normal 0 0 1
    outer loop
      vertex -28.5218 -58.3877 2.4
      vertex -28.4689 -59.4645 2.4
      vertex -28.4689 -58.5355 2.4
    endloop
  endfacet
  facet normal 0 0 1
    outer loop
      vertex -28.5218 -58.3877 2.4
      vertex -28.5218 -59.6123 2.4
      vertex -28.4689 -59.4645 2.4
    endloop
  endfacet
  facet normal 0 0 1
    outer loop
      vertex -28.5889 -58.2458 2.4
      vertex -28.5218 -59.6123 2.4
      vertex -28.5218 -58.3877 2.4
    endloop
  endfacet
  facet normal 0 0 1
    outer loop
      vertex -28.5889 -58.2458 2.4
      vertex -28.5889 -59.7542 2.4
      vertex -28.5218 -59.6123 2.4
    endloop
  endfacet
  facet normal 0 0 1
    outer loop
      vertex -28.6696 -58.1111 2.4
      vertex -28.5889 -59.7542 2.4
      vertex -28.5889 -58.2458 2.4
    endloop
  endfacet
  facet normal 0 0 1
    outer loop
      vertex -28.6696 -58.1111 2.4
      vertex -28.6696 -59.8889 2.4
      vertex -28.5889 -59.7542 2.4
    endloop
  endfacet
  facet normal 0 0 1
    outer loop
      vertex -28.7632 -57.985 2.4
      vertex -28.6696 -59.8889 2.4
      vertex -28.6696 -58.1111 2.4
    endloop
  endfacet
  facet normal 0 0 1
    outer loop
      vertex -28.7632 -57.985 2.4
      vertex -28.7632 -60.015 2.4
      vertex -28.6696 -59.8889 2.4
    endloop
  endfacet
  facet normal 0 0 1
    outer loop
      vertex -28.8686 -57.8686 2.4
      vertex -28.7632 -60.015 2.4
      vertex -28.7632 -57.985 2.4
    endloop
  endfacet
  facet normal 0 0 1
    outer loop
      vertex -28.8686 -57.8686 2.4
      vertex -28.8686 -60.1314 2.4
      vertex -28.7632 -60.015 2.4
    endloop
  endfacet
  facet normal 0 0 1
    outer loop
      vertex -28.985 -57.7632 2.4
      vertex -28.8686 -60.1314 2.4
      vertex -28.8686 -57.8686 2.4
    endloop
  endfacet
  facet normal 0 0 1
    outer loop
      vertex -28.985 -57.7632 2.4
      vertex -28.985 -60.2368 2.4
      vertex -28.8686 -60.1314 2.4
    endloop
  endfacet
  facet normal 0 0 1
    outer loop
      vertex -29.1111 -57.6696 2.4
      vertex -28.985 -60.2368 2.4
      vertex -28.985 -57.7632 2.4
    endloop
  endfacet
  facet normal 0 0 1
    outer loop
      vertex -29.1111 -57.6696 2.4
      vertex -29.1111 -60.3304 2.4
      vertex -28.985 -60.2368 2.4
    endloop
  endfacet
  facet normal 0 0 1
    outer loop
      vertex -29.2458 -57.5889 2.4
      vertex -29.1111 -60.3304 2.4
      vertex -29.1111 -57.6696 2.4
    endloop
  endfacet
  facet normal 0 0 1
    outer loop
      vertex -29.2458 -57.5889 2.4
      vertex -29.2458 -60.4111 2.4
      vertex -29.1111 -60.3304 2.4
    endloop
  endfacet
  facet normal 0 0 1
    outer loop
      vertex -29.3877 -57.5218 2.4
      vertex -29.2458 -60.4111 2.4
      vertex -29.2458 -57.5889 2.4
    endloop
  endfacet
  facet normal 0 0 1
    outer loop
      vertex -29.3877 -57.5218 2.4
      vertex -29.3877 -60.4782 2.4
      vertex -29.2458 -60.4111 2.4
    endloop
  endfacet
  facet normal 0 0 1
    outer loop
      vertex -29.5355 -57.4689 2.4
      vertex -29.3877 -60.4782 2.4
      vertex -29.3877 -57.5218 2.4
    endloop
  endfacet
  facet normal 0 0 1
    outer loop
      vertex -29.5355 -57.4689 2.4
      vertex -29.5355 -60.5311 2.4
      vertex -29.3877 -60.4782 2.4
    endloop
  endfacet
  facet normal 0 0 1
    outer loop
      vertex -29.6879 -57.4307 2.4
      vertex -29.5355 -60.5311 2.4
      vertex -29.5355 -57.4689 2.4
    endloop
  endfacet
  facet normal 0 0 1
    outer loop
      vertex -29.6879 -57.4307 2.4
      vertex -29.6879 -60.5693 2.4
      vertex -29.5355 -60.5311 2.4
    endloop
  endfacet
  facet normal 0 0 1
    outer loop
      vertex -29.8432 -57.4077 2.4
      vertex -29.6879 -60.5693 2.4
      vertex -29.6879 -57.4307 2.4
    endloop
  endfacet
  facet normal 0 0 1
    outer loop
      vertex -29.8432 -57.4077 2.4
      vertex -29.8432 -60.5923 2.4
      vertex -29.6879 -60.5693 2.4
    endloop
  endfacet
  facet normal 0 0 1
    outer loop
      vertex -30 -57.4 2.4
      vertex -29.8432 -60.5923 2.4
      vertex -29.8432 -57.4077 2.4
    endloop
  endfacet
  facet normal 0 0 1
    outer loop
      vertex -30 -57.4 2.4
      vertex -30 -60.6 2.4
      vertex -29.8432 -60.5923 2.4
    endloop
  endfacet
  facet normal -0 0 1
    outer loop
      vertex -30.1568 -57.4077 2.4
      vertex -30 -60.6 2.4
      vertex -30 -57.4 2.4
    endloop
  endfacet
  facet normal 0 0 1
    outer loop
      vertex -30.1568 -57.4077 2.4
      vertex -30.1568 -60.5923 2.4
      vertex -30 -60.6 2.4
    endloop
  endfacet
  facet normal -0 0 1
    outer loop
      vertex -30.3121 -57.4307 2.4
      vertex -30.1568 -60.5923 2.4
      vertex -30.1568 -57.4077 2.4
    endloop
  endfacet
  facet normal 0 0 1
    outer loop
      vertex -30.3121 -57.4307 2.4
      vertex -30.3121 -60.5693 2.4
      vertex -30.1568 -60.5923 2.4
    endloop
  endfacet
  facet normal -0 0 1
    outer loop
      vertex -30.4645 -57.4689 2.4
      vertex -30.3121 -60.5693 2.4
      vertex -30.3121 -57.4307 2.4
    endloop
  endfacet
  facet normal 0 0 1
    outer loop
      vertex -30.4645 -57.4689 2.4
      vertex -30.4645 -60.5311 2.4
      vertex -30.3121 -60.5693 2.4
    endloop
  endfacet
  facet normal -0 0 1
    outer loop
      vertex -30.6123 -57.5218 2.4
      vertex -30.4645 -60.5311 2.4
      vertex -30.4645 -57.4689 2.4
    endloop
  endfacet
  facet normal 0 0 1
    outer loop
      vertex -30.6123 -57.5218 2.4
      vertex -30.6123 -60.4782 2.4
      vertex -30.4645 -60.5311 2.4
    endloop
  endfacet
  facet normal -0 0 1
    outer loop
      vertex -30.7542 -57.5889 2.4
      vertex -30.6123 -60.4782 2.4
      vertex -30.6123 -57.5218 2.4
    endloop
  endfacet
  facet normal 0 0 1
    outer loop
      vertex -30.7542 -57.5889 2.4
      vertex -30.7542 -60.4111 2.4
      vertex -30.6123 -60.4782 2.4
    endloop
  endfacet
  facet normal -0 0 1
    outer loop
      vertex -30.8889 -57.6696 2.4
      vertex -30.7542 -60.4111 2.4
      vertex -30.7542 -57.5889 2.4
    endloop
  endfacet
  facet normal 0 0 1
    outer loop
      vertex -30.8889 -57.6696 2.4
      vertex -30.8889 -60.3304 2.4
      vertex -30.7542 -60.4111 2.4
    endloop
  endfacet
  facet normal -0 0 1
    outer loop
      vertex -31.015 -57.7632 2.4
      vertex -30.8889 -60.3304 2.4
      vertex -30.8889 -57.6696 2.4
    endloop
  endfacet
  facet normal 0 0 1
    outer loop
      vertex -31.015 -57.7632 2.4
      vertex -31.015 -60.2368 2.4
      vertex -30.8889 -60.3304 2.4
    endloop
  endfacet
  facet normal -0 0 1
    outer loop
      vertex -31.1314 -57.8686 2.4
      vertex -31.015 -60.2368 2.4
      vertex -31.015 -57.7632 2.4
    endloop
  endfacet
  facet normal 0 0 1
    outer loop
      vertex -31.1314 -57.8686 2.4
      vertex -31.1314 -60.1314 2.4
      vertex -31.015 -60.2368 2.4
    endloop
  endfacet
  facet normal -0 0 1
    outer loop
      vertex -31.2368 -57.985 2.4
      vertex -31.1314 -60.1314 2.4
      vertex -31.1314 -57.8686 2.4
    endloop
  endfacet
  facet normal 0 0 1
    outer loop
      vertex -31.2368 -57.985 2.4
      vertex -31.2368 -60.015 2.4
      vertex -31.1314 -60.1314 2.4
    endloop
  endfacet
  facet normal -0 0 1
    outer loop
      vertex -31.3304 -58.1111 2.4
      vertex -31.2368 -60.015 2.4
      vertex -31.2368 -57.985 2.4
    endloop
  endfacet
  facet normal 0 0 1
    outer loop
      vertex -31.3304 -58.1111 2.4
      vertex -31.3304 -59.8889 2.4
      vertex -31.2368 -60.015 2.4
    endloop
  endfacet
  facet normal -0 0 1
    outer loop
      vertex -31.4111 -58.2458 2.4
      vertex -31.3304 -59.8889 2.4
      vertex -31.3304 -58.1111 2.4
    endloop
  endfacet
  facet normal 0 0 1
    outer loop
      vertex -31.4111 -58.2458 2.4
      vertex -31.4111 -59.7542 2.4
      vertex -31.3304 -59.8889 2.4
    endloop
  endfacet
  facet normal -0 0 1
    outer loop
      vertex -31.4782 -58.3877 2.4
      vertex -31.4111 -59.7542 2.4
      vertex -31.4111 -58.2458 2.4
    endloop
  endfacet
  facet normal 0 0 1
    outer loop
      vertex -31.4782 -58.3877 2.4
      vertex -31.4782 -59.6123 2.4
      vertex -31.4111 -59.7542 2.4
    endloop
  endfacet
  facet normal -0 0 1
    outer loop
      vertex -31.5311 -58.5355 2.4
      vertex -31.4782 -59.6123 2.4
      vertex -31.4782 -58.3877 2.4
    endloop
  endfacet
  facet normal 0 0 1
    outer loop
      vertex -31.5311 -58.5355 2.4
      vertex -31.5311 -59.4645 2.4
      vertex -31.4782 -59.6123 2.4
    endloop
  endfacet
  facet normal -0 0 1
    outer loop
      vertex -31.5693 -58.6879 2.4
      vertex -31.5311 -59.4645 2.4
      vertex -31.5311 -58.5355 2.4
    endloop
  endfacet
  facet normal 0 0 1
    outer loop
      vertex -31.5693 -58.6879 2.4
      vertex -31.5693 -59.3121 2.4
      vertex -31.5311 -59.4645 2.4
    endloop
  endfacet
  facet normal -0 0 1
    outer loop
      vertex -31.5923 -58.8432 2.4
      vertex -31.5693 -59.3121 2.4
      vertex -31.5693 -58.6879 2.4
    endloop
  endfacet
  facet normal 0 0 1
    outer loop
      vertex -31.5923 -58.8432 2.4
      vertex -31.5923 -59.1568 2.4
      vertex -31.5693 -59.3121 2.4
    endloop
  endfacet
  facet normal 0 -0 1
    outer loop
      vertex -31.5923 -59.1568 2.4
      vertex -31.5923 -58.8432 2.4
      vertex -31.6 -59 2.4
    endloop
  endfacet
  facet normal 0 0 1
    outer loop
      vertex 31.5923 -58.8432 2.4
      vertex 31.5923 -59.1568 2.4
      vertex 31.6 -59 2.4
    endloop
  endfacet
  facet normal 0 0 1
    outer loop
      vertex 31.5693 -58.6879 2.4
      vertex 31.5923 -59.1568 2.4
      vertex 31.5923 -58.8432 2.4
    endloop
  endfacet
  facet normal 0 0 1
    outer loop
      vertex 31.5693 -58.6879 2.4
      vertex 31.5693 -59.3121 2.4
      vertex 31.5923 -59.1568 2.4
    endloop
  endfacet
  facet normal 0 0 1
    outer loop
      vertex 31.5311 -58.5355 2.4
      vertex 31.5693 -59.3121 2.4
      vertex 31.5693 -58.6879 2.4
    endloop
  endfacet
  facet normal 0 0 1
    outer loop
      vertex 31.5311 -58.5355 2.4
      vertex 31.5311 -59.4645 2.4
      vertex 31.5693 -59.3121 2.4
    endloop
  endfacet
  facet normal 0 0 1
    outer loop
      vertex 31.4782 -58.3877 2.4
      vertex 31.5311 -59.4645 2.4
      vertex 31.5311 -58.5355 2.4
    endloop
  endfacet
  facet normal 0 0 1
    outer loop
      vertex 31.4782 -58.3877 2.4
      vertex 31.4782 -59.6123 2.4
      vertex 31.5311 -59.4645 2.4
    endloop
  endfacet
  facet normal 0 0 1
    outer loop
      vertex 31.4111 -58.2458 2.4
      vertex 31.4782 -59.6123 2.4
      vertex 31.4782 -58.3877 2.4
    endloop
  endfacet
  facet normal 0 0 1
    outer loop
      vertex 31.4111 -58.2458 2.4
      vertex 31.4111 -59.7542 2.4
      vertex 31.4782 -59.6123 2.4
    endloop
  endfacet
  facet normal 0 0 1
    outer loop
      vertex 31.3304 -58.1111 2.4
      vertex 31.4111 -59.7542 2.4
      vertex 31.4111 -58.2458 2.4
    endloop
  endfacet
  facet normal 0 0 1
    outer loop
      vertex 31.3304 -58.1111 2.4
      vertex 31.3304 -59.8889 2.4
      vertex 31.4111 -59.7542 2.4
    endloop
  endfacet
  facet normal 0 0 1
    outer loop
      vertex 31.2368 -57.985 2.4
      vertex 31.3304 -59.8889 2.4
      vertex 31.3304 -58.1111 2.4
    endloop
  endfacet
  facet normal 0 0 1
    outer loop
      vertex 31.2368 -57.985 2.4
      vertex 31.2368 -60.015 2.4
      vertex 31.3304 -59.8889 2.4
    endloop
  endfacet
  facet normal 0 0 1
    outer loop
      vertex 31.1314 -57.8686 2.4
      vertex 31.2368 -60.015 2.4
      vertex 31.2368 -57.985 2.4
    endloop
  endfacet
  facet normal 0 0 1
    outer loop
      vertex 31.1314 -57.8686 2.4
      vertex 31.1314 -60.1314 2.4
      vertex 31.2368 -60.015 2.4
    endloop
  endfacet
  facet normal 0 0 1
    outer loop
      vertex 31.015 -57.7632 2.4
      vertex 31.1314 -60.1314 2.4
      vertex 31.1314 -57.8686 2.4
    endloop
  endfacet
  facet normal 0 0 1
    outer loop
      vertex 31.015 -57.7632 2.4
      vertex 31.015 -60.2368 2.4
      vertex 31.1314 -60.1314 2.4
    endloop
  endfacet
  facet normal 0 0 1
    outer loop
      vertex 30.8889 -57.6696 2.4
      vertex 31.015 -60.2368 2.4
      vertex 31.015 -57.7632 2.4
    endloop
  endfacet
  facet normal 0 0 1
    outer loop
      vertex 30.8889 -57.6696 2.4
      vertex 30.8889 -60.3304 2.4
      vertex 31.015 -60.2368 2.4
    endloop
  endfacet
  facet normal 0 0 1
    outer loop
      vertex 30.7542 -57.5889 2.4
      vertex 30.8889 -60.3304 2.4
      vertex 30.8889 -57.6696 2.4
    endloop
  endfacet
  facet normal 0 0 1
    outer loop
      vertex 30.7542 -57.5889 2.4
      vertex 30.7542 -60.4111 2.4
      vertex 30.8889 -60.3304 2.4
    endloop
  endfacet
  facet normal 0 0 1
    outer loop
      vertex 30.6123 -57.5218 2.4
      vertex 30.7542 -60.4111 2.4
      vertex 30.7542 -57.5889 2.4
    endloop
  endfacet
  facet normal 0 0 1
    outer loop
      vertex 30.6123 -57.5218 2.4
      vertex 30.6123 -60.4782 2.4
      vertex 30.7542 -60.4111 2.4
    endloop
  endfacet
  facet normal 0 0 1
    outer loop
      vertex 30.4645 -57.4689 2.4
      vertex 30.6123 -60.4782 2.4
      vertex 30.6123 -57.5218 2.4
    endloop
  endfacet
  facet normal 0 0 1
    outer loop
      vertex 30.4645 -57.4689 2.4
      vertex 30.4645 -60.5311 2.4
      vertex 30.6123 -60.4782 2.4
    endloop
  endfacet
  facet normal 0 0 1
    outer loop
      vertex 30.3121 -57.4307 2.4
      vertex 30.4645 -60.5311 2.4
      vertex 30.4645 -57.4689 2.4
    endloop
  endfacet
  facet normal 0 0 1
    outer loop
      vertex 30.3121 -57.4307 2.4
      vertex 30.3121 -60.5693 2.4
      vertex 30.4645 -60.5311 2.4
    endloop
  endfacet
  facet normal 0 0 1
    outer loop
      vertex 30.1568 -57.4077 2.4
      vertex 30.3121 -60.5693 2.4
      vertex 30.3121 -57.4307 2.4
    endloop
  endfacet
  facet normal 0 0 1
    outer loop
      vertex 30.1568 -57.4077 2.4
      vertex 30.1568 -60.5923 2.4
      vertex 30.3121 -60.5693 2.4
    endloop
  endfacet
  facet normal 0 0 1
    outer loop
      vertex 30 -57.4 2.4
      vertex 30.1568 -60.5923 2.4
      vertex 30.1568 -57.4077 2.4
    endloop
  endfacet
  facet normal 0 0 1
    outer loop
      vertex 30 -57.4 2.4
      vertex 30 -60.6 2.4
      vertex 30.1568 -60.5923 2.4
    endloop
  endfacet
  facet normal -0 0 1
    outer loop
      vertex 29.8432 -57.4077 2.4
      vertex 30 -60.6 2.4
      vertex 30 -57.4 2.4
    endloop
  endfacet
  facet normal 0 0 1
    outer loop
      vertex 29.8432 -57.4077 2.4
      vertex 29.8432 -60.5923 2.4
      vertex 30 -60.6 2.4
    endloop
  endfacet
  facet normal -0 0 1
    outer loop
      vertex 29.6879 -57.4307 2.4
      vertex 29.8432 -60.5923 2.4
      vertex 29.8432 -57.4077 2.4
    endloop
  endfacet
  facet normal 0 0 1
    outer loop
      vertex 29.6879 -57.4307 2.4
      vertex 29.6879 -60.5693 2.4
      vertex 29.8432 -60.5923 2.4
    endloop
  endfacet
  facet normal -0 0 1
    outer loop
      vertex 29.5355 -57.4689 2.4
      vertex 29.6879 -60.5693 2.4
      vertex 29.6879 -57.4307 2.4
    endloop
  endfacet
  facet normal 0 0 1
    outer loop
      vertex 29.5355 -57.4689 2.4
      vertex 29.5355 -60.5311 2.4
      vertex 29.6879 -60.5693 2.4
    endloop
  endfacet
  facet normal -0 0 1
    outer loop
      vertex 29.3877 -57.5218 2.4
      vertex 29.5355 -60.5311 2.4
      vertex 29.5355 -57.4689 2.4
    endloop
  endfacet
  facet normal 0 0 1
    outer loop
      vertex 29.3877 -57.5218 2.4
      vertex 29.3877 -60.4782 2.4
      vertex 29.5355 -60.5311 2.4
    endloop
  endfacet
  facet normal -0 0 1
    outer loop
      vertex 29.2458 -57.5889 2.4
      vertex 29.3877 -60.4782 2.4
      vertex 29.3877 -57.5218 2.4
    endloop
  endfacet
  facet normal 0 0 1
    outer loop
      vertex 29.2458 -57.5889 2.4
      vertex 29.2458 -60.4111 2.4
      vertex 29.3877 -60.4782 2.4
    endloop
  endfacet
  facet normal -0 0 1
    outer loop
      vertex 29.1111 -57.6696 2.4
      vertex 29.2458 -60.4111 2.4
      vertex 29.2458 -57.5889 2.4
    endloop
  endfacet
  facet normal 0 0 1
    outer loop
      vertex 29.1111 -57.6696 2.4
      vertex 29.1111 -60.3304 2.4
      vertex 29.2458 -60.4111 2.4
    endloop
  endfacet
  facet normal -0 0 1
    outer loop
      vertex 28.985 -57.7632 2.4
      vertex 29.1111 -60.3304 2.4
      vertex 29.1111 -57.6696 2.4
    endloop
  endfacet
  facet normal 0 0 1
    outer loop
      vertex 28.985 -57.7632 2.4
      vertex 28.985 -60.2368 2.4
      vertex 29.1111 -60.3304 2.4
    endloop
  endfacet
  facet normal -0 0 1
    outer loop
      vertex 28.8686 -57.8686 2.4
      vertex 28.985 -60.2368 2.4
      vertex 28.985 -57.7632 2.4
    endloop
  endfacet
  facet normal 0 0 1
    outer loop
      vertex 28.8686 -57.8686 2.4
      vertex 28.8686 -60.1314 2.4
      vertex 28.985 -60.2368 2.4
    endloop
  endfacet
  facet normal -0 0 1
    outer loop
      vertex 28.7632 -57.985 2.4
      vertex 28.8686 -60.1314 2.4
      vertex 28.8686 -57.8686 2.4
    endloop
  endfacet
  facet normal 0 0 1
    outer loop
      vertex 28.7632 -57.985 2.4
      vertex 28.7632 -60.015 2.4
      vertex 28.8686 -60.1314 2.4
    endloop
  endfacet
  facet normal -0 0 1
    outer loop
      vertex 28.6696 -58.1111 2.4
      vertex 28.7632 -60.015 2.4
      vertex 28.7632 -57.985 2.4
    endloop
  endfacet
  facet normal 0 0 1
    outer loop
      vertex 28.6696 -58.1111 2.4
      vertex 28.6696 -59.8889 2.4
      vertex 28.7632 -60.015 2.4
    endloop
  endfacet
  facet normal -0 0 1
    outer loop
      vertex 28.5889 -58.2458 2.4
      vertex 28.6696 -59.8889 2.4
      vertex 28.6696 -58.1111 2.4
    endloop
  endfacet
  facet normal 0 0 1
    outer loop
      vertex 28.5889 -58.2458 2.4
      vertex 28.5889 -59.7542 2.4
      vertex 28.6696 -59.8889 2.4
    endloop
  endfacet
  facet normal -0 0 1
    outer loop
      vertex 28.5218 -58.3877 2.4
      vertex 28.5889 -59.7542 2.4
      vertex 28.5889 -58.2458 2.4
    endloop
  endfacet
  facet normal 0 0 1
    outer loop
      vertex 28.5218 -58.3877 2.4
      vertex 28.5218 -59.6123 2.4
      vertex 28.5889 -59.7542 2.4
    endloop
  endfacet
  facet normal -0 0 1
    outer loop
      vertex 28.4689 -58.5355 2.4
      vertex 28.5218 -59.6123 2.4
      vertex 28.5218 -58.3877 2.4
    endloop
  endfacet
  facet normal 0 0 1
    outer loop
      vertex 28.4689 -58.5355 2.4
      vertex 28.4689 -59.4645 2.4
      vertex 28.5218 -59.6123 2.4
    endloop
  endfacet
  facet normal -0 0 1
    outer loop
      vertex 28.4307 -58.6879 2.4
      vertex 28.4689 -59.4645 2.4
      vertex 28.4689 -58.5355 2.4
    endloop
  endfacet
  facet normal 0 0 1
    outer loop
      vertex 28.4307 -58.6879 2.4
      vertex 28.4307 -59.3121 2.4
      vertex 28.4689 -59.4645 2.4
    endloop
  endfacet
  facet normal -0 0 1
    outer loop
      vertex 28.4077 -58.8432 2.4
      vertex 28.4307 -59.3121 2.4
      vertex 28.4307 -58.6879 2.4
    endloop
  endfacet
  facet normal 0 0 1
    outer loop
      vertex 28.4077 -58.8432 2.4
      vertex 28.4077 -59.1568 2.4
      vertex 28.4307 -59.3121 2.4
    endloop
  endfacet
  facet normal 0 -0 1
    outer loop
      vertex 28.4077 -59.1568 2.4
      vertex 28.4077 -58.8432 2.4
      vertex 28.4 -59 2.4
    endloop
  endfacet
  facet normal 0 0 1
    outer loop
      vertex -28.4077 59.1568 2.4
      vertex -28.4077 58.8432 2.4
      vertex -28.4 59 2.4
    endloop
  endfacet
  facet normal 0 0 1
    outer loop
      vertex -28.4307 59.3121 2.4
      vertex -28.4077 58.8432 2.4
      vertex -28.4077 59.1568 2.4
    endloop
  endfacet
  facet normal 0 0 1
    outer loop
      vertex -28.4307 59.3121 2.4
      vertex -28.4307 58.6879 2.4
      vertex -28.4077 58.8432 2.4
    endloop
  endfacet
  facet normal 0 0 1
    outer loop
      vertex -28.4689 59.4645 2.4
      vertex -28.4307 58.6879 2.4
      vertex -28.4307 59.3121 2.4
    endloop
  endfacet
  facet normal 0 0 1
    outer loop
      vertex -28.4689 59.4645 2.4
      vertex -28.4689 58.5355 2.4
      vertex -28.4307 58.6879 2.4
    endloop
  endfacet
  facet normal 0 0 1
    outer loop
      vertex -28.5218 59.6123 2.4
      vertex -28.4689 58.5355 2.4
      vertex -28.4689 59.4645 2.4
    endloop
  endfacet
  facet normal 0 0 1
    outer loop
      vertex -28.5218 59.6123 2.4
      vertex -28.5218 58.3877 2.4
      vertex -28.4689 58.5355 2.4
    endloop
  endfacet
  facet normal 0 0 1
    outer loop
      vertex -28.5889 59.7542 2.4
      vertex -28.5218 58.3877 2.4
      vertex -28.5218 59.6123 2.4
    endloop
  endfacet
  facet normal 0 0 1
    outer loop
      vertex -28.5889 59.7542 2.4
      vertex -28.5889 58.2458 2.4
      vertex -28.5218 58.3877 2.4
    endloop
  endfacet
  facet normal 0 0 1
    outer loop
      vertex -28.6696 59.8889 2.4
      vertex -28.5889 58.2458 2.4
      vertex -28.5889 59.7542 2.4
    endloop
  endfacet
  facet normal 0 0 1
    outer loop
      vertex -28.6696 59.8889 2.4
      vertex -28.6696 58.1111 2.4
      vertex -28.5889 58.2458 2.4
    endloop
  endfacet
  facet normal 0 0 1
    outer loop
      vertex -28.7632 60.015 2.4
      vertex -28.6696 58.1111 2.4
      vertex -28.6696 59.8889 2.4
    endloop
  endfacet
  facet normal 0 0 1
    outer loop
      vertex -28.7632 60.015 2.4
      vertex -28.7632 57.985 2.4
      vertex -28.6696 58.1111 2.4
    endloop
  endfacet
  facet normal 0 0 1
    outer loop
      vertex -28.8686 60.1314 2.4
      vertex -28.7632 57.985 2.4
      vertex -28.7632 60.015 2.4
    endloop
  endfacet
  facet normal 0 0 1
    outer loop
      vertex -28.8686 60.1314 2.4
      vertex -28.8686 57.8686 2.4
      vertex -28.7632 57.985 2.4
    endloop
  endfacet
  facet normal 0 0 1
    outer loop
      vertex -28.985 60.2368 2.4
      vertex -28.8686 57.8686 2.4
      vertex -28.8686 60.1314 2.4
    endloop
  endfacet
  facet normal 0 0 1
    outer loop
      vertex -28.985 60.2368 2.4
      vertex -28.985 57.7632 2.4
      vertex -28.8686 57.8686 2.4
    endloop
  endfacet
  facet normal 0 0 1
    outer loop
      vertex -29.1111 60.3304 2.4
      vertex -28.985 57.7632 2.4
      vertex -28.985 60.2368 2.4
    endloop
  endfacet
  facet normal 0 0 1
    outer loop
      vertex -29.1111 60.3304 2.4
      vertex -29.1111 57.6696 2.4
      vertex -28.985 57.7632 2.4
    endloop
  endfacet
  facet normal 0 0 1
    outer loop
      vertex -29.2458 60.4111 2.4
      vertex -29.1111 57.6696 2.4
      vertex -29.1111 60.3304 2.4
    endloop
  endfacet
  facet normal 0 0 1
    outer loop
      vertex -29.2458 60.4111 2.4
      vertex -29.2458 57.5889 2.4
      vertex -29.1111 57.6696 2.4
    endloop
  endfacet
  facet normal 0 0 1
    outer loop
      vertex -29.3877 60.4782 2.4
      vertex -29.2458 57.5889 2.4
      vertex -29.2458 60.4111 2.4
    endloop
  endfacet
  facet normal 0 0 1
    outer loop
      vertex -29.3877 60.4782 2.4
      vertex -29.3877 57.5218 2.4
      vertex -29.2458 57.5889 2.4
    endloop
  endfacet
  facet normal 0 0 1
    outer loop
      vertex -29.5355 60.5311 2.4
      vertex -29.3877 57.5218 2.4
      vertex -29.3877 60.4782 2.4
    endloop
  endfacet
  facet normal 0 0 1
    outer loop
      vertex -29.5355 60.5311 2.4
      vertex -29.5355 57.4689 2.4
      vertex -29.3877 57.5218 2.4
    endloop
  endfacet
  facet normal 0 0 1
    outer loop
      vertex -29.6879 60.5693 2.4
      vertex -29.5355 57.4689 2.4
      vertex -29.5355 60.5311 2.4
    endloop
  endfacet
  facet normal 0 0 1
    outer loop
      vertex -29.6879 60.5693 2.4
      vertex -29.6879 57.4307 2.4
      vertex -29.5355 57.4689 2.4
    endloop
  endfacet
  facet normal 0 0 1
    outer loop
      vertex -29.8432 60.5923 2.4
      vertex -29.6879 57.4307 2.4
      vertex -29.6879 60.5693 2.4
    endloop
  endfacet
  facet normal 0 0 1
    outer loop
      vertex -29.8432 60.5923 2.4
      vertex -29.8432 57.4077 2.4
      vertex -29.6879 57.4307 2.4
    endloop
  endfacet
  facet normal 0 0 1
    outer loop
      vertex -30 60.6 2.4
      vertex -29.8432 57.4077 2.4
      vertex -29.8432 60.5923 2.4
    endloop
  endfacet
  facet normal 0 0 1
    outer loop
      vertex -30 60.6 2.4
      vertex -30 57.4 2.4
      vertex -29.8432 57.4077 2.4
    endloop
  endfacet
  facet normal -0 0 1
    outer loop
      vertex -30.1568 60.5923 2.4
      vertex -30 57.4 2.4
      vertex -30 60.6 2.4
    endloop
  endfacet
  facet normal 0 0 1
    outer loop
      vertex -30.1568 60.5923 2.4
      vertex -30.1568 57.4077 2.4
      vertex -30 57.4 2.4
    endloop
  endfacet
  facet normal -0 0 1
    outer loop
      vertex -30.3121 60.5693 2.4
      vertex -30.1568 57.4077 2.4
      vertex -30.1568 60.5923 2.4
    endloop
  endfacet
  facet normal 0 0 1
    outer loop
      vertex -30.3121 60.5693 2.4
      vertex -30.3121 57.4307 2.4
      vertex -30.1568 57.4077 2.4
    endloop
  endfacet
  facet normal -0 0 1
    outer loop
      vertex -30.4645 60.5311 2.4
      vertex -30.3121 57.4307 2.4
      vertex -30.3121 60.5693 2.4
    endloop
  endfacet
  facet normal 0 0 1
    outer loop
      vertex -30.4645 60.5311 2.4
      vertex -30.4645 57.4689 2.4
      vertex -30.3121 57.4307 2.4
    endloop
  endfacet
  facet normal -0 0 1
    outer loop
      vertex -30.6123 60.4782 2.4
      vertex -30.4645 57.4689 2.4
      vertex -30.4645 60.5311 2.4
    endloop
  endfacet
  facet normal 0 0 1
    outer loop
      vertex -30.6123 60.4782 2.4
      vertex -30.6123 57.5218 2.4
      vertex -30.4645 57.4689 2.4
    endloop
  endfacet
  facet normal -0 0 1
    outer loop
      vertex -30.7542 60.4111 2.4
      vertex -30.6123 57.5218 2.4
      vertex -30.6123 60.4782 2.4
    endloop
  endfacet
  facet normal 0 0 1
    outer loop
      vertex -30.7542 60.4111 2.4
      vertex -30.7542 57.5889 2.4
      vertex -30.6123 57.5218 2.4
    endloop
  endfacet
  facet normal -0 0 1
    outer loop
      vertex -30.8889 60.3304 2.4
      vertex -30.7542 57.5889 2.4
      vertex -30.7542 60.4111 2.4
    endloop
  endfacet
  facet normal 0 0 1
    outer loop
      vertex -30.8889 60.3304 2.4
      vertex -30.8889 57.6696 2.4
      vertex -30.7542 57.5889 2.4
    endloop
  endfacet
  facet normal -0 0 1
    outer loop
      vertex -31.015 60.2368 2.4
      vertex -30.8889 57.6696 2.4
      vertex -30.8889 60.3304 2.4
    endloop
  endfacet
  facet normal 0 0 1
    outer loop
      vertex -31.015 60.2368 2.4
      vertex -31.015 57.7632 2.4
      vertex -30.8889 57.6696 2.4
    endloop
  endfacet
  facet normal -0 0 1
    outer loop
      vertex -31.1314 60.1314 2.4
      vertex -31.015 57.7632 2.4
      vertex -31.015 60.2368 2.4
    endloop
  endfacet
  facet normal 0 0 1
    outer loop
      vertex -31.1314 60.1314 2.4
      vertex -31.1314 57.8686 2.4
      vertex -31.015 57.7632 2.4
    endloop
  endfacet
  facet normal -0 0 1
    outer loop
      vertex -31.2368 60.015 2.4
      vertex -31.1314 57.8686 2.4
      vertex -31.1314 60.1314 2.4
    endloop
  endfacet
  facet normal 0 0 1
    outer loop
      vertex -31.2368 60.015 2.4
      vertex -31.2368 57.985 2.4
      vertex -31.1314 57.8686 2.4
    endloop
  endfacet
  facet normal -0 0 1
    outer loop
      vertex -31.3304 59.8889 2.4
      vertex -31.2368 57.985 2.4
      vertex -31.2368 60.015 2.4
    endloop
  endfacet
  facet normal 0 0 1
    outer loop
      vertex -31.3304 59.8889 2.4
      vertex -31.3304 58.1111 2.4
      vertex -31.2368 57.985 2.4
    endloop
  endfacet
  facet normal -0 0 1
    outer loop
      vertex -31.4111 59.7542 2.4
      vertex -31.3304 58.1111 2.4
      vertex -31.3304 59.8889 2.4
    endloop
  endfacet
  facet normal 0 0 1
    outer loop
      vertex -31.4111 59.7542 2.4
      vertex -31.4111 58.2458 2.4
      vertex -31.3304 58.1111 2.4
    endloop
  endfacet
  facet normal -0 0 1
    outer loop
      vertex -31.4782 59.6123 2.4
      vertex -31.4111 58.2458 2.4
      vertex -31.4111 59.7542 2.4
    endloop
  endfacet
  facet normal 0 0 1
    outer loop
      vertex -31.4782 59.6123 2.4
      vertex -31.4782 58.3877 2.4
      vertex -31.4111 58.2458 2.4
    endloop
  endfacet
  facet normal -0 0 1
    outer loop
      vertex -31.5311 59.4645 2.4
      vertex -31.4782 58.3877 2.4
      vertex -31.4782 59.6123 2.4
    endloop
  endfacet
  facet normal 0 0 1
    outer loop
      vertex -31.5311 59.4645 2.4
      vertex -31.5311 58.5355 2.4
      vertex -31.4782 58.3877 2.4
    endloop
  endfacet
  facet normal -0 0 1
    outer loop
      vertex -31.5693 59.3121 2.4
      vertex -31.5311 58.5355 2.4
      vertex -31.5311 59.4645 2.4
    endloop
  endfacet
  facet normal 0 0 1
    outer loop
      vertex -31.5693 59.3121 2.4
      vertex -31.5693 58.6879 2.4
      vertex -31.5311 58.5355 2.4
    endloop
  endfacet
  facet normal -0 0 1
    outer loop
      vertex -31.5923 59.1568 2.4
      vertex -31.5693 58.6879 2.4
      vertex -31.5693 59.3121 2.4
    endloop
  endfacet
  facet normal 0 0 1
    outer loop
      vertex -31.5923 59.1568 2.4
      vertex -31.5923 58.8432 2.4
      vertex -31.5693 58.6879 2.4
    endloop
  endfacet
  facet normal 0 -0 1
    outer loop
      vertex -31.5923 58.8432 2.4
      vertex -31.5923 59.1568 2.4
      vertex -31.6 59 2.4
    endloop
  endfacet
  facet normal 0 0 1
    outer loop
      vertex 31.5923 59.1568 2.4
      vertex 31.5923 58.8432 2.4
      vertex 31.6 59 2.4
    endloop
  endfacet
  facet normal 0 0 1
    outer loop
      vertex 31.5693 59.3121 2.4
      vertex 31.5923 58.8432 2.4
      vertex 31.5923 59.1568 2.4
    endloop
  endfacet
  facet normal 0 0 1
    outer loop
      vertex 31.5693 59.3121 2.4
      vertex 31.5693 58.6879 2.4
      vertex 31.5923 58.8432 2.4
    endloop
  endfacet
  facet normal 0 0 1
    outer loop
      vertex 31.5311 59.4645 2.4
      vertex 31.5693 58.6879 2.4
      vertex 31.5693 59.3121 2.4
    endloop
  endfacet
  facet normal 0 0 1
    outer loop
      vertex 31.5311 59.4645 2.4
      vertex 31.5311 58.5355 2.4
      vertex 31.5693 58.6879 2.4
    endloop
  endfacet
  facet normal 0 0 1
    outer loop
      vertex 31.4782 59.6123 2.4
      vertex 31.5311 58.5355 2.4
      vertex 31.5311 59.4645 2.4
    endloop
  endfacet
  facet normal 0 0 1
    outer loop
      vertex 31.4782 59.6123 2.4
      vertex 31.4782 58.3877 2.4
      vertex 31.5311 58.5355 2.4
    endloop
  endfacet
  facet normal 0 0 1
    outer loop
      vertex 31.4111 59.7542 2.4
      vertex 31.4782 58.3877 2.4
      vertex 31.4782 59.6123 2.4
    endloop
  endfacet
  facet normal 0 0 1
    outer loop
      vertex 31.4111 59.7542 2.4
      vertex 31.4111 58.2458 2.4
      vertex 31.4782 58.3877 2.4
    endloop
  endfacet
  facet normal 0 0 1
    outer loop
      vertex 31.3304 59.8889 2.4
      vertex 31.4111 58.2458 2.4
      vertex 31.4111 59.7542 2.4
    endloop
  endfacet
  facet normal 0 0 1
    outer loop
      vertex 31.3304 59.8889 2.4
      vertex 31.3304 58.1111 2.4
      vertex 31.4111 58.2458 2.4
    endloop
  endfacet
  facet normal 0 0 1
    outer loop
      vertex 31.2368 60.015 2.4
      vertex 31.3304 58.1111 2.4
      vertex 31.3304 59.8889 2.4
    endloop
  endfacet
  facet normal 0 0 1
    outer loop
      vertex 31.2368 60.015 2.4
      vertex 31.2368 57.985 2.4
      vertex 31.3304 58.1111 2.4
    endloop
  endfacet
  facet normal 0 0 1
    outer loop
      vertex 31.1314 60.1314 2.4
      vertex 31.2368 57.985 2.4
      vertex 31.2368 60.015 2.4
    endloop
  endfacet
  facet normal 0 0 1
    outer loop
      vertex 31.1314 60.1314 2.4
      vertex 31.1314 57.8686 2.4
      vertex 31.2368 57.985 2.4
    endloop
  endfacet
  facet normal 0 0 1
    outer loop
      vertex 31.015 60.2368 2.4
      vertex 31.1314 57.8686 2.4
      vertex 31.1314 60.1314 2.4
    endloop
  endfacet
  facet normal 0 0 1
    outer loop
      vertex 31.015 60.2368 2.4
      vertex 31.015 57.7632 2.4
      vertex 31.1314 57.8686 2.4
    endloop
  endfacet
  facet normal 0 0 1
    outer loop
      vertex 30.8889 60.3304 2.4
      vertex 31.015 57.7632 2.4
      vertex 31.015 60.2368 2.4
    endloop
  endfacet
  facet normal 0 0 1
    outer loop
      vertex 30.8889 60.3304 2.4
      vertex 30.8889 57.6696 2.4
      vertex 31.015 57.7632 2.4
    endloop
  endfacet
  facet normal 0 0 1
    outer loop
      vertex 30.7542 60.4111 2.4
      vertex 30.8889 57.6696 2.4
      vertex 30.8889 60.3304 2.4
    endloop
  endfacet
  facet normal 0 0 1
    outer loop
      vertex 30.7542 60.4111 2.4
      vertex 30.7542 57.5889 2.4
      vertex 30.8889 57.6696 2.4
    endloop
  endfacet
  facet normal 0 0 1
    outer loop
      vertex 30.6123 60.4782 2.4
      vertex 30.7542 57.5889 2.4
      vertex 30.7542 60.4111 2.4
    endloop
  endfacet
  facet normal 0 0 1
    outer loop
      vertex 30.6123 60.4782 2.4
      vertex 30.6123 57.5218 2.4
      vertex 30.7542 57.5889 2.4
    endloop
  endfacet
  facet normal 0 0 1
    outer loop
      vertex 30.4645 60.5311 2.4
      vertex 30.6123 57.5218 2.4
      vertex 30.6123 60.4782 2.4
    endloop
  endfacet
  facet normal 0 0 1
    outer loop
      vertex 30.4645 60.5311 2.4
      vertex 30.4645 57.4689 2.4
      vertex 30.6123 57.5218 2.4
    endloop
  endfacet
  facet normal 0 0 1
    outer loop
      vertex 30.3121 60.5693 2.4
      vertex 30.4645 57.4689 2.4
      vertex 30.4645 60.5311 2.4
    endloop
  endfacet
  facet normal 0 0 1
    outer loop
      vertex 30.3121 60.5693 2.4
      vertex 30.3121 57.4307 2.4
      vertex 30.4645 57.4689 2.4
    endloop
  endfacet
  facet normal 0 0 1
    outer loop
      vertex 30.1568 60.5923 2.4
      vertex 30.3121 57.4307 2.4
      vertex 30.3121 60.5693 2.4
    endloop
  endfacet
  facet normal 0 0 1
    outer loop
      vertex 30.1568 60.5923 2.4
      vertex 30.1568 57.4077 2.4
      vertex 30.3121 57.4307 2.4
    endloop
  endfacet
  facet normal 0 0 1
    outer loop
      vertex 30 60.6 2.4
      vertex 30.1568 57.4077 2.4
      vertex 30.1568 60.5923 2.4
    endloop
  endfacet
  facet normal 0 0 1
    outer loop
      vertex 30 60.6 2.4
      vertex 30 57.4 2.4
      vertex 30.1568 57.4077 2.4
    endloop
  endfacet
  facet normal -0 0 1
    outer loop
      vertex 29.8432 60.5923 2.4
      vertex 30 57.4 2.4
      vertex 30 60.6 2.4
    endloop
  endfacet
  facet normal 0 0 1
    outer loop
      vertex 29.8432 60.5923 2.4
      vertex 29.8432 57.4077 2.4
      vertex 30 57.4 2.4
    endloop
  endfacet
  facet normal -0 0 1
    outer loop
      vertex 29.6879 60.5693 2.4
      vertex 29.8432 57.4077 2.4
      vertex 29.8432 60.5923 2.4
    endloop
  endfacet
  facet normal 0 0 1
    outer loop
      vertex 29.6879 60.5693 2.4
      vertex 29.6879 57.4307 2.4
      vertex 29.8432 57.4077 2.4
    endloop
  endfacet
  facet normal -0 0 1
    outer loop
      vertex 29.5355 60.5311 2.4
      vertex 29.6879 57.4307 2.4
      vertex 29.6879 60.5693 2.4
    endloop
  endfacet
  facet normal 0 0 1
    outer loop
      vertex 29.5355 60.5311 2.4
      vertex 29.5355 57.4689 2.4
      vertex 29.6879 57.4307 2.4
    endloop
  endfacet
  facet normal -0 0 1
    outer loop
      vertex 29.3877 60.4782 2.4
      vertex 29.5355 57.4689 2.4
      vertex 29.5355 60.5311 2.4
    endloop
  endfacet
  facet normal 0 0 1
    outer loop
      vertex 29.3877 60.4782 2.4
      vertex 29.3877 57.5218 2.4
      vertex 29.5355 57.4689 2.4
    endloop
  endfacet
  facet normal -0 0 1
    outer loop
      vertex 29.2458 60.4111 2.4
      vertex 29.3877 57.5218 2.4
      vertex 29.3877 60.4782 2.4
    endloop
  endfacet
  facet normal 0 0 1
    outer loop
      vertex 29.2458 60.4111 2.4
      vertex 29.2458 57.5889 2.4
      vertex 29.3877 57.5218 2.4
    endloop
  endfacet
  facet normal -0 0 1
    outer loop
      vertex 29.1111 60.3304 2.4
      vertex 29.2458 57.5889 2.4
      vertex 29.2458 60.4111 2.4
    endloop
  endfacet
  facet normal 0 0 1
    outer loop
      vertex 29.1111 60.3304 2.4
      vertex 29.1111 57.6696 2.4
      vertex 29.2458 57.5889 2.4
    endloop
  endfacet
  facet normal -0 0 1
    outer loop
      vertex 28.985 60.2368 2.4
      vertex 29.1111 57.6696 2.4
      vertex 29.1111 60.3304 2.4
    endloop
  endfacet
  facet normal 0 0 1
    outer loop
      vertex 28.985 60.2368 2.4
      vertex 28.985 57.7632 2.4
      vertex 29.1111 57.6696 2.4
    endloop
  endfacet
  facet normal -0 0 1
    outer loop
      vertex 28.8686 60.1314 2.4
      vertex 28.985 57.7632 2.4
      vertex 28.985 60.2368 2.4
    endloop
  endfacet
  facet normal 0 0 1
    outer loop
      vertex 28.8686 60.1314 2.4
      vertex 28.8686 57.8686 2.4
      vertex 28.985 57.7632 2.4
    endloop
  endfacet
  facet normal -0 0 1
    outer loop
      vertex 28.7632 60.015 2.4
      vertex 28.8686 57.8686 2.4
      vertex 28.8686 60.1314 2.4
    endloop
  endfacet
  facet normal 0 0 1
    outer loop
      vertex 28.7632 60.015 2.4
      vertex 28.7632 57.985 2.4
      vertex 28.8686 57.8686 2.4
    endloop
  endfacet
  facet normal -0 0 1
    outer loop
      vertex 28.6696 59.8889 2.4
      vertex 28.7632 57.985 2.4
      vertex 28.7632 60.015 2.4
    endloop
  endfacet
  facet normal 0 0 1
    outer loop
      vertex 28.6696 59.8889 2.4
      vertex 28.6696 58.1111 2.4
      vertex 28.7632 57.985 2.4
    endloop
  endfacet
  facet normal -0 0 1
    outer loop
      vertex 28.5889 59.7542 2.4
      vertex 28.6696 58.1111 2.4
      vertex 28.6696 59.8889 2.4
    endloop
  endfacet
  facet normal 0 0 1
    outer loop
      vertex 28.5889 59.7542 2.4
      vertex 28.5889 58.2458 2.4
      vertex 28.6696 58.1111 2.4
    endloop
  endfacet
  facet normal -0 0 1
    outer loop
      vertex 28.5218 59.6123 2.4
      vertex 28.5889 58.2458 2.4
      vertex 28.5889 59.7542 2.4
    endloop
  endfacet
  facet normal 0 0 1
    outer loop
      vertex 28.5218 59.6123 2.4
      vertex 28.5218 58.3877 2.4
      vertex 28.5889 58.2458 2.4
    endloop
  endfacet
  facet normal -0 0 1
    outer loop
      vertex 28.4689 59.4645 2.4
      vertex 28.5218 58.3877 2.4
      vertex 28.5218 59.6123 2.4
    endloop
  endfacet
  facet normal 0 0 1
    outer loop
      vertex 28.4689 59.4645 2.4
      vertex 28.4689 58.5355 2.4
      vertex 28.5218 58.3877 2.4
    endloop
  endfacet
  facet normal -0 0 1
    outer loop
      vertex 28.4307 59.3121 2.4
      vertex 28.4689 58.5355 2.4
      vertex 28.4689 59.4645 2.4
    endloop
  endfacet
  facet normal 0 0 1
    outer loop
      vertex 28.4307 59.3121 2.4
      vertex 28.4307 58.6879 2.4
      vertex 28.4689 58.5355 2.4
    endloop
  endfacet
  facet normal -0 0 1
    outer loop
      vertex 28.4077 59.1568 2.4
      vertex 28.4307 58.6879 2.4
      vertex 28.4307 59.3121 2.4
    endloop
  endfacet
  facet normal 0 0 1
    outer loop
      vertex 28.4077 59.1568 2.4
      vertex 28.4077 58.8432 2.4
      vertex 28.4307 58.6879 2.4
    endloop
  endfacet
  facet normal 0 -0 1
    outer loop
      vertex 28.4077 58.8432 2.4
      vertex 28.4077 59.1568 2.4
      vertex 28.4 59 2.4
    endloop
  endfacet
  facet normal 0.857735 0.514092 0
    outer loop
      vertex -34.1618 -62.4445 17
      vertex -34.293 -62.2256 4
      vertex -34.293 -62.2256 17
    endloop
  endfacet
  facet normal 0.857735 0.514092 0
    outer loop
      vertex -34.293 -62.2256 4
      vertex -34.1618 -62.4445 17
      vertex -34.1618 -62.4445 4
    endloop
  endfacet
  facet normal 0.941644 0.336609 0
    outer loop
      vertex -34.4021 -61.995 17
      vertex -34.488 -61.7547 4
      vertex -34.488 -61.7547 17
    endloop
  endfacet
  facet normal 0.941644 0.336609 0
    outer loop
      vertex -34.488 -61.7547 4
      vertex -34.4021 -61.995 17
      vertex -34.4021 -61.995 4
    endloop
  endfacet
  facet normal 0.671607 -0.740908 0
    outer loop
      vertex -27.4624 -62.092 2.4
      vertex -27.1716 -61.8284 17
      vertex -27.4624 -62.092 17
    endloop
  endfacet
  facet normal 0.671607 -0.740908 0
    outer loop
      vertex -27.1716 -61.8284 17
      vertex -27.4624 -62.092 2.4
      vertex -27.1716 -61.8284 2.4
    endloop
  endfacet
  facet normal -0.42744 -0.904044 0
    outer loop
      vertex -31.8856 -62.5277 4
      vertex -31.5307 -62.6955 17
      vertex -31.8856 -62.5277 17
    endloop
  endfacet
  facet normal -0.42744 -0.904044 -0
    outer loop
      vertex -31.5307 -62.6955 17
      vertex -31.8856 -62.5277 4
      vertex -31.5307 -62.6955 4
    endloop
  endfacet
  facet normal 0.989176 0.146733 0
    outer loop
      vertex -26.0193 -58.6079 17
      vertex -26.0769 -58.2196 2.4
      vertex -26.0769 -58.2196 17
    endloop
  endfacet
  facet normal 0.989176 0.146733 0
    outer loop
      vertex -26.0769 -58.2196 2.4
      vertex -26.0193 -58.6079 17
      vertex -26.0193 -58.6079 2.4
    endloop
  endfacet
  facet normal 0.998791 0.0491626 0
    outer loop
      vertex -26 -59 17
      vertex -26.0193 -58.6079 2.4
      vertex -26.0193 -58.6079 17
    endloop
  endfacet
  facet normal 0.998791 0.0491626 0
    outer loop
      vertex -26.0193 -58.6079 2.4
      vertex -26 -59 17
      vertex -26 -59 2.4
    endloop
  endfacet
  facet normal 0.970068 0.242835 0
    outer loop
      vertex -26.0769 -58.2196 17
      vertex -26.1722 -57.8389 2.4
      vertex -26.1722 -57.8389 17
    endloop
  endfacet
  facet normal 0.970068 0.242835 0
    outer loop
      vertex -26.1722 -57.8389 2.4
      vertex -26.0769 -58.2196 17
      vertex -26.0769 -58.2196 2.4
    endloop
  endfacet
  facet normal 0.42744 -0.904044 0
    outer loop
      vertex -28.4693 -62.6955 4
      vertex -28.1144 -62.5277 17
      vertex -28.4693 -62.6955 17
    endloop
  endfacet
  facet normal 0.42744 -0.904044 0
    outer loop
      vertex -28.1144 -62.5277 17
      vertex -28.4693 -62.6955 4
      vertex -28.1144 -62.5277 4
    endloop
  endfacet
  facet normal -0.671607 0.740908 0
    outer loop
      vertex -32.5376 -55.908 2.4
      vertex -32.8284 -56.1716 17
      vertex -32.5376 -55.908 17
    endloop
  endfacet
  facet normal -0.671607 0.740908 0
    outer loop
      vertex -32.8284 -56.1716 17
      vertex -32.5376 -55.908 2.4
      vertex -32.8284 -56.1716 2.4
    endloop
  endfacet
  facet normal -0.970068 -0.242835 0
    outer loop
      vertex -33.8278 -60.1611 4
      vertex -33.9231 -59.7804 17
      vertex -33.9231 -59.7804 4
    endloop
  endfacet
  facet normal -0.970068 -0.242835 0
    outer loop
      vertex -33.9231 -59.7804 17
      vertex -33.8278 -60.1611 4
      vertex -33.8278 -60.1611 17
    endloop
  endfacet
  facet normal 0.42744 0.904044 -0
    outer loop
      vertex -28.1144 -55.4723 2.4
      vertex -28.4693 -55.3045 17
      vertex -28.1144 -55.4723 17
    endloop
  endfacet
  facet normal 0.42744 0.904044 0
    outer loop
      vertex -28.4693 -55.3045 17
      vertex -28.1144 -55.4723 2.4
      vertex -28.4693 -55.3045 2.4
    endloop
  endfacet
  facet normal -0.989176 0.146733 0
    outer loop
      vertex -33.9807 -58.6079 4
      vertex -33.9231 -58.2196 17
      vertex -33.9231 -58.2196 4
    endloop
  endfacet
  facet normal -0.989176 0.146733 0
    outer loop
      vertex -33.9231 -58.2196 17
      vertex -33.9807 -58.6079 4
      vertex -33.9807 -58.6079 17
    endloop
  endfacet
  facet normal -0.146733 -0.989176 0
    outer loop
      vertex -30.7804 -62.9231 4
      vertex -30.3921 -62.9807 17
      vertex -30.7804 -62.9231 17
    endloop
  endfacet
  facet normal -0.146733 -0.989176 -0
    outer loop
      vertex -30.3921 -62.9807 17
      vertex -30.7804 -62.9231 4
      vertex -30.3921 -62.9807 4
    endloop
  endfacet
  facet normal 0.242835 0.970068 -0
    outer loop
      vertex -28.8389 -55.1722 2.4
      vertex -29.2196 -55.0769 17
      vertex -28.8389 -55.1722 17
    endloop
  endfacet
  facet normal 0.242835 0.970068 0
    outer loop
      vertex -29.2196 -55.0769 17
      vertex -28.8389 -55.1722 2.4
      vertex -29.2196 -55.0769 2.4
    endloop
  endfacet
  facet normal -0.740908 0.671607 0
    outer loop
      vertex -33.092 -56.4624 2.4
      vertex -32.8284 -56.1716 17
      vertex -32.8284 -56.1716 2.4
    endloop
  endfacet
  facet normal -0.740908 0.671607 0
    outer loop
      vertex -32.8284 -56.1716 17
      vertex -33.092 -56.4624 2.4
      vertex -33.092 -56.4624 17
    endloop
  endfacet
  facet normal 0.514084 -0.85774 0
    outer loop
      vertex -28.1144 -62.5277 4
      vertex -27.7777 -62.3259 17
      vertex -28.1144 -62.5277 17
    endloop
  endfacet
  facet normal 0.5142 -0.857671 -4.08547e-06
    outer loop
      vertex -27.9014 -62.4 4
      vertex -27.7777 -62.3259 17
      vertex -28.1144 -62.5277 4
    endloop
  endfacet
  facet normal 0.513884 -0.85786 0
    outer loop
      vertex -27.7777 -62.3259 2.4
      vertex -27.9014 -62.4 4
      vertex -27.9014 -62.4 2.4
    endloop
  endfacet
  facet normal 0.513884 -0.85786 0
    outer loop
      vertex -27.9014 -62.4 4
      vertex -27.7777 -62.3259 2.4
      vertex -27.7777 -62.3259 17
    endloop
  endfacet
  facet normal -0.242835 -0.970068 0
    outer loop
      vertex -31.1611 -62.8278 4
      vertex -30.7804 -62.9231 17
      vertex -31.1611 -62.8278 17
    endloop
  endfacet
  facet normal -0.242835 -0.970068 -0
    outer loop
      vertex -30.7804 -62.9231 17
      vertex -31.1611 -62.8278 4
      vertex -30.7804 -62.9231 4
    endloop
  endfacet
  facet normal -0.337014 -0.9415 0
    outer loop
      vertex -31.5307 -62.6955 4
      vertex -31.1611 -62.8278 17
      vertex -31.5307 -62.6955 17
    endloop
  endfacet
  facet normal -0.337014 -0.9415 -0
    outer loop
      vertex -31.1611 -62.8278 17
      vertex -31.5307 -62.6955 4
      vertex -31.1611 -62.8278 4
    endloop
  endfacet
  facet normal -0.337014 0.9415 0
    outer loop
      vertex -31.1611 -55.1722 2.4
      vertex -31.5307 -55.3045 17
      vertex -31.1611 -55.1722 17
    endloop
  endfacet
  facet normal -0.337014 0.9415 0
    outer loop
      vertex -31.5307 -55.3045 17
      vertex -31.1611 -55.1722 2.4
      vertex -31.5307 -55.3045 2.4
    endloop
  endfacet
  facet normal 0.0491626 -0.998791 0
    outer loop
      vertex -30 -63 4
      vertex -29.6079 -62.9807 17
      vertex -30 -63 17
    endloop
  endfacet
  facet normal 0.0491626 -0.998791 0
    outer loop
      vertex -29.6079 -62.9807 17
      vertex -30 -63 4
      vertex -29.6079 -62.9807 4
    endloop
  endfacet
  facet normal 0.146733 -0.989176 0
    outer loop
      vertex -29.6079 -62.9807 4
      vertex -29.2196 -62.9231 17
      vertex -29.6079 -62.9807 17
    endloop
  endfacet
  facet normal 0.146733 -0.989176 0
    outer loop
      vertex -29.2196 -62.9231 17
      vertex -29.6079 -62.9807 4
      vertex -29.2196 -62.9231 4
    endloop
  endfacet
  facet normal -0.0491626 0.998791 0
    outer loop
      vertex -30 -55 2.4
      vertex -30.3921 -55.0193 17
      vertex -30 -55 17
    endloop
  endfacet
  facet normal -0.0491626 0.998791 0
    outer loop
      vertex -30.3921 -55.0193 17
      vertex -30 -55 2.4
      vertex -30.3921 -55.0193 2.4
    endloop
  endfacet
  facet normal -0.595794 -0.803137 0
    outer loop
      vertex -32.5376 -62.092 2.4
      vertex -32.2223 -62.3259 17
      vertex -32.5376 -62.092 17
    endloop
  endfacet
  facet normal -0.595794 -0.803137 -0
    outer loop
      vertex -32.2223 -62.3259 17
      vertex -32.5376 -62.092 2.4
      vertex -32.2223 -62.3259 2.4
    endloop
  endfacet
  facet normal -0.904044 -0.42744 0
    outer loop
      vertex -33.5277 -60.8856 4
      vertex -33.6955 -60.5307 17
      vertex -33.6955 -60.5307 4
    endloop
  endfacet
  facet normal -0.904044 -0.42744 0
    outer loop
      vertex -33.6955 -60.5307 17
      vertex -33.5277 -60.8856 4
      vertex -33.5277 -60.8856 17
    endloop
  endfacet
  facet normal -0.146733 0.989176 0
    outer loop
      vertex -30.3921 -55.0193 2.4
      vertex -30.7804 -55.0769 17
      vertex -30.3921 -55.0193 17
    endloop
  endfacet
  facet normal -0.146733 0.989176 0
    outer loop
      vertex -30.7804 -55.0769 17
      vertex -30.3921 -55.0193 2.4
      vertex -30.7804 -55.0769 2.4
    endloop
  endfacet
  facet normal 0.595794 -0.803137 0
    outer loop
      vertex -27.7777 -62.3259 2.4
      vertex -27.4624 -62.092 17
      vertex -27.7777 -62.3259 17
    endloop
  endfacet
  facet normal 0.595794 -0.803137 0
    outer loop
      vertex -27.4624 -62.092 17
      vertex -27.7777 -62.3259 2.4
      vertex -27.4624 -62.092 2.4
    endloop
  endfacet
  facet normal 0.0491626 0.998791 -0
    outer loop
      vertex -29.6079 -55.0193 2.4
      vertex -30 -55 17
      vertex -29.6079 -55.0193 17
    endloop
  endfacet
  facet normal 0.0491626 0.998791 0
    outer loop
      vertex -30 -55 17
      vertex -29.6079 -55.0193 2.4
      vertex -30 -55 2.4
    endloop
  endfacet
  facet normal 0.514084 0.85774 -0
    outer loop
      vertex -27.7777 -55.6741 2.4
      vertex -28.1144 -55.4723 17
      vertex -27.7777 -55.6741 17
    endloop
  endfacet
  facet normal 0.514084 0.85774 0
    outer loop
      vertex -28.1144 -55.4723 17
      vertex -27.7777 -55.6741 2.4
      vertex -28.1144 -55.4723 2.4
    endloop
  endfacet
  facet normal -0.998791 -0.0491626 0
    outer loop
      vertex -33.9807 -59.3921 4
      vertex -34 -59 17
      vertex -34 -59 4
    endloop
  endfacet
  facet normal -0.998791 -0.0491626 0
    outer loop
      vertex -34 -59 17
      vertex -33.9807 -59.3921 4
      vertex -33.9807 -59.3921 17
    endloop
  endfacet
  facet normal 0.970068 -0.242835 0
    outer loop
      vertex -26.1722 -60.1611 17
      vertex -26.0769 -59.7804 2.4
      vertex -26.0769 -59.7804 17
    endloop
  endfacet
  facet normal 0.970068 -0.242835 0
    outer loop
      vertex -26.0769 -59.7804 2.4
      vertex -26.1722 -60.1611 17
      vertex -26.1722 -60.1611 2.4
    endloop
  endfacet
  facet normal 0.740908 0.671607 0
    outer loop
      vertex -26.908 -56.4624 17
      vertex -27.1716 -56.1716 2.4
      vertex -27.1716 -56.1716 17
    endloop
  endfacet
  facet normal 0.740908 0.671607 0
    outer loop
      vertex -27.1716 -56.1716 2.4
      vertex -26.908 -56.4624 17
      vertex -26.908 -56.4624 2.4
    endloop
  endfacet
  facet normal 0.595794 0.803137 -0
    outer loop
      vertex -27.4624 -55.908 2.4
      vertex -27.7777 -55.6741 17
      vertex -27.4624 -55.908 17
    endloop
  endfacet
  facet normal 0.595794 0.803137 0
    outer loop
      vertex -27.7777 -55.6741 17
      vertex -27.4624 -55.908 2.4
      vertex -27.7777 -55.6741 2.4
    endloop
  endfacet
  facet normal -0.595794 0.803137 0
    outer loop
      vertex -32.2223 -55.6741 2.4
      vertex -32.5376 -55.908 17
      vertex -32.2223 -55.6741 17
    endloop
  endfacet
  facet normal -0.595794 0.803137 0
    outer loop
      vertex -32.5376 -55.908 17
      vertex -32.2223 -55.6741 2.4
      vertex -32.5376 -55.908 2.4
    endloop
  endfacet
  facet normal 0.803137 0.595794 0
    outer loop
      vertex -26.6741 -56.7777 17
      vertex -26.908 -56.4624 2.4
      vertex -26.908 -56.4624 17
    endloop
  endfacet
  facet normal 0.803137 0.595794 0
    outer loop
      vertex -26.908 -56.4624 2.4
      vertex -26.6741 -56.7777 17
      vertex -26.6741 -56.7777 2.4
    endloop
  endfacet
  facet normal 0.989176 -0.146733 0
    outer loop
      vertex -26.0769 -59.7804 17
      vertex -26.0193 -59.3921 2.4
      vertex -26.0193 -59.3921 17
    endloop
  endfacet
  facet normal 0.989176 -0.146733 0
    outer loop
      vertex -26.0193 -59.3921 2.4
      vertex -26.0769 -59.7804 17
      vertex -26.0769 -59.7804 2.4
    endloop
  endfacet
  facet normal -0.9415 0.337014 0
    outer loop
      vertex -33.8278 -57.8389 4
      vertex -33.6955 -57.4693 17
      vertex -33.6955 -57.4693 4
    endloop
  endfacet
  facet normal -0.9415 0.337014 0
    outer loop
      vertex -33.6955 -57.4693 17
      vertex -33.8278 -57.8389 4
      vertex -33.8278 -57.8389 17
    endloop
  endfacet
  facet normal 0.904044 -0.42744 0
    outer loop
      vertex -26.4723 -60.8856 17
      vertex -26.3045 -60.5307 2.4
      vertex -26.3045 -60.5307 17
    endloop
  endfacet
  facet normal 0.904044 -0.42744 0
    outer loop
      vertex -26.3045 -60.5307 2.4
      vertex -26.4723 -60.8856 17
      vertex -26.4723 -60.8856 2.4
    endloop
  endfacet
  facet normal 0.337014 0.9415 -0
    outer loop
      vertex -28.4693 -55.3045 2.4
      vertex -28.8389 -55.1722 17
      vertex -28.4693 -55.3045 17
    endloop
  endfacet
  facet normal 0.337014 0.9415 0
    outer loop
      vertex -28.8389 -55.1722 17
      vertex -28.4693 -55.3045 2.4
      vertex -28.8389 -55.1722 2.4
    endloop
  endfacet
  facet normal 0.998791 -0.0491626 0
    outer loop
      vertex -26.0193 -59.3921 17
      vertex -26 -59 2.4
      vertex -26 -59 17
    endloop
  endfacet
  facet normal 0.998791 -0.0491626 0
    outer loop
      vertex -26 -59 2.4
      vertex -26.0193 -59.3921 17
      vertex -26.0193 -59.3921 2.4
    endloop
  endfacet
  facet normal 0.337014 -0.9415 0
    outer loop
      vertex -28.8389 -62.8278 4
      vertex -28.4693 -62.6955 17
      vertex -28.8389 -62.8278 17
    endloop
  endfacet
  facet normal 0.337014 -0.9415 0
    outer loop
      vertex -28.4693 -62.6955 17
      vertex -28.8389 -62.8278 4
      vertex -28.4693 -62.6955 4
    endloop
  endfacet
  facet normal 0.9415 0.337014 0
    outer loop
      vertex -26.1722 -57.8389 17
      vertex -26.3045 -57.4693 2.4
      vertex -26.3045 -57.4693 17
    endloop
  endfacet
  facet normal 0.9415 0.337014 0
    outer loop
      vertex -26.3045 -57.4693 2.4
      vertex -26.1722 -57.8389 17
      vertex -26.1722 -57.8389 2.4
    endloop
  endfacet
  facet normal 0.803137 -0.595794 0
    outer loop
      vertex -26.908 -61.5376 17
      vertex -26.6741 -61.2223 2.4
      vertex -26.6741 -61.2223 17
    endloop
  endfacet
  facet normal 0.803137 -0.595794 0
    outer loop
      vertex -26.6741 -61.2223 2.4
      vertex -26.908 -61.5376 17
      vertex -26.908 -61.5376 2.4
    endloop
  endfacet
  facet normal 0.85774 -0.514084 0
    outer loop
      vertex -26.6741 -61.2223 17
      vertex -26.4723 -60.8856 2.4
      vertex -26.4723 -60.8856 17
    endloop
  endfacet
  facet normal 0.85774 -0.514084 0
    outer loop
      vertex -26.4723 -60.8856 2.4
      vertex -26.6741 -61.2223 17
      vertex -26.6741 -61.2223 2.4
    endloop
  endfacet
  facet normal 0.9415 -0.337014 0
    outer loop
      vertex -26.3045 -60.5307 17
      vertex -26.1722 -60.1611 2.4
      vertex -26.1722 -60.1611 17
    endloop
  endfacet
  facet normal 0.9415 -0.337014 0
    outer loop
      vertex -26.1722 -60.1611 2.4
      vertex -26.3045 -60.5307 17
      vertex -26.3045 -60.5307 2.4
    endloop
  endfacet
  facet normal -0.904044 0.42744 0
    outer loop
      vertex -33.6955 -57.4693 4
      vertex -33.5277 -57.1144 17
      vertex -33.5277 -57.1144 4
    endloop
  endfacet
  facet normal -0.904044 0.42744 0
    outer loop
      vertex -33.5277 -57.1144 17
      vertex -33.6955 -57.4693 4
      vertex -33.6955 -57.4693 17
    endloop
  endfacet
  facet normal -0.242835 0.970068 0
    outer loop
      vertex -30.7804 -55.0769 2.4
      vertex -31.1611 -55.1722 17
      vertex -30.7804 -55.0769 17
    endloop
  endfacet
  facet normal -0.242835 0.970068 0
    outer loop
      vertex -31.1611 -55.1722 17
      vertex -30.7804 -55.0769 2.4
      vertex -31.1611 -55.1722 2.4
    endloop
  endfacet
  facet normal 0.904044 0.42744 0
    outer loop
      vertex -26.3045 -57.4693 17
      vertex -26.4723 -57.1144 2.4
      vertex -26.4723 -57.1144 17
    endloop
  endfacet
  facet normal 0.904044 0.42744 0
    outer loop
      vertex -26.4723 -57.1144 2.4
      vertex -26.3045 -57.4693 17
      vertex -26.3045 -57.4693 2.4
    endloop
  endfacet
  facet normal 0.146733 0.989176 -0
    outer loop
      vertex -29.2196 -55.0769 2.4
      vertex -29.6079 -55.0193 17
      vertex -29.2196 -55.0769 17
    endloop
  endfacet
  facet normal 0.146733 0.989176 0
    outer loop
      vertex -29.6079 -55.0193 17
      vertex -29.2196 -55.0769 2.4
      vertex -29.6079 -55.0193 2.4
    endloop
  endfacet
  facet normal -0.857954 -0.513727 0
    outer loop
      vertex -33.3947 -61.1074 2.4
      vertex -33.3259 -61.2223 2.4
      vertex -33.3947 -61.1074 4
    endloop
  endfacet
  facet normal -0.857629 -0.514268 0
    outer loop
      vertex -33.3947 -61.1074 4
      vertex -33.5277 -60.8856 17
      vertex -33.5277 -60.8856 4
    endloop
  endfacet
  facet normal -0.857954 -0.513727 -0
    outer loop
      vertex -33.3259 -61.2223 17
      vertex -33.3947 -61.1074 4
      vertex -33.3259 -61.2223 2.4
    endloop
  endfacet
  facet normal -0.85774 -0.514084 -4.2837e-06
    outer loop
      vertex -33.3947 -61.1074 4
      vertex -33.3259 -61.2223 17
      vertex -33.5277 -60.8856 17
    endloop
  endfacet
  facet normal 0.85774 0.514084 0
    outer loop
      vertex -26.4723 -57.1144 17
      vertex -26.6741 -56.7777 2.4
      vertex -26.6741 -56.7777 17
    endloop
  endfacet
  facet normal 0.85774 0.514084 0
    outer loop
      vertex -26.6741 -56.7777 2.4
      vertex -26.4723 -57.1144 17
      vertex -26.4723 -57.1144 2.4
    endloop
  endfacet
  facet normal -0.740908 -0.671607 0
    outer loop
      vertex -32.8284 -61.8284 2.4
      vertex -33.092 -61.5376 17
      vertex -33.092 -61.5376 2.4
    endloop
  endfacet
  facet normal -0.740908 -0.671607 0
    outer loop
      vertex -33.092 -61.5376 17
      vertex -32.8284 -61.8284 2.4
      vertex -32.8284 -61.8284 17
    endloop
  endfacet
  facet normal 0.242835 -0.970068 0
    outer loop
      vertex -29.2196 -62.9231 4
      vertex -28.8389 -62.8278 17
      vertex -29.2196 -62.9231 17
    endloop
  endfacet
  facet normal 0.242835 -0.970068 0
    outer loop
      vertex -28.8389 -62.8278 17
      vertex -29.2196 -62.9231 4
      vertex -28.8389 -62.8278 4
    endloop
  endfacet
  facet normal -0.514084 0.85774 0
    outer loop
      vertex -31.8856 -55.4723 2.4
      vertex -32.2223 -55.6741 17
      vertex -31.8856 -55.4723 17
    endloop
  endfacet
  facet normal -0.514084 0.85774 0
    outer loop
      vertex -32.2223 -55.6741 17
      vertex -31.8856 -55.4723 2.4
      vertex -32.2223 -55.6741 2.4
    endloop
  endfacet
  facet normal -0.42744 0.904044 0
    outer loop
      vertex -31.5307 -55.3045 2.4
      vertex -31.8856 -55.4723 17
      vertex -31.5307 -55.3045 17
    endloop
  endfacet
  facet normal -0.42744 0.904044 0
    outer loop
      vertex -31.8856 -55.4723 17
      vertex -31.5307 -55.3045 2.4
      vertex -31.8856 -55.4723 2.4
    endloop
  endfacet
  facet normal -0.9415 -0.337014 0
    outer loop
      vertex -33.6955 -60.5307 4
      vertex -33.8278 -60.1611 17
      vertex -33.8278 -60.1611 4
    endloop
  endfacet
  facet normal -0.9415 -0.337014 0
    outer loop
      vertex -33.8278 -60.1611 17
      vertex -33.6955 -60.5307 4
      vertex -33.6955 -60.5307 17
    endloop
  endfacet
  facet normal -0.514084 -0.85774 -4.2837e-06
    outer loop
      vertex -32.2223 -62.3259 17
      vertex -32.1074 -62.3947 4
      vertex -31.8856 -62.5277 17
    endloop
  endfacet
  facet normal -0.513727 -0.857954 0
    outer loop
      vertex -32.2223 -62.3259 2.4
      vertex -32.1074 -62.3947 4
      vertex -32.2223 -62.3259 17
    endloop
  endfacet
  facet normal -0.513727 -0.857954 -0
    outer loop
      vertex -32.1074 -62.3947 4
      vertex -32.2223 -62.3259 2.4
      vertex -32.1074 -62.3947 2.4
    endloop
  endfacet
  facet normal -0.514268 -0.857629 -0
    outer loop
      vertex -31.8856 -62.5277 17
      vertex -32.1074 -62.3947 4
      vertex -31.8856 -62.5277 4
    endloop
  endfacet
  facet normal 0.671607 0.740908 -0
    outer loop
      vertex -27.1716 -56.1716 2.4
      vertex -27.4624 -55.908 17
      vertex -27.1716 -56.1716 17
    endloop
  endfacet
  facet normal 0.671607 0.740908 0
    outer loop
      vertex -27.4624 -55.908 17
      vertex -27.1716 -56.1716 2.4
      vertex -27.4624 -55.908 2.4
    endloop
  endfacet
  facet normal -0.970068 0.242835 0
    outer loop
      vertex -33.9231 -58.2196 4
      vertex -33.8278 -57.8389 17
      vertex -33.8278 -57.8389 4
    endloop
  endfacet
  facet normal -0.970068 0.242835 0
    outer loop
      vertex -33.8278 -57.8389 17
      vertex -33.9231 -58.2196 4
      vertex -33.9231 -58.2196 17
    endloop
  endfacet
  facet normal -0.803137 -0.595794 0
    outer loop
      vertex -33.092 -61.5376 2.4
      vertex -33.3259 -61.2223 17
      vertex -33.3259 -61.2223 2.4
    endloop
  endfacet
  facet normal -0.803137 -0.595794 0
    outer loop
      vertex -33.3259 -61.2223 17
      vertex -33.092 -61.5376 2.4
      vertex -33.092 -61.5376 17
    endloop
  endfacet
  facet normal -0.989176 -0.146733 0
    outer loop
      vertex -33.9231 -59.7804 4
      vertex -33.9807 -59.3921 17
      vertex -33.9807 -59.3921 4
    endloop
  endfacet
  facet normal -0.989176 -0.146733 0
    outer loop
      vertex -33.9807 -59.3921 17
      vertex -33.9231 -59.7804 4
      vertex -33.9231 -59.7804 17
    endloop
  endfacet
  facet normal -0.671607 -0.740908 0
    outer loop
      vertex -32.8284 -61.8284 2.4
      vertex -32.5376 -62.092 17
      vertex -32.8284 -61.8284 17
    endloop
  endfacet
  facet normal -0.671607 -0.740908 -0
    outer loop
      vertex -32.5376 -62.092 17
      vertex -32.8284 -61.8284 2.4
      vertex -32.5376 -62.092 2.4
    endloop
  endfacet
  facet normal -0.803137 0.595794 0
    outer loop
      vertex -33.3259 -56.7777 2.4
      vertex -33.092 -56.4624 17
      vertex -33.092 -56.4624 2.4
    endloop
  endfacet
  facet normal -0.803137 0.595794 0
    outer loop
      vertex -33.092 -56.4624 17
      vertex -33.3259 -56.7777 2.4
      vertex -33.3259 -56.7777 17
    endloop
  endfacet
  facet normal -0.85786 0.513884 0
    outer loop
      vertex -33.4 -56.9014 4
      vertex -33.3259 -56.7777 2.4
      vertex -33.4 -56.9014 2.4
    endloop
  endfacet
  facet normal -0.85786 0.513884 0
    outer loop
      vertex -33.3259 -56.7777 2.4
      vertex -33.4 -56.9014 4
      vertex -33.3259 -56.7777 17
    endloop
  endfacet
  facet normal -0.857671 0.5142 -4.08547e-06
    outer loop
      vertex -33.5277 -57.1144 4
      vertex -33.3259 -56.7777 17
      vertex -33.4 -56.9014 4
    endloop
  endfacet
  facet normal -0.85774 0.514084 0
    outer loop
      vertex -33.3259 -56.7777 17
      vertex -33.5277 -57.1144 4
      vertex -33.5277 -57.1144 17
    endloop
  endfacet
  facet normal -0 0 1
    outer loop
      vertex -26.6939 -58.6812 17
      vertex -26 -59 17
      vertex -26.0193 -58.6079 17
    endloop
  endfacet
  facet normal 0 0 1
    outer loop
      vertex -26.6953 -58.6677 17
      vertex -26.0193 -58.6079 17
      vertex -26.0769 -58.2196 17
    endloop
  endfacet
  facet normal 0 0 1
    outer loop
      vertex -26.6939 -59.3188 17
      vertex -26 -59 17
      vertex -26.6783 -59 17
    endloop
  endfacet
  facet normal 0 0 1
    outer loop
      vertex -26.7437 -58.3453 17
      vertex -26.0769 -58.2196 17
      vertex -26.1722 -57.8389 17
    endloop
  endfacet
  facet normal 0 0 1
    outer loop
      vertex -26 -59 17
      vertex -26.6939 -59.3188 17
      vertex -26.0193 -59.3921 17
    endloop
  endfacet
  facet normal -0 0 1
    outer loop
      vertex -26.9288 -57.7353 17
      vertex -26.1722 -57.8389 17
      vertex -26.3045 -57.4693 17
    endloop
  endfacet
  facet normal -0 0 1
    outer loop
      vertex -26.6943 -59.3256 17
      vertex -26.0193 -59.3921 17
      vertex -26.6939 -59.3188 17
    endloop
  endfacet
  facet normal -0 0 1
    outer loop
      vertex -27.0676 -57.4403 17
      vertex -26.3045 -57.4693 17
      vertex -26.4723 -57.1144 17
    endloop
  endfacet
  facet normal -0 0 1
    outer loop
      vertex -26.6953 -59.3323 17
      vertex -26.0193 -59.3921 17
      vertex -26.6943 -59.3256 17
    endloop
  endfacet
  facet normal 0 0 1
    outer loop
      vertex -27.074 -57.4283 17
      vertex -26.4723 -57.1144 17
      vertex -26.6741 -56.7777 17
    endloop
  endfacet
  facet normal 0 0 1
    outer loop
      vertex -26.0193 -59.3921 17
      vertex -26.6953 -59.3323 17
      vertex -26.0769 -59.7804 17
    endloop
  endfacet
  facet normal -0 0 1
    outer loop
      vertex -26.7421 -59.648 17
      vertex -26.0769 -59.7804 17
      vertex -26.6953 -59.3323 17
    endloop
  endfacet
  facet normal 0 0 1
    outer loop
      vertex -26 -59 17
      vertex -26.6939 -58.6812 17
      vertex -26.6783 -59 17
    endloop
  endfacet
  facet normal 0 0 1
    outer loop
      vertex -26.0193 -58.6079 17
      vertex -26.6943 -58.6744 17
      vertex -26.6939 -58.6812 17
    endloop
  endfacet
  facet normal 0 0 1
    outer loop
      vertex -26.0193 -58.6079 17
      vertex -26.6953 -58.6677 17
      vertex -26.6943 -58.6744 17
    endloop
  endfacet
  facet normal 0 0 1
    outer loop
      vertex -26.0769 -58.2196 17
      vertex -26.7421 -58.352 17
      vertex -26.6953 -58.6677 17
    endloop
  endfacet
  facet normal 0 0 1
    outer loop
      vertex -26.0769 -58.2196 17
      vertex -26.7437 -58.3453 17
      vertex -26.7421 -58.352 17
    endloop
  endfacet
  facet normal 0 0 1
    outer loop
      vertex -26.1722 -57.8389 17
      vertex -26.8213 -58.0358 17
      vertex -26.7437 -58.3453 17
    endloop
  endfacet
  facet normal 0 0 1
    outer loop
      vertex -27.4282 -56.8982 17
      vertex -26.6741 -56.7777 17
      vertex -26.908 -56.4624 17
    endloop
  endfacet
  facet normal 0 0 1
    outer loop
      vertex -26.1722 -57.8389 17
      vertex -26.9288 -57.7353 17
      vertex -26.8213 -58.0358 17
    endloop
  endfacet
  facet normal 0 0 1
    outer loop
      vertex -26.3045 -57.4693 17
      vertex -26.9311 -57.7288 17
      vertex -26.9288 -57.7353 17
    endloop
  endfacet
  facet normal 0 0 1
    outer loop
      vertex -26.3045 -57.4693 17
      vertex -27.0676 -57.4403 17
      vertex -26.9311 -57.7288 17
    endloop
  endfacet
  facet normal 0 0 1
    outer loop
      vertex -26.4723 -57.1144 17
      vertex -27.0705 -57.4341 17
      vertex -27.0676 -57.4403 17
    endloop
  endfacet
  facet normal 0 0 1
    outer loop
      vertex -26.4723 -57.1144 17
      vertex -27.074 -57.4283 17
      vertex -27.0705 -57.4341 17
    endloop
  endfacet
  facet normal 0 0 1
    outer loop
      vertex -27.4368 -56.8877 17
      vertex -26.908 -56.4624 17
      vertex -27.1716 -56.1716 17
    endloop
  endfacet
  facet normal 0 0 1
    outer loop
      vertex -26.6741 -56.7777 17
      vertex -27.2381 -57.1545 17
      vertex -27.074 -57.4283 17
    endloop
  endfacet
  facet normal 0 0 1
    outer loop
      vertex -26.6741 -56.7777 17
      vertex -27.4282 -56.8982 17
      vertex -27.2381 -57.1545 17
    endloop
  endfacet
  facet normal 0 0 1
    outer loop
      vertex -26.908 -56.4624 17
      vertex -27.4323 -56.8927 17
      vertex -27.4282 -56.8982 17
    endloop
  endfacet
  facet normal 0 0 1
    outer loop
      vertex -26.908 -56.4624 17
      vertex -27.4368 -56.8877 17
      vertex -27.4323 -56.8927 17
    endloop
  endfacet
  facet normal 0 0 1
    outer loop
      vertex -27.8877 -56.4368 17
      vertex -27.1716 -56.1716 17
      vertex -27.4624 -55.908 17
    endloop
  endfacet
  facet normal 0 0 1
    outer loop
      vertex -27.1716 -56.1716 17
      vertex -27.6512 -56.6512 17
      vertex -27.4368 -56.8877 17
    endloop
  endfacet
  facet normal 0 0 1
    outer loop
      vertex -27.8982 -56.4282 17
      vertex -27.4624 -55.908 17
      vertex -27.7777 -55.6741 17
    endloop
  endfacet
  facet normal 0 0 1
    outer loop
      vertex -27.1716 -56.1716 17
      vertex -27.8877 -56.4368 17
      vertex -27.6512 -56.6512 17
    endloop
  endfacet
  facet normal 0 0 1
    outer loop
      vertex -27.4624 -55.908 17
      vertex -27.8927 -56.4323 17
      vertex -27.8877 -56.4368 17
    endloop
  endfacet
  facet normal 0 0 1
    outer loop
      vertex -27.4624 -55.908 17
      vertex -27.8982 -56.4282 17
      vertex -27.8927 -56.4323 17
    endloop
  endfacet
  facet normal 0 0 1
    outer loop
      vertex -28.4283 -56.074 17
      vertex -27.7777 -55.6741 17
      vertex -28.1144 -55.4723 17
    endloop
  endfacet
  facet normal 0 0 1
    outer loop
      vertex -27.7777 -55.6741 17
      vertex -28.1545 -56.2381 17
      vertex -27.8982 -56.4282 17
    endloop
  endfacet
  facet normal 0 0 1
    outer loop
      vertex -27.7777 -55.6741 17
      vertex -28.4283 -56.074 17
      vertex -28.1545 -56.2381 17
    endloop
  endfacet
  facet normal 0 0 1
    outer loop
      vertex -28.1144 -55.4723 17
      vertex -28.4341 -56.0705 17
      vertex -28.4283 -56.074 17
    endloop
  endfacet
  facet normal 0 0 1
    outer loop
      vertex -28.1144 -55.4723 17
      vertex -28.4403 -56.0676 17
      vertex -28.4341 -56.0705 17
    endloop
  endfacet
  facet normal 0 0 1
    outer loop
      vertex -28.4693 -55.3045 17
      vertex -28.4403 -56.0676 17
      vertex -28.1144 -55.4723 17
    endloop
  endfacet
  facet normal 0 0 1
    outer loop
      vertex -28.4693 -55.3045 17
      vertex -28.7288 -55.9311 17
      vertex -28.4403 -56.0676 17
    endloop
  endfacet
  facet normal 0 0 1
    outer loop
      vertex -28.4693 -55.3045 17
      vertex -28.7353 -55.9288 17
      vertex -28.7288 -55.9311 17
    endloop
  endfacet
  facet normal 0 0 1
    outer loop
      vertex -28.8389 -55.1722 17
      vertex -28.7353 -55.9288 17
      vertex -28.4693 -55.3045 17
    endloop
  endfacet
  facet normal 0 0 1
    outer loop
      vertex -28.8389 -55.1722 17
      vertex -29.0358 -55.8213 17
      vertex -28.7353 -55.9288 17
    endloop
  endfacet
  facet normal 0 0 1
    outer loop
      vertex -29.3453 -55.7437 17
      vertex -28.8389 -55.1722 17
      vertex -29.2196 -55.0769 17
    endloop
  endfacet
  facet normal 0 0 1
    outer loop
      vertex -28.8389 -55.1722 17
      vertex -29.3453 -55.7437 17
      vertex -29.0358 -55.8213 17
    endloop
  endfacet
  facet normal 0 0 1
    outer loop
      vertex -29.2196 -55.0769 17
      vertex -29.352 -55.7421 17
      vertex -29.3453 -55.7437 17
    endloop
  endfacet
  facet normal 0 0 1
    outer loop
      vertex -29.6677 -55.6953 17
      vertex -29.2196 -55.0769 17
      vertex -29.6079 -55.0193 17
    endloop
  endfacet
  facet normal 0 0 1
    outer loop
      vertex -29.2196 -55.0769 17
      vertex -29.6677 -55.6953 17
      vertex -29.352 -55.7421 17
    endloop
  endfacet
  facet normal 0 0 1
    outer loop
      vertex -29.6079 -55.0193 17
      vertex -29.6744 -55.6943 17
      vertex -29.6677 -55.6953 17
    endloop
  endfacet
  facet normal 0 0 1
    outer loop
      vertex -29.6079 -55.0193 17
      vertex -29.6812 -55.6939 17
      vertex -29.6744 -55.6943 17
    endloop
  endfacet
  facet normal 0 0 1
    outer loop
      vertex -30 -55 17
      vertex -29.6812 -55.6939 17
      vertex -29.6079 -55.0193 17
    endloop
  endfacet
  facet normal 0 0 1
    outer loop
      vertex -30 -55 17
      vertex -30 -55.6783 17
      vertex -29.6812 -55.6939 17
    endloop
  endfacet
  facet normal 0 0 1
    outer loop
      vertex -30 -55 17
      vertex -30.3188 -55.6939 17
      vertex -30 -55.6783 17
    endloop
  endfacet
  facet normal -0 0 1
    outer loop
      vertex -30.3921 -55.0193 17
      vertex -30.3188 -55.6939 17
      vertex -30 -55 17
    endloop
  endfacet
  facet normal 0 0 1
    outer loop
      vertex -30.3188 -55.6939 17
      vertex -30.3921 -55.0193 17
      vertex -30.3256 -55.6943 17
    endloop
  endfacet
  facet normal 0 0 1
    outer loop
      vertex -30.3256 -55.6943 17
      vertex -30.3921 -55.0193 17
      vertex -30.3323 -55.6953 17
    endloop
  endfacet
  facet normal -0 0 1
    outer loop
      vertex -30.7804 -55.0769 17
      vertex -30.3323 -55.6953 17
      vertex -30.3921 -55.0193 17
    endloop
  endfacet
  facet normal 0 0 1
    outer loop
      vertex -30.3323 -55.6953 17
      vertex -30.7804 -55.0769 17
      vertex -30.648 -55.7421 17
    endloop
  endfacet
  facet normal 0 0 1
    outer loop
      vertex -30.648 -55.7421 17
      vertex -30.7804 -55.0769 17
      vertex -30.6547 -55.7437 17
    endloop
  endfacet
  facet normal -0 0 1
    outer loop
      vertex -31.1611 -55.1722 17
      vertex -30.6547 -55.7437 17
      vertex -30.7804 -55.0769 17
    endloop
  endfacet
  facet normal 0 0 1
    outer loop
      vertex -30.6547 -55.7437 17
      vertex -31.1611 -55.1722 17
      vertex -30.9642 -55.8213 17
    endloop
  endfacet
  facet normal 0 0 1
    outer loop
      vertex -31.1611 -55.1722 17
      vertex -31.2647 -55.9288 17
      vertex -30.9642 -55.8213 17
    endloop
  endfacet
  facet normal -0 0 1
    outer loop
      vertex -31.5307 -55.3045 17
      vertex -31.2647 -55.9288 17
      vertex -31.1611 -55.1722 17
    endloop
  endfacet
  facet normal 0 0 1
    outer loop
      vertex -31.2647 -55.9288 17
      vertex -31.5307 -55.3045 17
      vertex -31.2712 -55.9311 17
    endloop
  endfacet
  facet normal 0 0 1
    outer loop
      vertex -31.5307 -55.3045 17
      vertex -31.5597 -56.0676 17
      vertex -31.2712 -55.9311 17
    endloop
  endfacet
  facet normal -0 0 1
    outer loop
      vertex -31.8856 -55.4723 17
      vertex -31.5597 -56.0676 17
      vertex -31.5307 -55.3045 17
    endloop
  endfacet
  facet normal 0 0 1
    outer loop
      vertex -31.5597 -56.0676 17
      vertex -31.8856 -55.4723 17
      vertex -31.5659 -56.0705 17
    endloop
  endfacet
  facet normal 0 0 1
    outer loop
      vertex -31.5659 -56.0705 17
      vertex -31.8856 -55.4723 17
      vertex -31.5717 -56.074 17
    endloop
  endfacet
  facet normal -0 0 1
    outer loop
      vertex -32.2223 -55.6741 17
      vertex -31.5717 -56.074 17
      vertex -31.8856 -55.4723 17
    endloop
  endfacet
  facet normal 0 0 1
    outer loop
      vertex -31.5717 -56.074 17
      vertex -32.2223 -55.6741 17
      vertex -31.8455 -56.2381 17
    endloop
  endfacet
  facet normal 0 0 1
    outer loop
      vertex -31.8455 -56.2381 17
      vertex -32.2223 -55.6741 17
      vertex -32.1018 -56.4282 17
    endloop
  endfacet
  facet normal -0 0 1
    outer loop
      vertex -32.5376 -55.908 17
      vertex -32.1018 -56.4282 17
      vertex -32.2223 -55.6741 17
    endloop
  endfacet
  facet normal 0 0 1
    outer loop
      vertex -32.1018 -56.4282 17
      vertex -32.5376 -55.908 17
      vertex -32.1073 -56.4323 17
    endloop
  endfacet
  facet normal 0 0 1
    outer loop
      vertex -32.1073 -56.4323 17
      vertex -32.5376 -55.908 17
      vertex -32.1123 -56.4368 17
    endloop
  endfacet
  facet normal -0 0 1
    outer loop
      vertex -32.8284 -56.1716 17
      vertex -32.1123 -56.4368 17
      vertex -32.5376 -55.908 17
    endloop
  endfacet
  facet normal 0 0 1
    outer loop
      vertex -32.1123 -56.4368 17
      vertex -32.8284 -56.1716 17
      vertex -32.3488 -56.6512 17
    endloop
  endfacet
  facet normal 0 0 1
    outer loop
      vertex -32.3488 -56.6512 17
      vertex -32.8284 -56.1716 17
      vertex -32.5632 -56.8877 17
    endloop
  endfacet
  facet normal -0 0 1
    outer loop
      vertex -33.092 -56.4624 17
      vertex -32.5632 -56.8877 17
      vertex -32.8284 -56.1716 17
    endloop
  endfacet
  facet normal 0 0 1
    outer loop
      vertex -32.5632 -56.8877 17
      vertex -33.092 -56.4624 17
      vertex -32.5677 -56.8927 17
    endloop
  endfacet
  facet normal 0 0 1
    outer loop
      vertex -32.5677 -56.8927 17
      vertex -33.092 -56.4624 17
      vertex -32.5718 -56.8982 17
    endloop
  endfacet
  facet normal -0 0 1
    outer loop
      vertex -33.3259 -56.7777 17
      vertex -32.5718 -56.8982 17
      vertex -33.092 -56.4624 17
    endloop
  endfacet
  facet normal 0 0 1
    outer loop
      vertex -32.5718 -56.8982 17
      vertex -33.3259 -56.7777 17
      vertex -32.7619 -57.1545 17
    endloop
  endfacet
  facet normal 0 0 1
    outer loop
      vertex -32.7619 -57.1545 17
      vertex -33.3259 -56.7777 17
      vertex -32.926 -57.4283 17
    endloop
  endfacet
  facet normal -0 0 1
    outer loop
      vertex -33.5277 -57.1144 17
      vertex -32.926 -57.4283 17
      vertex -33.3259 -56.7777 17
    endloop
  endfacet
  facet normal 0 0 1
    outer loop
      vertex -32.926 -57.4283 17
      vertex -33.5277 -57.1144 17
      vertex -32.9295 -57.4341 17
    endloop
  endfacet
  facet normal 0 0 1
    outer loop
      vertex -32.9295 -57.4341 17
      vertex -33.5277 -57.1144 17
      vertex -32.9324 -57.4403 17
    endloop
  endfacet
  facet normal 0 0 1
    outer loop
      vertex -33.6955 -57.4693 17
      vertex -32.9324 -57.4403 17
      vertex -33.5277 -57.1144 17
    endloop
  endfacet
  facet normal 0 0 1
    outer loop
      vertex -32.9324 -57.4403 17
      vertex -33.6955 -57.4693 17
      vertex -33.0689 -57.7288 17
    endloop
  endfacet
  facet normal 0 0 1
    outer loop
      vertex -33.0689 -57.7288 17
      vertex -33.6955 -57.4693 17
      vertex -33.0712 -57.7353 17
    endloop
  endfacet
  facet normal 0 0 1
    outer loop
      vertex -33.8278 -57.8389 17
      vertex -33.0712 -57.7353 17
      vertex -33.6955 -57.4693 17
    endloop
  endfacet
  facet normal 0 0 1
    outer loop
      vertex -33.0712 -57.7353 17
      vertex -33.8278 -57.8389 17
      vertex -33.1787 -58.0358 17
    endloop
  endfacet
  facet normal 0 0 1
    outer loop
      vertex -33.2563 -58.3453 17
      vertex -33.9231 -58.2196 17
      vertex -33.2579 -58.352 17
    endloop
  endfacet
  facet normal -0 0 1
    outer loop
      vertex -33.9231 -58.2196 17
      vertex -33.2563 -58.3453 17
      vertex -33.8278 -57.8389 17
    endloop
  endfacet
  facet normal 0 0 1
    outer loop
      vertex -33.1787 -58.0358 17
      vertex -33.8278 -57.8389 17
      vertex -33.2563 -58.3453 17
    endloop
  endfacet
  facet normal -0 0 1
    outer loop
      vertex -26.7437 -59.6547 17
      vertex -26.0769 -59.7804 17
      vertex -26.7421 -59.648 17
    endloop
  endfacet
  facet normal 0 0 1
    outer loop
      vertex -26.0769 -59.7804 17
      vertex -26.7437 -59.6547 17
      vertex -26.1722 -60.1611 17
    endloop
  endfacet
  facet normal -0 0 1
    outer loop
      vertex -26.8213 -59.9642 17
      vertex -26.1722 -60.1611 17
      vertex -26.7437 -59.6547 17
    endloop
  endfacet
  facet normal 0 0 1
    outer loop
      vertex -26.9288 -60.2647 17
      vertex -26.1722 -60.1611 17
      vertex -26.8213 -59.9642 17
    endloop
  endfacet
  facet normal 0 0 1
    outer loop
      vertex -26.1722 -60.1611 17
      vertex -26.9288 -60.2647 17
      vertex -26.3045 -60.5307 17
    endloop
  endfacet
  facet normal -0 0 1
    outer loop
      vertex -26.9311 -60.2712 17
      vertex -26.3045 -60.5307 17
      vertex -26.9288 -60.2647 17
    endloop
  endfacet
  facet normal 0 0 1
    outer loop
      vertex -27.0676 -60.5597 17
      vertex -26.3045 -60.5307 17
      vertex -26.9311 -60.2712 17
    endloop
  endfacet
  facet normal 0 0 1
    outer loop
      vertex -26.3045 -60.5307 17
      vertex -27.0676 -60.5597 17
      vertex -26.4723 -60.8856 17
    endloop
  endfacet
  facet normal -0 0 1
    outer loop
      vertex -27.0705 -60.5659 17
      vertex -26.4723 -60.8856 17
      vertex -27.0676 -60.5597 17
    endloop
  endfacet
  facet normal -0 0 1
    outer loop
      vertex -27.074 -60.5717 17
      vertex -26.4723 -60.8856 17
      vertex -27.0705 -60.5659 17
    endloop
  endfacet
  facet normal 0 0 1
    outer loop
      vertex -26.4723 -60.8856 17
      vertex -27.074 -60.5717 17
      vertex -26.6741 -61.2223 17
    endloop
  endfacet
  facet normal -0 0 1
    outer loop
      vertex -27.2381 -60.8455 17
      vertex -26.6741 -61.2223 17
      vertex -27.074 -60.5717 17
    endloop
  endfacet
  facet normal -0 0 1
    outer loop
      vertex -27.4282 -61.1018 17
      vertex -26.6741 -61.2223 17
      vertex -27.2381 -60.8455 17
    endloop
  endfacet
  facet normal 0 0 1
    outer loop
      vertex -26.6741 -61.2223 17
      vertex -27.4282 -61.1018 17
      vertex -26.908 -61.5376 17
    endloop
  endfacet
  facet normal -0 0 1
    outer loop
      vertex -27.4323 -61.1073 17
      vertex -26.908 -61.5376 17
      vertex -27.4282 -61.1018 17
    endloop
  endfacet
  facet normal -0 0 1
    outer loop
      vertex -27.4368 -61.1123 17
      vertex -26.908 -61.5376 17
      vertex -27.4323 -61.1073 17
    endloop
  endfacet
  facet normal 0 0 1
    outer loop
      vertex -26.908 -61.5376 17
      vertex -27.4368 -61.1123 17
      vertex -27.1716 -61.8284 17
    endloop
  endfacet
  facet normal -0 0 1
    outer loop
      vertex -27.6512 -61.3488 17
      vertex -27.1716 -61.8284 17
      vertex -27.4368 -61.1123 17
    endloop
  endfacet
  facet normal -0 0 1
    outer loop
      vertex -27.8877 -61.5632 17
      vertex -27.1716 -61.8284 17
      vertex -27.6512 -61.3488 17
    endloop
  endfacet
  facet normal 0 0 1
    outer loop
      vertex -27.1716 -61.8284 17
      vertex -27.8877 -61.5632 17
      vertex -27.4624 -62.092 17
    endloop
  endfacet
  facet normal -0 0 1
    outer loop
      vertex -27.8927 -61.5677 17
      vertex -27.4624 -62.092 17
      vertex -27.8877 -61.5632 17
    endloop
  endfacet
  facet normal -0 0 1
    outer loop
      vertex -27.8982 -61.5718 17
      vertex -27.4624 -62.092 17
      vertex -27.8927 -61.5677 17
    endloop
  endfacet
  facet normal 0 0 1
    outer loop
      vertex -27.4624 -62.092 17
      vertex -27.8982 -61.5718 17
      vertex -27.7777 -62.3259 17
    endloop
  endfacet
  facet normal -0 0 1
    outer loop
      vertex -28.1545 -61.7619 17
      vertex -27.7777 -62.3259 17
      vertex -27.8982 -61.5718 17
    endloop
  endfacet
  facet normal -0 0 1
    outer loop
      vertex -28.4283 -61.926 17
      vertex -27.7777 -62.3259 17
      vertex -28.1545 -61.7619 17
    endloop
  endfacet
  facet normal 0 0 1
    outer loop
      vertex -27.7777 -62.3259 17
      vertex -28.4283 -61.926 17
      vertex -28.1144 -62.5277 17
    endloop
  endfacet
  facet normal -0 0 1
    outer loop
      vertex -28.4341 -61.9295 17
      vertex -28.1144 -62.5277 17
      vertex -28.4283 -61.926 17
    endloop
  endfacet
  facet normal -0 0 1
    outer loop
      vertex -28.4403 -61.9324 17
      vertex -28.1144 -62.5277 17
      vertex -28.4341 -61.9295 17
    endloop
  endfacet
  facet normal 0 0 1
    outer loop
      vertex -28.4403 -61.9324 17
      vertex -28.4693 -62.6955 17
      vertex -28.1144 -62.5277 17
    endloop
  endfacet
  facet normal -0 0 1
    outer loop
      vertex -28.7288 -62.0689 17
      vertex -28.4693 -62.6955 17
      vertex -28.4403 -61.9324 17
    endloop
  endfacet
  facet normal -0 0 1
    outer loop
      vertex -28.7353 -62.0712 17
      vertex -28.4693 -62.6955 17
      vertex -28.7288 -62.0689 17
    endloop
  endfacet
  facet normal 0 0 1
    outer loop
      vertex -28.7353 -62.0712 17
      vertex -28.8389 -62.8278 17
      vertex -28.4693 -62.6955 17
    endloop
  endfacet
  facet normal -0 0 1
    outer loop
      vertex -29.0358 -62.1787 17
      vertex -28.8389 -62.8278 17
      vertex -28.7353 -62.0712 17
    endloop
  endfacet
  facet normal -0 0 1
    outer loop
      vertex -29.3453 -62.2563 17
      vertex -28.8389 -62.8278 17
      vertex -29.0358 -62.1787 17
    endloop
  endfacet
  facet normal 0 0 1
    outer loop
      vertex -28.8389 -62.8278 17
      vertex -29.3453 -62.2563 17
      vertex -29.2196 -62.9231 17
    endloop
  endfacet
  facet normal -0 0 1
    outer loop
      vertex -29.352 -62.2579 17
      vertex -29.2196 -62.9231 17
      vertex -29.3453 -62.2563 17
    endloop
  endfacet
  facet normal -0 0 1
    outer loop
      vertex -29.6677 -62.3047 17
      vertex -29.2196 -62.9231 17
      vertex -29.352 -62.2579 17
    endloop
  endfacet
  facet normal 0 0 1
    outer loop
      vertex -29.2196 -62.9231 17
      vertex -29.6677 -62.3047 17
      vertex -29.6079 -62.9807 17
    endloop
  endfacet
  facet normal -0 0 1
    outer loop
      vertex -29.6744 -62.3057 17
      vertex -29.6079 -62.9807 17
      vertex -29.6677 -62.3047 17
    endloop
  endfacet
  facet normal -0 0 1
    outer loop
      vertex -29.6812 -62.3061 17
      vertex -29.6079 -62.9807 17
      vertex -29.6744 -62.3057 17
    endloop
  endfacet
  facet normal 0 0 1
    outer loop
      vertex -30 -63 17
      vertex -29.6812 -62.3061 17
      vertex -30 -62.3217 17
    endloop
  endfacet
  facet normal 0 0 1
    outer loop
      vertex -29.6812 -62.3061 17
      vertex -30 -63 17
      vertex -29.6079 -62.9807 17
    endloop
  endfacet
  facet normal 0 0 1
    outer loop
      vertex -30.3188 -62.3061 17
      vertex -30 -63 17
      vertex -30 -62.3217 17
    endloop
  endfacet
  facet normal 0 0 1
    outer loop
      vertex -30.3921 -62.9807 17
      vertex -30.3188 -62.3061 17
      vertex -30.3256 -62.3057 17
    endloop
  endfacet
  facet normal 0 0 1
    outer loop
      vertex -30.3921 -62.9807 17
      vertex -30.3256 -62.3057 17
      vertex -30.3323 -62.3047 17
    endloop
  endfacet
  facet normal 0 0 1
    outer loop
      vertex -30.3188 -62.3061 17
      vertex -30.3921 -62.9807 17
      vertex -30 -63 17
    endloop
  endfacet
  facet normal 0 0 1
    outer loop
      vertex -30.7804 -62.9231 17
      vertex -30.3323 -62.3047 17
      vertex -30.648 -62.2579 17
    endloop
  endfacet
  facet normal 0 0 1
    outer loop
      vertex -30.7804 -62.9231 17
      vertex -30.648 -62.2579 17
      vertex -30.6547 -62.2563 17
    endloop
  endfacet
  facet normal 0 0 1
    outer loop
      vertex -30.3323 -62.3047 17
      vertex -30.7804 -62.9231 17
      vertex -30.3921 -62.9807 17
    endloop
  endfacet
  facet normal 0 0 1
    outer loop
      vertex -31.1611 -62.8278 17
      vertex -30.6547 -62.2563 17
      vertex -30.9642 -62.1787 17
    endloop
  endfacet
  facet normal 0 0 1
    outer loop
      vertex -30.6547 -62.2563 17
      vertex -31.1611 -62.8278 17
      vertex -30.7804 -62.9231 17
    endloop
  endfacet
  facet normal 0 0 1
    outer loop
      vertex -31.2647 -62.0712 17
      vertex -31.1611 -62.8278 17
      vertex -30.9642 -62.1787 17
    endloop
  endfacet
  facet normal 0 0 1
    outer loop
      vertex -31.5307 -62.6955 17
      vertex -31.2647 -62.0712 17
      vertex -31.2712 -62.0689 17
    endloop
  endfacet
  facet normal 0 0 1
    outer loop
      vertex -31.2647 -62.0712 17
      vertex -31.5307 -62.6955 17
      vertex -31.1611 -62.8278 17
    endloop
  endfacet
  facet normal 0 0 1
    outer loop
      vertex -31.5597 -61.9324 17
      vertex -31.5307 -62.6955 17
      vertex -31.2712 -62.0689 17
    endloop
  endfacet
  facet normal 0 0 1
    outer loop
      vertex -31.8856 -62.5277 17
      vertex -31.5597 -61.9324 17
      vertex -31.5659 -61.9295 17
    endloop
  endfacet
  facet normal 0 0 1
    outer loop
      vertex -31.8856 -62.5277 17
      vertex -31.5659 -61.9295 17
      vertex -31.5717 -61.926 17
    endloop
  endfacet
  facet normal 0 0 1
    outer loop
      vertex -32.2223 -62.3259 17
      vertex -31.5717 -61.926 17
      vertex -31.8455 -61.7619 17
    endloop
  endfacet
  facet normal 0 0 1
    outer loop
      vertex -31.5597 -61.9324 17
      vertex -31.8856 -62.5277 17
      vertex -31.5307 -62.6955 17
    endloop
  endfacet
  facet normal 0 0 1
    outer loop
      vertex -32.2223 -62.3259 17
      vertex -31.8455 -61.7619 17
      vertex -32.1018 -61.5718 17
    endloop
  endfacet
  facet normal 0 0 1
    outer loop
      vertex -32.5376 -62.092 17
      vertex -32.1018 -61.5718 17
      vertex -32.1073 -61.5677 17
    endloop
  endfacet
  facet normal 0 0 1
    outer loop
      vertex -32.5376 -62.092 17
      vertex -32.1073 -61.5677 17
      vertex -32.1123 -61.5632 17
    endloop
  endfacet
  facet normal 0 0 1
    outer loop
      vertex -31.5717 -61.926 17
      vertex -32.2223 -62.3259 17
      vertex -31.8856 -62.5277 17
    endloop
  endfacet
  facet normal 0 0 1
    outer loop
      vertex -32.8284 -61.8284 17
      vertex -32.1123 -61.5632 17
      vertex -32.3488 -61.3488 17
    endloop
  endfacet
  facet normal 0 0 1
    outer loop
      vertex -32.1018 -61.5718 17
      vertex -32.5376 -62.092 17
      vertex -32.2223 -62.3259 17
    endloop
  endfacet
  facet normal 0 0 1
    outer loop
      vertex -32.8284 -61.8284 17
      vertex -32.3488 -61.3488 17
      vertex -32.5632 -61.1123 17
    endloop
  endfacet
  facet normal 0 0 1
    outer loop
      vertex -33.092 -61.5376 17
      vertex -32.5632 -61.1123 17
      vertex -32.5677 -61.1073 17
    endloop
  endfacet
  facet normal 0 0 1
    outer loop
      vertex -33.092 -61.5376 17
      vertex -32.5677 -61.1073 17
      vertex -32.5718 -61.1018 17
    endloop
  endfacet
  facet normal 0 0 1
    outer loop
      vertex -33.3259 -61.2223 17
      vertex -32.5718 -61.1018 17
      vertex -32.7619 -60.8455 17
    endloop
  endfacet
  facet normal 0 0 1
    outer loop
      vertex -32.1123 -61.5632 17
      vertex -32.8284 -61.8284 17
      vertex -32.5376 -62.092 17
    endloop
  endfacet
  facet normal 0 0 1
    outer loop
      vertex -33.3259 -61.2223 17
      vertex -32.7619 -60.8455 17
      vertex -32.926 -60.5717 17
    endloop
  endfacet
  facet normal 0 0 1
    outer loop
      vertex -33.5277 -60.8856 17
      vertex -32.926 -60.5717 17
      vertex -32.9295 -60.5659 17
    endloop
  endfacet
  facet normal 0 0 1
    outer loop
      vertex -33.5277 -60.8856 17
      vertex -32.9295 -60.5659 17
      vertex -32.9324 -60.5597 17
    endloop
  endfacet
  facet normal -0 0 1
    outer loop
      vertex -33.6955 -60.5307 17
      vertex -32.9324 -60.5597 17
      vertex -33.0689 -60.2712 17
    endloop
  endfacet
  facet normal 0 0 1
    outer loop
      vertex -33.6955 -60.5307 17
      vertex -33.0689 -60.2712 17
      vertex -33.0712 -60.2647 17
    endloop
  endfacet
  facet normal 0 0 1
    outer loop
      vertex -32.5632 -61.1123 17
      vertex -33.092 -61.5376 17
      vertex -32.8284 -61.8284 17
    endloop
  endfacet
  facet normal -0 0 1
    outer loop
      vertex -33.8278 -60.1611 17
      vertex -33.0712 -60.2647 17
      vertex -33.1787 -59.9642 17
    endloop
  endfacet
  facet normal 0 0 1
    outer loop
      vertex -33.8278 -60.1611 17
      vertex -33.1787 -59.9642 17
      vertex -33.2563 -59.6547 17
    endloop
  endfacet
  facet normal 0 0 1
    outer loop
      vertex -33.9231 -59.7804 17
      vertex -33.2563 -59.6547 17
      vertex -33.2579 -59.648 17
    endloop
  endfacet
  facet normal 0 0 1
    outer loop
      vertex -33.9231 -59.7804 17
      vertex -33.2579 -59.648 17
      vertex -33.3047 -59.3323 17
    endloop
  endfacet
  facet normal 0 0 1
    outer loop
      vertex -33.9807 -59.3921 17
      vertex -33.3047 -59.3323 17
      vertex -33.3057 -59.3256 17
    endloop
  endfacet
  facet normal 0 0 1
    outer loop
      vertex -32.5718 -61.1018 17
      vertex -33.3259 -61.2223 17
      vertex -33.092 -61.5376 17
    endloop
  endfacet
  facet normal 0 0 1
    outer loop
      vertex -33.9807 -59.3921 17
      vertex -33.3057 -59.3256 17
      vertex -33.3061 -59.3188 17
    endloop
  endfacet
  facet normal -0 0 1
    outer loop
      vertex -34 -59 17
      vertex -33.3061 -59.3188 17
      vertex -33.3217 -59 17
    endloop
  endfacet
  facet normal 0 0 1
    outer loop
      vertex -33.2579 -58.352 17
      vertex -33.9231 -58.2196 17
      vertex -33.3047 -58.6677 17
    endloop
  endfacet
  facet normal -0 0 1
    outer loop
      vertex -33.9807 -58.6079 17
      vertex -33.3047 -58.6677 17
      vertex -33.9231 -58.2196 17
    endloop
  endfacet
  facet normal 0 0 1
    outer loop
      vertex -32.926 -60.5717 17
      vertex -33.5277 -60.8856 17
      vertex -33.3259 -61.2223 17
    endloop
  endfacet
  facet normal 0 0 1
    outer loop
      vertex -33.3047 -58.6677 17
      vertex -33.9807 -58.6079 17
      vertex -33.3057 -58.6744 17
    endloop
  endfacet
  facet normal 0 0 1
    outer loop
      vertex -32.9324 -60.5597 17
      vertex -33.6955 -60.5307 17
      vertex -33.5277 -60.8856 17
    endloop
  endfacet
  facet normal 0 0 1
    outer loop
      vertex -33.3057 -58.6744 17
      vertex -33.9807 -58.6079 17
      vertex -33.3061 -58.6812 17
    endloop
  endfacet
  facet normal 0 0 1
    outer loop
      vertex -33.0712 -60.2647 17
      vertex -33.8278 -60.1611 17
      vertex -33.6955 -60.5307 17
    endloop
  endfacet
  facet normal 0 0 1
    outer loop
      vertex -34 -59 17
      vertex -33.3061 -58.6812 17
      vertex -33.9807 -58.6079 17
    endloop
  endfacet
  facet normal 0 0 1
    outer loop
      vertex -33.2563 -59.6547 17
      vertex -33.9231 -59.7804 17
      vertex -33.8278 -60.1611 17
    endloop
  endfacet
  facet normal 0 0 1
    outer loop
      vertex -33.3061 -58.6812 17
      vertex -34 -59 17
      vertex -33.3217 -59 17
    endloop
  endfacet
  facet normal 0 0 1
    outer loop
      vertex -33.3047 -59.3323 17
      vertex -33.9807 -59.3921 17
      vertex -33.9231 -59.7804 17
    endloop
  endfacet
  facet normal 0 0 1
    outer loop
      vertex -33.3061 -59.3188 17
      vertex -34 -59 17
      vertex -33.9807 -59.3921 17
    endloop
  endfacet
  facet normal -0.0491626 -0.998791 0
    outer loop
      vertex -30.3921 -62.9807 4
      vertex -30 -63 17
      vertex -30.3921 -62.9807 17
    endloop
  endfacet
  facet normal -0.0491626 -0.998791 -0
    outer loop
      vertex -30 -63 17
      vertex -30.3921 -62.9807 4
      vertex -30 -63 4
    endloop
  endfacet
  facet normal -0.998791 0.0491626 0
    outer loop
      vertex -34 -59 4
      vertex -33.9807 -58.6079 17
      vertex -33.9807 -58.6079 4
    endloop
  endfacet
  facet normal -0.998791 0.0491626 0
    outer loop
      vertex -33.9807 -58.6079 17
      vertex -34 -59 4
      vertex -34 -59 17
    endloop
  endfacet
  facet normal 0.740908 -0.671607 0
    outer loop
      vertex -27.1716 -61.8284 17
      vertex -26.908 -61.5376 2.4
      vertex -26.908 -61.5376 17
    endloop
  endfacet
  facet normal 0.740908 -0.671607 0
    outer loop
      vertex -26.908 -61.5376 2.4
      vertex -27.1716 -61.8284 17
      vertex -27.1716 -61.8284 2.4
    endloop
  endfacet
  facet normal -0.98921 -0.146502 0
    outer loop
      vertex -28.4077 -58.8432 2.4
      vertex -28.4307 -58.6879 14.8
      vertex -28.4307 -58.6879 2.4
    endloop
  endfacet
  facet normal -0.98921 -0.146502 0
    outer loop
      vertex -28.4307 -58.6879 14.8
      vertex -28.4077 -58.8432 2.4
      vertex -28.4077 -58.8432 14.8
    endloop
  endfacet
  facet normal -0.998796 -0.049048 0
    outer loop
      vertex -28.4 -59 2.4
      vertex -28.4077 -58.8432 14.8
      vertex -28.4077 -58.8432 2.4
    endloop
  endfacet
  facet normal -0.998796 -0.049048 0
    outer loop
      vertex -28.4077 -58.8432 14.8
      vertex -28.4 -59 2.4
      vertex -28.4 -59 14.8
    endloop
  endfacet
  facet normal -0.969993 -0.243135 0
    outer loop
      vertex -28.4307 -58.6879 2.4
      vertex -28.4689 -58.5355 14.8
      vertex -28.4689 -58.5355 2.4
    endloop
  endfacet
  facet normal -0.969993 -0.243135 0
    outer loop
      vertex -28.4689 -58.5355 14.8
      vertex -28.4307 -58.6879 2.4
      vertex -28.4307 -58.6879 14.8
    endloop
  endfacet
  facet normal -0.427484 -0.904023 0
    outer loop
      vertex -29.3877 -57.5218 2.4
      vertex -29.2458 -57.5889 14.8
      vertex -29.3877 -57.5218 14.8
    endloop
  endfacet
  facet normal -0.427484 -0.904023 -0
    outer loop
      vertex -29.2458 -57.5889 14.8
      vertex -29.3877 -57.5218 2.4
      vertex -29.2458 -57.5889 2.4
    endloop
  endfacet
  facet normal 0.243135 0.969993 -0
    outer loop
      vertex -30.3121 -60.5693 2.4
      vertex -30.4645 -60.5311 14.8
      vertex -30.3121 -60.5693 14.8
    endloop
  endfacet
  facet normal 0.243135 0.969993 0
    outer loop
      vertex -30.4645 -60.5311 14.8
      vertex -30.3121 -60.5693 2.4
      vertex -30.4645 -60.5311 2.4
    endloop
  endfacet
  facet normal 0.85783 0.513934 0
    outer loop
      vertex -31.3304 -59.8889 14.8
      vertex -31.4111 -59.7542 2.4
      vertex -31.4111 -59.7542 14.8
    endloop
  endfacet
  facet normal 0.85783 0.513934 0
    outer loop
      vertex -31.4111 -59.7542 2.4
      vertex -31.3304 -59.8889 14.8
      vertex -31.3304 -59.8889 2.4
    endloop
  endfacet
  facet normal -0.146502 0.98921 0
    outer loop
      vertex -29.6879 -60.5693 2.4
      vertex -29.8432 -60.5923 14.8
      vertex -29.6879 -60.5693 14.8
    endloop
  endfacet
  facet normal -0.146502 0.98921 0
    outer loop
      vertex -29.8432 -60.5923 14.8
      vertex -29.6879 -60.5693 2.4
      vertex -29.8432 -60.5923 2.4
    endloop
  endfacet
  facet normal -0.741264 -0.671213 0
    outer loop
      vertex -28.7632 -57.985 2.4
      vertex -28.8686 -57.8686 14.8
      vertex -28.8686 -57.8686 2.4
    endloop
  endfacet
  facet normal -0.741264 -0.671213 0
    outer loop
      vertex -28.8686 -57.8686 14.8
      vertex -28.7632 -57.985 2.4
      vertex -28.7632 -57.985 14.8
    endloop
  endfacet
  facet normal 0.513934 -0.85783 0
    outer loop
      vertex -30.8889 -57.6696 2.4
      vertex -30.7542 -57.5889 14.8
      vertex -30.8889 -57.6696 14.8
    endloop
  endfacet
  facet normal 0.513934 -0.85783 0
    outer loop
      vertex -30.7542 -57.5889 14.8
      vertex -30.8889 -57.6696 2.4
      vertex -30.7542 -57.5889 2.4
    endloop
  endfacet
  facet normal -0.741264 0.671213 0
    outer loop
      vertex -28.8686 -60.1314 2.4
      vertex -28.7632 -60.015 14.8
      vertex -28.7632 -60.015 2.4
    endloop
  endfacet
  facet normal -0.741264 0.671213 0
    outer loop
      vertex -28.7632 -60.015 14.8
      vertex -28.8686 -60.1314 2.4
      vertex -28.8686 -60.1314 14.8
    endloop
  endfacet
  facet normal -0.513934 0.85783 0
    outer loop
      vertex -29.1111 -60.3304 2.4
      vertex -29.2458 -60.4111 14.8
      vertex -29.1111 -60.3304 14.8
    endloop
  endfacet
  facet normal -0.513934 0.85783 0
    outer loop
      vertex -29.2458 -60.4111 14.8
      vertex -29.1111 -60.3304 2.4
      vertex -29.2458 -60.4111 2.4
    endloop
  endfacet
  facet normal -0.243135 -0.969993 0
    outer loop
      vertex -29.6879 -57.4307 2.4
      vertex -29.5355 -57.4689 14.8
      vertex -29.6879 -57.4307 14.8
    endloop
  endfacet
  facet normal -0.243135 -0.969993 -0
    outer loop
      vertex -29.5355 -57.4689 14.8
      vertex -29.6879 -57.4307 2.4
      vertex -29.5355 -57.4689 2.4
    endloop
  endfacet
  facet normal 0.98921 -0.146502 0
    outer loop
      vertex -31.5923 -58.8432 14.8
      vertex -31.5693 -58.6879 2.4
      vertex -31.5693 -58.6879 14.8
    endloop
  endfacet
  facet normal 0.98921 -0.146502 0
    outer loop
      vertex -31.5693 -58.6879 2.4
      vertex -31.5923 -58.8432 14.8
      vertex -31.5923 -58.8432 2.4
    endloop
  endfacet
  facet normal -0.85783 -0.513934 0
    outer loop
      vertex -28.5889 -58.2458 2.4
      vertex -28.6696 -58.1111 14.8
      vertex -28.6696 -58.1111 2.4
    endloop
  endfacet
  facet normal -0.85783 -0.513934 0
    outer loop
      vertex -28.6696 -58.1111 14.8
      vertex -28.5889 -58.2458 2.4
      vertex -28.5889 -58.2458 14.8
    endloop
  endfacet
  facet normal -0.969993 0.243135 0
    outer loop
      vertex -28.4689 -59.4645 2.4
      vertex -28.4307 -59.3121 14.8
      vertex -28.4307 -59.3121 2.4
    endloop
  endfacet
  facet normal -0.969993 0.243135 0
    outer loop
      vertex -28.4307 -59.3121 14.8
      vertex -28.4689 -59.4645 2.4
      vertex -28.4689 -59.4645 14.8
    endloop
  endfacet
  facet normal 0.146502 0.98921 -0
    outer loop
      vertex -30.1568 -60.5923 2.4
      vertex -30.3121 -60.5693 14.8
      vertex -30.1568 -60.5923 14.8
    endloop
  endfacet
  facet normal 0.146502 0.98921 0
    outer loop
      vertex -30.3121 -60.5693 14.8
      vertex -30.1568 -60.5923 2.4
      vertex -30.3121 -60.5693 2.4
    endloop
  endfacet
  facet normal 0.998796 0.049048 0
    outer loop
      vertex -31.5923 -59.1568 14.8
      vertex -31.6 -59 2.4
      vertex -31.6 -59 14.8
    endloop
  endfacet
  facet normal 0.998796 0.049048 0
    outer loop
      vertex -31.6 -59 2.4
      vertex -31.5923 -59.1568 14.8
      vertex -31.5923 -59.1568 2.4
    endloop
  endfacet
  facet normal -0.146502 -0.98921 0
    outer loop
      vertex -29.8432 -57.4077 2.4
      vertex -29.6879 -57.4307 14.8
      vertex -29.8432 -57.4077 14.8
    endloop
  endfacet
  facet normal -0.146502 -0.98921 -0
    outer loop
      vertex -29.6879 -57.4307 14.8
      vertex -29.8432 -57.4077 2.4
      vertex -29.6879 -57.4307 2.4
    endloop
  endfacet
  facet normal -0.941511 -0.336982 0
    outer loop
      vertex -28.4689 -58.5355 2.4
      vertex -28.5218 -58.3877 14.8
      vertex -28.5218 -58.3877 2.4
    endloop
  endfacet
  facet normal -0.941511 -0.336982 0
    outer loop
      vertex -28.5218 -58.3877 14.8
      vertex -28.4689 -58.5355 2.4
      vertex -28.4689 -58.5355 14.8
    endloop
  endfacet
  facet normal -0.671213 -0.741264 0
    outer loop
      vertex -28.985 -57.7632 2.4
      vertex -28.8686 -57.8686 14.8
      vertex -28.985 -57.7632 14.8
    endloop
  endfacet
  facet normal -0.671213 -0.741264 -0
    outer loop
      vertex -28.8686 -57.8686 14.8
      vertex -28.985 -57.7632 2.4
      vertex -28.8686 -57.8686 2.4
    endloop
  endfacet
  facet normal 0.741264 -0.671213 0
    outer loop
      vertex -31.2368 -57.985 14.8
      vertex -31.1314 -57.8686 2.4
      vertex -31.1314 -57.8686 14.8
    endloop
  endfacet
  facet normal 0.741264 -0.671213 0
    outer loop
      vertex -31.1314 -57.8686 2.4
      vertex -31.2368 -57.985 14.8
      vertex -31.2368 -57.985 2.4
    endloop
  endfacet
  facet normal 0.969993 0.243135 0
    outer loop
      vertex -31.5311 -59.4645 14.8
      vertex -31.5693 -59.3121 2.4
      vertex -31.5693 -59.3121 14.8
    endloop
  endfacet
  facet normal 0.969993 0.243135 0
    outer loop
      vertex -31.5693 -59.3121 2.4
      vertex -31.5311 -59.4645 14.8
      vertex -31.5311 -59.4645 2.4
    endloop
  endfacet
  facet normal 0.336982 -0.941511 0
    outer loop
      vertex -30.6123 -57.5218 2.4
      vertex -30.4645 -57.4689 14.8
      vertex -30.6123 -57.5218 14.8
    endloop
  endfacet
  facet normal 0.336982 -0.941511 0
    outer loop
      vertex -30.4645 -57.4689 14.8
      vertex -30.6123 -57.5218 2.4
      vertex -30.4645 -57.4689 2.4
    endloop
  endfacet
  facet normal 0.941511 0.336982 0
    outer loop
      vertex -31.4782 -59.6123 14.8
      vertex -31.5311 -59.4645 2.4
      vertex -31.5311 -59.4645 14.8
    endloop
  endfacet
  facet normal 0.941511 0.336982 0
    outer loop
      vertex -31.5311 -59.4645 2.4
      vertex -31.4782 -59.6123 14.8
      vertex -31.4782 -59.6123 2.4
    endloop
  endfacet
  facet normal -0.336982 -0.941511 0
    outer loop
      vertex -29.5355 -57.4689 2.4
      vertex -29.3877 -57.5218 14.8
      vertex -29.5355 -57.4689 14.8
    endloop
  endfacet
  facet normal -0.336982 -0.941511 -0
    outer loop
      vertex -29.3877 -57.5218 14.8
      vertex -29.5355 -57.4689 2.4
      vertex -29.3877 -57.5218 2.4
    endloop
  endfacet
  facet normal 0.80297 -0.596019 0
    outer loop
      vertex -31.3304 -58.1111 14.8
      vertex -31.2368 -57.985 2.4
      vertex -31.2368 -57.985 14.8
    endloop
  endfacet
  facet normal 0.80297 -0.596019 0
    outer loop
      vertex -31.2368 -57.985 2.4
      vertex -31.3304 -58.1111 14.8
      vertex -31.3304 -58.1111 2.4
    endloop
  endfacet
  facet normal -0.80297 -0.596019 0
    outer loop
      vertex -28.6696 -58.1111 2.4
      vertex -28.7632 -57.985 14.8
      vertex -28.7632 -57.985 2.4
    endloop
  endfacet
  facet normal -0.80297 -0.596019 0
    outer loop
      vertex -28.7632 -57.985 14.8
      vertex -28.6696 -58.1111 2.4
      vertex -28.6696 -58.1111 14.8
    endloop
  endfacet
  facet normal 0.969993 -0.243135 0
    outer loop
      vertex -31.5693 -58.6879 14.8
      vertex -31.5311 -58.5355 2.4
      vertex -31.5311 -58.5355 14.8
    endloop
  endfacet
  facet normal 0.969993 -0.243135 0
    outer loop
      vertex -31.5311 -58.5355 2.4
      vertex -31.5693 -58.6879 14.8
      vertex -31.5693 -58.6879 2.4
    endloop
  endfacet
  facet normal 0.671213 -0.741264 0
    outer loop
      vertex -31.1314 -57.8686 2.4
      vertex -31.015 -57.7632 14.8
      vertex -31.1314 -57.8686 14.8
    endloop
  endfacet
  facet normal 0.671213 -0.741264 0
    outer loop
      vertex -31.015 -57.7632 14.8
      vertex -31.1314 -57.8686 2.4
      vertex -31.015 -57.7632 2.4
    endloop
  endfacet
  facet normal -0.427484 0.904023 0
    outer loop
      vertex -29.2458 -60.4111 2.4
      vertex -29.3877 -60.4782 14.8
      vertex -29.2458 -60.4111 14.8
    endloop
  endfacet
  facet normal -0.427484 0.904023 0
    outer loop
      vertex -29.3877 -60.4782 14.8
      vertex -29.2458 -60.4111 2.4
      vertex -29.3877 -60.4782 2.4
    endloop
  endfacet
  facet normal 0.243135 -0.969993 0
    outer loop
      vertex -30.4645 -57.4689 2.4
      vertex -30.3121 -57.4307 14.8
      vertex -30.4645 -57.4689 14.8
    endloop
  endfacet
  facet normal 0.243135 -0.969993 0
    outer loop
      vertex -30.3121 -57.4307 14.8
      vertex -30.4645 -57.4689 2.4
      vertex -30.3121 -57.4307 2.4
    endloop
  endfacet
  facet normal 0.941511 -0.336982 0
    outer loop
      vertex -31.5311 -58.5355 14.8
      vertex -31.4782 -58.3877 2.4
      vertex -31.4782 -58.3877 14.8
    endloop
  endfacet
  facet normal 0.941511 -0.336982 0
    outer loop
      vertex -31.4782 -58.3877 2.4
      vertex -31.5311 -58.5355 14.8
      vertex -31.5311 -58.5355 2.4
    endloop
  endfacet
  facet normal -0.513934 -0.85783 0
    outer loop
      vertex -29.2458 -57.5889 2.4
      vertex -29.1111 -57.6696 14.8
      vertex -29.2458 -57.5889 14.8
    endloop
  endfacet
  facet normal -0.513934 -0.85783 -0
    outer loop
      vertex -29.1111 -57.6696 14.8
      vertex -29.2458 -57.5889 2.4
      vertex -29.1111 -57.6696 2.4
    endloop
  endfacet
  facet normal 0.513934 0.85783 -0
    outer loop
      vertex -30.7542 -60.4111 2.4
      vertex -30.8889 -60.3304 14.8
      vertex -30.7542 -60.4111 14.8
    endloop
  endfacet
  facet normal 0.513934 0.85783 0
    outer loop
      vertex -30.8889 -60.3304 14.8
      vertex -30.7542 -60.4111 2.4
      vertex -30.8889 -60.3304 2.4
    endloop
  endfacet
  facet normal 0.596019 -0.80297 0
    outer loop
      vertex -31.015 -57.7632 2.4
      vertex -30.8889 -57.6696 14.8
      vertex -31.015 -57.7632 14.8
    endloop
  endfacet
  facet normal 0.596019 -0.80297 0
    outer loop
      vertex -30.8889 -57.6696 14.8
      vertex -31.015 -57.7632 2.4
      vertex -30.8889 -57.6696 2.4
    endloop
  endfacet
  facet normal 0.049048 -0.998796 0
    outer loop
      vertex -30.1568 -57.4077 2.4
      vertex -30 -57.4 14.8
      vertex -30.1568 -57.4077 14.8
    endloop
  endfacet
  facet normal 0.049048 -0.998796 0
    outer loop
      vertex -30 -57.4 14.8
      vertex -30.1568 -57.4077 2.4
      vertex -30 -57.4 2.4
    endloop
  endfacet
  facet normal -0.049048 0.998796 0
    outer loop
      vertex -29.8432 -60.5923 2.4
      vertex -30 -60.6 14.8
      vertex -29.8432 -60.5923 14.8
    endloop
  endfacet
  facet normal -0.049048 0.998796 0
    outer loop
      vertex -30 -60.6 14.8
      vertex -29.8432 -60.5923 2.4
      vertex -30 -60.6 2.4
    endloop
  endfacet
  facet normal -0.941511 0.336982 0
    outer loop
      vertex -28.5218 -59.6123 2.4
      vertex -28.4689 -59.4645 14.8
      vertex -28.4689 -59.4645 2.4
    endloop
  endfacet
  facet normal -0.941511 0.336982 0
    outer loop
      vertex -28.4689 -59.4645 14.8
      vertex -28.5218 -59.6123 2.4
      vertex -28.5218 -59.6123 14.8
    endloop
  endfacet
  facet normal -0.80297 0.596019 0
    outer loop
      vertex -28.7632 -60.015 2.4
      vertex -28.6696 -59.8889 14.8
      vertex -28.6696 -59.8889 2.4
    endloop
  endfacet
  facet normal -0.80297 0.596019 0
    outer loop
      vertex -28.6696 -59.8889 14.8
      vertex -28.7632 -60.015 2.4
      vertex -28.7632 -60.015 14.8
    endloop
  endfacet
  facet normal -0.98921 0.146502 0
    outer loop
      vertex -28.4307 -59.3121 2.4
      vertex -28.4077 -59.1568 14.8
      vertex -28.4077 -59.1568 2.4
    endloop
  endfacet
  facet normal -0.98921 0.146502 0
    outer loop
      vertex -28.4077 -59.1568 14.8
      vertex -28.4307 -59.3121 2.4
      vertex -28.4307 -59.3121 14.8
    endloop
  endfacet
  facet normal 0.85783 -0.513934 0
    outer loop
      vertex -31.4111 -58.2458 14.8
      vertex -31.3304 -58.1111 2.4
      vertex -31.3304 -58.1111 14.8
    endloop
  endfacet
  facet normal 0.85783 -0.513934 0
    outer loop
      vertex -31.3304 -58.1111 2.4
      vertex -31.4111 -58.2458 14.8
      vertex -31.4111 -58.2458 2.4
    endloop
  endfacet
  facet normal -0.904023 -0.427484 0
    outer loop
      vertex -28.5218 -58.3877 2.4
      vertex -28.5889 -58.2458 14.8
      vertex -28.5889 -58.2458 2.4
    endloop
  endfacet
  facet normal -0.904023 -0.427484 0
    outer loop
      vertex -28.5889 -58.2458 14.8
      vertex -28.5218 -58.3877 2.4
      vertex -28.5218 -58.3877 14.8
    endloop
  endfacet
  facet normal 0.427484 -0.904023 0
    outer loop
      vertex -30.7542 -57.5889 2.4
      vertex -30.6123 -57.5218 14.8
      vertex -30.7542 -57.5889 14.8
    endloop
  endfacet
  facet normal 0.427484 -0.904023 0
    outer loop
      vertex -30.6123 -57.5218 14.8
      vertex -30.7542 -57.5889 2.4
      vertex -30.6123 -57.5218 2.4
    endloop
  endfacet
  facet normal -0.596019 0.80297 0
    outer loop
      vertex -28.985 -60.2368 2.4
      vertex -29.1111 -60.3304 14.8
      vertex -28.985 -60.2368 14.8
    endloop
  endfacet
  facet normal -0.596019 0.80297 0
    outer loop
      vertex -29.1111 -60.3304 14.8
      vertex -28.985 -60.2368 2.4
      vertex -29.1111 -60.3304 2.4
    endloop
  endfacet
  facet normal -0.596019 -0.80297 0
    outer loop
      vertex -29.1111 -57.6696 2.4
      vertex -28.985 -57.7632 14.8
      vertex -29.1111 -57.6696 14.8
    endloop
  endfacet
  facet normal -0.596019 -0.80297 -0
    outer loop
      vertex -28.985 -57.7632 14.8
      vertex -29.1111 -57.6696 2.4
      vertex -28.985 -57.7632 2.4
    endloop
  endfacet
  facet normal 0.671213 0.741264 -0
    outer loop
      vertex -31.015 -60.2368 2.4
      vertex -31.1314 -60.1314 14.8
      vertex -31.015 -60.2368 14.8
    endloop
  endfacet
  facet normal 0.671213 0.741264 0
    outer loop
      vertex -31.1314 -60.1314 14.8
      vertex -31.015 -60.2368 2.4
      vertex -31.1314 -60.1314 2.4
    endloop
  endfacet
  facet normal -0.998796 0.049048 0
    outer loop
      vertex -28.4077 -59.1568 2.4
      vertex -28.4 -59 14.8
      vertex -28.4 -59 2.4
    endloop
  endfacet
  facet normal -0.998796 0.049048 0
    outer loop
      vertex -28.4 -59 14.8
      vertex -28.4077 -59.1568 2.4
      vertex -28.4077 -59.1568 14.8
    endloop
  endfacet
  facet normal 0.80297 0.596019 0
    outer loop
      vertex -31.2368 -60.015 14.8
      vertex -31.3304 -59.8889 2.4
      vertex -31.3304 -59.8889 14.8
    endloop
  endfacet
  facet normal 0.80297 0.596019 0
    outer loop
      vertex -31.3304 -59.8889 2.4
      vertex -31.2368 -60.015 14.8
      vertex -31.2368 -60.015 2.4
    endloop
  endfacet
  facet normal 0.904023 0.427484 0
    outer loop
      vertex -31.4111 -59.7542 14.8
      vertex -31.4782 -59.6123 2.4
      vertex -31.4782 -59.6123 14.8
    endloop
  endfacet
  facet normal 0.904023 0.427484 0
    outer loop
      vertex -31.4782 -59.6123 2.4
      vertex -31.4111 -59.7542 14.8
      vertex -31.4111 -59.7542 2.4
    endloop
  endfacet
  facet normal -0.049048 -0.998796 0
    outer loop
      vertex -30 -57.4 2.4
      vertex -29.8432 -57.4077 14.8
      vertex -30 -57.4 14.8
    endloop
  endfacet
  facet normal -0.049048 -0.998796 -0
    outer loop
      vertex -29.8432 -57.4077 14.8
      vertex -30 -57.4 2.4
      vertex -29.8432 -57.4077 2.4
    endloop
  endfacet
  facet normal 0.427484 0.904023 -0
    outer loop
      vertex -30.6123 -60.4782 2.4
      vertex -30.7542 -60.4111 14.8
      vertex -30.6123 -60.4782 14.8
    endloop
  endfacet
  facet normal 0.427484 0.904023 0
    outer loop
      vertex -30.7542 -60.4111 14.8
      vertex -30.6123 -60.4782 2.4
      vertex -30.7542 -60.4111 2.4
    endloop
  endfacet
  facet normal 0.146502 -0.98921 0
    outer loop
      vertex -30.3121 -57.4307 2.4
      vertex -30.1568 -57.4077 14.8
      vertex -30.3121 -57.4307 14.8
    endloop
  endfacet
  facet normal 0.146502 -0.98921 0
    outer loop
      vertex -30.1568 -57.4077 14.8
      vertex -30.3121 -57.4307 2.4
      vertex -30.1568 -57.4077 2.4
    endloop
  endfacet
  facet normal 0.98921 0.146502 0
    outer loop
      vertex -31.5693 -59.3121 14.8
      vertex -31.5923 -59.1568 2.4
      vertex -31.5923 -59.1568 14.8
    endloop
  endfacet
  facet normal 0.98921 0.146502 0
    outer loop
      vertex -31.5923 -59.1568 2.4
      vertex -31.5693 -59.3121 14.8
      vertex -31.5693 -59.3121 2.4
    endloop
  endfacet
  facet normal -0.336982 0.941511 0
    outer loop
      vertex -29.3877 -60.4782 2.4
      vertex -29.5355 -60.5311 14.8
      vertex -29.3877 -60.4782 14.8
    endloop
  endfacet
  facet normal -0.336982 0.941511 0
    outer loop
      vertex -29.5355 -60.5311 14.8
      vertex -29.3877 -60.4782 2.4
      vertex -29.5355 -60.5311 2.4
    endloop
  endfacet
  facet normal -0.243135 0.969993 0
    outer loop
      vertex -29.5355 -60.5311 2.4
      vertex -29.6879 -60.5693 14.8
      vertex -29.5355 -60.5311 14.8
    endloop
  endfacet
  facet normal -0.243135 0.969993 0
    outer loop
      vertex -29.6879 -60.5693 14.8
      vertex -29.5355 -60.5311 2.4
      vertex -29.6879 -60.5693 2.4
    endloop
  endfacet
  facet normal 0.904023 -0.427484 0
    outer loop
      vertex -31.4782 -58.3877 14.8
      vertex -31.4111 -58.2458 2.4
      vertex -31.4111 -58.2458 14.8
    endloop
  endfacet
  facet normal 0.904023 -0.427484 0
    outer loop
      vertex -31.4111 -58.2458 2.4
      vertex -31.4782 -58.3877 14.8
      vertex -31.4782 -58.3877 2.4
    endloop
  endfacet
  facet normal 0.741264 0.671213 0
    outer loop
      vertex -31.1314 -60.1314 14.8
      vertex -31.2368 -60.015 2.4
      vertex -31.2368 -60.015 14.8
    endloop
  endfacet
  facet normal 0.741264 0.671213 0
    outer loop
      vertex -31.2368 -60.015 2.4
      vertex -31.1314 -60.1314 14.8
      vertex -31.1314 -60.1314 2.4
    endloop
  endfacet
  facet normal 0.596019 0.80297 -0
    outer loop
      vertex -30.8889 -60.3304 2.4
      vertex -31.015 -60.2368 14.8
      vertex -30.8889 -60.3304 14.8
    endloop
  endfacet
  facet normal 0.596019 0.80297 0
    outer loop
      vertex -31.015 -60.2368 14.8
      vertex -30.8889 -60.3304 2.4
      vertex -31.015 -60.2368 2.4
    endloop
  endfacet
  facet normal -0.904023 0.427484 0
    outer loop
      vertex -28.5889 -59.7542 2.4
      vertex -28.5218 -59.6123 14.8
      vertex -28.5218 -59.6123 2.4
    endloop
  endfacet
  facet normal -0.904023 0.427484 0
    outer loop
      vertex -28.5218 -59.6123 14.8
      vertex -28.5889 -59.7542 2.4
      vertex -28.5889 -59.7542 14.8
    endloop
  endfacet
  facet normal -0.85783 0.513934 0
    outer loop
      vertex -28.6696 -59.8889 2.4
      vertex -28.5889 -59.7542 14.8
      vertex -28.5889 -59.7542 2.4
    endloop
  endfacet
  facet normal -0.85783 0.513934 0
    outer loop
      vertex -28.5889 -59.7542 14.8
      vertex -28.6696 -59.8889 2.4
      vertex -28.6696 -59.8889 14.8
    endloop
  endfacet
  facet normal 0.049048 0.998796 -0
    outer loop
      vertex -30 -60.6 2.4
      vertex -30.1568 -60.5923 14.8
      vertex -30 -60.6 14.8
    endloop
  endfacet
  facet normal 0.049048 0.998796 0
    outer loop
      vertex -30.1568 -60.5923 14.8
      vertex -30 -60.6 2.4
      vertex -30.1568 -60.5923 2.4
    endloop
  endfacet
  facet normal 0.998796 -0.049048 0
    outer loop
      vertex -31.6 -59 14.8
      vertex -31.5923 -58.8432 2.4
      vertex -31.5923 -58.8432 14.8
    endloop
  endfacet
  facet normal 0.998796 -0.049048 0
    outer loop
      vertex -31.5923 -58.8432 2.4
      vertex -31.6 -59 14.8
      vertex -31.6 -59 2.4
    endloop
  endfacet
  facet normal 0.336982 0.941511 -0
    outer loop
      vertex -30.4645 -60.5311 2.4
      vertex -30.6123 -60.4782 14.8
      vertex -30.4645 -60.5311 14.8
    endloop
  endfacet
  facet normal 0.336982 0.941511 0
    outer loop
      vertex -30.6123 -60.4782 14.8
      vertex -30.4645 -60.5311 2.4
      vertex -30.6123 -60.4782 2.4
    endloop
  endfacet
  facet normal -0.671213 0.741264 0
    outer loop
      vertex -28.8686 -60.1314 2.4
      vertex -28.985 -60.2368 14.8
      vertex -28.8686 -60.1314 14.8
    endloop
  endfacet
  facet normal -0.671213 0.741264 0
    outer loop
      vertex -28.985 -60.2368 14.8
      vertex -28.8686 -60.1314 2.4
      vertex -28.985 -60.2368 2.4
    endloop
  endfacet
  facet normal -0.115425 -0.779368 0.615843
    outer loop
      vertex -29.6879 -57.4307 14.8
      vertex -29.6744 -55.6943 17
      vertex -29.8432 -57.4077 14.8
    endloop
  endfacet
  facet normal -0.116311 -0.779285 0.615782
    outer loop
      vertex -29.6744 -55.6943 17
      vertex -29.6879 -57.4307 14.8
      vertex -29.6677 -55.6953 17
    endloop
  endfacet
  facet normal -0.675851 0.404908 0.615853
    outer loop
      vertex -28.6696 -59.8889 14.8
      vertex -27.0705 -60.5659 17
      vertex -28.5889 -59.7542 14.8
    endloop
  endfacet
  facet normal -0.674673 0.40713 0.61568
    outer loop
      vertex -27.0705 -60.5659 17
      vertex -28.6696 -59.8889 14.8
      vertex -27.074 -60.5717 17
    endloop
  endfacet
  facet normal -0.786928 -0.0385071 0.615842
    outer loop
      vertex -26.6783 -59 17
      vertex -26.6939 -58.6812 17
      vertex -28.4 -59 14.8
    endloop
  endfacet
  facet normal -0.786386 -0.046258 0.616001
    outer loop
      vertex -28.4077 -58.8432 14.8
      vertex -26.6939 -58.6812 17
      vertex -26.6943 -58.6744 17
    endloop
  endfacet
  facet normal -0.786914 -0.0386431 0.615852
    outer loop
      vertex -26.6939 -58.6812 17
      vertex -28.4077 -58.8432 14.8
      vertex -28.4 -59 14.8
    endloop
  endfacet
  facet normal -0.764212 0.191608 0.615846
    outer loop
      vertex -26.8213 -59.9642 17
      vertex -26.7437 -59.6547 17
      vertex -28.4689 -59.4645 14.8
    endloop
  endfacet
  facet normal 0.333835 -0.713716 0.615763
    outer loop
      vertex -30.7542 -57.5889 14.8
      vertex -31.5597 -56.0676 17
      vertex -31.5659 -56.0705 17
    endloop
  endfacet
  facet normal 0.336802 -0.712254 0.615839
    outer loop
      vertex -31.5597 -56.0676 17
      vertex -30.7542 -57.5889 14.8
      vertex -30.6123 -57.5218 14.8
    endloop
  endfacet
  facet normal 0.712172 0.336955 0.615851
    outer loop
      vertex -32.9324 -60.5597 17
      vertex -31.4782 -59.6123 14.8
      vertex -33.0689 -60.2712 17
    endloop
  endfacet
  facet normal -0.779359 0.115534 0.615834
    outer loop
      vertex -26.7421 -59.648 17
      vertex -26.6953 -59.3323 17
      vertex -28.4307 -59.3121 14.8
    endloop
  endfacet
  facet normal -0.712254 0.336802 0.615839
    outer loop
      vertex -28.5889 -59.7542 14.8
      vertex -27.0676 -60.5597 17
      vertex -28.5218 -59.6123 14.8
    endloop
  endfacet
  facet normal -0.713716 0.333835 0.615763
    outer loop
      vertex -27.0676 -60.5597 17
      vertex -28.5889 -59.7542 14.8
      vertex -27.0705 -60.5659 17
    endloop
  endfacet
  facet normal 0.469577 0.632625 0.615859
    outer loop
      vertex -31.015 -60.2368 14.8
      vertex -32.1018 -61.5718 17
      vertex -30.8889 -60.3304 14.8
    endloop
  endfacet
  facet normal 0.470858 0.631639 0.615894
    outer loop
      vertex -32.1018 -61.5718 17
      vertex -31.015 -60.2368 14.8
      vertex -32.1073 -61.5677 17
    endloop
  endfacet
  facet normal 0.76589 -0.182899 0.616409
    outer loop
      vertex -33.2579 -58.352 17
      vertex -31.5311 -58.5355 14.8
      vertex -33.2563 -58.3453 17
    endloop
  endfacet
  facet normal 0.764235 -0.19156 0.615833
    outer loop
      vertex -31.5311 -58.5355 14.8
      vertex -33.2579 -58.352 17
      vertex -31.5693 -58.6879 14.8
    endloop
  endfacet
  facet normal 0.0386431 0.786914 0.615852
    outer loop
      vertex -30.1568 -60.5923 14.8
      vertex -30.3188 -62.3061 17
      vertex -30 -60.6 14.8
    endloop
  endfacet
  facet normal 0.046258 0.786386 0.616001
    outer loop
      vertex -30.3188 -62.3061 17
      vertex -30.1568 -60.5923 14.8
      vertex -30.3256 -62.3057 17
    endloop
  endfacet
  facet normal -0.262831 0.742784 0.615785
    outer loop
      vertex -29.3877 -60.4782 14.8
      vertex -28.7353 -62.0712 17
      vertex -28.7288 -62.0689 17
    endloop
  endfacet
  facet normal -0.265496 0.741782 0.61585
    outer loop
      vertex -28.7353 -62.0712 17
      vertex -29.3877 -60.4782 14.8
      vertex -29.5355 -60.5311 14.8
    endloop
  endfacet
  facet normal 0.52702 -0.585578 0.615913
    outer loop
      vertex -32.1123 -56.4368 17
      vertex -31.015 -57.7632 14.8
      vertex -32.1073 -56.4323 17
    endloop
  endfacet
  facet normal 0.528818 -0.584007 0.615863
    outer loop
      vertex -31.015 -57.7632 14.8
      vertex -32.1123 -56.4368 17
      vertex -31.1314 -57.8686 14.8
    endloop
  endfacet
  facet normal 0.712254 0.336802 0.615839
    outer loop
      vertex -32.9324 -60.5597 17
      vertex -31.4111 -59.7542 14.8
      vertex -31.4782 -59.6123 14.8
    endloop
  endfacet
  facet normal 0.713716 0.333835 0.615763
    outer loop
      vertex -31.4111 -59.7542 14.8
      vertex -32.9324 -60.5597 17
      vertex -32.9295 -60.5659 17
    endloop
  endfacet
  facet normal 0.632806 -0.469358 0.615841
    outer loop
      vertex -31.3304 -58.1111 14.8
      vertex -32.5718 -56.8982 17
      vertex -32.7619 -57.1545 17
    endloop
  endfacet
  facet normal -0.116311 0.779285 0.615782
    outer loop
      vertex -29.6879 -60.5693 14.8
      vertex -29.6744 -62.3057 17
      vertex -29.6677 -62.3047 17
    endloop
  endfacet
  facet normal -0.115425 0.779368 0.615843
    outer loop
      vertex -29.6744 -62.3057 17
      vertex -29.6879 -60.5693 14.8
      vertex -29.8432 -60.5923 14.8
    endloop
  endfacet
  facet normal 0.779359 0.115534 0.615834
    outer loop
      vertex -33.2579 -59.648 17
      vertex -31.5693 -59.3121 14.8
      vertex -33.3047 -59.3323 17
    endloop
  endfacet
  facet normal -0.583718 0.529172 0.615833
    outer loop
      vertex -27.6512 -61.3488 17
      vertex -27.4368 -61.1123 17
      vertex -28.8686 -60.1314 14.8
    endloop
  endfacet
  facet normal 0.584007 -0.528818 0.615863
    outer loop
      vertex -32.5632 -56.8877 17
      vertex -31.2368 -57.985 14.8
      vertex -31.1314 -57.8686 14.8
    endloop
  endfacet
  facet normal 0.585578 -0.52702 0.615913
    outer loop
      vertex -31.2368 -57.985 14.8
      vertex -32.5632 -56.8877 17
      vertex -32.5677 -56.8927 17
    endloop
  endfacet
  facet normal -0.528818 0.584007 0.615863
    outer loop
      vertex -28.985 -60.2368 14.8
      vertex -27.8877 -61.5632 17
      vertex -28.8686 -60.1314 14.8
    endloop
  endfacet
  facet normal -0.52702 0.585578 0.615913
    outer loop
      vertex -27.8877 -61.5632 17
      vertex -28.985 -60.2368 14.8
      vertex -27.8927 -61.5677 17
    endloop
  endfacet
  facet normal -0.336955 0.712172 0.615851
    outer loop
      vertex -28.7288 -62.0689 17
      vertex -28.4403 -61.9324 17
      vertex -29.3877 -60.4782 14.8
    endloop
  endfacet
  facet normal -0.265496 -0.741782 0.61585
    outer loop
      vertex -29.3877 -57.5218 14.8
      vertex -28.7353 -55.9288 17
      vertex -29.5355 -57.4689 14.8
    endloop
  endfacet
  facet normal -0.262831 -0.742784 0.615785
    outer loop
      vertex -28.7353 -55.9288 17
      vertex -29.3877 -57.5218 14.8
      vertex -28.7288 -55.9311 17
    endloop
  endfacet
  facet normal -0.741831 0.26538 0.615841
    outer loop
      vertex -26.9288 -60.2647 17
      vertex -26.8213 -59.9642 17
      vertex -28.4689 -59.4645 14.8
    endloop
  endfacet
  facet normal 0.631639 -0.470858 0.615894
    outer loop
      vertex -32.5718 -56.8982 17
      vertex -31.2368 -57.985 14.8
      vertex -32.5677 -56.8927 17
    endloop
  endfacet
  facet normal 0.632625 -0.469577 0.615859
    outer loop
      vertex -31.2368 -57.985 14.8
      vertex -32.5718 -56.8982 17
      vertex -31.3304 -58.1111 14.8
    endloop
  endfacet
  facet normal -0.712172 0.336955 0.615851
    outer loop
      vertex -27.0676 -60.5597 17
      vertex -26.9311 -60.2712 17
      vertex -28.5218 -59.6123 14.8
    endloop
  endfacet
  facet normal -0.786914 0.0386431 0.615852
    outer loop
      vertex -28.4077 -59.1568 14.8
      vertex -26.6939 -59.3188 17
      vertex -28.4 -59 14.8
    endloop
  endfacet
  facet normal -0.786386 0.046258 0.616001
    outer loop
      vertex -26.6939 -59.3188 17
      vertex -28.4077 -59.1568 14.8
      vertex -26.6943 -59.3256 17
    endloop
  endfacet
  facet normal -0.786928 0.0385071 0.615842
    outer loop
      vertex -26.6939 -59.3188 17
      vertex -26.6783 -59 17
      vertex -28.4 -59 14.8
    endloop
  endfacet
  facet normal -0.779368 0.115425 0.615843
    outer loop
      vertex -28.4307 -59.3121 14.8
      vertex -26.6943 -59.3256 17
      vertex -28.4077 -59.1568 14.8
    endloop
  endfacet
  facet normal -0.779285 0.116311 0.615782
    outer loop
      vertex -26.6943 -59.3256 17
      vertex -28.4307 -59.3121 14.8
      vertex -26.6953 -59.3323 17
    endloop
  endfacet
  facet normal -0.469358 0.632806 0.615841
    outer loop
      vertex -28.1545 -61.7619 17
      vertex -27.8982 -61.5718 17
      vertex -29.1111 -60.3304 14.8
    endloop
  endfacet
  facet normal -0.741782 0.265496 0.61585
    outer loop
      vertex -28.5218 -59.6123 14.8
      vertex -26.9288 -60.2647 17
      vertex -28.4689 -59.4645 14.8
    endloop
  endfacet
  facet normal -0.742784 0.262831 0.615785
    outer loop
      vertex -26.9288 -60.2647 17
      vertex -28.5218 -59.6123 14.8
      vertex -26.9311 -60.2712 17
    endloop
  endfacet
  facet normal 0.404908 0.675851 0.615853
    outer loop
      vertex -30.8889 -60.3304 14.8
      vertex -31.5659 -61.9295 17
      vertex -30.7542 -60.4111 14.8
    endloop
  endfacet
  facet normal 0.40713 0.674673 0.61568
    outer loop
      vertex -31.5659 -61.9295 17
      vertex -30.8889 -60.3304 14.8
      vertex -31.5717 -61.926 17
    endloop
  endfacet
  facet normal -0.675791 0.40503 0.615839
    outer loop
      vertex -27.2381 -60.8455 17
      vertex -27.074 -60.5717 17
      vertex -28.6696 -59.8889 14.8
    endloop
  endfacet
  facet normal -0.585578 0.52702 0.615913
    outer loop
      vertex -28.7632 -60.015 14.8
      vertex -27.4368 -61.1123 17
      vertex -27.4323 -61.1073 17
    endloop
  endfacet
  facet normal -0.584007 0.528818 0.615863
    outer loop
      vertex -27.4368 -61.1123 17
      vertex -28.7632 -60.015 14.8
      vertex -28.8686 -60.1314 14.8
    endloop
  endfacet
  facet normal -0.52702 -0.585578 0.615913
    outer loop
      vertex -28.985 -57.7632 14.8
      vertex -27.8877 -56.4368 17
      vertex -27.8927 -56.4323 17
    endloop
  endfacet
  facet normal -0.528818 -0.584007 0.615863
    outer loop
      vertex -27.8877 -56.4368 17
      vertex -28.985 -57.7632 14.8
      vertex -28.8686 -57.8686 14.8
    endloop
  endfacet
  facet normal 0.764235 0.19156 0.615833
    outer loop
      vertex -33.2579 -59.648 17
      vertex -31.5311 -59.4645 14.8
      vertex -31.5693 -59.3121 14.8
    endloop
  endfacet
  facet normal 0.76589 0.182899 0.616409
    outer loop
      vertex -31.5311 -59.4645 14.8
      vertex -33.2579 -59.648 17
      vertex -33.2563 -59.6547 17
    endloop
  endfacet
  facet normal 0.336955 -0.712172 0.615851
    outer loop
      vertex -30.6123 -57.5218 14.8
      vertex -31.2712 -55.9311 17
      vertex -31.5597 -56.0676 17
    endloop
  endfacet
  facet normal -0.529172 0.583718 0.615833
    outer loop
      vertex -27.8877 -61.5632 17
      vertex -27.6512 -61.3488 17
      vertex -28.8686 -60.1314 14.8
    endloop
  endfacet
  facet normal 0.26538 0.741831 0.615841
    outer loop
      vertex -30.9642 -62.1787 17
      vertex -30.4645 -60.5311 14.8
      vertex -31.2647 -62.0712 17
    endloop
  endfacet
  facet normal 0.191608 0.764212 0.615846
    outer loop
      vertex -30.6547 -62.2563 17
      vertex -30.4645 -60.5311 14.8
      vertex -30.9642 -62.1787 17
    endloop
  endfacet
  facet normal 0.182899 -0.76589 0.616409
    outer loop
      vertex -30.4645 -57.4689 14.8
      vertex -30.648 -55.7421 17
      vertex -30.6547 -55.7437 17
    endloop
  endfacet
  facet normal 0.19156 -0.764235 0.615833
    outer loop
      vertex -30.648 -55.7421 17
      vertex -30.4645 -57.4689 14.8
      vertex -30.3121 -57.4307 14.8
    endloop
  endfacet
  facet normal 0.584007 0.528818 0.615863
    outer loop
      vertex -31.2368 -60.015 14.8
      vertex -32.5632 -61.1123 17
      vertex -31.1314 -60.1314 14.8
    endloop
  endfacet
  facet normal 0.585578 0.52702 0.615913
    outer loop
      vertex -32.5632 -61.1123 17
      vertex -31.2368 -60.015 14.8
      vertex -32.5677 -61.1073 17
    endloop
  endfacet
  facet normal -0.26538 -0.741831 0.615841
    outer loop
      vertex -28.7353 -55.9288 17
      vertex -29.0358 -55.8213 17
      vertex -29.5355 -57.4689 14.8
    endloop
  endfacet
  facet normal -0.336802 -0.712254 0.615839
    outer loop
      vertex -29.2458 -57.5889 14.8
      vertex -28.4403 -56.0676 17
      vertex -29.3877 -57.5218 14.8
    endloop
  endfacet
  facet normal -0.333835 -0.713716 0.615763
    outer loop
      vertex -28.4403 -56.0676 17
      vertex -29.2458 -57.5889 14.8
      vertex -28.4341 -56.0705 17
    endloop
  endfacet
  facet normal 0.675791 0.40503 0.615839
    outer loop
      vertex -32.7619 -60.8455 17
      vertex -31.3304 -59.8889 14.8
      vertex -32.926 -60.5717 17
    endloop
  endfacet
  facet normal -0.713716 -0.333835 0.615763
    outer loop
      vertex -28.5889 -58.2458 14.8
      vertex -27.0676 -57.4403 17
      vertex -27.0705 -57.4341 17
    endloop
  endfacet
  facet normal -0.712254 -0.336802 0.615839
    outer loop
      vertex -27.0676 -57.4403 17
      vertex -28.5889 -58.2458 14.8
      vertex -28.5218 -58.3877 14.8
    endloop
  endfacet
  facet normal -0.76589 -0.182899 0.616409
    outer loop
      vertex -28.4689 -58.5355 14.8
      vertex -26.7421 -58.352 17
      vertex -26.7437 -58.3453 17
    endloop
  endfacet
  facet normal -0.764235 -0.19156 0.615833
    outer loop
      vertex -26.7421 -58.352 17
      vertex -28.4689 -58.5355 14.8
      vertex -28.4307 -58.6879 14.8
    endloop
  endfacet
  facet normal 0.674673 -0.40713 0.61568
    outer loop
      vertex -32.9295 -57.4341 17
      vertex -31.3304 -58.1111 14.8
      vertex -32.926 -57.4283 17
    endloop
  endfacet
  facet normal 0.675851 -0.404908 0.615853
    outer loop
      vertex -31.3304 -58.1111 14.8
      vertex -32.9295 -57.4341 17
      vertex -31.4111 -58.2458 14.8
    endloop
  endfacet
  facet normal 0.764212 0.191608 0.615846
    outer loop
      vertex -33.1787 -59.9642 17
      vertex -31.5311 -59.4645 14.8
      vertex -33.2563 -59.6547 17
    endloop
  endfacet
  facet normal -0.182899 0.76589 0.616409
    outer loop
      vertex -29.5355 -60.5311 14.8
      vertex -29.352 -62.2579 17
      vertex -29.3453 -62.2563 17
    endloop
  endfacet
  facet normal -0.19156 0.764235 0.615833
    outer loop
      vertex -29.352 -62.2579 17
      vertex -29.5355 -60.5311 14.8
      vertex -29.6879 -60.5693 14.8
    endloop
  endfacet
  facet normal 0.583718 -0.529172 0.615833
    outer loop
      vertex -31.1314 -57.8686 14.8
      vertex -32.3488 -56.6512 17
      vertex -32.5632 -56.8877 17
    endloop
  endfacet
  facet normal 0.26538 -0.741831 0.615841
    outer loop
      vertex -30.4645 -57.4689 14.8
      vertex -30.9642 -55.8213 17
      vertex -31.2647 -55.9288 17
    endloop
  endfacet
  facet normal -0.26538 0.741831 0.615841
    outer loop
      vertex -29.0358 -62.1787 17
      vertex -28.7353 -62.0712 17
      vertex -29.5355 -60.5311 14.8
    endloop
  endfacet
  facet normal -0.674673 -0.40713 0.61568
    outer loop
      vertex -28.6696 -58.1111 14.8
      vertex -27.0705 -57.4341 17
      vertex -27.074 -57.4283 17
    endloop
  endfacet
  facet normal -0.675851 -0.404908 0.615853
    outer loop
      vertex -27.0705 -57.4341 17
      vertex -28.6696 -58.1111 14.8
      vertex -28.5889 -58.2458 14.8
    endloop
  endfacet
  facet normal -0.191608 -0.764212 0.615846
    outer loop
      vertex -29.0358 -55.8213 17
      vertex -29.3453 -55.7437 17
      vertex -29.5355 -57.4689 14.8
    endloop
  endfacet
  facet normal 0.336802 0.712254 0.615839
    outer loop
      vertex -30.7542 -60.4111 14.8
      vertex -31.5597 -61.9324 17
      vertex -30.6123 -60.4782 14.8
    endloop
  endfacet
  facet normal 0.333835 0.713716 0.615763
    outer loop
      vertex -31.5597 -61.9324 17
      vertex -30.7542 -60.4111 14.8
      vertex -31.5659 -61.9295 17
    endloop
  endfacet
  facet normal -0.191608 0.764212 0.615846
    outer loop
      vertex -29.3453 -62.2563 17
      vertex -29.0358 -62.1787 17
      vertex -29.5355 -60.5311 14.8
    endloop
  endfacet
  facet normal -0.333835 0.713716 0.615763
    outer loop
      vertex -29.2458 -60.4111 14.8
      vertex -28.4403 -61.9324 17
      vertex -28.4341 -61.9295 17
    endloop
  endfacet
  facet normal -0.336802 0.712254 0.615839
    outer loop
      vertex -28.4403 -61.9324 17
      vertex -29.2458 -60.4111 14.8
      vertex -29.3877 -60.4782 14.8
    endloop
  endfacet
  facet normal 0.529172 -0.583718 0.615833
    outer loop
      vertex -31.1314 -57.8686 14.8
      vertex -32.1123 -56.4368 17
      vertex -32.3488 -56.6512 17
    endloop
  endfacet
  facet normal -0.632806 0.469358 0.615841
    outer loop
      vertex -27.4282 -61.1018 17
      vertex -27.2381 -60.8455 17
      vertex -28.6696 -59.8889 14.8
    endloop
  endfacet
  facet normal -0.115534 0.779359 0.615834
    outer loop
      vertex -29.6677 -62.3047 17
      vertex -29.352 -62.2579 17
      vertex -29.6879 -60.5693 14.8
    endloop
  endfacet
  facet normal -0.40503 0.675791 0.615839
    outer loop
      vertex -28.4283 -61.926 17
      vertex -28.1545 -61.7619 17
      vertex -29.1111 -60.3304 14.8
    endloop
  endfacet
  facet normal 0.583718 0.529172 0.615833
    outer loop
      vertex -32.3488 -61.3488 17
      vertex -31.1314 -60.1314 14.8
      vertex -32.5632 -61.1123 17
    endloop
  endfacet
  facet normal 0.0385071 0.786928 0.615842
    outer loop
      vertex -30 -62.3217 17
      vertex -30 -60.6 14.8
      vertex -30.3188 -62.3061 17
    endloop
  endfacet
  facet normal -0.470858 0.631639 0.615894
    outer loop
      vertex -28.985 -60.2368 14.8
      vertex -27.8982 -61.5718 17
      vertex -27.8927 -61.5677 17
    endloop
  endfacet
  facet normal -0.469577 0.632625 0.615859
    outer loop
      vertex -27.8982 -61.5718 17
      vertex -28.985 -60.2368 14.8
      vertex -29.1111 -60.3304 14.8
    endloop
  endfacet
  facet normal 0.713716 -0.333835 0.615763
    outer loop
      vertex -32.9324 -57.4403 17
      vertex -31.4111 -58.2458 14.8
      vertex -32.9295 -57.4341 17
    endloop
  endfacet
  facet normal 0.712254 -0.336802 0.615839
    outer loop
      vertex -31.4111 -58.2458 14.8
      vertex -32.9324 -57.4403 17
      vertex -31.4782 -58.3877 14.8
    endloop
  endfacet
  facet normal 0.116311 -0.779285 0.615782
    outer loop
      vertex -30.3121 -57.4307 14.8
      vertex -30.3256 -55.6943 17
      vertex -30.3323 -55.6953 17
    endloop
  endfacet
  facet normal 0.115425 -0.779368 0.615843
    outer loop
      vertex -30.3256 -55.6943 17
      vertex -30.3121 -57.4307 14.8
      vertex -30.1568 -57.4077 14.8
    endloop
  endfacet
  facet normal -0.632625 0.469577 0.615859
    outer loop
      vertex -28.7632 -60.015 14.8
      vertex -27.4282 -61.1018 17
      vertex -28.6696 -59.8889 14.8
    endloop
  endfacet
  facet normal -0.631639 0.470858 0.615894
    outer loop
      vertex -27.4282 -61.1018 17
      vertex -28.7632 -60.015 14.8
      vertex -27.4323 -61.1073 17
    endloop
  endfacet
  facet normal 0.262831 -0.742784 0.615785
    outer loop
      vertex -30.6123 -57.5218 14.8
      vertex -31.2647 -55.9288 17
      vertex -31.2712 -55.9311 17
    endloop
  endfacet
  facet normal 0.265496 -0.741782 0.61585
    outer loop
      vertex -31.2647 -55.9288 17
      vertex -30.6123 -57.5218 14.8
      vertex -30.4645 -57.4689 14.8
    endloop
  endfacet
  facet normal -0.779285 -0.116311 0.615782
    outer loop
      vertex -28.4307 -58.6879 14.8
      vertex -26.6943 -58.6744 17
      vertex -26.6953 -58.6677 17
    endloop
  endfacet
  facet normal -0.779368 -0.115425 0.615843
    outer loop
      vertex -26.6943 -58.6744 17
      vertex -28.4307 -58.6879 14.8
      vertex -28.4077 -58.8432 14.8
    endloop
  endfacet
  facet normal -0.764235 0.19156 0.615833
    outer loop
      vertex -28.4689 -59.4645 14.8
      vertex -26.7421 -59.648 17
      vertex -28.4307 -59.3121 14.8
    endloop
  endfacet
  facet normal -0.76589 0.182899 0.616409
    outer loop
      vertex -26.7421 -59.648 17
      vertex -28.4689 -59.4645 14.8
      vertex -26.7437 -59.6547 17
    endloop
  endfacet
  facet normal 0.191608 -0.764212 0.615846
    outer loop
      vertex -30.4645 -57.4689 14.8
      vertex -30.6547 -55.7437 17
      vertex -30.9642 -55.8213 17
    endloop
  endfacet
  facet normal -0.404908 -0.675851 0.615853
    outer loop
      vertex -29.1111 -57.6696 14.8
      vertex -28.4341 -56.0705 17
      vertex -29.2458 -57.5889 14.8
    endloop
  endfacet
  facet normal -0.40713 -0.674673 0.61568
    outer loop
      vertex -28.4341 -56.0705 17
      vertex -29.1111 -57.6696 14.8
      vertex -28.4283 -56.074 17
    endloop
  endfacet
  facet normal -0.0385071 -0.786928 0.615842
    outer loop
      vertex -29.6812 -55.6939 17
      vertex -30 -55.6783 17
      vertex -30 -57.4 14.8
    endloop
  endfacet
  facet normal -0.779359 -0.115534 0.615834
    outer loop
      vertex -26.6953 -58.6677 17
      vertex -26.7421 -58.352 17
      vertex -28.4307 -58.6879 14.8
    endloop
  endfacet
  facet normal 0.779368 0.115425 0.615843
    outer loop
      vertex -33.3057 -59.3256 17
      vertex -31.5693 -59.3121 14.8
      vertex -31.5923 -59.1568 14.8
    endloop
  endfacet
  facet normal 0.779285 0.116311 0.615782
    outer loop
      vertex -31.5693 -59.3121 14.8
      vertex -33.3057 -59.3256 17
      vertex -33.3047 -59.3323 17
    endloop
  endfacet
  facet normal -0.0385071 0.786928 0.615842
    outer loop
      vertex -29.6812 -62.3061 17
      vertex -30 -60.6 14.8
      vertex -30 -62.3217 17
    endloop
  endfacet
  facet normal 0.529172 0.583718 0.615833
    outer loop
      vertex -32.1123 -61.5632 17
      vertex -31.1314 -60.1314 14.8
      vertex -32.3488 -61.3488 17
    endloop
  endfacet
  facet normal -0.046258 0.786386 0.616001
    outer loop
      vertex -29.8432 -60.5923 14.8
      vertex -29.6812 -62.3061 17
      vertex -29.6744 -62.3057 17
    endloop
  endfacet
  facet normal -0.0386431 0.786914 0.615852
    outer loop
      vertex -29.6812 -62.3061 17
      vertex -29.8432 -60.5923 14.8
      vertex -30 -60.6 14.8
    endloop
  endfacet
  facet normal 0.115534 -0.779359 0.615834
    outer loop
      vertex -30.3121 -57.4307 14.8
      vertex -30.3323 -55.6953 17
      vertex -30.648 -55.7421 17
    endloop
  endfacet
  facet normal 0.741782 0.265496 0.61585
    outer loop
      vertex -33.0712 -60.2647 17
      vertex -31.4782 -59.6123 14.8
      vertex -31.5311 -59.4645 14.8
    endloop
  endfacet
  facet normal 0.742784 0.262831 0.615785
    outer loop
      vertex -31.4782 -59.6123 14.8
      vertex -33.0712 -60.2647 17
      vertex -33.0689 -60.2712 17
    endloop
  endfacet
  facet normal 0.712172 -0.336955 0.615851
    outer loop
      vertex -31.4782 -58.3877 14.8
      vertex -32.9324 -57.4403 17
      vertex -33.0689 -57.7288 17
    endloop
  endfacet
  facet normal 0.469358 0.632806 0.615841
    outer loop
      vertex -31.8455 -61.7619 17
      vertex -30.8889 -60.3304 14.8
      vertex -32.1018 -61.5718 17
    endloop
  endfacet
  facet normal 0.40503 0.675791 0.615839
    outer loop
      vertex -31.5717 -61.926 17
      vertex -30.8889 -60.3304 14.8
      vertex -31.8455 -61.7619 17
    endloop
  endfacet
  facet normal 0.741831 0.26538 0.615841
    outer loop
      vertex -33.0712 -60.2647 17
      vertex -31.5311 -59.4645 14.8
      vertex -33.1787 -59.9642 17
    endloop
  endfacet
  facet normal 0.115425 0.779368 0.615843
    outer loop
      vertex -30.3121 -60.5693 14.8
      vertex -30.3256 -62.3057 17
      vertex -30.1568 -60.5923 14.8
    endloop
  endfacet
  facet normal 0.116311 0.779285 0.615782
    outer loop
      vertex -30.3256 -62.3057 17
      vertex -30.3121 -60.5693 14.8
      vertex -30.3323 -62.3047 17
    endloop
  endfacet
  facet normal 0.470858 -0.631639 0.615894
    outer loop
      vertex -31.015 -57.7632 14.8
      vertex -32.1018 -56.4282 17
      vertex -32.1073 -56.4323 17
    endloop
  endfacet
  facet normal 0.469577 -0.632625 0.615859
    outer loop
      vertex -32.1018 -56.4282 17
      vertex -31.015 -57.7632 14.8
      vertex -30.8889 -57.6696 14.8
    endloop
  endfacet
  facet normal 0.675791 -0.40503 0.615839
    outer loop
      vertex -31.3304 -58.1111 14.8
      vertex -32.7619 -57.1545 17
      vertex -32.926 -57.4283 17
    endloop
  endfacet
  facet normal -0.336955 -0.712172 0.615851
    outer loop
      vertex -28.4403 -56.0676 17
      vertex -28.7288 -55.9311 17
      vertex -29.3877 -57.5218 14.8
    endloop
  endfacet
  facet normal 0.40713 -0.674673 0.61568
    outer loop
      vertex -30.8889 -57.6696 14.8
      vertex -31.5659 -56.0705 17
      vertex -31.5717 -56.074 17
    endloop
  endfacet
  facet normal 0.404908 -0.675851 0.615853
    outer loop
      vertex -31.5659 -56.0705 17
      vertex -30.8889 -57.6696 14.8
      vertex -30.7542 -57.5889 14.8
    endloop
  endfacet
  facet normal -0.469358 -0.632806 0.615841
    outer loop
      vertex -27.8982 -56.4282 17
      vertex -28.1545 -56.2381 17
      vertex -29.1111 -57.6696 14.8
    endloop
  endfacet
  facet normal 0.779359 -0.115534 0.615834
    outer loop
      vertex -31.5693 -58.6879 14.8
      vertex -33.2579 -58.352 17
      vertex -33.3047 -58.6677 17
    endloop
  endfacet
  facet normal -0.529172 -0.583718 0.615833
    outer loop
      vertex -27.6512 -56.6512 17
      vertex -27.8877 -56.4368 17
      vertex -28.8686 -57.8686 14.8
    endloop
  endfacet
  facet normal 0.675851 0.404908 0.615853
    outer loop
      vertex -32.9295 -60.5659 17
      vertex -31.3304 -59.8889 14.8
      vertex -31.4111 -59.7542 14.8
    endloop
  endfacet
  facet normal 0.674673 0.40713 0.61568
    outer loop
      vertex -31.3304 -59.8889 14.8
      vertex -32.9295 -60.5659 17
      vertex -32.926 -60.5717 17
    endloop
  endfacet
  facet normal -0.631639 -0.470858 0.615894
    outer loop
      vertex -28.7632 -57.985 14.8
      vertex -27.4282 -56.8982 17
      vertex -27.4323 -56.8927 17
    endloop
  endfacet
  facet normal -0.632625 -0.469577 0.615859
    outer loop
      vertex -27.4282 -56.8982 17
      vertex -28.7632 -57.985 14.8
      vertex -28.6696 -58.1111 14.8
    endloop
  endfacet
  facet normal 0.632806 0.469358 0.615841
    outer loop
      vertex -32.5718 -61.1018 17
      vertex -31.3304 -59.8889 14.8
      vertex -32.7619 -60.8455 17
    endloop
  endfacet
  facet normal 0.764212 -0.191608 0.615846
    outer loop
      vertex -31.5311 -58.5355 14.8
      vertex -33.1787 -58.0358 17
      vertex -33.2563 -58.3453 17
    endloop
  endfacet
  facet normal -0.712172 -0.336955 0.615851
    outer loop
      vertex -26.9311 -57.7288 17
      vertex -27.0676 -57.4403 17
      vertex -28.5218 -58.3877 14.8
    endloop
  endfacet
  facet normal 0.741831 -0.26538 0.615841
    outer loop
      vertex -31.5311 -58.5355 14.8
      vertex -33.0712 -57.7353 17
      vertex -33.1787 -58.0358 17
    endloop
  endfacet
  facet normal -0.19156 -0.764235 0.615833
    outer loop
      vertex -29.5355 -57.4689 14.8
      vertex -29.352 -55.7421 17
      vertex -29.6879 -57.4307 14.8
    endloop
  endfacet
  facet normal -0.182899 -0.76589 0.616409
    outer loop
      vertex -29.352 -55.7421 17
      vertex -29.5355 -57.4689 14.8
      vertex -29.3453 -55.7437 17
    endloop
  endfacet
  facet normal 0.786928 -0.0385071 0.615842
    outer loop
      vertex -31.6 -59 14.8
      vertex -33.3061 -58.6812 17
      vertex -33.3217 -59 17
    endloop
  endfacet
  facet normal 0.528818 0.584007 0.615863
    outer loop
      vertex -32.1123 -61.5632 17
      vertex -31.015 -60.2368 14.8
      vertex -31.1314 -60.1314 14.8
    endloop
  endfacet
  facet normal 0.52702 0.585578 0.615913
    outer loop
      vertex -31.015 -60.2368 14.8
      vertex -32.1123 -61.5632 17
      vertex -32.1073 -61.5677 17
    endloop
  endfacet
  facet normal 0.632625 0.469577 0.615859
    outer loop
      vertex -32.5718 -61.1018 17
      vertex -31.2368 -60.015 14.8
      vertex -31.3304 -59.8889 14.8
    endloop
  endfacet
  facet normal 0.631639 0.470858 0.615894
    outer loop
      vertex -31.2368 -60.015 14.8
      vertex -32.5718 -61.1018 17
      vertex -32.5677 -61.1073 17
    endloop
  endfacet
  facet normal -0.583718 -0.529172 0.615833
    outer loop
      vertex -27.4368 -56.8877 17
      vertex -27.6512 -56.6512 17
      vertex -28.8686 -57.8686 14.8
    endloop
  endfacet
  facet normal -0.675791 -0.40503 0.615839
    outer loop
      vertex -27.074 -57.4283 17
      vertex -27.2381 -57.1545 17
      vertex -28.6696 -58.1111 14.8
    endloop
  endfacet
  facet normal 0.265496 0.741782 0.61585
    outer loop
      vertex -30.6123 -60.4782 14.8
      vertex -31.2647 -62.0712 17
      vertex -30.4645 -60.5311 14.8
    endloop
  endfacet
  facet normal 0.262831 0.742784 0.615785
    outer loop
      vertex -31.2647 -62.0712 17
      vertex -30.6123 -60.4782 14.8
      vertex -31.2712 -62.0689 17
    endloop
  endfacet
  facet normal 0.336955 0.712172 0.615851
    outer loop
      vertex -31.2712 -62.0689 17
      vertex -30.6123 -60.4782 14.8
      vertex -31.5597 -61.9324 17
    endloop
  endfacet
  facet normal 0.115534 0.779359 0.615834
    outer loop
      vertex -30.3323 -62.3047 17
      vertex -30.3121 -60.5693 14.8
      vertex -30.648 -62.2579 17
    endloop
  endfacet
  facet normal 0.19156 0.764235 0.615833
    outer loop
      vertex -30.4645 -60.5311 14.8
      vertex -30.648 -62.2579 17
      vertex -30.3121 -60.5693 14.8
    endloop
  endfacet
  facet normal 0.182899 0.76589 0.616409
    outer loop
      vertex -30.648 -62.2579 17
      vertex -30.4645 -60.5311 14.8
      vertex -30.6547 -62.2563 17
    endloop
  endfacet
  facet normal 0.786386 -0.046258 0.616001
    outer loop
      vertex -33.3061 -58.6812 17
      vertex -31.5923 -58.8432 14.8
      vertex -33.3057 -58.6744 17
    endloop
  endfacet
  facet normal 0.786914 -0.0386431 0.615852
    outer loop
      vertex -31.5923 -58.8432 14.8
      vertex -33.3061 -58.6812 17
      vertex -31.6 -59 14.8
    endloop
  endfacet
  facet normal 0.786914 0.0386431 0.615852
    outer loop
      vertex -33.3061 -59.3188 17
      vertex -31.5923 -59.1568 14.8
      vertex -31.6 -59 14.8
    endloop
  endfacet
  facet normal 0.786386 0.046258 0.616001
    outer loop
      vertex -31.5923 -59.1568 14.8
      vertex -33.3061 -59.3188 17
      vertex -33.3057 -59.3256 17
    endloop
  endfacet
  facet normal -0.632806 -0.469358 0.615841
    outer loop
      vertex -27.2381 -57.1545 17
      vertex -27.4282 -56.8982 17
      vertex -28.6696 -58.1111 14.8
    endloop
  endfacet
  facet normal 0.786928 0.0385071 0.615842
    outer loop
      vertex -33.3061 -59.3188 17
      vertex -31.6 -59 14.8
      vertex -33.3217 -59 17
    endloop
  endfacet
  facet normal 0.742784 -0.262831 0.615785
    outer loop
      vertex -33.0712 -57.7353 17
      vertex -31.4782 -58.3877 14.8
      vertex -33.0689 -57.7288 17
    endloop
  endfacet
  facet normal 0.741782 -0.265496 0.61585
    outer loop
      vertex -31.4782 -58.3877 14.8
      vertex -33.0712 -57.7353 17
      vertex -31.5311 -58.5355 14.8
    endloop
  endfacet
  facet normal 0.469358 -0.632806 0.615841
    outer loop
      vertex -30.8889 -57.6696 14.8
      vertex -31.8455 -56.2381 17
      vertex -32.1018 -56.4282 17
    endloop
  endfacet
  facet normal 0.40503 -0.675791 0.615839
    outer loop
      vertex -30.8889 -57.6696 14.8
      vertex -31.5717 -56.074 17
      vertex -31.8455 -56.2381 17
    endloop
  endfacet
  facet normal -0.469577 -0.632625 0.615859
    outer loop
      vertex -28.985 -57.7632 14.8
      vertex -27.8982 -56.4282 17
      vertex -29.1111 -57.6696 14.8
    endloop
  endfacet
  facet normal -0.470858 -0.631639 0.615894
    outer loop
      vertex -27.8982 -56.4282 17
      vertex -28.985 -57.7632 14.8
      vertex -27.8927 -56.4323 17
    endloop
  endfacet
  facet normal -0.40503 -0.675791 0.615839
    outer loop
      vertex -28.1545 -56.2381 17
      vertex -28.4283 -56.074 17
      vertex -29.1111 -57.6696 14.8
    endloop
  endfacet
  facet normal -0.40713 0.674673 0.61568
    outer loop
      vertex -29.1111 -60.3304 14.8
      vertex -28.4341 -61.9295 17
      vertex -28.4283 -61.926 17
    endloop
  endfacet
  facet normal -0.404908 0.675851 0.615853
    outer loop
      vertex -28.4341 -61.9295 17
      vertex -29.1111 -60.3304 14.8
      vertex -29.2458 -60.4111 14.8
    endloop
  endfacet
  facet normal -0.115534 -0.779359 0.615834
    outer loop
      vertex -29.352 -55.7421 17
      vertex -29.6677 -55.6953 17
      vertex -29.6879 -57.4307 14.8
    endloop
  endfacet
  facet normal 0.779285 -0.116311 0.615782
    outer loop
      vertex -33.3057 -58.6744 17
      vertex -31.5693 -58.6879 14.8
      vertex -33.3047 -58.6677 17
    endloop
  endfacet
  facet normal 0.779368 -0.115425 0.615843
    outer loop
      vertex -31.5693 -58.6879 14.8
      vertex -33.3057 -58.6744 17
      vertex -31.5923 -58.8432 14.8
    endloop
  endfacet
  facet normal -0.585578 -0.52702 0.615913
    outer loop
      vertex -27.4368 -56.8877 17
      vertex -28.7632 -57.985 14.8
      vertex -27.4323 -56.8927 17
    endloop
  endfacet
  facet normal -0.584007 -0.528818 0.615863
    outer loop
      vertex -28.7632 -57.985 14.8
      vertex -27.4368 -56.8877 17
      vertex -28.8686 -57.8686 14.8
    endloop
  endfacet
  facet normal -0.741831 -0.26538 0.615841
    outer loop
      vertex -26.8213 -58.0358 17
      vertex -26.9288 -57.7353 17
      vertex -28.4689 -58.5355 14.8
    endloop
  endfacet
  facet normal -0.742784 -0.262831 0.615785
    outer loop
      vertex -28.5218 -58.3877 14.8
      vertex -26.9288 -57.7353 17
      vertex -26.9311 -57.7288 17
    endloop
  endfacet
  facet normal -0.741782 -0.265496 0.61585
    outer loop
      vertex -26.9288 -57.7353 17
      vertex -28.5218 -58.3877 14.8
      vertex -28.4689 -58.5355 14.8
    endloop
  endfacet
  facet normal 0.0385071 -0.786928 0.615842
    outer loop
      vertex -30 -57.4 14.8
      vertex -30 -55.6783 17
      vertex -30.3188 -55.6939 17
    endloop
  endfacet
  facet normal 0.046258 -0.786386 0.616001
    outer loop
      vertex -30.1568 -57.4077 14.8
      vertex -30.3188 -55.6939 17
      vertex -30.3256 -55.6943 17
    endloop
  endfacet
  facet normal 0.0386431 -0.786914 0.615852
    outer loop
      vertex -30.3188 -55.6939 17
      vertex -30.1568 -57.4077 14.8
      vertex -30 -57.4 14.8
    endloop
  endfacet
  facet normal -0.0386431 -0.786914 0.615852
    outer loop
      vertex -29.8432 -57.4077 14.8
      vertex -29.6812 -55.6939 17
      vertex -30 -57.4 14.8
    endloop
  endfacet
  facet normal -0.046258 -0.786386 0.616001
    outer loop
      vertex -29.6812 -55.6939 17
      vertex -29.8432 -57.4077 14.8
      vertex -29.6744 -55.6943 17
    endloop
  endfacet
  facet normal -0.764212 -0.191608 0.615846
    outer loop
      vertex -26.7437 -58.3453 17
      vertex -26.8213 -58.0358 17
      vertex -28.4689 -58.5355 14.8
    endloop
  endfacet
  facet normal 0.671607 -0.740908 0
    outer loop
      vertex -27.4624 55.908 2.4
      vertex -27.1716 56.1716 17
      vertex -27.4624 55.908 17
    endloop
  endfacet
  facet normal 0.671607 -0.740908 0
    outer loop
      vertex -27.1716 56.1716 17
      vertex -27.4624 55.908 2.4
      vertex -27.1716 56.1716 2.4
    endloop
  endfacet
  facet normal -0.42744 -0.904044 0
    outer loop
      vertex -31.8856 55.4723 2.4
      vertex -31.5307 55.3045 17
      vertex -31.8856 55.4723 17
    endloop
  endfacet
  facet normal -0.42744 -0.904044 -0
    outer loop
      vertex -31.5307 55.3045 17
      vertex -31.8856 55.4723 2.4
      vertex -31.5307 55.3045 2.4
    endloop
  endfacet
  facet normal 0.989176 0.146733 0
    outer loop
      vertex -26.0193 59.3921 17
      vertex -26.0769 59.7804 2.4
      vertex -26.0769 59.7804 17
    endloop
  endfacet
  facet normal 0.989176 0.146733 0
    outer loop
      vertex -26.0769 59.7804 2.4
      vertex -26.0193 59.3921 17
      vertex -26.0193 59.3921 2.4
    endloop
  endfacet
  facet normal 0.998791 0.0491626 0
    outer loop
      vertex -26 59 17
      vertex -26.0193 59.3921 2.4
      vertex -26.0193 59.3921 17
    endloop
  endfacet
  facet normal 0.998791 0.0491626 0
    outer loop
      vertex -26.0193 59.3921 2.4
      vertex -26 59 17
      vertex -26 59 2.4
    endloop
  endfacet
  facet normal 0.970068 0.242835 0
    outer loop
      vertex -26.0769 59.7804 17
      vertex -26.1722 60.1611 2.4
      vertex -26.1722 60.1611 17
    endloop
  endfacet
  facet normal 0.970068 0.242835 0
    outer loop
      vertex -26.1722 60.1611 2.4
      vertex -26.0769 59.7804 17
      vertex -26.0769 59.7804 2.4
    endloop
  endfacet
  facet normal 0.42744 -0.904044 0
    outer loop
      vertex -28.4693 55.3045 2.4
      vertex -28.1144 55.4723 17
      vertex -28.4693 55.3045 17
    endloop
  endfacet
  facet normal 0.42744 -0.904044 0
    outer loop
      vertex -28.1144 55.4723 17
      vertex -28.4693 55.3045 2.4
      vertex -28.1144 55.4723 2.4
    endloop
  endfacet
  facet normal -0.671607 0.740908 0
    outer loop
      vertex -32.5376 62.092 2.4
      vertex -32.8284 61.8284 17
      vertex -32.5376 62.092 17
    endloop
  endfacet
  facet normal -0.671607 0.740908 0
    outer loop
      vertex -32.8284 61.8284 17
      vertex -32.5376 62.092 2.4
      vertex -32.8284 61.8284 2.4
    endloop
  endfacet
  facet normal -0.970068 -0.242835 0
    outer loop
      vertex -33.8278 57.8389 4
      vertex -33.9231 58.2196 17
      vertex -33.9231 58.2196 4
    endloop
  endfacet
  facet normal -0.970068 -0.242835 0
    outer loop
      vertex -33.9231 58.2196 17
      vertex -33.8278 57.8389 4
      vertex -33.8278 57.8389 17
    endloop
  endfacet
  facet normal 0.42744 0.904044 -0
    outer loop
      vertex -28.1144 62.5277 4
      vertex -28.4693 62.6955 17
      vertex -28.1144 62.5277 17
    endloop
  endfacet
  facet normal 0.42744 0.904044 0
    outer loop
      vertex -28.4693 62.6955 17
      vertex -28.1144 62.5277 4
      vertex -28.4693 62.6955 4
    endloop
  endfacet
  facet normal -0.989176 0.146733 0
    outer loop
      vertex -33.9807 59.3921 4
      vertex -33.9231 59.7804 17
      vertex -33.9231 59.7804 4
    endloop
  endfacet
  facet normal -0.989176 0.146733 0
    outer loop
      vertex -33.9231 59.7804 17
      vertex -33.9807 59.3921 4
      vertex -33.9807 59.3921 17
    endloop
  endfacet
  facet normal -0.146733 -0.989176 0
    outer loop
      vertex -30.7804 55.0769 2.4
      vertex -30.3921 55.0193 17
      vertex -30.7804 55.0769 17
    endloop
  endfacet
  facet normal -0.146733 -0.989176 -0
    outer loop
      vertex -30.3921 55.0193 17
      vertex -30.7804 55.0769 2.4
      vertex -30.3921 55.0193 2.4
    endloop
  endfacet
  facet normal 0.242835 0.970068 -0
    outer loop
      vertex -28.8389 62.8278 4
      vertex -29.2196 62.9231 17
      vertex -28.8389 62.8278 17
    endloop
  endfacet
  facet normal 0.242835 0.970068 0
    outer loop
      vertex -29.2196 62.9231 17
      vertex -28.8389 62.8278 4
      vertex -29.2196 62.9231 4
    endloop
  endfacet
  facet normal -0.740908 0.671607 0
    outer loop
      vertex -33.092 61.5376 2.4
      vertex -32.8284 61.8284 17
      vertex -32.8284 61.8284 2.4
    endloop
  endfacet
  facet normal -0.740908 0.671607 0
    outer loop
      vertex -32.8284 61.8284 17
      vertex -33.092 61.5376 2.4
      vertex -33.092 61.5376 17
    endloop
  endfacet
  facet normal 0.514084 -0.85774 0
    outer loop
      vertex -28.1144 55.4723 2.4
      vertex -27.7777 55.6741 17
      vertex -28.1144 55.4723 17
    endloop
  endfacet
  facet normal 0.514084 -0.85774 0
    outer loop
      vertex -27.7777 55.6741 17
      vertex -28.1144 55.4723 2.4
      vertex -27.7777 55.6741 2.4
    endloop
  endfacet
  facet normal -0.242835 -0.970068 0
    outer loop
      vertex -31.1611 55.1722 2.4
      vertex -30.7804 55.0769 17
      vertex -31.1611 55.1722 17
    endloop
  endfacet
  facet normal -0.242835 -0.970068 -0
    outer loop
      vertex -30.7804 55.0769 17
      vertex -31.1611 55.1722 2.4
      vertex -30.7804 55.0769 2.4
    endloop
  endfacet
  facet normal -0.337014 -0.9415 0
    outer loop
      vertex -31.5307 55.3045 2.4
      vertex -31.1611 55.1722 17
      vertex -31.5307 55.3045 17
    endloop
  endfacet
  facet normal -0.337014 -0.9415 -0
    outer loop
      vertex -31.1611 55.1722 17
      vertex -31.5307 55.3045 2.4
      vertex -31.1611 55.1722 2.4
    endloop
  endfacet
  facet normal -0.337014 0.9415 0
    outer loop
      vertex -31.1611 62.8278 4
      vertex -31.5307 62.6955 17
      vertex -31.1611 62.8278 17
    endloop
  endfacet
  facet normal -0.337014 0.9415 0
    outer loop
      vertex -31.5307 62.6955 17
      vertex -31.1611 62.8278 4
      vertex -31.5307 62.6955 4
    endloop
  endfacet
  facet normal 0.0491626 -0.998791 0
    outer loop
      vertex -30 55 2.4
      vertex -29.6079 55.0193 17
      vertex -30 55 17
    endloop
  endfacet
  facet normal 0.0491626 -0.998791 0
    outer loop
      vertex -29.6079 55.0193 17
      vertex -30 55 2.4
      vertex -29.6079 55.0193 2.4
    endloop
  endfacet
  facet normal 0.146733 -0.989176 0
    outer loop
      vertex -29.6079 55.0193 2.4
      vertex -29.2196 55.0769 17
      vertex -29.6079 55.0193 17
    endloop
  endfacet
  facet normal 0.146733 -0.989176 0
    outer loop
      vertex -29.2196 55.0769 17
      vertex -29.6079 55.0193 2.4
      vertex -29.2196 55.0769 2.4
    endloop
  endfacet
  facet normal -0.0491626 0.998791 0
    outer loop
      vertex -30 63 4
      vertex -30.3921 62.9807 17
      vertex -30 63 17
    endloop
  endfacet
  facet normal -0.0491626 0.998791 0
    outer loop
      vertex -30.3921 62.9807 17
      vertex -30 63 4
      vertex -30.3921 62.9807 4
    endloop
  endfacet
  facet normal -0.595794 -0.803137 0
    outer loop
      vertex -32.5376 55.908 2.4
      vertex -32.2223 55.6741 17
      vertex -32.5376 55.908 17
    endloop
  endfacet
  facet normal -0.595794 -0.803137 -0
    outer loop
      vertex -32.2223 55.6741 17
      vertex -32.5376 55.908 2.4
      vertex -32.2223 55.6741 2.4
    endloop
  endfacet
  facet normal -0.904044 -0.42744 0
    outer loop
      vertex -33.5277 57.1144 4
      vertex -33.6955 57.4693 17
      vertex -33.6955 57.4693 4
    endloop
  endfacet
  facet normal -0.904044 -0.42744 0
    outer loop
      vertex -33.6955 57.4693 17
      vertex -33.5277 57.1144 4
      vertex -33.5277 57.1144 17
    endloop
  endfacet
  facet normal -0.146733 0.989176 0
    outer loop
      vertex -30.3921 62.9807 4
      vertex -30.7804 62.9231 17
      vertex -30.3921 62.9807 17
    endloop
  endfacet
  facet normal -0.146733 0.989176 0
    outer loop
      vertex -30.7804 62.9231 17
      vertex -30.3921 62.9807 4
      vertex -30.7804 62.9231 4
    endloop
  endfacet
  facet normal 0.595794 -0.803137 0
    outer loop
      vertex -27.7777 55.6741 2.4
      vertex -27.4624 55.908 17
      vertex -27.7777 55.6741 17
    endloop
  endfacet
  facet normal 0.595794 -0.803137 0
    outer loop
      vertex -27.4624 55.908 17
      vertex -27.7777 55.6741 2.4
      vertex -27.4624 55.908 2.4
    endloop
  endfacet
  facet normal 0.0491626 0.998791 -0
    outer loop
      vertex -29.6079 62.9807 4
      vertex -30 63 17
      vertex -29.6079 62.9807 17
    endloop
  endfacet
  facet normal 0.0491626 0.998791 0
    outer loop
      vertex -30 63 17
      vertex -29.6079 62.9807 4
      vertex -30 63 4
    endloop
  endfacet
  facet normal 0.514084 0.85774 -2.58472e-06
    outer loop
      vertex -27.7777 62.3259 17
      vertex -27.9014 62.4 4
      vertex -28.1144 62.5277 17
    endloop
  endfacet
  facet normal 0.513884 0.85786 -0
    outer loop
      vertex -27.7777 62.3259 2.4
      vertex -27.9014 62.4 4
      vertex -27.7777 62.3259 17
    endloop
  endfacet
  facet normal 0.513884 0.85786 0
    outer loop
      vertex -27.9014 62.4 4
      vertex -27.7777 62.3259 2.4
      vertex -27.9014 62.4 2.4
    endloop
  endfacet
  facet normal 0.5142 0.857671 0
    outer loop
      vertex -28.1144 62.5277 17
      vertex -27.9014 62.4 4
      vertex -28.1144 62.5277 4
    endloop
  endfacet
  facet normal -0.998791 -0.0491626 0
    outer loop
      vertex -33.9807 58.6079 4
      vertex -34 59 17
      vertex -34 59 4
    endloop
  endfacet
  facet normal -0.998791 -0.0491626 0
    outer loop
      vertex -34 59 17
      vertex -33.9807 58.6079 4
      vertex -33.9807 58.6079 17
    endloop
  endfacet
  facet normal 0.970068 -0.242835 0
    outer loop
      vertex -26.1722 57.8389 17
      vertex -26.0769 58.2196 2.4
      vertex -26.0769 58.2196 17
    endloop
  endfacet
  facet normal 0.970068 -0.242835 0
    outer loop
      vertex -26.0769 58.2196 2.4
      vertex -26.1722 57.8389 17
      vertex -26.1722 57.8389 2.4
    endloop
  endfacet
  facet normal 0.740908 0.671607 0
    outer loop
      vertex -26.908 61.5376 17
      vertex -27.1716 61.8284 2.4
      vertex -27.1716 61.8284 17
    endloop
  endfacet
  facet normal 0.740908 0.671607 0
    outer loop
      vertex -27.1716 61.8284 2.4
      vertex -26.908 61.5376 17
      vertex -26.908 61.5376 2.4
    endloop
  endfacet
  facet normal 0.595794 0.803137 -0
    outer loop
      vertex -27.4624 62.092 2.4
      vertex -27.7777 62.3259 17
      vertex -27.4624 62.092 17
    endloop
  endfacet
  facet normal 0.595794 0.803137 0
    outer loop
      vertex -27.7777 62.3259 17
      vertex -27.4624 62.092 2.4
      vertex -27.7777 62.3259 2.4
    endloop
  endfacet
  facet normal -0.595794 0.803137 0
    outer loop
      vertex -32.2223 62.3259 2.4
      vertex -32.5376 62.092 17
      vertex -32.2223 62.3259 17
    endloop
  endfacet
  facet normal -0.595794 0.803137 0
    outer loop
      vertex -32.5376 62.092 17
      vertex -32.2223 62.3259 2.4
      vertex -32.5376 62.092 2.4
    endloop
  endfacet
  facet normal 0.803137 0.595794 0
    outer loop
      vertex -26.6741 61.2223 17
      vertex -26.908 61.5376 2.4
      vertex -26.908 61.5376 17
    endloop
  endfacet
  facet normal 0.803137 0.595794 0
    outer loop
      vertex -26.908 61.5376 2.4
      vertex -26.6741 61.2223 17
      vertex -26.6741 61.2223 2.4
    endloop
  endfacet
  facet normal 0.989176 -0.146733 0
    outer loop
      vertex -26.0769 58.2196 17
      vertex -26.0193 58.6079 2.4
      vertex -26.0193 58.6079 17
    endloop
  endfacet
  facet normal 0.989176 -0.146733 0
    outer loop
      vertex -26.0193 58.6079 2.4
      vertex -26.0769 58.2196 17
      vertex -26.0769 58.2196 2.4
    endloop
  endfacet
  facet normal -0.9415 0.337014 0
    outer loop
      vertex -33.8278 60.1611 4
      vertex -33.6955 60.5307 17
      vertex -33.6955 60.5307 4
    endloop
  endfacet
  facet normal -0.9415 0.337014 0
    outer loop
      vertex -33.6955 60.5307 17
      vertex -33.8278 60.1611 4
      vertex -33.8278 60.1611 17
    endloop
  endfacet
  facet normal 0.904044 -0.42744 0
    outer loop
      vertex -26.4723 57.1144 17
      vertex -26.3045 57.4693 2.4
      vertex -26.3045 57.4693 17
    endloop
  endfacet
  facet normal 0.904044 -0.42744 0
    outer loop
      vertex -26.3045 57.4693 2.4
      vertex -26.4723 57.1144 17
      vertex -26.4723 57.1144 2.4
    endloop
  endfacet
  facet normal 0.337014 0.9415 -0
    outer loop
      vertex -28.4693 62.6955 4
      vertex -28.8389 62.8278 17
      vertex -28.4693 62.6955 17
    endloop
  endfacet
  facet normal 0.337014 0.9415 0
    outer loop
      vertex -28.8389 62.8278 17
      vertex -28.4693 62.6955 4
      vertex -28.8389 62.8278 4
    endloop
  endfacet
  facet normal 0.998791 -0.0491626 0
    outer loop
      vertex -26.0193 58.6079 17
      vertex -26 59 2.4
      vertex -26 59 17
    endloop
  endfacet
  facet normal 0.998791 -0.0491626 0
    outer loop
      vertex -26 59 2.4
      vertex -26.0193 58.6079 17
      vertex -26.0193 58.6079 2.4
    endloop
  endfacet
  facet normal 0.337014 -0.9415 0
    outer loop
      vertex -28.8389 55.1722 2.4
      vertex -28.4693 55.3045 17
      vertex -28.8389 55.1722 17
    endloop
  endfacet
  facet normal 0.337014 -0.9415 0
    outer loop
      vertex -28.4693 55.3045 17
      vertex -28.8389 55.1722 2.4
      vertex -28.4693 55.3045 2.4
    endloop
  endfacet
  facet normal 0.9415 0.337014 0
    outer loop
      vertex -26.1722 60.1611 17
      vertex -26.3045 60.5307 2.4
      vertex -26.3045 60.5307 17
    endloop
  endfacet
  facet normal 0.9415 0.337014 0
    outer loop
      vertex -26.3045 60.5307 2.4
      vertex -26.1722 60.1611 17
      vertex -26.1722 60.1611 2.4
    endloop
  endfacet
  facet normal 0.803137 -0.595794 0
    outer loop
      vertex -26.908 56.4624 17
      vertex -26.6741 56.7777 2.4
      vertex -26.6741 56.7777 17
    endloop
  endfacet
  facet normal 0.803137 -0.595794 0
    outer loop
      vertex -26.6741 56.7777 2.4
      vertex -26.908 56.4624 17
      vertex -26.908 56.4624 2.4
    endloop
  endfacet
  facet normal 0.85774 -0.514084 0
    outer loop
      vertex -26.6741 56.7777 17
      vertex -26.4723 57.1144 2.4
      vertex -26.4723 57.1144 17
    endloop
  endfacet
  facet normal 0.85774 -0.514084 0
    outer loop
      vertex -26.4723 57.1144 2.4
      vertex -26.6741 56.7777 17
      vertex -26.6741 56.7777 2.4
    endloop
  endfacet
  facet normal 0.9415 -0.337014 0
    outer loop
      vertex -26.3045 57.4693 17
      vertex -26.1722 57.8389 2.4
      vertex -26.1722 57.8389 17
    endloop
  endfacet
  facet normal 0.9415 -0.337014 0
    outer loop
      vertex -26.1722 57.8389 2.4
      vertex -26.3045 57.4693 17
      vertex -26.3045 57.4693 2.4
    endloop
  endfacet
  facet normal -0.904044 0.42744 0
    outer loop
      vertex -33.6955 60.5307 4
      vertex -33.5277 60.8856 17
      vertex -33.5277 60.8856 4
    endloop
  endfacet
  facet normal -0.904044 0.42744 0
    outer loop
      vertex -33.5277 60.8856 17
      vertex -33.6955 60.5307 4
      vertex -33.6955 60.5307 17
    endloop
  endfacet
  facet normal -0.242835 0.970068 0
    outer loop
      vertex -30.7804 62.9231 4
      vertex -31.1611 62.8278 17
      vertex -30.7804 62.9231 17
    endloop
  endfacet
  facet normal -0.242835 0.970068 0
    outer loop
      vertex -31.1611 62.8278 17
      vertex -30.7804 62.9231 4
      vertex -31.1611 62.8278 4
    endloop
  endfacet
  facet normal 0.904044 0.42744 0
    outer loop
      vertex -26.3045 60.5307 17
      vertex -26.4723 60.8856 2.4
      vertex -26.4723 60.8856 17
    endloop
  endfacet
  facet normal 0.904044 0.42744 0
    outer loop
      vertex -26.4723 60.8856 2.4
      vertex -26.3045 60.5307 17
      vertex -26.3045 60.5307 2.4
    endloop
  endfacet
  facet normal 0.146733 0.989176 -0
    outer loop
      vertex -29.2196 62.9231 4
      vertex -29.6079 62.9807 17
      vertex -29.2196 62.9231 17
    endloop
  endfacet
  facet normal 0.146733 0.989176 0
    outer loop
      vertex -29.6079 62.9807 17
      vertex -29.2196 62.9231 4
      vertex -29.6079 62.9807 4
    endloop
  endfacet
  facet normal -0.85786 -0.513884 0
    outer loop
      vertex -33.4 56.9014 2.4
      vertex -33.3259 56.7777 2.4
      vertex -33.4 56.9014 4
    endloop
  endfacet
  facet normal -0.857671 -0.5142 0
    outer loop
      vertex -33.4 56.9014 4
      vertex -33.5277 57.1144 17
      vertex -33.5277 57.1144 4
    endloop
  endfacet
  facet normal -0.85786 -0.513884 -0
    outer loop
      vertex -33.3259 56.7777 17
      vertex -33.4 56.9014 4
      vertex -33.3259 56.7777 2.4
    endloop
  endfacet
  facet normal -0.85774 -0.514084 -2.58472e-06
    outer loop
      vertex -33.4 56.9014 4
      vertex -33.3259 56.7777 17
      vertex -33.5277 57.1144 17
    endloop
  endfacet
  facet normal 0.85774 0.514084 0
    outer loop
      vertex -26.4723 60.8856 17
      vertex -26.6741 61.2223 2.4
      vertex -26.6741 61.2223 17
    endloop
  endfacet
  facet normal 0.85774 0.514084 0
    outer loop
      vertex -26.6741 61.2223 2.4
      vertex -26.4723 60.8856 17
      vertex -26.4723 60.8856 2.4
    endloop
  endfacet
  facet normal -0.740908 -0.671607 0
    outer loop
      vertex -32.8284 56.1716 2.4
      vertex -33.092 56.4624 17
      vertex -33.092 56.4624 2.4
    endloop
  endfacet
  facet normal -0.740908 -0.671607 0
    outer loop
      vertex -33.092 56.4624 17
      vertex -32.8284 56.1716 2.4
      vertex -32.8284 56.1716 17
    endloop
  endfacet
  facet normal 0.242835 -0.970068 0
    outer loop
      vertex -29.2196 55.0769 2.4
      vertex -28.8389 55.1722 17
      vertex -29.2196 55.0769 17
    endloop
  endfacet
  facet normal 0.242835 -0.970068 0
    outer loop
      vertex -28.8389 55.1722 17
      vertex -29.2196 55.0769 2.4
      vertex -28.8389 55.1722 2.4
    endloop
  endfacet
  facet normal -0.514084 0.85774 0
    outer loop
      vertex -31.8856 62.5277 4
      vertex -32.2223 62.3259 17
      vertex -31.8856 62.5277 17
    endloop
  endfacet
  facet normal -0.514268 0.857629 -6.50197e-06
    outer loop
      vertex -32.1074 62.3947 4
      vertex -32.2223 62.3259 17
      vertex -31.8856 62.5277 4
    endloop
  endfacet
  facet normal -0.513727 0.857954 0
    outer loop
      vertex -32.2223 62.3259 2.4
      vertex -32.1074 62.3947 4
      vertex -32.1074 62.3947 2.4
    endloop
  endfacet
  facet normal -0.513727 0.857954 0
    outer loop
      vertex -32.1074 62.3947 4
      vertex -32.2223 62.3259 2.4
      vertex -32.2223 62.3259 17
    endloop
  endfacet
  facet normal -0.42744 0.904044 0
    outer loop
      vertex -31.5307 62.6955 4
      vertex -31.8856 62.5277 17
      vertex -31.5307 62.6955 17
    endloop
  endfacet
  facet normal -0.42744 0.904044 0
    outer loop
      vertex -31.8856 62.5277 17
      vertex -31.5307 62.6955 4
      vertex -31.8856 62.5277 4
    endloop
  endfacet
  facet normal -0.9415 -0.337014 0
    outer loop
      vertex -33.6955 57.4693 4
      vertex -33.8278 57.8389 17
      vertex -33.8278 57.8389 4
    endloop
  endfacet
  facet normal -0.9415 -0.337014 0
    outer loop
      vertex -33.8278 57.8389 17
      vertex -33.6955 57.4693 4
      vertex -33.6955 57.4693 17
    endloop
  endfacet
  facet normal -0.514084 -0.85774 0
    outer loop
      vertex -32.2223 55.6741 2.4
      vertex -31.8856 55.4723 17
      vertex -32.2223 55.6741 17
    endloop
  endfacet
  facet normal -0.514084 -0.85774 -0
    outer loop
      vertex -31.8856 55.4723 17
      vertex -32.2223 55.6741 2.4
      vertex -31.8856 55.4723 2.4
    endloop
  endfacet
  facet normal 0.671607 0.740908 -0
    outer loop
      vertex -27.1716 61.8284 2.4
      vertex -27.4624 62.092 17
      vertex -27.1716 61.8284 17
    endloop
  endfacet
  facet normal 0.671607 0.740908 0
    outer loop
      vertex -27.4624 62.092 17
      vertex -27.1716 61.8284 2.4
      vertex -27.4624 62.092 2.4
    endloop
  endfacet
  facet normal -0.970068 0.242835 0
    outer loop
      vertex -33.9231 59.7804 4
      vertex -33.8278 60.1611 17
      vertex -33.8278 60.1611 4
    endloop
  endfacet
  facet normal -0.970068 0.242835 0
    outer loop
      vertex -33.8278 60.1611 17
      vertex -33.9231 59.7804 4
      vertex -33.9231 59.7804 17
    endloop
  endfacet
  facet normal -0.803137 -0.595794 0
    outer loop
      vertex -33.092 56.4624 2.4
      vertex -33.3259 56.7777 17
      vertex -33.3259 56.7777 2.4
    endloop
  endfacet
  facet normal -0.803137 -0.595794 0
    outer loop
      vertex -33.3259 56.7777 17
      vertex -33.092 56.4624 2.4
      vertex -33.092 56.4624 17
    endloop
  endfacet
  facet normal -0.989176 -0.146733 0
    outer loop
      vertex -33.9231 58.2196 4
      vertex -33.9807 58.6079 17
      vertex -33.9807 58.6079 4
    endloop
  endfacet
  facet normal -0.989176 -0.146733 0
    outer loop
      vertex -33.9807 58.6079 17
      vertex -33.9231 58.2196 4
      vertex -33.9231 58.2196 17
    endloop
  endfacet
  facet normal -0.671607 -0.740908 0
    outer loop
      vertex -32.8284 56.1716 2.4
      vertex -32.5376 55.908 17
      vertex -32.8284 56.1716 17
    endloop
  endfacet
  facet normal -0.671607 -0.740908 -0
    outer loop
      vertex -32.5376 55.908 17
      vertex -32.8284 56.1716 2.4
      vertex -32.5376 55.908 2.4
    endloop
  endfacet
  facet normal -0.803137 0.595794 0
    outer loop
      vertex -33.3259 61.2223 2.4
      vertex -33.092 61.5376 17
      vertex -33.092 61.5376 2.4
    endloop
  endfacet
  facet normal -0.803137 0.595794 0
    outer loop
      vertex -33.092 61.5376 17
      vertex -33.3259 61.2223 2.4
      vertex -33.3259 61.2223 17
    endloop
  endfacet
  facet normal -0.857954 0.513727 0
    outer loop
      vertex -33.3947 61.1074 4
      vertex -33.3259 61.2223 2.4
      vertex -33.3947 61.1074 2.4
    endloop
  endfacet
  facet normal -0.857954 0.513727 0
    outer loop
      vertex -33.3259 61.2223 2.4
      vertex -33.3947 61.1074 4
      vertex -33.3259 61.2223 17
    endloop
  endfacet
  facet normal -0.857629 0.514268 -6.50197e-06
    outer loop
      vertex -33.5277 60.8856 4
      vertex -33.3259 61.2223 17
      vertex -33.3947 61.1074 4
    endloop
  endfacet
  facet normal -0.85774 0.514084 0
    outer loop
      vertex -33.3259 61.2223 17
      vertex -33.5277 60.8856 4
      vertex -33.5277 60.8856 17
    endloop
  endfacet
  facet normal -0 0 1
    outer loop
      vertex -26.6939 59.3188 17
      vertex -26 59 17
      vertex -26.0193 59.3921 17
    endloop
  endfacet
  facet normal 0 0 1
    outer loop
      vertex -26.6953 59.3323 17
      vertex -26.0193 59.3921 17
      vertex -26.0769 59.7804 17
    endloop
  endfacet
  facet normal 0 0 1
    outer loop
      vertex -26.6939 58.6812 17
      vertex -26 59 17
      vertex -26.6783 59 17
    endloop
  endfacet
  facet normal 0 0 1
    outer loop
      vertex -26.7437 59.6547 17
      vertex -26.0769 59.7804 17
      vertex -26.1722 60.1611 17
    endloop
  endfacet
  facet normal 0 0 1
    outer loop
      vertex -26 59 17
      vertex -26.6939 58.6812 17
      vertex -26.0193 58.6079 17
    endloop
  endfacet
  facet normal -0 0 1
    outer loop
      vertex -26.9288 60.2647 17
      vertex -26.1722 60.1611 17
      vertex -26.3045 60.5307 17
    endloop
  endfacet
  facet normal -0 0 1
    outer loop
      vertex -26.6943 58.6744 17
      vertex -26.0193 58.6079 17
      vertex -26.6939 58.6812 17
    endloop
  endfacet
  facet normal -0 0 1
    outer loop
      vertex -27.0676 60.5597 17
      vertex -26.3045 60.5307 17
      vertex -26.4723 60.8856 17
    endloop
  endfacet
  facet normal -0 0 1
    outer loop
      vertex -26.6953 58.6677 17
      vertex -26.0193 58.6079 17
      vertex -26.6943 58.6744 17
    endloop
  endfacet
  facet normal 0 0 1
    outer loop
      vertex -27.074 60.5717 17
      vertex -26.4723 60.8856 17
      vertex -26.6741 61.2223 17
    endloop
  endfacet
  facet normal 0 0 1
    outer loop
      vertex -26.0193 58.6079 17
      vertex -26.6953 58.6677 17
      vertex -26.0769 58.2196 17
    endloop
  endfacet
  facet normal -0 0 1
    outer loop
      vertex -26.7421 58.352 17
      vertex -26.0769 58.2196 17
      vertex -26.6953 58.6677 17
    endloop
  endfacet
  facet normal 0 0 1
    outer loop
      vertex -26 59 17
      vertex -26.6939 59.3188 17
      vertex -26.6783 59 17
    endloop
  endfacet
  facet normal 0 0 1
    outer loop
      vertex -26.0193 59.3921 17
      vertex -26.6943 59.3256 17
      vertex -26.6939 59.3188 17
    endloop
  endfacet
  facet normal 0 0 1
    outer loop
      vertex -26.0193 59.3921 17
      vertex -26.6953 59.3323 17
      vertex -26.6943 59.3256 17
    endloop
  endfacet
  facet normal 0 0 1
    outer loop
      vertex -26.0769 59.7804 17
      vertex -26.7421 59.648 17
      vertex -26.6953 59.3323 17
    endloop
  endfacet
  facet normal 0 0 1
    outer loop
      vertex -26.0769 59.7804 17
      vertex -26.7437 59.6547 17
      vertex -26.7421 59.648 17
    endloop
  endfacet
  facet normal 0 0 1
    outer loop
      vertex -26.1722 60.1611 17
      vertex -26.8213 59.9642 17
      vertex -26.7437 59.6547 17
    endloop
  endfacet
  facet normal 0 0 1
    outer loop
      vertex -27.4282 61.1018 17
      vertex -26.6741 61.2223 17
      vertex -26.908 61.5376 17
    endloop
  endfacet
  facet normal 0 0 1
    outer loop
      vertex -26.1722 60.1611 17
      vertex -26.9288 60.2647 17
      vertex -26.8213 59.9642 17
    endloop
  endfacet
  facet normal 0 0 1
    outer loop
      vertex -26.3045 60.5307 17
      vertex -26.9311 60.2712 17
      vertex -26.9288 60.2647 17
    endloop
  endfacet
  facet normal 0 0 1
    outer loop
      vertex -26.3045 60.5307 17
      vertex -27.0676 60.5597 17
      vertex -26.9311 60.2712 17
    endloop
  endfacet
  facet normal 0 0 1
    outer loop
      vertex -26.4723 60.8856 17
      vertex -27.0705 60.5659 17
      vertex -27.0676 60.5597 17
    endloop
  endfacet
  facet normal 0 0 1
    outer loop
      vertex -26.4723 60.8856 17
      vertex -27.074 60.5717 17
      vertex -27.0705 60.5659 17
    endloop
  endfacet
  facet normal 0 0 1
    outer loop
      vertex -27.4368 61.1123 17
      vertex -26.908 61.5376 17
      vertex -27.1716 61.8284 17
    endloop
  endfacet
  facet normal 0 0 1
    outer loop
      vertex -26.6741 61.2223 17
      vertex -27.2381 60.8455 17
      vertex -27.074 60.5717 17
    endloop
  endfacet
  facet normal 0 0 1
    outer loop
      vertex -26.6741 61.2223 17
      vertex -27.4282 61.1018 17
      vertex -27.2381 60.8455 17
    endloop
  endfacet
  facet normal 0 0 1
    outer loop
      vertex -26.908 61.5376 17
      vertex -27.4323 61.1073 17
      vertex -27.4282 61.1018 17
    endloop
  endfacet
  facet normal 0 0 1
    outer loop
      vertex -26.908 61.5376 17
      vertex -27.4368 61.1123 17
      vertex -27.4323 61.1073 17
    endloop
  endfacet
  facet normal 0 0 1
    outer loop
      vertex -27.8877 61.5632 17
      vertex -27.1716 61.8284 17
      vertex -27.4624 62.092 17
    endloop
  endfacet
  facet normal 0 0 1
    outer loop
      vertex -27.1716 61.8284 17
      vertex -27.6512 61.3488 17
      vertex -27.4368 61.1123 17
    endloop
  endfacet
  facet normal 0 0 1
    outer loop
      vertex -27.8982 61.5718 17
      vertex -27.4624 62.092 17
      vertex -27.7777 62.3259 17
    endloop
  endfacet
  facet normal 0 0 1
    outer loop
      vertex -27.1716 61.8284 17
      vertex -27.8877 61.5632 17
      vertex -27.6512 61.3488 17
    endloop
  endfacet
  facet normal 0 0 1
    outer loop
      vertex -27.4624 62.092 17
      vertex -27.8927 61.5677 17
      vertex -27.8877 61.5632 17
    endloop
  endfacet
  facet normal 0 0 1
    outer loop
      vertex -27.4624 62.092 17
      vertex -27.8982 61.5718 17
      vertex -27.8927 61.5677 17
    endloop
  endfacet
  facet normal 0 0 1
    outer loop
      vertex -28.4283 61.926 17
      vertex -27.7777 62.3259 17
      vertex -28.1144 62.5277 17
    endloop
  endfacet
  facet normal 0 0 1
    outer loop
      vertex -27.7777 62.3259 17
      vertex -28.1545 61.7619 17
      vertex -27.8982 61.5718 17
    endloop
  endfacet
  facet normal 0 0 1
    outer loop
      vertex -27.7777 62.3259 17
      vertex -28.4283 61.926 17
      vertex -28.1545 61.7619 17
    endloop
  endfacet
  facet normal 0 0 1
    outer loop
      vertex -28.1144 62.5277 17
      vertex -28.4341 61.9295 17
      vertex -28.4283 61.926 17
    endloop
  endfacet
  facet normal 0 0 1
    outer loop
      vertex -28.1144 62.5277 17
      vertex -28.4403 61.9324 17
      vertex -28.4341 61.9295 17
    endloop
  endfacet
  facet normal 0 0 1
    outer loop
      vertex -28.4693 62.6955 17
      vertex -28.4403 61.9324 17
      vertex -28.1144 62.5277 17
    endloop
  endfacet
  facet normal 0 0 1
    outer loop
      vertex -28.4693 62.6955 17
      vertex -28.7288 62.0689 17
      vertex -28.4403 61.9324 17
    endloop
  endfacet
  facet normal 0 0 1
    outer loop
      vertex -28.4693 62.6955 17
      vertex -28.7353 62.0712 17
      vertex -28.7288 62.0689 17
    endloop
  endfacet
  facet normal 0 0 1
    outer loop
      vertex -28.8389 62.8278 17
      vertex -28.7353 62.0712 17
      vertex -28.4693 62.6955 17
    endloop
  endfacet
  facet normal 0 0 1
    outer loop
      vertex -28.8389 62.8278 17
      vertex -29.0358 62.1787 17
      vertex -28.7353 62.0712 17
    endloop
  endfacet
  facet normal 0 0 1
    outer loop
      vertex -29.3453 62.2563 17
      vertex -28.8389 62.8278 17
      vertex -29.2196 62.9231 17
    endloop
  endfacet
  facet normal 0 0 1
    outer loop
      vertex -28.8389 62.8278 17
      vertex -29.3453 62.2563 17
      vertex -29.0358 62.1787 17
    endloop
  endfacet
  facet normal 0 0 1
    outer loop
      vertex -29.2196 62.9231 17
      vertex -29.352 62.2579 17
      vertex -29.3453 62.2563 17
    endloop
  endfacet
  facet normal 0 0 1
    outer loop
      vertex -29.6677 62.3047 17
      vertex -29.2196 62.9231 17
      vertex -29.6079 62.9807 17
    endloop
  endfacet
  facet normal 0 0 1
    outer loop
      vertex -29.2196 62.9231 17
      vertex -29.6677 62.3047 17
      vertex -29.352 62.2579 17
    endloop
  endfacet
  facet normal 0 0 1
    outer loop
      vertex -29.6079 62.9807 17
      vertex -29.6744 62.3057 17
      vertex -29.6677 62.3047 17
    endloop
  endfacet
  facet normal 0 0 1
    outer loop
      vertex -29.6079 62.9807 17
      vertex -29.6812 62.3061 17
      vertex -29.6744 62.3057 17
    endloop
  endfacet
  facet normal 0 0 1
    outer loop
      vertex -30 63 17
      vertex -29.6812 62.3061 17
      vertex -29.6079 62.9807 17
    endloop
  endfacet
  facet normal 0 0 1
    outer loop
      vertex -30 63 17
      vertex -30 62.3217 17
      vertex -29.6812 62.3061 17
    endloop
  endfacet
  facet normal 0 0 1
    outer loop
      vertex -30 63 17
      vertex -30.3188 62.3061 17
      vertex -30 62.3217 17
    endloop
  endfacet
  facet normal -0 0 1
    outer loop
      vertex -30.3921 62.9807 17
      vertex -30.3188 62.3061 17
      vertex -30 63 17
    endloop
  endfacet
  facet normal 0 0 1
    outer loop
      vertex -30.3188 62.3061 17
      vertex -30.3921 62.9807 17
      vertex -30.3256 62.3057 17
    endloop
  endfacet
  facet normal 0 0 1
    outer loop
      vertex -30.3256 62.3057 17
      vertex -30.3921 62.9807 17
      vertex -30.3323 62.3047 17
    endloop
  endfacet
  facet normal -0 0 1
    outer loop
      vertex -30.7804 62.9231 17
      vertex -30.3323 62.3047 17
      vertex -30.3921 62.9807 17
    endloop
  endfacet
  facet normal 0 0 1
    outer loop
      vertex -30.3323 62.3047 17
      vertex -30.7804 62.9231 17
      vertex -30.648 62.2579 17
    endloop
  endfacet
  facet normal 0 0 1
    outer loop
      vertex -30.648 62.2579 17
      vertex -30.7804 62.9231 17
      vertex -30.6547 62.2563 17
    endloop
  endfacet
  facet normal -0 0 1
    outer loop
      vertex -31.1611 62.8278 17
      vertex -30.6547 62.2563 17
      vertex -30.7804 62.9231 17
    endloop
  endfacet
  facet normal 0 0 1
    outer loop
      vertex -30.6547 62.2563 17
      vertex -31.1611 62.8278 17
      vertex -30.9642 62.1787 17
    endloop
  endfacet
  facet normal 0 0 1
    outer loop
      vertex -31.1611 62.8278 17
      vertex -31.2647 62.0712 17
      vertex -30.9642 62.1787 17
    endloop
  endfacet
  facet normal -0 0 1
    outer loop
      vertex -31.5307 62.6955 17
      vertex -31.2647 62.0712 17
      vertex -31.1611 62.8278 17
    endloop
  endfacet
  facet normal 0 0 1
    outer loop
      vertex -31.2647 62.0712 17
      vertex -31.5307 62.6955 17
      vertex -31.2712 62.0689 17
    endloop
  endfacet
  facet normal 0 0 1
    outer loop
      vertex -31.5307 62.6955 17
      vertex -31.5597 61.9324 17
      vertex -31.2712 62.0689 17
    endloop
  endfacet
  facet normal -0 0 1
    outer loop
      vertex -31.8856 62.5277 17
      vertex -31.5597 61.9324 17
      vertex -31.5307 62.6955 17
    endloop
  endfacet
  facet normal 0 0 1
    outer loop
      vertex -31.5597 61.9324 17
      vertex -31.8856 62.5277 17
      vertex -31.5659 61.9295 17
    endloop
  endfacet
  facet normal 0 0 1
    outer loop
      vertex -31.5659 61.9295 17
      vertex -31.8856 62.5277 17
      vertex -31.5717 61.926 17
    endloop
  endfacet
  facet normal -0 0 1
    outer loop
      vertex -32.2223 62.3259 17
      vertex -31.5717 61.926 17
      vertex -31.8856 62.5277 17
    endloop
  endfacet
  facet normal 0 0 1
    outer loop
      vertex -31.5717 61.926 17
      vertex -32.2223 62.3259 17
      vertex -31.8455 61.7619 17
    endloop
  endfacet
  facet normal 0 0 1
    outer loop
      vertex -31.8455 61.7619 17
      vertex -32.2223 62.3259 17
      vertex -32.1018 61.5718 17
    endloop
  endfacet
  facet normal -0 0 1
    outer loop
      vertex -32.5376 62.092 17
      vertex -32.1018 61.5718 17
      vertex -32.2223 62.3259 17
    endloop
  endfacet
  facet normal 0 0 1
    outer loop
      vertex -32.1018 61.5718 17
      vertex -32.5376 62.092 17
      vertex -32.1073 61.5677 17
    endloop
  endfacet
  facet normal 0 0 1
    outer loop
      vertex -32.1073 61.5677 17
      vertex -32.5376 62.092 17
      vertex -32.1123 61.5632 17
    endloop
  endfacet
  facet normal -0 0 1
    outer loop
      vertex -32.8284 61.8284 17
      vertex -32.1123 61.5632 17
      vertex -32.5376 62.092 17
    endloop
  endfacet
  facet normal 0 0 1
    outer loop
      vertex -32.1123 61.5632 17
      vertex -32.8284 61.8284 17
      vertex -32.3488 61.3488 17
    endloop
  endfacet
  facet normal 0 0 1
    outer loop
      vertex -32.3488 61.3488 17
      vertex -32.8284 61.8284 17
      vertex -32.5632 61.1123 17
    endloop
  endfacet
  facet normal -0 0 1
    outer loop
      vertex -33.092 61.5376 17
      vertex -32.5632 61.1123 17
      vertex -32.8284 61.8284 17
    endloop
  endfacet
  facet normal 0 0 1
    outer loop
      vertex -32.5632 61.1123 17
      vertex -33.092 61.5376 17
      vertex -32.5677 61.1073 17
    endloop
  endfacet
  facet normal 0 0 1
    outer loop
      vertex -32.5677 61.1073 17
      vertex -33.092 61.5376 17
      vertex -32.5718 61.1018 17
    endloop
  endfacet
  facet normal -0 0 1
    outer loop
      vertex -33.3259 61.2223 17
      vertex -32.5718 61.1018 17
      vertex -33.092 61.5376 17
    endloop
  endfacet
  facet normal 0 0 1
    outer loop
      vertex -32.5718 61.1018 17
      vertex -33.3259 61.2223 17
      vertex -32.7619 60.8455 17
    endloop
  endfacet
  facet normal 0 0 1
    outer loop
      vertex -32.7619 60.8455 17
      vertex -33.3259 61.2223 17
      vertex -32.926 60.5717 17
    endloop
  endfacet
  facet normal -0 0 1
    outer loop
      vertex -33.5277 60.8856 17
      vertex -32.926 60.5717 17
      vertex -33.3259 61.2223 17
    endloop
  endfacet
  facet normal 0 0 1
    outer loop
      vertex -32.926 60.5717 17
      vertex -33.5277 60.8856 17
      vertex -32.9295 60.5659 17
    endloop
  endfacet
  facet normal 0 0 1
    outer loop
      vertex -32.9295 60.5659 17
      vertex -33.5277 60.8856 17
      vertex -32.9324 60.5597 17
    endloop
  endfacet
  facet normal 0 0 1
    outer loop
      vertex -33.6955 60.5307 17
      vertex -32.9324 60.5597 17
      vertex -33.5277 60.8856 17
    endloop
  endfacet
  facet normal 0 0 1
    outer loop
      vertex -32.9324 60.5597 17
      vertex -33.6955 60.5307 17
      vertex -33.0689 60.2712 17
    endloop
  endfacet
  facet normal 0 0 1
    outer loop
      vertex -33.0689 60.2712 17
      vertex -33.6955 60.5307 17
      vertex -33.0712 60.2647 17
    endloop
  endfacet
  facet normal 0 0 1
    outer loop
      vertex -33.8278 60.1611 17
      vertex -33.0712 60.2647 17
      vertex -33.6955 60.5307 17
    endloop
  endfacet
  facet normal 0 0 1
    outer loop
      vertex -33.0712 60.2647 17
      vertex -33.8278 60.1611 17
      vertex -33.1787 59.9642 17
    endloop
  endfacet
  facet normal 0 0 1
    outer loop
      vertex -33.2563 59.6547 17
      vertex -33.9231 59.7804 17
      vertex -33.2579 59.648 17
    endloop
  endfacet
  facet normal -0 0 1
    outer loop
      vertex -33.9231 59.7804 17
      vertex -33.2563 59.6547 17
      vertex -33.8278 60.1611 17
    endloop
  endfacet
  facet normal 0 0 1
    outer loop
      vertex -33.1787 59.9642 17
      vertex -33.8278 60.1611 17
      vertex -33.2563 59.6547 17
    endloop
  endfacet
  facet normal -0 0 1
    outer loop
      vertex -26.7437 58.3453 17
      vertex -26.0769 58.2196 17
      vertex -26.7421 58.352 17
    endloop
  endfacet
  facet normal 0 0 1
    outer loop
      vertex -26.0769 58.2196 17
      vertex -26.7437 58.3453 17
      vertex -26.1722 57.8389 17
    endloop
  endfacet
  facet normal -0 0 1
    outer loop
      vertex -26.8213 58.0358 17
      vertex -26.1722 57.8389 17
      vertex -26.7437 58.3453 17
    endloop
  endfacet
  facet normal 0 0 1
    outer loop
      vertex -26.9288 57.7353 17
      vertex -26.1722 57.8389 17
      vertex -26.8213 58.0358 17
    endloop
  endfacet
  facet normal 0 0 1
    outer loop
      vertex -26.1722 57.8389 17
      vertex -26.9288 57.7353 17
      vertex -26.3045 57.4693 17
    endloop
  endfacet
  facet normal -0 0 1
    outer loop
      vertex -26.9311 57.7288 17
      vertex -26.3045 57.4693 17
      vertex -26.9288 57.7353 17
    endloop
  endfacet
  facet normal 0 0 1
    outer loop
      vertex -27.0676 57.4403 17
      vertex -26.3045 57.4693 17
      vertex -26.9311 57.7288 17
    endloop
  endfacet
  facet normal 0 0 1
    outer loop
      vertex -26.3045 57.4693 17
      vertex -27.0676 57.4403 17
      vertex -26.4723 57.1144 17
    endloop
  endfacet
  facet normal -0 0 1
    outer loop
      vertex -27.0705 57.4341 17
      vertex -26.4723 57.1144 17
      vertex -27.0676 57.4403 17
    endloop
  endfacet
  facet normal -0 0 1
    outer loop
      vertex -27.074 57.4283 17
      vertex -26.4723 57.1144 17
      vertex -27.0705 57.4341 17
    endloop
  endfacet
  facet normal 0 0 1
    outer loop
      vertex -26.4723 57.1144 17
      vertex -27.074 57.4283 17
      vertex -26.6741 56.7777 17
    endloop
  endfacet
  facet normal -0 0 1
    outer loop
      vertex -27.2381 57.1545 17
      vertex -26.6741 56.7777 17
      vertex -27.074 57.4283 17
    endloop
  endfacet
  facet normal -0 0 1
    outer loop
      vertex -27.4282 56.8982 17
      vertex -26.6741 56.7777 17
      vertex -27.2381 57.1545 17
    endloop
  endfacet
  facet normal 0 0 1
    outer loop
      vertex -26.6741 56.7777 17
      vertex -27.4282 56.8982 17
      vertex -26.908 56.4624 17
    endloop
  endfacet
  facet normal -0 0 1
    outer loop
      vertex -27.4323 56.8927 17
      vertex -26.908 56.4624 17
      vertex -27.4282 56.8982 17
    endloop
  endfacet
  facet normal -0 0 1
    outer loop
      vertex -27.4368 56.8877 17
      vertex -26.908 56.4624 17
      vertex -27.4323 56.8927 17
    endloop
  endfacet
  facet normal 0 0 1
    outer loop
      vertex -26.908 56.4624 17
      vertex -27.4368 56.8877 17
      vertex -27.1716 56.1716 17
    endloop
  endfacet
  facet normal -0 0 1
    outer loop
      vertex -27.6512 56.6512 17
      vertex -27.1716 56.1716 17
      vertex -27.4368 56.8877 17
    endloop
  endfacet
  facet normal -0 0 1
    outer loop
      vertex -27.8877 56.4368 17
      vertex -27.1716 56.1716 17
      vertex -27.6512 56.6512 17
    endloop
  endfacet
  facet normal 0 0 1
    outer loop
      vertex -27.1716 56.1716 17
      vertex -27.8877 56.4368 17
      vertex -27.4624 55.908 17
    endloop
  endfacet
  facet normal -0 0 1
    outer loop
      vertex -27.8927 56.4323 17
      vertex -27.4624 55.908 17
      vertex -27.8877 56.4368 17
    endloop
  endfacet
  facet normal -0 0 1
    outer loop
      vertex -27.8982 56.4282 17
      vertex -27.4624 55.908 17
      vertex -27.8927 56.4323 17
    endloop
  endfacet
  facet normal 0 0 1
    outer loop
      vertex -27.4624 55.908 17
      vertex -27.8982 56.4282 17
      vertex -27.7777 55.6741 17
    endloop
  endfacet
  facet normal -0 0 1
    outer loop
      vertex -28.1545 56.2381 17
      vertex -27.7777 55.6741 17
      vertex -27.8982 56.4282 17
    endloop
  endfacet
  facet normal -0 0 1
    outer loop
      vertex -28.4283 56.074 17
      vertex -27.7777 55.6741 17
      vertex -28.1545 56.2381 17
    endloop
  endfacet
  facet normal 0 0 1
    outer loop
      vertex -27.7777 55.6741 17
      vertex -28.4283 56.074 17
      vertex -28.1144 55.4723 17
    endloop
  endfacet
  facet normal -0 0 1
    outer loop
      vertex -28.4341 56.0705 17
      vertex -28.1144 55.4723 17
      vertex -28.4283 56.074 17
    endloop
  endfacet
  facet normal -0 0 1
    outer loop
      vertex -28.4403 56.0676 17
      vertex -28.1144 55.4723 17
      vertex -28.4341 56.0705 17
    endloop
  endfacet
  facet normal 0 0 1
    outer loop
      vertex -28.4403 56.0676 17
      vertex -28.4693 55.3045 17
      vertex -28.1144 55.4723 17
    endloop
  endfacet
  facet normal -0 0 1
    outer loop
      vertex -28.7288 55.9311 17
      vertex -28.4693 55.3045 17
      vertex -28.4403 56.0676 17
    endloop
  endfacet
  facet normal -0 0 1
    outer loop
      vertex -28.7353 55.9288 17
      vertex -28.4693 55.3045 17
      vertex -28.7288 55.9311 17
    endloop
  endfacet
  facet normal 0 0 1
    outer loop
      vertex -28.7353 55.9288 17
      vertex -28.8389 55.1722 17
      vertex -28.4693 55.3045 17
    endloop
  endfacet
  facet normal -0 0 1
    outer loop
      vertex -29.0358 55.8213 17
      vertex -28.8389 55.1722 17
      vertex -28.7353 55.9288 17
    endloop
  endfacet
  facet normal -0 0 1
    outer loop
      vertex -29.3453 55.7437 17
      vertex -28.8389 55.1722 17
      vertex -29.0358 55.8213 17
    endloop
  endfacet
  facet normal 0 0 1
    outer loop
      vertex -28.8389 55.1722 17
      vertex -29.3453 55.7437 17
      vertex -29.2196 55.0769 17
    endloop
  endfacet
  facet normal -0 0 1
    outer loop
      vertex -29.352 55.7421 17
      vertex -29.2196 55.0769 17
      vertex -29.3453 55.7437 17
    endloop
  endfacet
  facet normal -0 0 1
    outer loop
      vertex -29.6677 55.6953 17
      vertex -29.2196 55.0769 17
      vertex -29.352 55.7421 17
    endloop
  endfacet
  facet normal 0 0 1
    outer loop
      vertex -29.2196 55.0769 17
      vertex -29.6677 55.6953 17
      vertex -29.6079 55.0193 17
    endloop
  endfacet
  facet normal -0 0 1
    outer loop
      vertex -29.6744 55.6943 17
      vertex -29.6079 55.0193 17
      vertex -29.6677 55.6953 17
    endloop
  endfacet
  facet normal -0 0 1
    outer loop
      vertex -29.6812 55.6939 17
      vertex -29.6079 55.0193 17
      vertex -29.6744 55.6943 17
    endloop
  endfacet
  facet normal 0 0 1
    outer loop
      vertex -30 55 17
      vertex -29.6812 55.6939 17
      vertex -30 55.6783 17
    endloop
  endfacet
  facet normal 0 0 1
    outer loop
      vertex -29.6812 55.6939 17
      vertex -30 55 17
      vertex -29.6079 55.0193 17
    endloop
  endfacet
  facet normal 0 0 1
    outer loop
      vertex -30.3188 55.6939 17
      vertex -30 55 17
      vertex -30 55.6783 17
    endloop
  endfacet
  facet normal 0 0 1
    outer loop
      vertex -30.3921 55.0193 17
      vertex -30.3188 55.6939 17
      vertex -30.3256 55.6943 17
    endloop
  endfacet
  facet normal 0 0 1
    outer loop
      vertex -30.3921 55.0193 17
      vertex -30.3256 55.6943 17
      vertex -30.3323 55.6953 17
    endloop
  endfacet
  facet normal 0 0 1
    outer loop
      vertex -30.3188 55.6939 17
      vertex -30.3921 55.0193 17
      vertex -30 55 17
    endloop
  endfacet
  facet normal 0 0 1
    outer loop
      vertex -30.7804 55.0769 17
      vertex -30.3323 55.6953 17
      vertex -30.648 55.7421 17
    endloop
  endfacet
  facet normal 0 0 1
    outer loop
      vertex -30.7804 55.0769 17
      vertex -30.648 55.7421 17
      vertex -30.6547 55.7437 17
    endloop
  endfacet
  facet normal 0 0 1
    outer loop
      vertex -30.3323 55.6953 17
      vertex -30.7804 55.0769 17
      vertex -30.3921 55.0193 17
    endloop
  endfacet
  facet normal 0 0 1
    outer loop
      vertex -31.1611 55.1722 17
      vertex -30.6547 55.7437 17
      vertex -30.9642 55.8213 17
    endloop
  endfacet
  facet normal 0 0 1
    outer loop
      vertex -30.6547 55.7437 17
      vertex -31.1611 55.1722 17
      vertex -30.7804 55.0769 17
    endloop
  endfacet
  facet normal 0 0 1
    outer loop
      vertex -31.2647 55.9288 17
      vertex -31.1611 55.1722 17
      vertex -30.9642 55.8213 17
    endloop
  endfacet
  facet normal 0 0 1
    outer loop
      vertex -31.5307 55.3045 17
      vertex -31.2647 55.9288 17
      vertex -31.2712 55.9311 17
    endloop
  endfacet
  facet normal 0 0 1
    outer loop
      vertex -31.2647 55.9288 17
      vertex -31.5307 55.3045 17
      vertex -31.1611 55.1722 17
    endloop
  endfacet
  facet normal 0 0 1
    outer loop
      vertex -31.5597 56.0676 17
      vertex -31.5307 55.3045 17
      vertex -31.2712 55.9311 17
    endloop
  endfacet
  facet normal 0 0 1
    outer loop
      vertex -31.8856 55.4723 17
      vertex -31.5597 56.0676 17
      vertex -31.5659 56.0705 17
    endloop
  endfacet
  facet normal 0 0 1
    outer loop
      vertex -31.8856 55.4723 17
      vertex -31.5659 56.0705 17
      vertex -31.5717 56.074 17
    endloop
  endfacet
  facet normal 0 0 1
    outer loop
      vertex -32.2223 55.6741 17
      vertex -31.5717 56.074 17
      vertex -31.8455 56.2381 17
    endloop
  endfacet
  facet normal 0 0 1
    outer loop
      vertex -31.5597 56.0676 17
      vertex -31.8856 55.4723 17
      vertex -31.5307 55.3045 17
    endloop
  endfacet
  facet normal 0 0 1
    outer loop
      vertex -32.2223 55.6741 17
      vertex -31.8455 56.2381 17
      vertex -32.1018 56.4282 17
    endloop
  endfacet
  facet normal 0 0 1
    outer loop
      vertex -32.5376 55.908 17
      vertex -32.1018 56.4282 17
      vertex -32.1073 56.4323 17
    endloop
  endfacet
  facet normal 0 0 1
    outer loop
      vertex -32.5376 55.908 17
      vertex -32.1073 56.4323 17
      vertex -32.1123 56.4368 17
    endloop
  endfacet
  facet normal 0 0 1
    outer loop
      vertex -31.5717 56.074 17
      vertex -32.2223 55.6741 17
      vertex -31.8856 55.4723 17
    endloop
  endfacet
  facet normal 0 0 1
    outer loop
      vertex -32.8284 56.1716 17
      vertex -32.1123 56.4368 17
      vertex -32.3488 56.6512 17
    endloop
  endfacet
  facet normal 0 0 1
    outer loop
      vertex -32.1018 56.4282 17
      vertex -32.5376 55.908 17
      vertex -32.2223 55.6741 17
    endloop
  endfacet
  facet normal 0 0 1
    outer loop
      vertex -32.8284 56.1716 17
      vertex -32.3488 56.6512 17
      vertex -32.5632 56.8877 17
    endloop
  endfacet
  facet normal 0 0 1
    outer loop
      vertex -33.092 56.4624 17
      vertex -32.5632 56.8877 17
      vertex -32.5677 56.8927 17
    endloop
  endfacet
  facet normal 0 0 1
    outer loop
      vertex -33.092 56.4624 17
      vertex -32.5677 56.8927 17
      vertex -32.5718 56.8982 17
    endloop
  endfacet
  facet normal 0 0 1
    outer loop
      vertex -33.3259 56.7777 17
      vertex -32.5718 56.8982 17
      vertex -32.7619 57.1545 17
    endloop
  endfacet
  facet normal 0 0 1
    outer loop
      vertex -32.1123 56.4368 17
      vertex -32.8284 56.1716 17
      vertex -32.5376 55.908 17
    endloop
  endfacet
  facet normal 0 0 1
    outer loop
      vertex -33.3259 56.7777 17
      vertex -32.7619 57.1545 17
      vertex -32.926 57.4283 17
    endloop
  endfacet
  facet normal 0 0 1
    outer loop
      vertex -33.5277 57.1144 17
      vertex -32.926 57.4283 17
      vertex -32.9295 57.4341 17
    endloop
  endfacet
  facet normal 0 0 1
    outer loop
      vertex -33.5277 57.1144 17
      vertex -32.9295 57.4341 17
      vertex -32.9324 57.4403 17
    endloop
  endfacet
  facet normal -0 0 1
    outer loop
      vertex -33.6955 57.4693 17
      vertex -32.9324 57.4403 17
      vertex -33.0689 57.7288 17
    endloop
  endfacet
  facet normal 0 0 1
    outer loop
      vertex -33.6955 57.4693 17
      vertex -33.0689 57.7288 17
      vertex -33.0712 57.7353 17
    endloop
  endfacet
  facet normal 0 0 1
    outer loop
      vertex -32.5632 56.8877 17
      vertex -33.092 56.4624 17
      vertex -32.8284 56.1716 17
    endloop
  endfacet
  facet normal -0 0 1
    outer loop
      vertex -33.8278 57.8389 17
      vertex -33.0712 57.7353 17
      vertex -33.1787 58.0358 17
    endloop
  endfacet
  facet normal 0 0 1
    outer loop
      vertex -33.8278 57.8389 17
      vertex -33.1787 58.0358 17
      vertex -33.2563 58.3453 17
    endloop
  endfacet
  facet normal 0 0 1
    outer loop
      vertex -33.9231 58.2196 17
      vertex -33.2563 58.3453 17
      vertex -33.2579 58.352 17
    endloop
  endfacet
  facet normal 0 0 1
    outer loop
      vertex -33.9231 58.2196 17
      vertex -33.2579 58.352 17
      vertex -33.3047 58.6677 17
    endloop
  endfacet
  facet normal 0 0 1
    outer loop
      vertex -33.9807 58.6079 17
      vertex -33.3047 58.6677 17
      vertex -33.3057 58.6744 17
    endloop
  endfacet
  facet normal 0 0 1
    outer loop
      vertex -32.5718 56.8982 17
      vertex -33.3259 56.7777 17
      vertex -33.092 56.4624 17
    endloop
  endfacet
  facet normal 0 0 1
    outer loop
      vertex -33.9807 58.6079 17
      vertex -33.3057 58.6744 17
      vertex -33.3061 58.6812 17
    endloop
  endfacet
  facet normal -0 0 1
    outer loop
      vertex -34 59 17
      vertex -33.3061 58.6812 17
      vertex -33.3217 59 17
    endloop
  endfacet
  facet normal 0 0 1
    outer loop
      vertex -33.2579 59.648 17
      vertex -33.9231 59.7804 17
      vertex -33.3047 59.3323 17
    endloop
  endfacet
  facet normal -0 0 1
    outer loop
      vertex -33.9807 59.3921 17
      vertex -33.3047 59.3323 17
      vertex -33.9231 59.7804 17
    endloop
  endfacet
  facet normal 0 0 1
    outer loop
      vertex -32.926 57.4283 17
      vertex -33.5277 57.1144 17
      vertex -33.3259 56.7777 17
    endloop
  endfacet
  facet normal 0 0 1
    outer loop
      vertex -33.3047 59.3323 17
      vertex -33.9807 59.3921 17
      vertex -33.3057 59.3256 17
    endloop
  endfacet
  facet normal 0 0 1
    outer loop
      vertex -32.9324 57.4403 17
      vertex -33.6955 57.4693 17
      vertex -33.5277 57.1144 17
    endloop
  endfacet
  facet normal 0 0 1
    outer loop
      vertex -33.3057 59.3256 17
      vertex -33.9807 59.3921 17
      vertex -33.3061 59.3188 17
    endloop
  endfacet
  facet normal 0 0 1
    outer loop
      vertex -33.0712 57.7353 17
      vertex -33.8278 57.8389 17
      vertex -33.6955 57.4693 17
    endloop
  endfacet
  facet normal 0 0 1
    outer loop
      vertex -34 59 17
      vertex -33.3061 59.3188 17
      vertex -33.9807 59.3921 17
    endloop
  endfacet
  facet normal 0 0 1
    outer loop
      vertex -33.2563 58.3453 17
      vertex -33.9231 58.2196 17
      vertex -33.8278 57.8389 17
    endloop
  endfacet
  facet normal 0 0 1
    outer loop
      vertex -33.3061 59.3188 17
      vertex -34 59 17
      vertex -33.3217 59 17
    endloop
  endfacet
  facet normal 0 0 1
    outer loop
      vertex -33.3047 58.6677 17
      vertex -33.9807 58.6079 17
      vertex -33.9231 58.2196 17
    endloop
  endfacet
  facet normal 0 0 1
    outer loop
      vertex -33.3061 58.6812 17
      vertex -34 59 17
      vertex -33.9807 58.6079 17
    endloop
  endfacet
  facet normal -0.0491626 -0.998791 0
    outer loop
      vertex -30.3921 55.0193 2.4
      vertex -30 55 17
      vertex -30.3921 55.0193 17
    endloop
  endfacet
  facet normal -0.0491626 -0.998791 -0
    outer loop
      vertex -30 55 17
      vertex -30.3921 55.0193 2.4
      vertex -30 55 2.4
    endloop
  endfacet
  facet normal -0.998791 0.0491626 0
    outer loop
      vertex -34 59 4
      vertex -33.9807 59.3921 17
      vertex -33.9807 59.3921 4
    endloop
  endfacet
  facet normal -0.998791 0.0491626 0
    outer loop
      vertex -33.9807 59.3921 17
      vertex -34 59 4
      vertex -34 59 17
    endloop
  endfacet
  facet normal 0.740908 -0.671607 0
    outer loop
      vertex -27.1716 56.1716 17
      vertex -26.908 56.4624 2.4
      vertex -26.908 56.4624 17
    endloop
  endfacet
  facet normal 0.740908 -0.671607 0
    outer loop
      vertex -26.908 56.4624 2.4
      vertex -27.1716 56.1716 17
      vertex -27.1716 56.1716 2.4
    endloop
  endfacet
  facet normal -0.98921 -0.146502 0
    outer loop
      vertex -28.4077 59.1568 2.4
      vertex -28.4307 59.3121 14.8
      vertex -28.4307 59.3121 2.4
    endloop
  endfacet
  facet normal -0.98921 -0.146502 0
    outer loop
      vertex -28.4307 59.3121 14.8
      vertex -28.4077 59.1568 2.4
      vertex -28.4077 59.1568 14.8
    endloop
  endfacet
  facet normal -0.998796 -0.049048 0
    outer loop
      vertex -28.4 59 2.4
      vertex -28.4077 59.1568 14.8
      vertex -28.4077 59.1568 2.4
    endloop
  endfacet
  facet normal -0.998796 -0.049048 0
    outer loop
      vertex -28.4077 59.1568 14.8
      vertex -28.4 59 2.4
      vertex -28.4 59 14.8
    endloop
  endfacet
  facet normal -0.969993 -0.243135 0
    outer loop
      vertex -28.4307 59.3121 2.4
      vertex -28.4689 59.4645 14.8
      vertex -28.4689 59.4645 2.4
    endloop
  endfacet
  facet normal -0.969993 -0.243135 0
    outer loop
      vertex -28.4689 59.4645 14.8
      vertex -28.4307 59.3121 2.4
      vertex -28.4307 59.3121 14.8
    endloop
  endfacet
  facet normal -0.427484 -0.904023 0
    outer loop
      vertex -29.3877 60.4782 2.4
      vertex -29.2458 60.4111 14.8
      vertex -29.3877 60.4782 14.8
    endloop
  endfacet
  facet normal -0.427484 -0.904023 -0
    outer loop
      vertex -29.2458 60.4111 14.8
      vertex -29.3877 60.4782 2.4
      vertex -29.2458 60.4111 2.4
    endloop
  endfacet
  facet normal 0.243135 0.969993 -0
    outer loop
      vertex -30.3121 57.4307 2.4
      vertex -30.4645 57.4689 14.8
      vertex -30.3121 57.4307 14.8
    endloop
  endfacet
  facet normal 0.243135 0.969993 0
    outer loop
      vertex -30.4645 57.4689 14.8
      vertex -30.3121 57.4307 2.4
      vertex -30.4645 57.4689 2.4
    endloop
  endfacet
  facet normal 0.85783 0.513934 0
    outer loop
      vertex -31.3304 58.1111 14.8
      vertex -31.4111 58.2458 2.4
      vertex -31.4111 58.2458 14.8
    endloop
  endfacet
  facet normal 0.85783 0.513934 0
    outer loop
      vertex -31.4111 58.2458 2.4
      vertex -31.3304 58.1111 14.8
      vertex -31.3304 58.1111 2.4
    endloop
  endfacet
  facet normal -0.146502 0.98921 0
    outer loop
      vertex -29.6879 57.4307 2.4
      vertex -29.8432 57.4077 14.8
      vertex -29.6879 57.4307 14.8
    endloop
  endfacet
  facet normal -0.146502 0.98921 0
    outer loop
      vertex -29.8432 57.4077 14.8
      vertex -29.6879 57.4307 2.4
      vertex -29.8432 57.4077 2.4
    endloop
  endfacet
  facet normal -0.741264 -0.671213 0
    outer loop
      vertex -28.7632 60.015 2.4
      vertex -28.8686 60.1314 14.8
      vertex -28.8686 60.1314 2.4
    endloop
  endfacet
  facet normal -0.741264 -0.671213 0
    outer loop
      vertex -28.8686 60.1314 14.8
      vertex -28.7632 60.015 2.4
      vertex -28.7632 60.015 14.8
    endloop
  endfacet
  facet normal 0.513934 -0.85783 0
    outer loop
      vertex -30.8889 60.3304 2.4
      vertex -30.7542 60.4111 14.8
      vertex -30.8889 60.3304 14.8
    endloop
  endfacet
  facet normal 0.513934 -0.85783 0
    outer loop
      vertex -30.7542 60.4111 14.8
      vertex -30.8889 60.3304 2.4
      vertex -30.7542 60.4111 2.4
    endloop
  endfacet
  facet normal -0.741264 0.671213 0
    outer loop
      vertex -28.8686 57.8686 2.4
      vertex -28.7632 57.985 14.8
      vertex -28.7632 57.985 2.4
    endloop
  endfacet
  facet normal -0.741264 0.671213 0
    outer loop
      vertex -28.7632 57.985 14.8
      vertex -28.8686 57.8686 2.4
      vertex -28.8686 57.8686 14.8
    endloop
  endfacet
  facet normal -0.513934 0.85783 0
    outer loop
      vertex -29.1111 57.6696 2.4
      vertex -29.2458 57.5889 14.8
      vertex -29.1111 57.6696 14.8
    endloop
  endfacet
  facet normal -0.513934 0.85783 0
    outer loop
      vertex -29.2458 57.5889 14.8
      vertex -29.1111 57.6696 2.4
      vertex -29.2458 57.5889 2.4
    endloop
  endfacet
  facet normal -0.243135 -0.969993 0
    outer loop
      vertex -29.6879 60.5693 2.4
      vertex -29.5355 60.5311 14.8
      vertex -29.6879 60.5693 14.8
    endloop
  endfacet
  facet normal -0.243135 -0.969993 -0
    outer loop
      vertex -29.5355 60.5311 14.8
      vertex -29.6879 60.5693 2.4
      vertex -29.5355 60.5311 2.4
    endloop
  endfacet
  facet normal 0.98921 -0.146502 0
    outer loop
      vertex -31.5923 59.1568 14.8
      vertex -31.5693 59.3121 2.4
      vertex -31.5693 59.3121 14.8
    endloop
  endfacet
  facet normal 0.98921 -0.146502 0
    outer loop
      vertex -31.5693 59.3121 2.4
      vertex -31.5923 59.1568 14.8
      vertex -31.5923 59.1568 2.4
    endloop
  endfacet
  facet normal -0.85783 -0.513934 0
    outer loop
      vertex -28.5889 59.7542 2.4
      vertex -28.6696 59.8889 14.8
      vertex -28.6696 59.8889 2.4
    endloop
  endfacet
  facet normal -0.85783 -0.513934 0
    outer loop
      vertex -28.6696 59.8889 14.8
      vertex -28.5889 59.7542 2.4
      vertex -28.5889 59.7542 14.8
    endloop
  endfacet
  facet normal -0.969993 0.243135 0
    outer loop
      vertex -28.4689 58.5355 2.4
      vertex -28.4307 58.6879 14.8
      vertex -28.4307 58.6879 2.4
    endloop
  endfacet
  facet normal -0.969993 0.243135 0
    outer loop
      vertex -28.4307 58.6879 14.8
      vertex -28.4689 58.5355 2.4
      vertex -28.4689 58.5355 14.8
    endloop
  endfacet
  facet normal 0.146502 0.98921 -0
    outer loop
      vertex -30.1568 57.4077 2.4
      vertex -30.3121 57.4307 14.8
      vertex -30.1568 57.4077 14.8
    endloop
  endfacet
  facet normal 0.146502 0.98921 0
    outer loop
      vertex -30.3121 57.4307 14.8
      vertex -30.1568 57.4077 2.4
      vertex -30.3121 57.4307 2.4
    endloop
  endfacet
  facet normal 0.998796 0.049048 0
    outer loop
      vertex -31.5923 58.8432 14.8
      vertex -31.6 59 2.4
      vertex -31.6 59 14.8
    endloop
  endfacet
  facet normal 0.998796 0.049048 0
    outer loop
      vertex -31.6 59 2.4
      vertex -31.5923 58.8432 14.8
      vertex -31.5923 58.8432 2.4
    endloop
  endfacet
  facet normal -0.146502 -0.98921 0
    outer loop
      vertex -29.8432 60.5923 2.4
      vertex -29.6879 60.5693 14.8
      vertex -29.8432 60.5923 14.8
    endloop
  endfacet
  facet normal -0.146502 -0.98921 -0
    outer loop
      vertex -29.6879 60.5693 14.8
      vertex -29.8432 60.5923 2.4
      vertex -29.6879 60.5693 2.4
    endloop
  endfacet
  facet normal -0.941511 -0.336982 0
    outer loop
      vertex -28.4689 59.4645 2.4
      vertex -28.5218 59.6123 14.8
      vertex -28.5218 59.6123 2.4
    endloop
  endfacet
  facet normal -0.941511 -0.336982 0
    outer loop
      vertex -28.5218 59.6123 14.8
      vertex -28.4689 59.4645 2.4
      vertex -28.4689 59.4645 14.8
    endloop
  endfacet
  facet normal -0.671213 -0.741264 0
    outer loop
      vertex -28.985 60.2368 2.4
      vertex -28.8686 60.1314 14.8
      vertex -28.985 60.2368 14.8
    endloop
  endfacet
  facet normal -0.671213 -0.741264 -0
    outer loop
      vertex -28.8686 60.1314 14.8
      vertex -28.985 60.2368 2.4
      vertex -28.8686 60.1314 2.4
    endloop
  endfacet
  facet normal 0.741264 -0.671213 0
    outer loop
      vertex -31.2368 60.015 14.8
      vertex -31.1314 60.1314 2.4
      vertex -31.1314 60.1314 14.8
    endloop
  endfacet
  facet normal 0.741264 -0.671213 0
    outer loop
      vertex -31.1314 60.1314 2.4
      vertex -31.2368 60.015 14.8
      vertex -31.2368 60.015 2.4
    endloop
  endfacet
  facet normal 0.969993 0.243135 0
    outer loop
      vertex -31.5311 58.5355 14.8
      vertex -31.5693 58.6879 2.4
      vertex -31.5693 58.6879 14.8
    endloop
  endfacet
  facet normal 0.969993 0.243135 0
    outer loop
      vertex -31.5693 58.6879 2.4
      vertex -31.5311 58.5355 14.8
      vertex -31.5311 58.5355 2.4
    endloop
  endfacet
  facet normal 0.336982 -0.941511 0
    outer loop
      vertex -30.6123 60.4782 2.4
      vertex -30.4645 60.5311 14.8
      vertex -30.6123 60.4782 14.8
    endloop
  endfacet
  facet normal 0.336982 -0.941511 0
    outer loop
      vertex -30.4645 60.5311 14.8
      vertex -30.6123 60.4782 2.4
      vertex -30.4645 60.5311 2.4
    endloop
  endfacet
  facet normal 0.941511 0.336982 0
    outer loop
      vertex -31.4782 58.3877 14.8
      vertex -31.5311 58.5355 2.4
      vertex -31.5311 58.5355 14.8
    endloop
  endfacet
  facet normal 0.941511 0.336982 0
    outer loop
      vertex -31.5311 58.5355 2.4
      vertex -31.4782 58.3877 14.8
      vertex -31.4782 58.3877 2.4
    endloop
  endfacet
  facet normal -0.336982 -0.941511 0
    outer loop
      vertex -29.5355 60.5311 2.4
      vertex -29.3877 60.4782 14.8
      vertex -29.5355 60.5311 14.8
    endloop
  endfacet
  facet normal -0.336982 -0.941511 -0
    outer loop
      vertex -29.3877 60.4782 14.8
      vertex -29.5355 60.5311 2.4
      vertex -29.3877 60.4782 2.4
    endloop
  endfacet
  facet normal 0.80297 -0.596019 0
    outer loop
      vertex -31.3304 59.8889 14.8
      vertex -31.2368 60.015 2.4
      vertex -31.2368 60.015 14.8
    endloop
  endfacet
  facet normal 0.80297 -0.596019 0
    outer loop
      vertex -31.2368 60.015 2.4
      vertex -31.3304 59.8889 14.8
      vertex -31.3304 59.8889 2.4
    endloop
  endfacet
  facet normal -0.80297 -0.596019 0
    outer loop
      vertex -28.6696 59.8889 2.4
      vertex -28.7632 60.015 14.8
      vertex -28.7632 60.015 2.4
    endloop
  endfacet
  facet normal -0.80297 -0.596019 0
    outer loop
      vertex -28.7632 60.015 14.8
      vertex -28.6696 59.8889 2.4
      vertex -28.6696 59.8889 14.8
    endloop
  endfacet
  facet normal 0.969993 -0.243135 0
    outer loop
      vertex -31.5693 59.3121 14.8
      vertex -31.5311 59.4645 2.4
      vertex -31.5311 59.4645 14.8
    endloop
  endfacet
  facet normal 0.969993 -0.243135 0
    outer loop
      vertex -31.5311 59.4645 2.4
      vertex -31.5693 59.3121 14.8
      vertex -31.5693 59.3121 2.4
    endloop
  endfacet
  facet normal 0.671213 -0.741264 0
    outer loop
      vertex -31.1314 60.1314 2.4
      vertex -31.015 60.2368 14.8
      vertex -31.1314 60.1314 14.8
    endloop
  endfacet
  facet normal 0.671213 -0.741264 0
    outer loop
      vertex -31.015 60.2368 14.8
      vertex -31.1314 60.1314 2.4
      vertex -31.015 60.2368 2.4
    endloop
  endfacet
  facet normal -0.427484 0.904023 0
    outer loop
      vertex -29.2458 57.5889 2.4
      vertex -29.3877 57.5218 14.8
      vertex -29.2458 57.5889 14.8
    endloop
  endfacet
  facet normal -0.427484 0.904023 0
    outer loop
      vertex -29.3877 57.5218 14.8
      vertex -29.2458 57.5889 2.4
      vertex -29.3877 57.5218 2.4
    endloop
  endfacet
  facet normal 0.243135 -0.969993 0
    outer loop
      vertex -30.4645 60.5311 2.4
      vertex -30.3121 60.5693 14.8
      vertex -30.4645 60.5311 14.8
    endloop
  endfacet
  facet normal 0.243135 -0.969993 0
    outer loop
      vertex -30.3121 60.5693 14.8
      vertex -30.4645 60.5311 2.4
      vertex -30.3121 60.5693 2.4
    endloop
  endfacet
  facet normal 0.941511 -0.336982 0
    outer loop
      vertex -31.5311 59.4645 14.8
      vertex -31.4782 59.6123 2.4
      vertex -31.4782 59.6123 14.8
    endloop
  endfacet
  facet normal 0.941511 -0.336982 0
    outer loop
      vertex -31.4782 59.6123 2.4
      vertex -31.5311 59.4645 14.8
      vertex -31.5311 59.4645 2.4
    endloop
  endfacet
  facet normal -0.513934 -0.85783 0
    outer loop
      vertex -29.2458 60.4111 2.4
      vertex -29.1111 60.3304 14.8
      vertex -29.2458 60.4111 14.8
    endloop
  endfacet
  facet normal -0.513934 -0.85783 -0
    outer loop
      vertex -29.1111 60.3304 14.8
      vertex -29.2458 60.4111 2.4
      vertex -29.1111 60.3304 2.4
    endloop
  endfacet
  facet normal 0.513934 0.85783 -0
    outer loop
      vertex -30.7542 57.5889 2.4
      vertex -30.8889 57.6696 14.8
      vertex -30.7542 57.5889 14.8
    endloop
  endfacet
  facet normal 0.513934 0.85783 0
    outer loop
      vertex -30.8889 57.6696 14.8
      vertex -30.7542 57.5889 2.4
      vertex -30.8889 57.6696 2.4
    endloop
  endfacet
  facet normal 0.596019 -0.80297 0
    outer loop
      vertex -31.015 60.2368 2.4
      vertex -30.8889 60.3304 14.8
      vertex -31.015 60.2368 14.8
    endloop
  endfacet
  facet normal 0.596019 -0.80297 0
    outer loop
      vertex -30.8889 60.3304 14.8
      vertex -31.015 60.2368 2.4
      vertex -30.8889 60.3304 2.4
    endloop
  endfacet
  facet normal 0.049048 -0.998796 0
    outer loop
      vertex -30.1568 60.5923 2.4
      vertex -30 60.6 14.8
      vertex -30.1568 60.5923 14.8
    endloop
  endfacet
  facet normal 0.049048 -0.998796 0
    outer loop
      vertex -30 60.6 14.8
      vertex -30.1568 60.5923 2.4
      vertex -30 60.6 2.4
    endloop
  endfacet
  facet normal -0.049048 0.998796 0
    outer loop
      vertex -29.8432 57.4077 2.4
      vertex -30 57.4 14.8
      vertex -29.8432 57.4077 14.8
    endloop
  endfacet
  facet normal -0.049048 0.998796 0
    outer loop
      vertex -30 57.4 14.8
      vertex -29.8432 57.4077 2.4
      vertex -30 57.4 2.4
    endloop
  endfacet
  facet normal -0.941511 0.336982 0
    outer loop
      vertex -28.5218 58.3877 2.4
      vertex -28.4689 58.5355 14.8
      vertex -28.4689 58.5355 2.4
    endloop
  endfacet
  facet normal -0.941511 0.336982 0
    outer loop
      vertex -28.4689 58.5355 14.8
      vertex -28.5218 58.3877 2.4
      vertex -28.5218 58.3877 14.8
    endloop
  endfacet
  facet normal -0.80297 0.596019 0
    outer loop
      vertex -28.7632 57.985 2.4
      vertex -28.6696 58.1111 14.8
      vertex -28.6696 58.1111 2.4
    endloop
  endfacet
  facet normal -0.80297 0.596019 0
    outer loop
      vertex -28.6696 58.1111 14.8
      vertex -28.7632 57.985 2.4
      vertex -28.7632 57.985 14.8
    endloop
  endfacet
  facet normal -0.98921 0.146502 0
    outer loop
      vertex -28.4307 58.6879 2.4
      vertex -28.4077 58.8432 14.8
      vertex -28.4077 58.8432 2.4
    endloop
  endfacet
  facet normal -0.98921 0.146502 0
    outer loop
      vertex -28.4077 58.8432 14.8
      vertex -28.4307 58.6879 2.4
      vertex -28.4307 58.6879 14.8
    endloop
  endfacet
  facet normal 0.85783 -0.513934 0
    outer loop
      vertex -31.4111 59.7542 14.8
      vertex -31.3304 59.8889 2.4
      vertex -31.3304 59.8889 14.8
    endloop
  endfacet
  facet normal 0.85783 -0.513934 0
    outer loop
      vertex -31.3304 59.8889 2.4
      vertex -31.4111 59.7542 14.8
      vertex -31.4111 59.7542 2.4
    endloop
  endfacet
  facet normal -0.904023 -0.427484 0
    outer loop
      vertex -28.5218 59.6123 2.4
      vertex -28.5889 59.7542 14.8
      vertex -28.5889 59.7542 2.4
    endloop
  endfacet
  facet normal -0.904023 -0.427484 0
    outer loop
      vertex -28.5889 59.7542 14.8
      vertex -28.5218 59.6123 2.4
      vertex -28.5218 59.6123 14.8
    endloop
  endfacet
  facet normal 0.427484 -0.904023 0
    outer loop
      vertex -30.7542 60.4111 2.4
      vertex -30.6123 60.4782 14.8
      vertex -30.7542 60.4111 14.8
    endloop
  endfacet
  facet normal 0.427484 -0.904023 0
    outer loop
      vertex -30.6123 60.4782 14.8
      vertex -30.7542 60.4111 2.4
      vertex -30.6123 60.4782 2.4
    endloop
  endfacet
  facet normal -0.596019 0.80297 0
    outer loop
      vertex -28.985 57.7632 2.4
      vertex -29.1111 57.6696 14.8
      vertex -28.985 57.7632 14.8
    endloop
  endfacet
  facet normal -0.596019 0.80297 0
    outer loop
      vertex -29.1111 57.6696 14.8
      vertex -28.985 57.7632 2.4
      vertex -29.1111 57.6696 2.4
    endloop
  endfacet
  facet normal -0.596019 -0.80297 0
    outer loop
      vertex -29.1111 60.3304 2.4
      vertex -28.985 60.2368 14.8
      vertex -29.1111 60.3304 14.8
    endloop
  endfacet
  facet normal -0.596019 -0.80297 -0
    outer loop
      vertex -28.985 60.2368 14.8
      vertex -29.1111 60.3304 2.4
      vertex -28.985 60.2368 2.4
    endloop
  endfacet
  facet normal 0.671213 0.741264 -0
    outer loop
      vertex -31.015 57.7632 2.4
      vertex -31.1314 57.8686 14.8
      vertex -31.015 57.7632 14.8
    endloop
  endfacet
  facet normal 0.671213 0.741264 0
    outer loop
      vertex -31.1314 57.8686 14.8
      vertex -31.015 57.7632 2.4
      vertex -31.1314 57.8686 2.4
    endloop
  endfacet
  facet normal -0.998796 0.049048 0
    outer loop
      vertex -28.4077 58.8432 2.4
      vertex -28.4 59 14.8
      vertex -28.4 59 2.4
    endloop
  endfacet
  facet normal -0.998796 0.049048 0
    outer loop
      vertex -28.4 59 14.8
      vertex -28.4077 58.8432 2.4
      vertex -28.4077 58.8432 14.8
    endloop
  endfacet
  facet normal 0.80297 0.596019 0
    outer loop
      vertex -31.2368 57.985 14.8
      vertex -31.3304 58.1111 2.4
      vertex -31.3304 58.1111 14.8
    endloop
  endfacet
  facet normal 0.80297 0.596019 0
    outer loop
      vertex -31.3304 58.1111 2.4
      vertex -31.2368 57.985 14.8
      vertex -31.2368 57.985 2.4
    endloop
  endfacet
  facet normal 0.904023 0.427484 0
    outer loop
      vertex -31.4111 58.2458 14.8
      vertex -31.4782 58.3877 2.4
      vertex -31.4782 58.3877 14.8
    endloop
  endfacet
  facet normal 0.904023 0.427484 0
    outer loop
      vertex -31.4782 58.3877 2.4
      vertex -31.4111 58.2458 14.8
      vertex -31.4111 58.2458 2.4
    endloop
  endfacet
  facet normal -0.049048 -0.998796 0
    outer loop
      vertex -30 60.6 2.4
      vertex -29.8432 60.5923 14.8
      vertex -30 60.6 14.8
    endloop
  endfacet
  facet normal -0.049048 -0.998796 -0
    outer loop
      vertex -29.8432 60.5923 14.8
      vertex -30 60.6 2.4
      vertex -29.8432 60.5923 2.4
    endloop
  endfacet
  facet normal 0.427484 0.904023 -0
    outer loop
      vertex -30.6123 57.5218 2.4
      vertex -30.7542 57.5889 14.8
      vertex -30.6123 57.5218 14.8
    endloop
  endfacet
  facet normal 0.427484 0.904023 0
    outer loop
      vertex -30.7542 57.5889 14.8
      vertex -30.6123 57.5218 2.4
      vertex -30.7542 57.5889 2.4
    endloop
  endfacet
  facet normal 0.146502 -0.98921 0
    outer loop
      vertex -30.3121 60.5693 2.4
      vertex -30.1568 60.5923 14.8
      vertex -30.3121 60.5693 14.8
    endloop
  endfacet
  facet normal 0.146502 -0.98921 0
    outer loop
      vertex -30.1568 60.5923 14.8
      vertex -30.3121 60.5693 2.4
      vertex -30.1568 60.5923 2.4
    endloop
  endfacet
  facet normal 0.98921 0.146502 0
    outer loop
      vertex -31.5693 58.6879 14.8
      vertex -31.5923 58.8432 2.4
      vertex -31.5923 58.8432 14.8
    endloop
  endfacet
  facet normal 0.98921 0.146502 0
    outer loop
      vertex -31.5923 58.8432 2.4
      vertex -31.5693 58.6879 14.8
      vertex -31.5693 58.6879 2.4
    endloop
  endfacet
  facet normal -0.336982 0.941511 0
    outer loop
      vertex -29.3877 57.5218 2.4
      vertex -29.5355 57.4689 14.8
      vertex -29.3877 57.5218 14.8
    endloop
  endfacet
  facet normal -0.336982 0.941511 0
    outer loop
      vertex -29.5355 57.4689 14.8
      vertex -29.3877 57.5218 2.4
      vertex -29.5355 57.4689 2.4
    endloop
  endfacet
  facet normal -0.243135 0.969993 0
    outer loop
      vertex -29.5355 57.4689 2.4
      vertex -29.6879 57.4307 14.8
      vertex -29.5355 57.4689 14.8
    endloop
  endfacet
  facet normal -0.243135 0.969993 0
    outer loop
      vertex -29.6879 57.4307 14.8
      vertex -29.5355 57.4689 2.4
      vertex -29.6879 57.4307 2.4
    endloop
  endfacet
  facet normal 0.904023 -0.427484 0
    outer loop
      vertex -31.4782 59.6123 14.8
      vertex -31.4111 59.7542 2.4
      vertex -31.4111 59.7542 14.8
    endloop
  endfacet
  facet normal 0.904023 -0.427484 0
    outer loop
      vertex -31.4111 59.7542 2.4
      vertex -31.4782 59.6123 14.8
      vertex -31.4782 59.6123 2.4
    endloop
  endfacet
  facet normal 0.741264 0.671213 0
    outer loop
      vertex -31.1314 57.8686 14.8
      vertex -31.2368 57.985 2.4
      vertex -31.2368 57.985 14.8
    endloop
  endfacet
  facet normal 0.741264 0.671213 0
    outer loop
      vertex -31.2368 57.985 2.4
      vertex -31.1314 57.8686 14.8
      vertex -31.1314 57.8686 2.4
    endloop
  endfacet
  facet normal 0.596019 0.80297 -0
    outer loop
      vertex -30.8889 57.6696 2.4
      vertex -31.015 57.7632 14.8
      vertex -30.8889 57.6696 14.8
    endloop
  endfacet
  facet normal 0.596019 0.80297 0
    outer loop
      vertex -31.015 57.7632 14.8
      vertex -30.8889 57.6696 2.4
      vertex -31.015 57.7632 2.4
    endloop
  endfacet
  facet normal -0.904023 0.427484 0
    outer loop
      vertex -28.5889 58.2458 2.4
      vertex -28.5218 58.3877 14.8
      vertex -28.5218 58.3877 2.4
    endloop
  endfacet
  facet normal -0.904023 0.427484 0
    outer loop
      vertex -28.5218 58.3877 14.8
      vertex -28.5889 58.2458 2.4
      vertex -28.5889 58.2458 14.8
    endloop
  endfacet
  facet normal -0.85783 0.513934 0
    outer loop
      vertex -28.6696 58.1111 2.4
      vertex -28.5889 58.2458 14.8
      vertex -28.5889 58.2458 2.4
    endloop
  endfacet
  facet normal -0.85783 0.513934 0
    outer loop
      vertex -28.5889 58.2458 14.8
      vertex -28.6696 58.1111 2.4
      vertex -28.6696 58.1111 14.8
    endloop
  endfacet
  facet normal 0.049048 0.998796 -0
    outer loop
      vertex -30 57.4 2.4
      vertex -30.1568 57.4077 14.8
      vertex -30 57.4 14.8
    endloop
  endfacet
  facet normal 0.049048 0.998796 0
    outer loop
      vertex -30.1568 57.4077 14.8
      vertex -30 57.4 2.4
      vertex -30.1568 57.4077 2.4
    endloop
  endfacet
  facet normal 0.998796 -0.049048 0
    outer loop
      vertex -31.6 59 14.8
      vertex -31.5923 59.1568 2.4
      vertex -31.5923 59.1568 14.8
    endloop
  endfacet
  facet normal 0.998796 -0.049048 0
    outer loop
      vertex -31.5923 59.1568 2.4
      vertex -31.6 59 14.8
      vertex -31.6 59 2.4
    endloop
  endfacet
  facet normal 0.336982 0.941511 -0
    outer loop
      vertex -30.4645 57.4689 2.4
      vertex -30.6123 57.5218 14.8
      vertex -30.4645 57.4689 14.8
    endloop
  endfacet
  facet normal 0.336982 0.941511 0
    outer loop
      vertex -30.6123 57.5218 14.8
      vertex -30.4645 57.4689 2.4
      vertex -30.6123 57.5218 2.4
    endloop
  endfacet
  facet normal -0.671213 0.741264 0
    outer loop
      vertex -28.8686 57.8686 2.4
      vertex -28.985 57.7632 14.8
      vertex -28.8686 57.8686 14.8
    endloop
  endfacet
  facet normal -0.671213 0.741264 0
    outer loop
      vertex -28.985 57.7632 14.8
      vertex -28.8686 57.8686 2.4
      vertex -28.985 57.7632 2.4
    endloop
  endfacet
  facet normal -0.115425 -0.779368 0.615843
    outer loop
      vertex -29.6879 60.5693 14.8
      vertex -29.6744 62.3057 17
      vertex -29.8432 60.5923 14.8
    endloop
  endfacet
  facet normal -0.116311 -0.779285 0.615782
    outer loop
      vertex -29.6744 62.3057 17
      vertex -29.6879 60.5693 14.8
      vertex -29.6677 62.3047 17
    endloop
  endfacet
  facet normal -0.675851 0.404908 0.615853
    outer loop
      vertex -28.6696 58.1111 14.8
      vertex -27.0705 57.4341 17
      vertex -28.5889 58.2458 14.8
    endloop
  endfacet
  facet normal -0.674673 0.40713 0.61568
    outer loop
      vertex -27.0705 57.4341 17
      vertex -28.6696 58.1111 14.8
      vertex -27.074 57.4283 17
    endloop
  endfacet
  facet normal -0.786928 -0.0385071 0.615842
    outer loop
      vertex -26.6783 59 17
      vertex -26.6939 59.3188 17
      vertex -28.4 59 14.8
    endloop
  endfacet
  facet normal -0.786386 -0.046258 0.616001
    outer loop
      vertex -28.4077 59.1568 14.8
      vertex -26.6939 59.3188 17
      vertex -26.6943 59.3256 17
    endloop
  endfacet
  facet normal -0.786914 -0.0386431 0.615852
    outer loop
      vertex -26.6939 59.3188 17
      vertex -28.4077 59.1568 14.8
      vertex -28.4 59 14.8
    endloop
  endfacet
  facet normal -0.764212 0.191608 0.615846
    outer loop
      vertex -26.8213 58.0358 17
      vertex -26.7437 58.3453 17
      vertex -28.4689 58.5355 14.8
    endloop
  endfacet
  facet normal 0.333835 -0.713716 0.615763
    outer loop
      vertex -30.7542 60.4111 14.8
      vertex -31.5597 61.9324 17
      vertex -31.5659 61.9295 17
    endloop
  endfacet
  facet normal 0.336802 -0.712254 0.615839
    outer loop
      vertex -31.5597 61.9324 17
      vertex -30.7542 60.4111 14.8
      vertex -30.6123 60.4782 14.8
    endloop
  endfacet
  facet normal 0.712172 0.336955 0.615851
    outer loop
      vertex -32.9324 57.4403 17
      vertex -31.4782 58.3877 14.8
      vertex -33.0689 57.7288 17
    endloop
  endfacet
  facet normal -0.779359 0.115534 0.615834
    outer loop
      vertex -26.7421 58.352 17
      vertex -26.6953 58.6677 17
      vertex -28.4307 58.6879 14.8
    endloop
  endfacet
  facet normal -0.712254 0.336802 0.615839
    outer loop
      vertex -28.5889 58.2458 14.8
      vertex -27.0676 57.4403 17
      vertex -28.5218 58.3877 14.8
    endloop
  endfacet
  facet normal -0.713716 0.333835 0.615763
    outer loop
      vertex -27.0676 57.4403 17
      vertex -28.5889 58.2458 14.8
      vertex -27.0705 57.4341 17
    endloop
  endfacet
  facet normal 0.469577 0.632625 0.615859
    outer loop
      vertex -31.015 57.7632 14.8
      vertex -32.1018 56.4282 17
      vertex -30.8889 57.6696 14.8
    endloop
  endfacet
  facet normal 0.470858 0.631639 0.615894
    outer loop
      vertex -32.1018 56.4282 17
      vertex -31.015 57.7632 14.8
      vertex -32.1073 56.4323 17
    endloop
  endfacet
  facet normal 0.76589 -0.182899 0.616409
    outer loop
      vertex -33.2579 59.648 17
      vertex -31.5311 59.4645 14.8
      vertex -33.2563 59.6547 17
    endloop
  endfacet
  facet normal 0.764235 -0.19156 0.615833
    outer loop
      vertex -31.5311 59.4645 14.8
      vertex -33.2579 59.648 17
      vertex -31.5693 59.3121 14.8
    endloop
  endfacet
  facet normal 0.0386431 0.786914 0.615852
    outer loop
      vertex -30.1568 57.4077 14.8
      vertex -30.3188 55.6939 17
      vertex -30 57.4 14.8
    endloop
  endfacet
  facet normal 0.046258 0.786386 0.616001
    outer loop
      vertex -30.3188 55.6939 17
      vertex -30.1568 57.4077 14.8
      vertex -30.3256 55.6943 17
    endloop
  endfacet
  facet normal -0.262831 0.742784 0.615785
    outer loop
      vertex -29.3877 57.5218 14.8
      vertex -28.7353 55.9288 17
      vertex -28.7288 55.9311 17
    endloop
  endfacet
  facet normal -0.265496 0.741782 0.61585
    outer loop
      vertex -28.7353 55.9288 17
      vertex -29.3877 57.5218 14.8
      vertex -29.5355 57.4689 14.8
    endloop
  endfacet
  facet normal 0.52702 -0.585578 0.615913
    outer loop
      vertex -32.1123 61.5632 17
      vertex -31.015 60.2368 14.8
      vertex -32.1073 61.5677 17
    endloop
  endfacet
  facet normal 0.528818 -0.584007 0.615863
    outer loop
      vertex -31.015 60.2368 14.8
      vertex -32.1123 61.5632 17
      vertex -31.1314 60.1314 14.8
    endloop
  endfacet
  facet normal 0.712254 0.336802 0.615839
    outer loop
      vertex -32.9324 57.4403 17
      vertex -31.4111 58.2458 14.8
      vertex -31.4782 58.3877 14.8
    endloop
  endfacet
  facet normal 0.713716 0.333835 0.615763
    outer loop
      vertex -31.4111 58.2458 14.8
      vertex -32.9324 57.4403 17
      vertex -32.9295 57.4341 17
    endloop
  endfacet
  facet normal 0.632806 -0.469358 0.615841
    outer loop
      vertex -31.3304 59.8889 14.8
      vertex -32.5718 61.1018 17
      vertex -32.7619 60.8455 17
    endloop
  endfacet
  facet normal -0.116311 0.779285 0.615782
    outer loop
      vertex -29.6879 57.4307 14.8
      vertex -29.6744 55.6943 17
      vertex -29.6677 55.6953 17
    endloop
  endfacet
  facet normal -0.115425 0.779368 0.615843
    outer loop
      vertex -29.6744 55.6943 17
      vertex -29.6879 57.4307 14.8
      vertex -29.8432 57.4077 14.8
    endloop
  endfacet
  facet normal 0.779359 0.115534 0.615834
    outer loop
      vertex -33.2579 58.352 17
      vertex -31.5693 58.6879 14.8
      vertex -33.3047 58.6677 17
    endloop
  endfacet
  facet normal -0.583718 0.529172 0.615833
    outer loop
      vertex -27.6512 56.6512 17
      vertex -27.4368 56.8877 17
      vertex -28.8686 57.8686 14.8
    endloop
  endfacet
  facet normal 0.584007 -0.528818 0.615863
    outer loop
      vertex -32.5632 61.1123 17
      vertex -31.2368 60.015 14.8
      vertex -31.1314 60.1314 14.8
    endloop
  endfacet
  facet normal 0.585578 -0.52702 0.615913
    outer loop
      vertex -31.2368 60.015 14.8
      vertex -32.5632 61.1123 17
      vertex -32.5677 61.1073 17
    endloop
  endfacet
  facet normal -0.528818 0.584007 0.615863
    outer loop
      vertex -28.985 57.7632 14.8
      vertex -27.8877 56.4368 17
      vertex -28.8686 57.8686 14.8
    endloop
  endfacet
  facet normal -0.52702 0.585578 0.615913
    outer loop
      vertex -27.8877 56.4368 17
      vertex -28.985 57.7632 14.8
      vertex -27.8927 56.4323 17
    endloop
  endfacet
  facet normal -0.336955 0.712172 0.615851
    outer loop
      vertex -28.7288 55.9311 17
      vertex -28.4403 56.0676 17
      vertex -29.3877 57.5218 14.8
    endloop
  endfacet
  facet normal -0.265496 -0.741782 0.61585
    outer loop
      vertex -29.3877 60.4782 14.8
      vertex -28.7353 62.0712 17
      vertex -29.5355 60.5311 14.8
    endloop
  endfacet
  facet normal -0.262831 -0.742784 0.615785
    outer loop
      vertex -28.7353 62.0712 17
      vertex -29.3877 60.4782 14.8
      vertex -28.7288 62.0689 17
    endloop
  endfacet
  facet normal -0.741831 0.26538 0.615841
    outer loop
      vertex -26.9288 57.7353 17
      vertex -26.8213 58.0358 17
      vertex -28.4689 58.5355 14.8
    endloop
  endfacet
  facet normal 0.631639 -0.470858 0.615894
    outer loop
      vertex -32.5718 61.1018 17
      vertex -31.2368 60.015 14.8
      vertex -32.5677 61.1073 17
    endloop
  endfacet
  facet normal 0.632625 -0.469577 0.615859
    outer loop
      vertex -31.2368 60.015 14.8
      vertex -32.5718 61.1018 17
      vertex -31.3304 59.8889 14.8
    endloop
  endfacet
  facet normal -0.712172 0.336955 0.615851
    outer loop
      vertex -27.0676 57.4403 17
      vertex -26.9311 57.7288 17
      vertex -28.5218 58.3877 14.8
    endloop
  endfacet
  facet normal -0.786914 0.0386431 0.615852
    outer loop
      vertex -28.4077 58.8432 14.8
      vertex -26.6939 58.6812 17
      vertex -28.4 59 14.8
    endloop
  endfacet
  facet normal -0.786386 0.046258 0.616001
    outer loop
      vertex -26.6939 58.6812 17
      vertex -28.4077 58.8432 14.8
      vertex -26.6943 58.6744 17
    endloop
  endfacet
  facet normal -0.786928 0.0385071 0.615842
    outer loop
      vertex -26.6939 58.6812 17
      vertex -26.6783 59 17
      vertex -28.4 59 14.8
    endloop
  endfacet
  facet normal -0.779368 0.115425 0.615843
    outer loop
      vertex -28.4307 58.6879 14.8
      vertex -26.6943 58.6744 17
      vertex -28.4077 58.8432 14.8
    endloop
  endfacet
  facet normal -0.779285 0.116311 0.615782
    outer loop
      vertex -26.6943 58.6744 17
      vertex -28.4307 58.6879 14.8
      vertex -26.6953 58.6677 17
    endloop
  endfacet
  facet normal -0.469358 0.632806 0.615841
    outer loop
      vertex -28.1545 56.2381 17
      vertex -27.8982 56.4282 17
      vertex -29.1111 57.6696 14.8
    endloop
  endfacet
  facet normal -0.741782 0.265496 0.61585
    outer loop
      vertex -28.5218 58.3877 14.8
      vertex -26.9288 57.7353 17
      vertex -28.4689 58.5355 14.8
    endloop
  endfacet
  facet normal -0.742784 0.262831 0.615785
    outer loop
      vertex -26.9288 57.7353 17
      vertex -28.5218 58.3877 14.8
      vertex -26.9311 57.7288 17
    endloop
  endfacet
  facet normal 0.404908 0.675851 0.615853
    outer loop
      vertex -30.8889 57.6696 14.8
      vertex -31.5659 56.0705 17
      vertex -30.7542 57.5889 14.8
    endloop
  endfacet
  facet normal 0.40713 0.674673 0.61568
    outer loop
      vertex -31.5659 56.0705 17
      vertex -30.8889 57.6696 14.8
      vertex -31.5717 56.074 17
    endloop
  endfacet
  facet normal -0.675791 0.40503 0.615839
    outer loop
      vertex -27.2381 57.1545 17
      vertex -27.074 57.4283 17
      vertex -28.6696 58.1111 14.8
    endloop
  endfacet
  facet normal -0.585578 0.52702 0.615913
    outer loop
      vertex -28.7632 57.985 14.8
      vertex -27.4368 56.8877 17
      vertex -27.4323 56.8927 17
    endloop
  endfacet
  facet normal -0.584007 0.528818 0.615863
    outer loop
      vertex -27.4368 56.8877 17
      vertex -28.7632 57.985 14.8
      vertex -28.8686 57.8686 14.8
    endloop
  endfacet
  facet normal -0.52702 -0.585578 0.615913
    outer loop
      vertex -28.985 60.2368 14.8
      vertex -27.8877 61.5632 17
      vertex -27.8927 61.5677 17
    endloop
  endfacet
  facet normal -0.528818 -0.584007 0.615863
    outer loop
      vertex -27.8877 61.5632 17
      vertex -28.985 60.2368 14.8
      vertex -28.8686 60.1314 14.8
    endloop
  endfacet
  facet normal 0.764235 0.19156 0.615833
    outer loop
      vertex -33.2579 58.352 17
      vertex -31.5311 58.5355 14.8
      vertex -31.5693 58.6879 14.8
    endloop
  endfacet
  facet normal 0.76589 0.182899 0.616409
    outer loop
      vertex -31.5311 58.5355 14.8
      vertex -33.2579 58.352 17
      vertex -33.2563 58.3453 17
    endloop
  endfacet
  facet normal 0.336955 -0.712172 0.615851
    outer loop
      vertex -30.6123 60.4782 14.8
      vertex -31.2712 62.0689 17
      vertex -31.5597 61.9324 17
    endloop
  endfacet
  facet normal -0.529172 0.583718 0.615833
    outer loop
      vertex -27.8877 56.4368 17
      vertex -27.6512 56.6512 17
      vertex -28.8686 57.8686 14.8
    endloop
  endfacet
  facet normal 0.26538 0.741831 0.615841
    outer loop
      vertex -30.9642 55.8213 17
      vertex -30.4645 57.4689 14.8
      vertex -31.2647 55.9288 17
    endloop
  endfacet
  facet normal 0.191608 0.764212 0.615846
    outer loop
      vertex -30.6547 55.7437 17
      vertex -30.4645 57.4689 14.8
      vertex -30.9642 55.8213 17
    endloop
  endfacet
  facet normal 0.182899 -0.76589 0.616409
    outer loop
      vertex -30.4645 60.5311 14.8
      vertex -30.648 62.2579 17
      vertex -30.6547 62.2563 17
    endloop
  endfacet
  facet normal 0.19156 -0.764235 0.615833
    outer loop
      vertex -30.648 62.2579 17
      vertex -30.4645 60.5311 14.8
      vertex -30.3121 60.5693 14.8
    endloop
  endfacet
  facet normal 0.584007 0.528818 0.615863
    outer loop
      vertex -31.2368 57.985 14.8
      vertex -32.5632 56.8877 17
      vertex -31.1314 57.8686 14.8
    endloop
  endfacet
  facet normal 0.585578 0.52702 0.615913
    outer loop
      vertex -32.5632 56.8877 17
      vertex -31.2368 57.985 14.8
      vertex -32.5677 56.8927 17
    endloop
  endfacet
  facet normal -0.26538 -0.741831 0.615841
    outer loop
      vertex -28.7353 62.0712 17
      vertex -29.0358 62.1787 17
      vertex -29.5355 60.5311 14.8
    endloop
  endfacet
  facet normal -0.336802 -0.712254 0.615839
    outer loop
      vertex -29.2458 60.4111 14.8
      vertex -28.4403 61.9324 17
      vertex -29.3877 60.4782 14.8
    endloop
  endfacet
  facet normal -0.333835 -0.713716 0.615763
    outer loop
      vertex -28.4403 61.9324 17
      vertex -29.2458 60.4111 14.8
      vertex -28.4341 61.9295 17
    endloop
  endfacet
  facet normal 0.675791 0.40503 0.615839
    outer loop
      vertex -32.7619 57.1545 17
      vertex -31.3304 58.1111 14.8
      vertex -32.926 57.4283 17
    endloop
  endfacet
  facet normal -0.713716 -0.333835 0.615763
    outer loop
      vertex -28.5889 59.7542 14.8
      vertex -27.0676 60.5597 17
      vertex -27.0705 60.5659 17
    endloop
  endfacet
  facet normal -0.712254 -0.336802 0.615839
    outer loop
      vertex -27.0676 60.5597 17
      vertex -28.5889 59.7542 14.8
      vertex -28.5218 59.6123 14.8
    endloop
  endfacet
  facet normal -0.76589 -0.182899 0.616409
    outer loop
      vertex -28.4689 59.4645 14.8
      vertex -26.7421 59.648 17
      vertex -26.7437 59.6547 17
    endloop
  endfacet
  facet normal -0.764235 -0.19156 0.615833
    outer loop
      vertex -26.7421 59.648 17
      vertex -28.4689 59.4645 14.8
      vertex -28.4307 59.3121 14.8
    endloop
  endfacet
  facet normal 0.674673 -0.40713 0.61568
    outer loop
      vertex -32.9295 60.5659 17
      vertex -31.3304 59.8889 14.8
      vertex -32.926 60.5717 17
    endloop
  endfacet
  facet normal 0.675851 -0.404908 0.615853
    outer loop
      vertex -31.3304 59.8889 14.8
      vertex -32.9295 60.5659 17
      vertex -31.4111 59.7542 14.8
    endloop
  endfacet
  facet normal 0.764212 0.191608 0.615846
    outer loop
      vertex -33.1787 58.0358 17
      vertex -31.5311 58.5355 14.8
      vertex -33.2563 58.3453 17
    endloop
  endfacet
  facet normal -0.182899 0.76589 0.616409
    outer loop
      vertex -29.5355 57.4689 14.8
      vertex -29.352 55.7421 17
      vertex -29.3453 55.7437 17
    endloop
  endfacet
  facet normal -0.19156 0.764235 0.615833
    outer loop
      vertex -29.352 55.7421 17
      vertex -29.5355 57.4689 14.8
      vertex -29.6879 57.4307 14.8
    endloop
  endfacet
  facet normal 0.583718 -0.529172 0.615833
    outer loop
      vertex -31.1314 60.1314 14.8
      vertex -32.3488 61.3488 17
      vertex -32.5632 61.1123 17
    endloop
  endfacet
  facet normal 0.26538 -0.741831 0.615841
    outer loop
      vertex -30.4645 60.5311 14.8
      vertex -30.9642 62.1787 17
      vertex -31.2647 62.0712 17
    endloop
  endfacet
  facet normal -0.26538 0.741831 0.615841
    outer loop
      vertex -29.0358 55.8213 17
      vertex -28.7353 55.9288 17
      vertex -29.5355 57.4689 14.8
    endloop
  endfacet
  facet normal -0.674673 -0.40713 0.61568
    outer loop
      vertex -28.6696 59.8889 14.8
      vertex -27.0705 60.5659 17
      vertex -27.074 60.5717 17
    endloop
  endfacet
  facet normal -0.675851 -0.404908 0.615853
    outer loop
      vertex -27.0705 60.5659 17
      vertex -28.6696 59.8889 14.8
      vertex -28.5889 59.7542 14.8
    endloop
  endfacet
  facet normal -0.191608 -0.764212 0.615846
    outer loop
      vertex -29.0358 62.1787 17
      vertex -29.3453 62.2563 17
      vertex -29.5355 60.5311 14.8
    endloop
  endfacet
  facet normal 0.336802 0.712254 0.615839
    outer loop
      vertex -30.7542 57.5889 14.8
      vertex -31.5597 56.0676 17
      vertex -30.6123 57.5218 14.8
    endloop
  endfacet
  facet normal 0.333835 0.713716 0.615763
    outer loop
      vertex -31.5597 56.0676 17
      vertex -30.7542 57.5889 14.8
      vertex -31.5659 56.0705 17
    endloop
  endfacet
  facet normal -0.191608 0.764212 0.615846
    outer loop
      vertex -29.3453 55.7437 17
      vertex -29.0358 55.8213 17
      vertex -29.5355 57.4689 14.8
    endloop
  endfacet
  facet normal -0.333835 0.713716 0.615763
    outer loop
      vertex -29.2458 57.5889 14.8
      vertex -28.4403 56.0676 17
      vertex -28.4341 56.0705 17
    endloop
  endfacet
  facet normal -0.336802 0.712254 0.615839
    outer loop
      vertex -28.4403 56.0676 17
      vertex -29.2458 57.5889 14.8
      vertex -29.3877 57.5218 14.8
    endloop
  endfacet
  facet normal 0.529172 -0.583718 0.615833
    outer loop
      vertex -31.1314 60.1314 14.8
      vertex -32.1123 61.5632 17
      vertex -32.3488 61.3488 17
    endloop
  endfacet
  facet normal -0.632806 0.469358 0.615841
    outer loop
      vertex -27.4282 56.8982 17
      vertex -27.2381 57.1545 17
      vertex -28.6696 58.1111 14.8
    endloop
  endfacet
  facet normal -0.115534 0.779359 0.615834
    outer loop
      vertex -29.6677 55.6953 17
      vertex -29.352 55.7421 17
      vertex -29.6879 57.4307 14.8
    endloop
  endfacet
  facet normal -0.40503 0.675791 0.615839
    outer loop
      vertex -28.4283 56.074 17
      vertex -28.1545 56.2381 17
      vertex -29.1111 57.6696 14.8
    endloop
  endfacet
  facet normal 0.583718 0.529172 0.615833
    outer loop
      vertex -32.3488 56.6512 17
      vertex -31.1314 57.8686 14.8
      vertex -32.5632 56.8877 17
    endloop
  endfacet
  facet normal 0.0385071 0.786928 0.615842
    outer loop
      vertex -30 55.6783 17
      vertex -30 57.4 14.8
      vertex -30.3188 55.6939 17
    endloop
  endfacet
  facet normal -0.470858 0.631639 0.615894
    outer loop
      vertex -28.985 57.7632 14.8
      vertex -27.8982 56.4282 17
      vertex -27.8927 56.4323 17
    endloop
  endfacet
  facet normal -0.469577 0.632625 0.615859
    outer loop
      vertex -27.8982 56.4282 17
      vertex -28.985 57.7632 14.8
      vertex -29.1111 57.6696 14.8
    endloop
  endfacet
  facet normal 0.713716 -0.333835 0.615763
    outer loop
      vertex -32.9324 60.5597 17
      vertex -31.4111 59.7542 14.8
      vertex -32.9295 60.5659 17
    endloop
  endfacet
  facet normal 0.712254 -0.336802 0.615839
    outer loop
      vertex -31.4111 59.7542 14.8
      vertex -32.9324 60.5597 17
      vertex -31.4782 59.6123 14.8
    endloop
  endfacet
  facet normal 0.116311 -0.779285 0.615782
    outer loop
      vertex -30.3121 60.5693 14.8
      vertex -30.3256 62.3057 17
      vertex -30.3323 62.3047 17
    endloop
  endfacet
  facet normal 0.115425 -0.779368 0.615843
    outer loop
      vertex -30.3256 62.3057 17
      vertex -30.3121 60.5693 14.8
      vertex -30.1568 60.5923 14.8
    endloop
  endfacet
  facet normal -0.632625 0.469577 0.615859
    outer loop
      vertex -28.7632 57.985 14.8
      vertex -27.4282 56.8982 17
      vertex -28.6696 58.1111 14.8
    endloop
  endfacet
  facet normal -0.631639 0.470858 0.615894
    outer loop
      vertex -27.4282 56.8982 17
      vertex -28.7632 57.985 14.8
      vertex -27.4323 56.8927 17
    endloop
  endfacet
  facet normal 0.262831 -0.742784 0.615785
    outer loop
      vertex -30.6123 60.4782 14.8
      vertex -31.2647 62.0712 17
      vertex -31.2712 62.0689 17
    endloop
  endfacet
  facet normal 0.265496 -0.741782 0.61585
    outer loop
      vertex -31.2647 62.0712 17
      vertex -30.6123 60.4782 14.8
      vertex -30.4645 60.5311 14.8
    endloop
  endfacet
  facet normal -0.779285 -0.116311 0.615782
    outer loop
      vertex -28.4307 59.3121 14.8
      vertex -26.6943 59.3256 17
      vertex -26.6953 59.3323 17
    endloop
  endfacet
  facet normal -0.779368 -0.115425 0.615843
    outer loop
      vertex -26.6943 59.3256 17
      vertex -28.4307 59.3121 14.8
      vertex -28.4077 59.1568 14.8
    endloop
  endfacet
  facet normal -0.764235 0.19156 0.615833
    outer loop
      vertex -28.4689 58.5355 14.8
      vertex -26.7421 58.352 17
      vertex -28.4307 58.6879 14.8
    endloop
  endfacet
  facet normal -0.76589 0.182899 0.616409
    outer loop
      vertex -26.7421 58.352 17
      vertex -28.4689 58.5355 14.8
      vertex -26.7437 58.3453 17
    endloop
  endfacet
  facet normal 0.191608 -0.764212 0.615846
    outer loop
      vertex -30.4645 60.5311 14.8
      vertex -30.6547 62.2563 17
      vertex -30.9642 62.1787 17
    endloop
  endfacet
  facet normal -0.404908 -0.675851 0.615853
    outer loop
      vertex -29.1111 60.3304 14.8
      vertex -28.4341 61.9295 17
      vertex -29.2458 60.4111 14.8
    endloop
  endfacet
  facet normal -0.40713 -0.674673 0.61568
    outer loop
      vertex -28.4341 61.9295 17
      vertex -29.1111 60.3304 14.8
      vertex -28.4283 61.926 17
    endloop
  endfacet
  facet normal -0.0385071 -0.786928 0.615842
    outer loop
      vertex -29.6812 62.3061 17
      vertex -30 62.3217 17
      vertex -30 60.6 14.8
    endloop
  endfacet
  facet normal -0.779359 -0.115534 0.615834
    outer loop
      vertex -26.6953 59.3323 17
      vertex -26.7421 59.648 17
      vertex -28.4307 59.3121 14.8
    endloop
  endfacet
  facet normal 0.779368 0.115425 0.615843
    outer loop
      vertex -33.3057 58.6744 17
      vertex -31.5693 58.6879 14.8
      vertex -31.5923 58.8432 14.8
    endloop
  endfacet
  facet normal 0.779285 0.116311 0.615782
    outer loop
      vertex -31.5693 58.6879 14.8
      vertex -33.3057 58.6744 17
      vertex -33.3047 58.6677 17
    endloop
  endfacet
  facet normal -0.0385071 0.786928 0.615842
    outer loop
      vertex -29.6812 55.6939 17
      vertex -30 57.4 14.8
      vertex -30 55.6783 17
    endloop
  endfacet
  facet normal 0.529172 0.583718 0.615833
    outer loop
      vertex -32.1123 56.4368 17
      vertex -31.1314 57.8686 14.8
      vertex -32.3488 56.6512 17
    endloop
  endfacet
  facet normal -0.046258 0.786386 0.616001
    outer loop
      vertex -29.8432 57.4077 14.8
      vertex -29.6812 55.6939 17
      vertex -29.6744 55.6943 17
    endloop
  endfacet
  facet normal -0.0386431 0.786914 0.615852
    outer loop
      vertex -29.6812 55.6939 17
      vertex -29.8432 57.4077 14.8
      vertex -30 57.4 14.8
    endloop
  endfacet
  facet normal 0.115534 -0.779359 0.615834
    outer loop
      vertex -30.3121 60.5693 14.8
      vertex -30.3323 62.3047 17
      vertex -30.648 62.2579 17
    endloop
  endfacet
  facet normal 0.741782 0.265496 0.61585
    outer loop
      vertex -33.0712 57.7353 17
      vertex -31.4782 58.3877 14.8
      vertex -31.5311 58.5355 14.8
    endloop
  endfacet
  facet normal 0.742784 0.262831 0.615785
    outer loop
      vertex -31.4782 58.3877 14.8
      vertex -33.0712 57.7353 17
      vertex -33.0689 57.7288 17
    endloop
  endfacet
  facet normal 0.712172 -0.336955 0.615851
    outer loop
      vertex -31.4782 59.6123 14.8
      vertex -32.9324 60.5597 17
      vertex -33.0689 60.2712 17
    endloop
  endfacet
  facet normal 0.469358 0.632806 0.615841
    outer loop
      vertex -31.8455 56.2381 17
      vertex -30.8889 57.6696 14.8
      vertex -32.1018 56.4282 17
    endloop
  endfacet
  facet normal 0.40503 0.675791 0.615839
    outer loop
      vertex -31.5717 56.074 17
      vertex -30.8889 57.6696 14.8
      vertex -31.8455 56.2381 17
    endloop
  endfacet
  facet normal 0.741831 0.26538 0.615841
    outer loop
      vertex -33.0712 57.7353 17
      vertex -31.5311 58.5355 14.8
      vertex -33.1787 58.0358 17
    endloop
  endfacet
  facet normal 0.115425 0.779368 0.615843
    outer loop
      vertex -30.3121 57.4307 14.8
      vertex -30.3256 55.6943 17
      vertex -30.1568 57.4077 14.8
    endloop
  endfacet
  facet normal 0.116311 0.779285 0.615782
    outer loop
      vertex -30.3256 55.6943 17
      vertex -30.3121 57.4307 14.8
      vertex -30.3323 55.6953 17
    endloop
  endfacet
  facet normal 0.470858 -0.631639 0.615894
    outer loop
      vertex -31.015 60.2368 14.8
      vertex -32.1018 61.5718 17
      vertex -32.1073 61.5677 17
    endloop
  endfacet
  facet normal 0.469577 -0.632625 0.615859
    outer loop
      vertex -32.1018 61.5718 17
      vertex -31.015 60.2368 14.8
      vertex -30.8889 60.3304 14.8
    endloop
  endfacet
  facet normal 0.675791 -0.40503 0.615839
    outer loop
      vertex -31.3304 59.8889 14.8
      vertex -32.7619 60.8455 17
      vertex -32.926 60.5717 17
    endloop
  endfacet
  facet normal -0.336955 -0.712172 0.615851
    outer loop
      vertex -28.4403 61.9324 17
      vertex -28.7288 62.0689 17
      vertex -29.3877 60.4782 14.8
    endloop
  endfacet
  facet normal 0.40713 -0.674673 0.61568
    outer loop
      vertex -30.8889 60.3304 14.8
      vertex -31.5659 61.9295 17
      vertex -31.5717 61.926 17
    endloop
  endfacet
  facet normal 0.404908 -0.675851 0.615853
    outer loop
      vertex -31.5659 61.9295 17
      vertex -30.8889 60.3304 14.8
      vertex -30.7542 60.4111 14.8
    endloop
  endfacet
  facet normal -0.469358 -0.632806 0.615841
    outer loop
      vertex -27.8982 61.5718 17
      vertex -28.1545 61.7619 17
      vertex -29.1111 60.3304 14.8
    endloop
  endfacet
  facet normal 0.779359 -0.115534 0.615834
    outer loop
      vertex -31.5693 59.3121 14.8
      vertex -33.2579 59.648 17
      vertex -33.3047 59.3323 17
    endloop
  endfacet
  facet normal -0.529172 -0.583718 0.615833
    outer loop
      vertex -27.6512 61.3488 17
      vertex -27.8877 61.5632 17
      vertex -28.8686 60.1314 14.8
    endloop
  endfacet
  facet normal 0.675851 0.404908 0.615853
    outer loop
      vertex -32.9295 57.4341 17
      vertex -31.3304 58.1111 14.8
      vertex -31.4111 58.2458 14.8
    endloop
  endfacet
  facet normal 0.674673 0.40713 0.61568
    outer loop
      vertex -31.3304 58.1111 14.8
      vertex -32.9295 57.4341 17
      vertex -32.926 57.4283 17
    endloop
  endfacet
  facet normal -0.631639 -0.470858 0.615894
    outer loop
      vertex -28.7632 60.015 14.8
      vertex -27.4282 61.1018 17
      vertex -27.4323 61.1073 17
    endloop
  endfacet
  facet normal -0.632625 -0.469577 0.615859
    outer loop
      vertex -27.4282 61.1018 17
      vertex -28.7632 60.015 14.8
      vertex -28.6696 59.8889 14.8
    endloop
  endfacet
  facet normal 0.632806 0.469358 0.615841
    outer loop
      vertex -32.5718 56.8982 17
      vertex -31.3304 58.1111 14.8
      vertex -32.7619 57.1545 17
    endloop
  endfacet
  facet normal 0.764212 -0.191608 0.615846
    outer loop
      vertex -31.5311 59.4645 14.8
      vertex -33.1787 59.9642 17
      vertex -33.2563 59.6547 17
    endloop
  endfacet
  facet normal -0.712172 -0.336955 0.615851
    outer loop
      vertex -26.9311 60.2712 17
      vertex -27.0676 60.5597 17
      vertex -28.5218 59.6123 14.8
    endloop
  endfacet
  facet normal 0.741831 -0.26538 0.615841
    outer loop
      vertex -31.5311 59.4645 14.8
      vertex -33.0712 60.2647 17
      vertex -33.1787 59.9642 17
    endloop
  endfacet
  facet normal -0.19156 -0.764235 0.615833
    outer loop
      vertex -29.5355 60.5311 14.8
      vertex -29.352 62.2579 17
      vertex -29.6879 60.5693 14.8
    endloop
  endfacet
  facet normal -0.182899 -0.76589 0.616409
    outer loop
      vertex -29.352 62.2579 17
      vertex -29.5355 60.5311 14.8
      vertex -29.3453 62.2563 17
    endloop
  endfacet
  facet normal 0.786928 -0.0385071 0.615842
    outer loop
      vertex -31.6 59 14.8
      vertex -33.3061 59.3188 17
      vertex -33.3217 59 17
    endloop
  endfacet
  facet normal 0.528818 0.584007 0.615863
    outer loop
      vertex -32.1123 56.4368 17
      vertex -31.015 57.7632 14.8
      vertex -31.1314 57.8686 14.8
    endloop
  endfacet
  facet normal 0.52702 0.585578 0.615913
    outer loop
      vertex -31.015 57.7632 14.8
      vertex -32.1123 56.4368 17
      vertex -32.1073 56.4323 17
    endloop
  endfacet
  facet normal 0.632625 0.469577 0.615859
    outer loop
      vertex -32.5718 56.8982 17
      vertex -31.2368 57.985 14.8
      vertex -31.3304 58.1111 14.8
    endloop
  endfacet
  facet normal 0.631639 0.470858 0.615894
    outer loop
      vertex -31.2368 57.985 14.8
      vertex -32.5718 56.8982 17
      vertex -32.5677 56.8927 17
    endloop
  endfacet
  facet normal -0.583718 -0.529172 0.615833
    outer loop
      vertex -27.4368 61.1123 17
      vertex -27.6512 61.3488 17
      vertex -28.8686 60.1314 14.8
    endloop
  endfacet
  facet normal -0.675791 -0.40503 0.615839
    outer loop
      vertex -27.074 60.5717 17
      vertex -27.2381 60.8455 17
      vertex -28.6696 59.8889 14.8
    endloop
  endfacet
  facet normal 0.265496 0.741782 0.61585
    outer loop
      vertex -30.6123 57.5218 14.8
      vertex -31.2647 55.9288 17
      vertex -30.4645 57.4689 14.8
    endloop
  endfacet
  facet normal 0.262831 0.742784 0.615785
    outer loop
      vertex -31.2647 55.9288 17
      vertex -30.6123 57.5218 14.8
      vertex -31.2712 55.9311 17
    endloop
  endfacet
  facet normal 0.336955 0.712172 0.615851
    outer loop
      vertex -31.2712 55.9311 17
      vertex -30.6123 57.5218 14.8
      vertex -31.5597 56.0676 17
    endloop
  endfacet
  facet normal 0.115534 0.779359 0.615834
    outer loop
      vertex -30.3323 55.6953 17
      vertex -30.3121 57.4307 14.8
      vertex -30.648 55.7421 17
    endloop
  endfacet
  facet normal 0.19156 0.764235 0.615833
    outer loop
      vertex -30.4645 57.4689 14.8
      vertex -30.648 55.7421 17
      vertex -30.3121 57.4307 14.8
    endloop
  endfacet
  facet normal 0.182899 0.76589 0.616409
    outer loop
      vertex -30.648 55.7421 17
      vertex -30.4645 57.4689 14.8
      vertex -30.6547 55.7437 17
    endloop
  endfacet
  facet normal 0.786386 -0.046258 0.616001
    outer loop
      vertex -33.3061 59.3188 17
      vertex -31.5923 59.1568 14.8
      vertex -33.3057 59.3256 17
    endloop
  endfacet
  facet normal 0.786914 -0.0386431 0.615852
    outer loop
      vertex -31.5923 59.1568 14.8
      vertex -33.3061 59.3188 17
      vertex -31.6 59 14.8
    endloop
  endfacet
  facet normal 0.786914 0.0386431 0.615852
    outer loop
      vertex -33.3061 58.6812 17
      vertex -31.5923 58.8432 14.8
      vertex -31.6 59 14.8
    endloop
  endfacet
  facet normal 0.786386 0.046258 0.616001
    outer loop
      vertex -31.5923 58.8432 14.8
      vertex -33.3061 58.6812 17
      vertex -33.3057 58.6744 17
    endloop
  endfacet
  facet normal -0.632806 -0.469358 0.615841
    outer loop
      vertex -27.2381 60.8455 17
      vertex -27.4282 61.1018 17
      vertex -28.6696 59.8889 14.8
    endloop
  endfacet
  facet normal 0.786928 0.0385071 0.615842
    outer loop
      vertex -33.3061 58.6812 17
      vertex -31.6 59 14.8
      vertex -33.3217 59 17
    endloop
  endfacet
  facet normal 0.742784 -0.262831 0.615785
    outer loop
      vertex -33.0712 60.2647 17
      vertex -31.4782 59.6123 14.8
      vertex -33.0689 60.2712 17
    endloop
  endfacet
  facet normal 0.741782 -0.265496 0.61585
    outer loop
      vertex -31.4782 59.6123 14.8
      vertex -33.0712 60.2647 17
      vertex -31.5311 59.4645 14.8
    endloop
  endfacet
  facet normal 0.469358 -0.632806 0.615841
    outer loop
      vertex -30.8889 60.3304 14.8
      vertex -31.8455 61.7619 17
      vertex -32.1018 61.5718 17
    endloop
  endfacet
  facet normal 0.40503 -0.675791 0.615839
    outer loop
      vertex -30.8889 60.3304 14.8
      vertex -31.5717 61.926 17
      vertex -31.8455 61.7619 17
    endloop
  endfacet
  facet normal -0.469577 -0.632625 0.615859
    outer loop
      vertex -28.985 60.2368 14.8
      vertex -27.8982 61.5718 17
      vertex -29.1111 60.3304 14.8
    endloop
  endfacet
  facet normal -0.470858 -0.631639 0.615894
    outer loop
      vertex -27.8982 61.5718 17
      vertex -28.985 60.2368 14.8
      vertex -27.8927 61.5677 17
    endloop
  endfacet
  facet normal -0.40503 -0.675791 0.615839
    outer loop
      vertex -28.1545 61.7619 17
      vertex -28.4283 61.926 17
      vertex -29.1111 60.3304 14.8
    endloop
  endfacet
  facet normal -0.40713 0.674673 0.61568
    outer loop
      vertex -29.1111 57.6696 14.8
      vertex -28.4341 56.0705 17
      vertex -28.4283 56.074 17
    endloop
  endfacet
  facet normal -0.404908 0.675851 0.615853
    outer loop
      vertex -28.4341 56.0705 17
      vertex -29.1111 57.6696 14.8
      vertex -29.2458 57.5889 14.8
    endloop
  endfacet
  facet normal -0.115534 -0.779359 0.615834
    outer loop
      vertex -29.352 62.2579 17
      vertex -29.6677 62.3047 17
      vertex -29.6879 60.5693 14.8
    endloop
  endfacet
  facet normal 0.779285 -0.116311 0.615782
    outer loop
      vertex -33.3057 59.3256 17
      vertex -31.5693 59.3121 14.8
      vertex -33.3047 59.3323 17
    endloop
  endfacet
  facet normal 0.779368 -0.115425 0.615843
    outer loop
      vertex -31.5693 59.3121 14.8
      vertex -33.3057 59.3256 17
      vertex -31.5923 59.1568 14.8
    endloop
  endfacet
  facet normal -0.585578 -0.52702 0.615913
    outer loop
      vertex -27.4368 61.1123 17
      vertex -28.7632 60.015 14.8
      vertex -27.4323 61.1073 17
    endloop
  endfacet
  facet normal -0.584007 -0.528818 0.615863
    outer loop
      vertex -28.7632 60.015 14.8
      vertex -27.4368 61.1123 17
      vertex -28.8686 60.1314 14.8
    endloop
  endfacet
  facet normal -0.741831 -0.26538 0.615841
    outer loop
      vertex -26.8213 59.9642 17
      vertex -26.9288 60.2647 17
      vertex -28.4689 59.4645 14.8
    endloop
  endfacet
  facet normal -0.742784 -0.262831 0.615785
    outer loop
      vertex -28.5218 59.6123 14.8
      vertex -26.9288 60.2647 17
      vertex -26.9311 60.2712 17
    endloop
  endfacet
  facet normal -0.741782 -0.265496 0.61585
    outer loop
      vertex -26.9288 60.2647 17
      vertex -28.5218 59.6123 14.8
      vertex -28.4689 59.4645 14.8
    endloop
  endfacet
  facet normal 0.0385071 -0.786928 0.615842
    outer loop
      vertex -30 60.6 14.8
      vertex -30 62.3217 17
      vertex -30.3188 62.3061 17
    endloop
  endfacet
  facet normal 0.046258 -0.786386 0.616001
    outer loop
      vertex -30.1568 60.5923 14.8
      vertex -30.3188 62.3061 17
      vertex -30.3256 62.3057 17
    endloop
  endfacet
  facet normal 0.0386431 -0.786914 0.615852
    outer loop
      vertex -30.3188 62.3061 17
      vertex -30.1568 60.5923 14.8
      vertex -30 60.6 14.8
    endloop
  endfacet
  facet normal -0.0386431 -0.786914 0.615852
    outer loop
      vertex -29.8432 60.5923 14.8
      vertex -29.6812 62.3061 17
      vertex -30 60.6 14.8
    endloop
  endfacet
  facet normal -0.046258 -0.786386 0.616001
    outer loop
      vertex -29.6812 62.3061 17
      vertex -29.8432 60.5923 14.8
      vertex -29.6744 62.3057 17
    endloop
  endfacet
  facet normal -0.764212 -0.191608 0.615846
    outer loop
      vertex -26.7437 59.6547 17
      vertex -26.8213 59.9642 17
      vertex -28.4689 59.4645 14.8
    endloop
  endfacet
  facet normal 0.671607 -0.740908 0
    outer loop
      vertex 32.5376 -62.092 2.4
      vertex 32.8284 -61.8284 17
      vertex 32.5376 -62.092 17
    endloop
  endfacet
  facet normal 0.671607 -0.740908 0
    outer loop
      vertex 32.8284 -61.8284 17
      vertex 32.5376 -62.092 2.4
      vertex 32.8284 -61.8284 2.4
    endloop
  endfacet
  facet normal -0.42744 -0.904044 0
    outer loop
      vertex 28.1144 -62.5277 4
      vertex 28.4693 -62.6955 17
      vertex 28.1144 -62.5277 17
    endloop
  endfacet
  facet normal -0.42744 -0.904044 -0
    outer loop
      vertex 28.4693 -62.6955 17
      vertex 28.1144 -62.5277 4
      vertex 28.4693 -62.6955 4
    endloop
  endfacet
  facet normal 0.989176 0.146733 0
    outer loop
      vertex 33.9807 -58.6079 17
      vertex 33.9231 -58.2196 4
      vertex 33.9231 -58.2196 17
    endloop
  endfacet
  facet normal 0.989176 0.146733 0
    outer loop
      vertex 33.9231 -58.2196 4
      vertex 33.9807 -58.6079 17
      vertex 33.9807 -58.6079 4
    endloop
  endfacet
  facet normal 0.998791 0.0491626 0
    outer loop
      vertex 34 -59 17
      vertex 33.9807 -58.6079 4
      vertex 33.9807 -58.6079 17
    endloop
  endfacet
  facet normal 0.998791 0.0491626 0
    outer loop
      vertex 33.9807 -58.6079 4
      vertex 34 -59 17
      vertex 34 -59 4
    endloop
  endfacet
  facet normal 0.970068 0.242835 0
    outer loop
      vertex 33.9231 -58.2196 17
      vertex 33.8278 -57.8389 4
      vertex 33.8278 -57.8389 17
    endloop
  endfacet
  facet normal 0.970068 0.242835 0
    outer loop
      vertex 33.8278 -57.8389 4
      vertex 33.9231 -58.2196 17
      vertex 33.9231 -58.2196 4
    endloop
  endfacet
  facet normal 0.42744 -0.904044 0
    outer loop
      vertex 31.5307 -62.6955 4
      vertex 31.8856 -62.5277 17
      vertex 31.5307 -62.6955 17
    endloop
  endfacet
  facet normal 0.42744 -0.904044 0
    outer loop
      vertex 31.8856 -62.5277 17
      vertex 31.5307 -62.6955 4
      vertex 31.8856 -62.5277 4
    endloop
  endfacet
  facet normal -0.671607 0.740908 0
    outer loop
      vertex 27.4624 -55.908 2.4
      vertex 27.1716 -56.1716 17
      vertex 27.4624 -55.908 17
    endloop
  endfacet
  facet normal -0.671607 0.740908 0
    outer loop
      vertex 27.1716 -56.1716 17
      vertex 27.4624 -55.908 2.4
      vertex 27.1716 -56.1716 2.4
    endloop
  endfacet
  facet normal -0.970068 -0.242835 0
    outer loop
      vertex 26.1722 -60.1611 2.4
      vertex 26.0769 -59.7804 17
      vertex 26.0769 -59.7804 2.4
    endloop
  endfacet
  facet normal -0.970068 -0.242835 0
    outer loop
      vertex 26.0769 -59.7804 17
      vertex 26.1722 -60.1611 2.4
      vertex 26.1722 -60.1611 17
    endloop
  endfacet
  facet normal 0.42744 0.904044 -0
    outer loop
      vertex 31.8856 -55.4723 2.4
      vertex 31.5307 -55.3045 17
      vertex 31.8856 -55.4723 17
    endloop
  endfacet
  facet normal 0.42744 0.904044 0
    outer loop
      vertex 31.5307 -55.3045 17
      vertex 31.8856 -55.4723 2.4
      vertex 31.5307 -55.3045 2.4
    endloop
  endfacet
  facet normal -0.989176 0.146733 0
    outer loop
      vertex 26.0193 -58.6079 2.4
      vertex 26.0769 -58.2196 17
      vertex 26.0769 -58.2196 2.4
    endloop
  endfacet
  facet normal -0.989176 0.146733 0
    outer loop
      vertex 26.0769 -58.2196 17
      vertex 26.0193 -58.6079 2.4
      vertex 26.0193 -58.6079 17
    endloop
  endfacet
  facet normal -0.146733 -0.989176 0
    outer loop
      vertex 29.2196 -62.9231 4
      vertex 29.6079 -62.9807 17
      vertex 29.2196 -62.9231 17
    endloop
  endfacet
  facet normal -0.146733 -0.989176 -0
    outer loop
      vertex 29.6079 -62.9807 17
      vertex 29.2196 -62.9231 4
      vertex 29.6079 -62.9807 4
    endloop
  endfacet
  facet normal 0.242835 0.970068 -0
    outer loop
      vertex 31.1611 -55.1722 2.4
      vertex 30.7804 -55.0769 17
      vertex 31.1611 -55.1722 17
    endloop
  endfacet
  facet normal 0.242835 0.970068 0
    outer loop
      vertex 30.7804 -55.0769 17
      vertex 31.1611 -55.1722 2.4
      vertex 30.7804 -55.0769 2.4
    endloop
  endfacet
  facet normal -0.740908 0.671607 0
    outer loop
      vertex 26.908 -56.4624 2.4
      vertex 27.1716 -56.1716 17
      vertex 27.1716 -56.1716 2.4
    endloop
  endfacet
  facet normal -0.740908 0.671607 0
    outer loop
      vertex 27.1716 -56.1716 17
      vertex 26.908 -56.4624 2.4
      vertex 26.908 -56.4624 17
    endloop
  endfacet
  facet normal 0.514084 -0.85774 0
    outer loop
      vertex 31.8856 -62.5277 4
      vertex 32.2223 -62.3259 17
      vertex 31.8856 -62.5277 17
    endloop
  endfacet
  facet normal 0.514268 -0.857629 -6.50197e-06
    outer loop
      vertex 32.1074 -62.3947 4
      vertex 32.2223 -62.3259 17
      vertex 31.8856 -62.5277 4
    endloop
  endfacet
  facet normal 0.513727 -0.857954 0
    outer loop
      vertex 32.2223 -62.3259 2.4
      vertex 32.1074 -62.3947 4
      vertex 32.1074 -62.3947 2.4
    endloop
  endfacet
  facet normal 0.513727 -0.857954 0
    outer loop
      vertex 32.1074 -62.3947 4
      vertex 32.2223 -62.3259 2.4
      vertex 32.2223 -62.3259 17
    endloop
  endfacet
  facet normal -0.242835 -0.970068 0
    outer loop
      vertex 28.8389 -62.8278 4
      vertex 29.2196 -62.9231 17
      vertex 28.8389 -62.8278 17
    endloop
  endfacet
  facet normal -0.242835 -0.970068 -0
    outer loop
      vertex 29.2196 -62.9231 17
      vertex 28.8389 -62.8278 4
      vertex 29.2196 -62.9231 4
    endloop
  endfacet
  facet normal -0.337014 -0.9415 0
    outer loop
      vertex 28.4693 -62.6955 4
      vertex 28.8389 -62.8278 17
      vertex 28.4693 -62.6955 17
    endloop
  endfacet
  facet normal -0.337014 -0.9415 -0
    outer loop
      vertex 28.8389 -62.8278 17
      vertex 28.4693 -62.6955 4
      vertex 28.8389 -62.8278 4
    endloop
  endfacet
  facet normal -0.337014 0.9415 0
    outer loop
      vertex 28.8389 -55.1722 2.4
      vertex 28.4693 -55.3045 17
      vertex 28.8389 -55.1722 17
    endloop
  endfacet
  facet normal -0.337014 0.9415 0
    outer loop
      vertex 28.4693 -55.3045 17
      vertex 28.8389 -55.1722 2.4
      vertex 28.4693 -55.3045 2.4
    endloop
  endfacet
  facet normal 0.0491626 -0.998791 0
    outer loop
      vertex 30 -63 4
      vertex 30.3921 -62.9807 17
      vertex 30 -63 17
    endloop
  endfacet
  facet normal 0.0491626 -0.998791 0
    outer loop
      vertex 30.3921 -62.9807 17
      vertex 30 -63 4
      vertex 30.3921 -62.9807 4
    endloop
  endfacet
  facet normal 0.146733 -0.989176 0
    outer loop
      vertex 30.3921 -62.9807 4
      vertex 30.7804 -62.9231 17
      vertex 30.3921 -62.9807 17
    endloop
  endfacet
  facet normal 0.146733 -0.989176 0
    outer loop
      vertex 30.7804 -62.9231 17
      vertex 30.3921 -62.9807 4
      vertex 30.7804 -62.9231 4
    endloop
  endfacet
  facet normal -0.0491626 0.998791 0
    outer loop
      vertex 30 -55 2.4
      vertex 29.6079 -55.0193 17
      vertex 30 -55 17
    endloop
  endfacet
  facet normal -0.0491626 0.998791 0
    outer loop
      vertex 29.6079 -55.0193 17
      vertex 30 -55 2.4
      vertex 29.6079 -55.0193 2.4
    endloop
  endfacet
  facet normal -0.595794 -0.803137 0
    outer loop
      vertex 27.4624 -62.092 2.4
      vertex 27.7777 -62.3259 17
      vertex 27.4624 -62.092 17
    endloop
  endfacet
  facet normal -0.595794 -0.803137 -0
    outer loop
      vertex 27.7777 -62.3259 17
      vertex 27.4624 -62.092 2.4
      vertex 27.7777 -62.3259 2.4
    endloop
  endfacet
  facet normal -0.904044 -0.42744 0
    outer loop
      vertex 26.4723 -60.8856 2.4
      vertex 26.3045 -60.5307 17
      vertex 26.3045 -60.5307 2.4
    endloop
  endfacet
  facet normal -0.904044 -0.42744 0
    outer loop
      vertex 26.3045 -60.5307 17
      vertex 26.4723 -60.8856 2.4
      vertex 26.4723 -60.8856 17
    endloop
  endfacet
  facet normal -0.146733 0.989176 0
    outer loop
      vertex 29.6079 -55.0193 2.4
      vertex 29.2196 -55.0769 17
      vertex 29.6079 -55.0193 17
    endloop
  endfacet
  facet normal -0.146733 0.989176 0
    outer loop
      vertex 29.2196 -55.0769 17
      vertex 29.6079 -55.0193 2.4
      vertex 29.2196 -55.0769 2.4
    endloop
  endfacet
  facet normal 0.595794 -0.803137 0
    outer loop
      vertex 32.2223 -62.3259 2.4
      vertex 32.5376 -62.092 17
      vertex 32.2223 -62.3259 17
    endloop
  endfacet
  facet normal 0.595794 -0.803137 0
    outer loop
      vertex 32.5376 -62.092 17
      vertex 32.2223 -62.3259 2.4
      vertex 32.5376 -62.092 2.4
    endloop
  endfacet
  facet normal 0.0491626 0.998791 -0
    outer loop
      vertex 30.3921 -55.0193 2.4
      vertex 30 -55 17
      vertex 30.3921 -55.0193 17
    endloop
  endfacet
  facet normal 0.0491626 0.998791 0
    outer loop
      vertex 30 -55 17
      vertex 30.3921 -55.0193 2.4
      vertex 30 -55 2.4
    endloop
  endfacet
  facet normal 0.514084 0.85774 -0
    outer loop
      vertex 32.2223 -55.6741 2.4
      vertex 31.8856 -55.4723 17
      vertex 32.2223 -55.6741 17
    endloop
  endfacet
  facet normal 0.514084 0.85774 0
    outer loop
      vertex 31.8856 -55.4723 17
      vertex 32.2223 -55.6741 2.4
      vertex 31.8856 -55.4723 2.4
    endloop
  endfacet
  facet normal -0.998791 -0.0491626 0
    outer loop
      vertex 26.0193 -59.3921 2.4
      vertex 26 -59 17
      vertex 26 -59 2.4
    endloop
  endfacet
  facet normal -0.998791 -0.0491626 0
    outer loop
      vertex 26 -59 17
      vertex 26.0193 -59.3921 2.4
      vertex 26.0193 -59.3921 17
    endloop
  endfacet
  facet normal 0.970068 -0.242835 0
    outer loop
      vertex 33.8278 -60.1611 17
      vertex 33.9231 -59.7804 4
      vertex 33.9231 -59.7804 17
    endloop
  endfacet
  facet normal 0.970068 -0.242835 0
    outer loop
      vertex 33.9231 -59.7804 4
      vertex 33.8278 -60.1611 17
      vertex 33.8278 -60.1611 4
    endloop
  endfacet
  facet normal 0.740908 0.671607 0
    outer loop
      vertex 33.092 -56.4624 17
      vertex 32.8284 -56.1716 2.4
      vertex 32.8284 -56.1716 17
    endloop
  endfacet
  facet normal 0.740908 0.671607 0
    outer loop
      vertex 32.8284 -56.1716 2.4
      vertex 33.092 -56.4624 17
      vertex 33.092 -56.4624 2.4
    endloop
  endfacet
  facet normal 0.595794 0.803137 -0
    outer loop
      vertex 32.5376 -55.908 2.4
      vertex 32.2223 -55.6741 17
      vertex 32.5376 -55.908 17
    endloop
  endfacet
  facet normal 0.595794 0.803137 0
    outer loop
      vertex 32.2223 -55.6741 17
      vertex 32.5376 -55.908 2.4
      vertex 32.2223 -55.6741 2.4
    endloop
  endfacet
  facet normal -0.595794 0.803137 0
    outer loop
      vertex 27.7777 -55.6741 2.4
      vertex 27.4624 -55.908 17
      vertex 27.7777 -55.6741 17
    endloop
  endfacet
  facet normal -0.595794 0.803137 0
    outer loop
      vertex 27.4624 -55.908 17
      vertex 27.7777 -55.6741 2.4
      vertex 27.4624 -55.908 2.4
    endloop
  endfacet
  facet normal 0.803137 0.595794 0
    outer loop
      vertex 33.3259 -56.7777 17
      vertex 33.092 -56.4624 2.4
      vertex 33.092 -56.4624 17
    endloop
  endfacet
  facet normal 0.803137 0.595794 0
    outer loop
      vertex 33.092 -56.4624 2.4
      vertex 33.3259 -56.7777 17
      vertex 33.3259 -56.7777 2.4
    endloop
  endfacet
  facet normal 0.989176 -0.146733 0
    outer loop
      vertex 33.9231 -59.7804 17
      vertex 33.9807 -59.3921 4
      vertex 33.9807 -59.3921 17
    endloop
  endfacet
  facet normal 0.989176 -0.146733 0
    outer loop
      vertex 33.9807 -59.3921 4
      vertex 33.9231 -59.7804 17
      vertex 33.9231 -59.7804 4
    endloop
  endfacet
  facet normal -0.9415 0.337014 0
    outer loop
      vertex 26.1722 -57.8389 2.4
      vertex 26.3045 -57.4693 17
      vertex 26.3045 -57.4693 2.4
    endloop
  endfacet
  facet normal -0.9415 0.337014 0
    outer loop
      vertex 26.3045 -57.4693 17
      vertex 26.1722 -57.8389 2.4
      vertex 26.1722 -57.8389 17
    endloop
  endfacet
  facet normal 0.904044 -0.42744 0
    outer loop
      vertex 33.5277 -60.8856 17
      vertex 33.6955 -60.5307 4
      vertex 33.6955 -60.5307 17
    endloop
  endfacet
  facet normal 0.904044 -0.42744 0
    outer loop
      vertex 33.6955 -60.5307 4
      vertex 33.5277 -60.8856 17
      vertex 33.5277 -60.8856 4
    endloop
  endfacet
  facet normal 0.337014 0.9415 -0
    outer loop
      vertex 31.5307 -55.3045 2.4
      vertex 31.1611 -55.1722 17
      vertex 31.5307 -55.3045 17
    endloop
  endfacet
  facet normal 0.337014 0.9415 0
    outer loop
      vertex 31.1611 -55.1722 17
      vertex 31.5307 -55.3045 2.4
      vertex 31.1611 -55.1722 2.4
    endloop
  endfacet
  facet normal 0.998791 -0.0491626 0
    outer loop
      vertex 33.9807 -59.3921 17
      vertex 34 -59 4
      vertex 34 -59 17
    endloop
  endfacet
  facet normal 0.998791 -0.0491626 0
    outer loop
      vertex 34 -59 4
      vertex 33.9807 -59.3921 17
      vertex 33.9807 -59.3921 4
    endloop
  endfacet
  facet normal 0.337014 -0.9415 0
    outer loop
      vertex 31.1611 -62.8278 4
      vertex 31.5307 -62.6955 17
      vertex 31.1611 -62.8278 17
    endloop
  endfacet
  facet normal 0.337014 -0.9415 0
    outer loop
      vertex 31.5307 -62.6955 17
      vertex 31.1611 -62.8278 4
      vertex 31.5307 -62.6955 4
    endloop
  endfacet
  facet normal 0.9415 0.337014 0
    outer loop
      vertex 33.8278 -57.8389 17
      vertex 33.6955 -57.4693 4
      vertex 33.6955 -57.4693 17
    endloop
  endfacet
  facet normal 0.9415 0.337014 0
    outer loop
      vertex 33.6955 -57.4693 4
      vertex 33.8278 -57.8389 17
      vertex 33.8278 -57.8389 4
    endloop
  endfacet
  facet normal 0.803137 -0.595794 0
    outer loop
      vertex 33.092 -61.5376 17
      vertex 33.3259 -61.2223 2.4
      vertex 33.3259 -61.2223 17
    endloop
  endfacet
  facet normal 0.803137 -0.595794 0
    outer loop
      vertex 33.3259 -61.2223 2.4
      vertex 33.092 -61.5376 17
      vertex 33.092 -61.5376 2.4
    endloop
  endfacet
  facet normal 0.857629 -0.514268 0
    outer loop
      vertex 33.5277 -60.8856 17
      vertex 33.3947 -61.1074 4
      vertex 33.5277 -60.8856 4
    endloop
  endfacet
  facet normal 0.85774 -0.514084 -4.2837e-06
    outer loop
      vertex 33.3259 -61.2223 17
      vertex 33.3947 -61.1074 4
      vertex 33.5277 -60.8856 17
    endloop
  endfacet
  facet normal 0.857954 -0.513727 0
    outer loop
      vertex 33.3259 -61.2223 2.4
      vertex 33.3947 -61.1074 4
      vertex 33.3259 -61.2223 17
    endloop
  endfacet
  facet normal 0.857954 -0.513727 0
    outer loop
      vertex 33.3947 -61.1074 4
      vertex 33.3259 -61.2223 2.4
      vertex 33.3947 -61.1074 2.4
    endloop
  endfacet
  facet normal 0.9415 -0.337014 0
    outer loop
      vertex 33.6955 -60.5307 17
      vertex 33.8278 -60.1611 4
      vertex 33.8278 -60.1611 17
    endloop
  endfacet
  facet normal 0.9415 -0.337014 0
    outer loop
      vertex 33.8278 -60.1611 4
      vertex 33.6955 -60.5307 17
      vertex 33.6955 -60.5307 4
    endloop
  endfacet
  facet normal -0.904044 0.42744 0
    outer loop
      vertex 26.3045 -57.4693 2.4
      vertex 26.4723 -57.1144 17
      vertex 26.4723 -57.1144 2.4
    endloop
  endfacet
  facet normal -0.904044 0.42744 0
    outer loop
      vertex 26.4723 -57.1144 17
      vertex 26.3045 -57.4693 2.4
      vertex 26.3045 -57.4693 17
    endloop
  endfacet
  facet normal -0.242835 0.970068 0
    outer loop
      vertex 29.2196 -55.0769 2.4
      vertex 28.8389 -55.1722 17
      vertex 29.2196 -55.0769 17
    endloop
  endfacet
  facet normal -0.242835 0.970068 0
    outer loop
      vertex 28.8389 -55.1722 17
      vertex 29.2196 -55.0769 2.4
      vertex 28.8389 -55.1722 2.4
    endloop
  endfacet
  facet normal 0.904044 0.42744 0
    outer loop
      vertex 33.6955 -57.4693 17
      vertex 33.5277 -57.1144 4
      vertex 33.5277 -57.1144 17
    endloop
  endfacet
  facet normal 0.904044 0.42744 0
    outer loop
      vertex 33.5277 -57.1144 4
      vertex 33.6955 -57.4693 17
      vertex 33.6955 -57.4693 4
    endloop
  endfacet
  facet normal 0.146733 0.989176 -0
    outer loop
      vertex 30.7804 -55.0769 2.4
      vertex 30.3921 -55.0193 17
      vertex 30.7804 -55.0769 17
    endloop
  endfacet
  facet normal 0.146733 0.989176 0
    outer loop
      vertex 30.3921 -55.0193 17
      vertex 30.7804 -55.0769 2.4
      vertex 30.3921 -55.0193 2.4
    endloop
  endfacet
  facet normal -0.85774 -0.514084 0
    outer loop
      vertex 26.6741 -61.2223 2.4
      vertex 26.4723 -60.8856 17
      vertex 26.4723 -60.8856 2.4
    endloop
  endfacet
  facet normal -0.85774 -0.514084 0
    outer loop
      vertex 26.4723 -60.8856 17
      vertex 26.6741 -61.2223 2.4
      vertex 26.6741 -61.2223 17
    endloop
  endfacet
  facet normal 0.85786 0.513884 0
    outer loop
      vertex 33.3259 -56.7777 17
      vertex 33.4 -56.9014 4
      vertex 33.3259 -56.7777 2.4
    endloop
  endfacet
  facet normal 0.85774 0.514084 -2.58472e-06
    outer loop
      vertex 33.5277 -57.1144 17
      vertex 33.4 -56.9014 4
      vertex 33.3259 -56.7777 17
    endloop
  endfacet
  facet normal 0.857671 0.5142 0
    outer loop
      vertex 33.4 -56.9014 4
      vertex 33.5277 -57.1144 17
      vertex 33.5277 -57.1144 4
    endloop
  endfacet
  facet normal 0.85786 0.513884 0
    outer loop
      vertex 33.3259 -56.7777 2.4
      vertex 33.4 -56.9014 4
      vertex 33.4 -56.9014 2.4
    endloop
  endfacet
  facet normal -0.740908 -0.671607 0
    outer loop
      vertex 27.1716 -61.8284 2.4
      vertex 26.908 -61.5376 17
      vertex 26.908 -61.5376 2.4
    endloop
  endfacet
  facet normal -0.740908 -0.671607 0
    outer loop
      vertex 26.908 -61.5376 17
      vertex 27.1716 -61.8284 2.4
      vertex 27.1716 -61.8284 17
    endloop
  endfacet
  facet normal 0.242835 -0.970068 0
    outer loop
      vertex 30.7804 -62.9231 4
      vertex 31.1611 -62.8278 17
      vertex 30.7804 -62.9231 17
    endloop
  endfacet
  facet normal 0.242835 -0.970068 0
    outer loop
      vertex 31.1611 -62.8278 17
      vertex 30.7804 -62.9231 4
      vertex 31.1611 -62.8278 4
    endloop
  endfacet
  facet normal -0.514084 0.85774 0
    outer loop
      vertex 28.1144 -55.4723 2.4
      vertex 27.7777 -55.6741 17
      vertex 28.1144 -55.4723 17
    endloop
  endfacet
  facet normal -0.514084 0.85774 0
    outer loop
      vertex 27.7777 -55.6741 17
      vertex 28.1144 -55.4723 2.4
      vertex 27.7777 -55.6741 2.4
    endloop
  endfacet
  facet normal -0.42744 0.904044 0
    outer loop
      vertex 28.4693 -55.3045 2.4
      vertex 28.1144 -55.4723 17
      vertex 28.4693 -55.3045 17
    endloop
  endfacet
  facet normal -0.42744 0.904044 0
    outer loop
      vertex 28.1144 -55.4723 17
      vertex 28.4693 -55.3045 2.4
      vertex 28.1144 -55.4723 2.4
    endloop
  endfacet
  facet normal -0.9415 -0.337014 0
    outer loop
      vertex 26.3045 -60.5307 2.4
      vertex 26.1722 -60.1611 17
      vertex 26.1722 -60.1611 2.4
    endloop
  endfacet
  facet normal -0.9415 -0.337014 0
    outer loop
      vertex 26.1722 -60.1611 17
      vertex 26.3045 -60.5307 2.4
      vertex 26.3045 -60.5307 17
    endloop
  endfacet
  facet normal -0.514084 -0.85774 -2.58472e-06
    outer loop
      vertex 27.7777 -62.3259 17
      vertex 27.9014 -62.4 4
      vertex 28.1144 -62.5277 17
    endloop
  endfacet
  facet normal -0.513884 -0.85786 0
    outer loop
      vertex 27.7777 -62.3259 2.4
      vertex 27.9014 -62.4 4
      vertex 27.7777 -62.3259 17
    endloop
  endfacet
  facet normal -0.513884 -0.85786 -0
    outer loop
      vertex 27.9014 -62.4 4
      vertex 27.7777 -62.3259 2.4
      vertex 27.9014 -62.4 2.4
    endloop
  endfacet
  facet normal -0.5142 -0.857671 -0
    outer loop
      vertex 28.1144 -62.5277 17
      vertex 27.9014 -62.4 4
      vertex 28.1144 -62.5277 4
    endloop
  endfacet
  facet normal 0.671607 0.740908 -0
    outer loop
      vertex 32.8284 -56.1716 2.4
      vertex 32.5376 -55.908 17
      vertex 32.8284 -56.1716 17
    endloop
  endfacet
  facet normal 0.671607 0.740908 0
    outer loop
      vertex 32.5376 -55.908 17
      vertex 32.8284 -56.1716 2.4
      vertex 32.5376 -55.908 2.4
    endloop
  endfacet
  facet normal -0.970068 0.242835 0
    outer loop
      vertex 26.0769 -58.2196 2.4
      vertex 26.1722 -57.8389 17
      vertex 26.1722 -57.8389 2.4
    endloop
  endfacet
  facet normal -0.970068 0.242835 0
    outer loop
      vertex 26.1722 -57.8389 17
      vertex 26.0769 -58.2196 2.4
      vertex 26.0769 -58.2196 17
    endloop
  endfacet
  facet normal -0.803137 -0.595794 0
    outer loop
      vertex 26.908 -61.5376 2.4
      vertex 26.6741 -61.2223 17
      vertex 26.6741 -61.2223 2.4
    endloop
  endfacet
  facet normal -0.803137 -0.595794 0
    outer loop
      vertex 26.6741 -61.2223 17
      vertex 26.908 -61.5376 2.4
      vertex 26.908 -61.5376 17
    endloop
  endfacet
  facet normal -0.989176 -0.146733 0
    outer loop
      vertex 26.0769 -59.7804 2.4
      vertex 26.0193 -59.3921 17
      vertex 26.0193 -59.3921 2.4
    endloop
  endfacet
  facet normal -0.989176 -0.146733 0
    outer loop
      vertex 26.0193 -59.3921 17
      vertex 26.0769 -59.7804 2.4
      vertex 26.0769 -59.7804 17
    endloop
  endfacet
  facet normal -0.671607 -0.740908 0
    outer loop
      vertex 27.1716 -61.8284 2.4
      vertex 27.4624 -62.092 17
      vertex 27.1716 -61.8284 17
    endloop
  endfacet
  facet normal -0.671607 -0.740908 -0
    outer loop
      vertex 27.4624 -62.092 17
      vertex 27.1716 -61.8284 2.4
      vertex 27.4624 -62.092 2.4
    endloop
  endfacet
  facet normal -0.803137 0.595794 0
    outer loop
      vertex 26.6741 -56.7777 2.4
      vertex 26.908 -56.4624 17
      vertex 26.908 -56.4624 2.4
    endloop
  endfacet
  facet normal -0.803137 0.595794 0
    outer loop
      vertex 26.908 -56.4624 17
      vertex 26.6741 -56.7777 2.4
      vertex 26.6741 -56.7777 17
    endloop
  endfacet
  facet normal -0.85774 0.514084 0
    outer loop
      vertex 26.4723 -57.1144 2.4
      vertex 26.6741 -56.7777 17
      vertex 26.6741 -56.7777 2.4
    endloop
  endfacet
  facet normal -0.85774 0.514084 0
    outer loop
      vertex 26.6741 -56.7777 17
      vertex 26.4723 -57.1144 2.4
      vertex 26.4723 -57.1144 17
    endloop
  endfacet
  facet normal -0 0 1
    outer loop
      vertex 33.3061 -58.6812 17
      vertex 34 -59 17
      vertex 33.9807 -58.6079 17
    endloop
  endfacet
  facet normal 0 0 1
    outer loop
      vertex 33.3047 -58.6677 17
      vertex 33.9807 -58.6079 17
      vertex 33.9231 -58.2196 17
    endloop
  endfacet
  facet normal 0 0 1
    outer loop
      vertex 33.3061 -59.3188 17
      vertex 34 -59 17
      vertex 33.3217 -59 17
    endloop
  endfacet
  facet normal 0 0 1
    outer loop
      vertex 33.2563 -58.3453 17
      vertex 33.9231 -58.2196 17
      vertex 33.8278 -57.8389 17
    endloop
  endfacet
  facet normal 0 0 1
    outer loop
      vertex 34 -59 17
      vertex 33.3061 -59.3188 17
      vertex 33.9807 -59.3921 17
    endloop
  endfacet
  facet normal -0 0 1
    outer loop
      vertex 33.0712 -57.7353 17
      vertex 33.8278 -57.8389 17
      vertex 33.6955 -57.4693 17
    endloop
  endfacet
  facet normal -0 0 1
    outer loop
      vertex 33.3057 -59.3256 17
      vertex 33.9807 -59.3921 17
      vertex 33.3061 -59.3188 17
    endloop
  endfacet
  facet normal -0 0 1
    outer loop
      vertex 32.9324 -57.4403 17
      vertex 33.6955 -57.4693 17
      vertex 33.5277 -57.1144 17
    endloop
  endfacet
  facet normal -0 0 1
    outer loop
      vertex 33.3047 -59.3323 17
      vertex 33.9807 -59.3921 17
      vertex 33.3057 -59.3256 17
    endloop
  endfacet
  facet normal 0 0 1
    outer loop
      vertex 32.926 -57.4283 17
      vertex 33.5277 -57.1144 17
      vertex 33.3259 -56.7777 17
    endloop
  endfacet
  facet normal 0 0 1
    outer loop
      vertex 33.9807 -59.3921 17
      vertex 33.3047 -59.3323 17
      vertex 33.9231 -59.7804 17
    endloop
  endfacet
  facet normal -0 0 1
    outer loop
      vertex 33.2579 -59.648 17
      vertex 33.9231 -59.7804 17
      vertex 33.3047 -59.3323 17
    endloop
  endfacet
  facet normal 0 0 1
    outer loop
      vertex 34 -59 17
      vertex 33.3061 -58.6812 17
      vertex 33.3217 -59 17
    endloop
  endfacet
  facet normal 0 0 1
    outer loop
      vertex 33.9807 -58.6079 17
      vertex 33.3057 -58.6744 17
      vertex 33.3061 -58.6812 17
    endloop
  endfacet
  facet normal 0 0 1
    outer loop
      vertex 33.9807 -58.6079 17
      vertex 33.3047 -58.6677 17
      vertex 33.3057 -58.6744 17
    endloop
  endfacet
  facet normal 0 0 1
    outer loop
      vertex 33.9231 -58.2196 17
      vertex 33.2579 -58.352 17
      vertex 33.3047 -58.6677 17
    endloop
  endfacet
  facet normal 0 0 1
    outer loop
      vertex 33.9231 -58.2196 17
      vertex 33.2563 -58.3453 17
      vertex 33.2579 -58.352 17
    endloop
  endfacet
  facet normal 0 0 1
    outer loop
      vertex 33.8278 -57.8389 17
      vertex 33.1787 -58.0358 17
      vertex 33.2563 -58.3453 17
    endloop
  endfacet
  facet normal 0 0 1
    outer loop
      vertex 32.5718 -56.8982 17
      vertex 33.3259 -56.7777 17
      vertex 33.092 -56.4624 17
    endloop
  endfacet
  facet normal 0 0 1
    outer loop
      vertex 33.8278 -57.8389 17
      vertex 33.0712 -57.7353 17
      vertex 33.1787 -58.0358 17
    endloop
  endfacet
  facet normal 0 0 1
    outer loop
      vertex 33.6955 -57.4693 17
      vertex 33.0689 -57.7288 17
      vertex 33.0712 -57.7353 17
    endloop
  endfacet
  facet normal 0 0 1
    outer loop
      vertex 33.6955 -57.4693 17
      vertex 32.9324 -57.4403 17
      vertex 33.0689 -57.7288 17
    endloop
  endfacet
  facet normal 0 0 1
    outer loop
      vertex 33.5277 -57.1144 17
      vertex 32.9295 -57.4341 17
      vertex 32.9324 -57.4403 17
    endloop
  endfacet
  facet normal 0 0 1
    outer loop
      vertex 33.5277 -57.1144 17
      vertex 32.926 -57.4283 17
      vertex 32.9295 -57.4341 17
    endloop
  endfacet
  facet normal 0 0 1
    outer loop
      vertex 32.5632 -56.8877 17
      vertex 33.092 -56.4624 17
      vertex 32.8284 -56.1716 17
    endloop
  endfacet
  facet normal 0 0 1
    outer loop
      vertex 33.3259 -56.7777 17
      vertex 32.7619 -57.1545 17
      vertex 32.926 -57.4283 17
    endloop
  endfacet
  facet normal 0 0 1
    outer loop
      vertex 33.3259 -56.7777 17
      vertex 32.5718 -56.8982 17
      vertex 32.7619 -57.1545 17
    endloop
  endfacet
  facet normal 0 0 1
    outer loop
      vertex 33.092 -56.4624 17
      vertex 32.5677 -56.8927 17
      vertex 32.5718 -56.8982 17
    endloop
  endfacet
  facet normal 0 0 1
    outer loop
      vertex 33.092 -56.4624 17
      vertex 32.5632 -56.8877 17
      vertex 32.5677 -56.8927 17
    endloop
  endfacet
  facet normal 0 0 1
    outer loop
      vertex 32.1123 -56.4368 17
      vertex 32.8284 -56.1716 17
      vertex 32.5376 -55.908 17
    endloop
  endfacet
  facet normal 0 0 1
    outer loop
      vertex 32.8284 -56.1716 17
      vertex 32.3488 -56.6512 17
      vertex 32.5632 -56.8877 17
    endloop
  endfacet
  facet normal 0 0 1
    outer loop
      vertex 32.1018 -56.4282 17
      vertex 32.5376 -55.908 17
      vertex 32.2223 -55.6741 17
    endloop
  endfacet
  facet normal 0 0 1
    outer loop
      vertex 32.8284 -56.1716 17
      vertex 32.1123 -56.4368 17
      vertex 32.3488 -56.6512 17
    endloop
  endfacet
  facet normal 0 0 1
    outer loop
      vertex 32.5376 -55.908 17
      vertex 32.1073 -56.4323 17
      vertex 32.1123 -56.4368 17
    endloop
  endfacet
  facet normal 0 0 1
    outer loop
      vertex 32.5376 -55.908 17
      vertex 32.1018 -56.4282 17
      vertex 32.1073 -56.4323 17
    endloop
  endfacet
  facet normal 0 0 1
    outer loop
      vertex 31.5717 -56.074 17
      vertex 32.2223 -55.6741 17
      vertex 31.8856 -55.4723 17
    endloop
  endfacet
  facet normal 0 0 1
    outer loop
      vertex 32.2223 -55.6741 17
      vertex 31.8455 -56.2381 17
      vertex 32.1018 -56.4282 17
    endloop
  endfacet
  facet normal 0 0 1
    outer loop
      vertex 32.2223 -55.6741 17
      vertex 31.5717 -56.074 17
      vertex 31.8455 -56.2381 17
    endloop
  endfacet
  facet normal 0 0 1
    outer loop
      vertex 31.8856 -55.4723 17
      vertex 31.5659 -56.0705 17
      vertex 31.5717 -56.074 17
    endloop
  endfacet
  facet normal 0 0 1
    outer loop
      vertex 31.8856 -55.4723 17
      vertex 31.5597 -56.0676 17
      vertex 31.5659 -56.0705 17
    endloop
  endfacet
  facet normal 0 0 1
    outer loop
      vertex 31.5307 -55.3045 17
      vertex 31.5597 -56.0676 17
      vertex 31.8856 -55.4723 17
    endloop
  endfacet
  facet normal 0 0 1
    outer loop
      vertex 31.5307 -55.3045 17
      vertex 31.2712 -55.9311 17
      vertex 31.5597 -56.0676 17
    endloop
  endfacet
  facet normal 0 0 1
    outer loop
      vertex 31.5307 -55.3045 17
      vertex 31.2647 -55.9288 17
      vertex 31.2712 -55.9311 17
    endloop
  endfacet
  facet normal 0 0 1
    outer loop
      vertex 31.1611 -55.1722 17
      vertex 31.2647 -55.9288 17
      vertex 31.5307 -55.3045 17
    endloop
  endfacet
  facet normal 0 0 1
    outer loop
      vertex 31.1611 -55.1722 17
      vertex 30.9642 -55.8213 17
      vertex 31.2647 -55.9288 17
    endloop
  endfacet
  facet normal 0 0 1
    outer loop
      vertex 30.6547 -55.7437 17
      vertex 31.1611 -55.1722 17
      vertex 30.7804 -55.0769 17
    endloop
  endfacet
  facet normal 0 0 1
    outer loop
      vertex 31.1611 -55.1722 17
      vertex 30.6547 -55.7437 17
      vertex 30.9642 -55.8213 17
    endloop
  endfacet
  facet normal 0 0 1
    outer loop
      vertex 30.7804 -55.0769 17
      vertex 30.648 -55.7421 17
      vertex 30.6547 -55.7437 17
    endloop
  endfacet
  facet normal 0 0 1
    outer loop
      vertex 30.3323 -55.6953 17
      vertex 30.7804 -55.0769 17
      vertex 30.3921 -55.0193 17
    endloop
  endfacet
  facet normal 0 0 1
    outer loop
      vertex 30.7804 -55.0769 17
      vertex 30.3323 -55.6953 17
      vertex 30.648 -55.7421 17
    endloop
  endfacet
  facet normal 0 0 1
    outer loop
      vertex 30.3921 -55.0193 17
      vertex 30.3256 -55.6943 17
      vertex 30.3323 -55.6953 17
    endloop
  endfacet
  facet normal 0 0 1
    outer loop
      vertex 30.3921 -55.0193 17
      vertex 30.3188 -55.6939 17
      vertex 30.3256 -55.6943 17
    endloop
  endfacet
  facet normal 0 0 1
    outer loop
      vertex 30 -55 17
      vertex 30.3188 -55.6939 17
      vertex 30.3921 -55.0193 17
    endloop
  endfacet
  facet normal 0 0 1
    outer loop
      vertex 30 -55 17
      vertex 30 -55.6783 17
      vertex 30.3188 -55.6939 17
    endloop
  endfacet
  facet normal 0 0 1
    outer loop
      vertex 30 -55 17
      vertex 29.6812 -55.6939 17
      vertex 30 -55.6783 17
    endloop
  endfacet
  facet normal -0 0 1
    outer loop
      vertex 29.6079 -55.0193 17
      vertex 29.6812 -55.6939 17
      vertex 30 -55 17
    endloop
  endfacet
  facet normal 0 0 1
    outer loop
      vertex 29.6812 -55.6939 17
      vertex 29.6079 -55.0193 17
      vertex 29.6744 -55.6943 17
    endloop
  endfacet
  facet normal 0 0 1
    outer loop
      vertex 29.6744 -55.6943 17
      vertex 29.6079 -55.0193 17
      vertex 29.6677 -55.6953 17
    endloop
  endfacet
  facet normal -0 0 1
    outer loop
      vertex 29.2196 -55.0769 17
      vertex 29.6677 -55.6953 17
      vertex 29.6079 -55.0193 17
    endloop
  endfacet
  facet normal 0 0 1
    outer loop
      vertex 29.6677 -55.6953 17
      vertex 29.2196 -55.0769 17
      vertex 29.352 -55.7421 17
    endloop
  endfacet
  facet normal 0 0 1
    outer loop
      vertex 29.352 -55.7421 17
      vertex 29.2196 -55.0769 17
      vertex 29.3453 -55.7437 17
    endloop
  endfacet
  facet normal -0 0 1
    outer loop
      vertex 28.8389 -55.1722 17
      vertex 29.3453 -55.7437 17
      vertex 29.2196 -55.0769 17
    endloop
  endfacet
  facet normal 0 0 1
    outer loop
      vertex 29.3453 -55.7437 17
      vertex 28.8389 -55.1722 17
      vertex 29.0358 -55.8213 17
    endloop
  endfacet
  facet normal 0 0 1
    outer loop
      vertex 28.8389 -55.1722 17
      vertex 28.7353 -55.9288 17
      vertex 29.0358 -55.8213 17
    endloop
  endfacet
  facet normal -0 0 1
    outer loop
      vertex 28.4693 -55.3045 17
      vertex 28.7353 -55.9288 17
      vertex 28.8389 -55.1722 17
    endloop
  endfacet
  facet normal 0 0 1
    outer loop
      vertex 28.7353 -55.9288 17
      vertex 28.4693 -55.3045 17
      vertex 28.7288 -55.9311 17
    endloop
  endfacet
  facet normal 0 0 1
    outer loop
      vertex 28.4693 -55.3045 17
      vertex 28.4403 -56.0676 17
      vertex 28.7288 -55.9311 17
    endloop
  endfacet
  facet normal -0 0 1
    outer loop
      vertex 28.1144 -55.4723 17
      vertex 28.4403 -56.0676 17
      vertex 28.4693 -55.3045 17
    endloop
  endfacet
  facet normal 0 0 1
    outer loop
      vertex 28.4403 -56.0676 17
      vertex 28.1144 -55.4723 17
      vertex 28.4341 -56.0705 17
    endloop
  endfacet
  facet normal 0 0 1
    outer loop
      vertex 28.4341 -56.0705 17
      vertex 28.1144 -55.4723 17
      vertex 28.4283 -56.074 17
    endloop
  endfacet
  facet normal -0 0 1
    outer loop
      vertex 27.7777 -55.6741 17
      vertex 28.4283 -56.074 17
      vertex 28.1144 -55.4723 17
    endloop
  endfacet
  facet normal 0 0 1
    outer loop
      vertex 28.4283 -56.074 17
      vertex 27.7777 -55.6741 17
      vertex 28.1545 -56.2381 17
    endloop
  endfacet
  facet normal 0 0 1
    outer loop
      vertex 28.1545 -56.2381 17
      vertex 27.7777 -55.6741 17
      vertex 27.8982 -56.4282 17
    endloop
  endfacet
  facet normal -0 0 1
    outer loop
      vertex 27.4624 -55.908 17
      vertex 27.8982 -56.4282 17
      vertex 27.7777 -55.6741 17
    endloop
  endfacet
  facet normal 0 0 1
    outer loop
      vertex 27.8982 -56.4282 17
      vertex 27.4624 -55.908 17
      vertex 27.8927 -56.4323 17
    endloop
  endfacet
  facet normal 0 0 1
    outer loop
      vertex 27.8927 -56.4323 17
      vertex 27.4624 -55.908 17
      vertex 27.8877 -56.4368 17
    endloop
  endfacet
  facet normal -0 0 1
    outer loop
      vertex 27.1716 -56.1716 17
      vertex 27.8877 -56.4368 17
      vertex 27.4624 -55.908 17
    endloop
  endfacet
  facet normal 0 0 1
    outer loop
      vertex 27.8877 -56.4368 17
      vertex 27.1716 -56.1716 17
      vertex 27.6512 -56.6512 17
    endloop
  endfacet
  facet normal 0 0 1
    outer loop
      vertex 27.6512 -56.6512 17
      vertex 27.1716 -56.1716 17
      vertex 27.4368 -56.8877 17
    endloop
  endfacet
  facet normal -0 0 1
    outer loop
      vertex 26.908 -56.4624 17
      vertex 27.4368 -56.8877 17
      vertex 27.1716 -56.1716 17
    endloop
  endfacet
  facet normal 0 0 1
    outer loop
      vertex 27.4368 -56.8877 17
      vertex 26.908 -56.4624 17
      vertex 27.4323 -56.8927 17
    endloop
  endfacet
  facet normal 0 0 1
    outer loop
      vertex 27.4323 -56.8927 17
      vertex 26.908 -56.4624 17
      vertex 27.4282 -56.8982 17
    endloop
  endfacet
  facet normal -0 0 1
    outer loop
      vertex 26.6741 -56.7777 17
      vertex 27.4282 -56.8982 17
      vertex 26.908 -56.4624 17
    endloop
  endfacet
  facet normal 0 0 1
    outer loop
      vertex 27.4282 -56.8982 17
      vertex 26.6741 -56.7777 17
      vertex 27.2381 -57.1545 17
    endloop
  endfacet
  facet normal 0 0 1
    outer loop
      vertex 27.2381 -57.1545 17
      vertex 26.6741 -56.7777 17
      vertex 27.074 -57.4283 17
    endloop
  endfacet
  facet normal -0 0 1
    outer loop
      vertex 26.4723 -57.1144 17
      vertex 27.074 -57.4283 17
      vertex 26.6741 -56.7777 17
    endloop
  endfacet
  facet normal 0 0 1
    outer loop
      vertex 27.074 -57.4283 17
      vertex 26.4723 -57.1144 17
      vertex 27.0705 -57.4341 17
    endloop
  endfacet
  facet normal 0 0 1
    outer loop
      vertex 27.0705 -57.4341 17
      vertex 26.4723 -57.1144 17
      vertex 27.0676 -57.4403 17
    endloop
  endfacet
  facet normal 0 0 1
    outer loop
      vertex 26.3045 -57.4693 17
      vertex 27.0676 -57.4403 17
      vertex 26.4723 -57.1144 17
    endloop
  endfacet
  facet normal 0 0 1
    outer loop
      vertex 27.0676 -57.4403 17
      vertex 26.3045 -57.4693 17
      vertex 26.9311 -57.7288 17
    endloop
  endfacet
  facet normal 0 0 1
    outer loop
      vertex 26.9311 -57.7288 17
      vertex 26.3045 -57.4693 17
      vertex 26.9288 -57.7353 17
    endloop
  endfacet
  facet normal 0 0 1
    outer loop
      vertex 26.1722 -57.8389 17
      vertex 26.9288 -57.7353 17
      vertex 26.3045 -57.4693 17
    endloop
  endfacet
  facet normal 0 0 1
    outer loop
      vertex 26.9288 -57.7353 17
      vertex 26.1722 -57.8389 17
      vertex 26.8213 -58.0358 17
    endloop
  endfacet
  facet normal 0 0 1
    outer loop
      vertex 26.7437 -58.3453 17
      vertex 26.0769 -58.2196 17
      vertex 26.7421 -58.352 17
    endloop
  endfacet
  facet normal -0 0 1
    outer loop
      vertex 26.0769 -58.2196 17
      vertex 26.7437 -58.3453 17
      vertex 26.1722 -57.8389 17
    endloop
  endfacet
  facet normal 0 0 1
    outer loop
      vertex 26.8213 -58.0358 17
      vertex 26.1722 -57.8389 17
      vertex 26.7437 -58.3453 17
    endloop
  endfacet
  facet normal -0 0 1
    outer loop
      vertex 33.2563 -59.6547 17
      vertex 33.9231 -59.7804 17
      vertex 33.2579 -59.648 17
    endloop
  endfacet
  facet normal 0 0 1
    outer loop
      vertex 33.9231 -59.7804 17
      vertex 33.2563 -59.6547 17
      vertex 33.8278 -60.1611 17
    endloop
  endfacet
  facet normal -0 0 1
    outer loop
      vertex 33.1787 -59.9642 17
      vertex 33.8278 -60.1611 17
      vertex 33.2563 -59.6547 17
    endloop
  endfacet
  facet normal 0 0 1
    outer loop
      vertex 33.0712 -60.2647 17
      vertex 33.8278 -60.1611 17
      vertex 33.1787 -59.9642 17
    endloop
  endfacet
  facet normal 0 0 1
    outer loop
      vertex 33.8278 -60.1611 17
      vertex 33.0712 -60.2647 17
      vertex 33.6955 -60.5307 17
    endloop
  endfacet
  facet normal -0 0 1
    outer loop
      vertex 33.0689 -60.2712 17
      vertex 33.6955 -60.5307 17
      vertex 33.0712 -60.2647 17
    endloop
  endfacet
  facet normal 0 0 1
    outer loop
      vertex 32.9324 -60.5597 17
      vertex 33.6955 -60.5307 17
      vertex 33.0689 -60.2712 17
    endloop
  endfacet
  facet normal 0 0 1
    outer loop
      vertex 33.6955 -60.5307 17
      vertex 32.9324 -60.5597 17
      vertex 33.5277 -60.8856 17
    endloop
  endfacet
  facet normal -0 0 1
    outer loop
      vertex 32.9295 -60.5659 17
      vertex 33.5277 -60.8856 17
      vertex 32.9324 -60.5597 17
    endloop
  endfacet
  facet normal -0 0 1
    outer loop
      vertex 32.926 -60.5717 17
      vertex 33.5277 -60.8856 17
      vertex 32.9295 -60.5659 17
    endloop
  endfacet
  facet normal 0 0 1
    outer loop
      vertex 33.5277 -60.8856 17
      vertex 32.926 -60.5717 17
      vertex 33.3259 -61.2223 17
    endloop
  endfacet
  facet normal -0 0 1
    outer loop
      vertex 32.7619 -60.8455 17
      vertex 33.3259 -61.2223 17
      vertex 32.926 -60.5717 17
    endloop
  endfacet
  facet normal -0 0 1
    outer loop
      vertex 32.5718 -61.1018 17
      vertex 33.3259 -61.2223 17
      vertex 32.7619 -60.8455 17
    endloop
  endfacet
  facet normal 0 0 1
    outer loop
      vertex 33.3259 -61.2223 17
      vertex 32.5718 -61.1018 17
      vertex 33.092 -61.5376 17
    endloop
  endfacet
  facet normal -0 0 1
    outer loop
      vertex 32.5677 -61.1073 17
      vertex 33.092 -61.5376 17
      vertex 32.5718 -61.1018 17
    endloop
  endfacet
  facet normal -0 0 1
    outer loop
      vertex 32.5632 -61.1123 17
      vertex 33.092 -61.5376 17
      vertex 32.5677 -61.1073 17
    endloop
  endfacet
  facet normal 0 0 1
    outer loop
      vertex 33.092 -61.5376 17
      vertex 32.5632 -61.1123 17
      vertex 32.8284 -61.8284 17
    endloop
  endfacet
  facet normal -0 0 1
    outer loop
      vertex 32.3488 -61.3488 17
      vertex 32.8284 -61.8284 17
      vertex 32.5632 -61.1123 17
    endloop
  endfacet
  facet normal -0 0 1
    outer loop
      vertex 32.1123 -61.5632 17
      vertex 32.8284 -61.8284 17
      vertex 32.3488 -61.3488 17
    endloop
  endfacet
  facet normal 0 0 1
    outer loop
      vertex 32.8284 -61.8284 17
      vertex 32.1123 -61.5632 17
      vertex 32.5376 -62.092 17
    endloop
  endfacet
  facet normal -0 0 1
    outer loop
      vertex 32.1073 -61.5677 17
      vertex 32.5376 -62.092 17
      vertex 32.1123 -61.5632 17
    endloop
  endfacet
  facet normal -0 0 1
    outer loop
      vertex 32.1018 -61.5718 17
      vertex 32.5376 -62.092 17
      vertex 32.1073 -61.5677 17
    endloop
  endfacet
  facet normal 0 0 1
    outer loop
      vertex 32.5376 -62.092 17
      vertex 32.1018 -61.5718 17
      vertex 32.2223 -62.3259 17
    endloop
  endfacet
  facet normal -0 0 1
    outer loop
      vertex 31.8455 -61.7619 17
      vertex 32.2223 -62.3259 17
      vertex 32.1018 -61.5718 17
    endloop
  endfacet
  facet normal -0 0 1
    outer loop
      vertex 31.5717 -61.926 17
      vertex 32.2223 -62.3259 17
      vertex 31.8455 -61.7619 17
    endloop
  endfacet
  facet normal 0 0 1
    outer loop
      vertex 32.2223 -62.3259 17
      vertex 31.5717 -61.926 17
      vertex 31.8856 -62.5277 17
    endloop
  endfacet
  facet normal -0 0 1
    outer loop
      vertex 31.5659 -61.9295 17
      vertex 31.8856 -62.5277 17
      vertex 31.5717 -61.926 17
    endloop
  endfacet
  facet normal -0 0 1
    outer loop
      vertex 31.5597 -61.9324 17
      vertex 31.8856 -62.5277 17
      vertex 31.5659 -61.9295 17
    endloop
  endfacet
  facet normal 0 0 1
    outer loop
      vertex 31.5597 -61.9324 17
      vertex 31.5307 -62.6955 17
      vertex 31.8856 -62.5277 17
    endloop
  endfacet
  facet normal -0 0 1
    outer loop
      vertex 31.2712 -62.0689 17
      vertex 31.5307 -62.6955 17
      vertex 31.5597 -61.9324 17
    endloop
  endfacet
  facet normal -0 0 1
    outer loop
      vertex 31.2647 -62.0712 17
      vertex 31.5307 -62.6955 17
      vertex 31.2712 -62.0689 17
    endloop
  endfacet
  facet normal 0 0 1
    outer loop
      vertex 31.2647 -62.0712 17
      vertex 31.1611 -62.8278 17
      vertex 31.5307 -62.6955 17
    endloop
  endfacet
  facet normal -0 0 1
    outer loop
      vertex 30.9642 -62.1787 17
      vertex 31.1611 -62.8278 17
      vertex 31.2647 -62.0712 17
    endloop
  endfacet
  facet normal -0 0 1
    outer loop
      vertex 30.6547 -62.2563 17
      vertex 31.1611 -62.8278 17
      vertex 30.9642 -62.1787 17
    endloop
  endfacet
  facet normal 0 0 1
    outer loop
      vertex 31.1611 -62.8278 17
      vertex 30.6547 -62.2563 17
      vertex 30.7804 -62.9231 17
    endloop
  endfacet
  facet normal -0 0 1
    outer loop
      vertex 30.648 -62.2579 17
      vertex 30.7804 -62.9231 17
      vertex 30.6547 -62.2563 17
    endloop
  endfacet
  facet normal -0 0 1
    outer loop
      vertex 30.3323 -62.3047 17
      vertex 30.7804 -62.9231 17
      vertex 30.648 -62.2579 17
    endloop
  endfacet
  facet normal 0 0 1
    outer loop
      vertex 30.7804 -62.9231 17
      vertex 30.3323 -62.3047 17
      vertex 30.3921 -62.9807 17
    endloop
  endfacet
  facet normal -0 0 1
    outer loop
      vertex 30.3256 -62.3057 17
      vertex 30.3921 -62.9807 17
      vertex 30.3323 -62.3047 17
    endloop
  endfacet
  facet normal -0 0 1
    outer loop
      vertex 30.3188 -62.3061 17
      vertex 30.3921 -62.9807 17
      vertex 30.3256 -62.3057 17
    endloop
  endfacet
  facet normal 0 0 1
    outer loop
      vertex 30 -63 17
      vertex 30.3188 -62.3061 17
      vertex 30 -62.3217 17
    endloop
  endfacet
  facet normal 0 0 1
    outer loop
      vertex 30.3188 -62.3061 17
      vertex 30 -63 17
      vertex 30.3921 -62.9807 17
    endloop
  endfacet
  facet normal 0 0 1
    outer loop
      vertex 29.6812 -62.3061 17
      vertex 30 -63 17
      vertex 30 -62.3217 17
    endloop
  endfacet
  facet normal 0 0 1
    outer loop
      vertex 29.6079 -62.9807 17
      vertex 29.6812 -62.3061 17
      vertex 29.6744 -62.3057 17
    endloop
  endfacet
  facet normal 0 0 1
    outer loop
      vertex 29.6079 -62.9807 17
      vertex 29.6744 -62.3057 17
      vertex 29.6677 -62.3047 17
    endloop
  endfacet
  facet normal 0 0 1
    outer loop
      vertex 29.6812 -62.3061 17
      vertex 29.6079 -62.9807 17
      vertex 30 -63 17
    endloop
  endfacet
  facet normal 0 0 1
    outer loop
      vertex 29.2196 -62.9231 17
      vertex 29.6677 -62.3047 17
      vertex 29.352 -62.2579 17
    endloop
  endfacet
  facet normal 0 0 1
    outer loop
      vertex 29.2196 -62.9231 17
      vertex 29.352 -62.2579 17
      vertex 29.3453 -62.2563 17
    endloop
  endfacet
  facet normal 0 0 1
    outer loop
      vertex 29.6677 -62.3047 17
      vertex 29.2196 -62.9231 17
      vertex 29.6079 -62.9807 17
    endloop
  endfacet
  facet normal 0 0 1
    outer loop
      vertex 28.8389 -62.8278 17
      vertex 29.3453 -62.2563 17
      vertex 29.0358 -62.1787 17
    endloop
  endfacet
  facet normal 0 0 1
    outer loop
      vertex 29.3453 -62.2563 17
      vertex 28.8389 -62.8278 17
      vertex 29.2196 -62.9231 17
    endloop
  endfacet
  facet normal 0 0 1
    outer loop
      vertex 28.7353 -62.0712 17
      vertex 28.8389 -62.8278 17
      vertex 29.0358 -62.1787 17
    endloop
  endfacet
  facet normal 0 0 1
    outer loop
      vertex 28.4693 -62.6955 17
      vertex 28.7353 -62.0712 17
      vertex 28.7288 -62.0689 17
    endloop
  endfacet
  facet normal 0 0 1
    outer loop
      vertex 28.7353 -62.0712 17
      vertex 28.4693 -62.6955 17
      vertex 28.8389 -62.8278 17
    endloop
  endfacet
  facet normal 0 0 1
    outer loop
      vertex 28.4403 -61.9324 17
      vertex 28.4693 -62.6955 17
      vertex 28.7288 -62.0689 17
    endloop
  endfacet
  facet normal 0 0 1
    outer loop
      vertex 28.1144 -62.5277 17
      vertex 28.4403 -61.9324 17
      vertex 28.4341 -61.9295 17
    endloop
  endfacet
  facet normal 0 0 1
    outer loop
      vertex 28.1144 -62.5277 17
      vertex 28.4341 -61.9295 17
      vertex 28.4283 -61.926 17
    endloop
  endfacet
  facet normal 0 0 1
    outer loop
      vertex 27.7777 -62.3259 17
      vertex 28.4283 -61.926 17
      vertex 28.1545 -61.7619 17
    endloop
  endfacet
  facet normal 0 0 1
    outer loop
      vertex 28.4403 -61.9324 17
      vertex 28.1144 -62.5277 17
      vertex 28.4693 -62.6955 17
    endloop
  endfacet
  facet normal 0 0 1
    outer loop
      vertex 27.7777 -62.3259 17
      vertex 28.1545 -61.7619 17
      vertex 27.8982 -61.5718 17
    endloop
  endfacet
  facet normal 0 0 1
    outer loop
      vertex 27.4624 -62.092 17
      vertex 27.8982 -61.5718 17
      vertex 27.8927 -61.5677 17
    endloop
  endfacet
  facet normal 0 0 1
    outer loop
      vertex 27.4624 -62.092 17
      vertex 27.8927 -61.5677 17
      vertex 27.8877 -61.5632 17
    endloop
  endfacet
  facet normal 0 0 1
    outer loop
      vertex 28.4283 -61.926 17
      vertex 27.7777 -62.3259 17
      vertex 28.1144 -62.5277 17
    endloop
  endfacet
  facet normal 0 0 1
    outer loop
      vertex 27.1716 -61.8284 17
      vertex 27.8877 -61.5632 17
      vertex 27.6512 -61.3488 17
    endloop
  endfacet
  facet normal 0 0 1
    outer loop
      vertex 27.8982 -61.5718 17
      vertex 27.4624 -62.092 17
      vertex 27.7777 -62.3259 17
    endloop
  endfacet
  facet normal 0 0 1
    outer loop
      vertex 27.1716 -61.8284 17
      vertex 27.6512 -61.3488 17
      vertex 27.4368 -61.1123 17
    endloop
  endfacet
  facet normal 0 0 1
    outer loop
      vertex 26.908 -61.5376 17
      vertex 27.4368 -61.1123 17
      vertex 27.4323 -61.1073 17
    endloop
  endfacet
  facet normal 0 0 1
    outer loop
      vertex 26.908 -61.5376 17
      vertex 27.4323 -61.1073 17
      vertex 27.4282 -61.1018 17
    endloop
  endfacet
  facet normal 0 0 1
    outer loop
      vertex 26.6741 -61.2223 17
      vertex 27.4282 -61.1018 17
      vertex 27.2381 -60.8455 17
    endloop
  endfacet
  facet normal 0 0 1
    outer loop
      vertex 27.8877 -61.5632 17
      vertex 27.1716 -61.8284 17
      vertex 27.4624 -62.092 17
    endloop
  endfacet
  facet normal 0 0 1
    outer loop
      vertex 26.6741 -61.2223 17
      vertex 27.2381 -60.8455 17
      vertex 27.074 -60.5717 17
    endloop
  endfacet
  facet normal 0 0 1
    outer loop
      vertex 26.4723 -60.8856 17
      vertex 27.074 -60.5717 17
      vertex 27.0705 -60.5659 17
    endloop
  endfacet
  facet normal 0 0 1
    outer loop
      vertex 26.4723 -60.8856 17
      vertex 27.0705 -60.5659 17
      vertex 27.0676 -60.5597 17
    endloop
  endfacet
  facet normal -0 0 1
    outer loop
      vertex 26.3045 -60.5307 17
      vertex 27.0676 -60.5597 17
      vertex 26.9311 -60.2712 17
    endloop
  endfacet
  facet normal 0 0 1
    outer loop
      vertex 26.3045 -60.5307 17
      vertex 26.9311 -60.2712 17
      vertex 26.9288 -60.2647 17
    endloop
  endfacet
  facet normal 0 0 1
    outer loop
      vertex 27.4368 -61.1123 17
      vertex 26.908 -61.5376 17
      vertex 27.1716 -61.8284 17
    endloop
  endfacet
  facet normal -0 0 1
    outer loop
      vertex 26.1722 -60.1611 17
      vertex 26.9288 -60.2647 17
      vertex 26.8213 -59.9642 17
    endloop
  endfacet
  facet normal 0 0 1
    outer loop
      vertex 26.1722 -60.1611 17
      vertex 26.8213 -59.9642 17
      vertex 26.7437 -59.6547 17
    endloop
  endfacet
  facet normal 0 0 1
    outer loop
      vertex 26.0769 -59.7804 17
      vertex 26.7437 -59.6547 17
      vertex 26.7421 -59.648 17
    endloop
  endfacet
  facet normal 0 0 1
    outer loop
      vertex 26.0769 -59.7804 17
      vertex 26.7421 -59.648 17
      vertex 26.6953 -59.3323 17
    endloop
  endfacet
  facet normal 0 0 1
    outer loop
      vertex 26.0193 -59.3921 17
      vertex 26.6953 -59.3323 17
      vertex 26.6943 -59.3256 17
    endloop
  endfacet
  facet normal 0 0 1
    outer loop
      vertex 27.4282 -61.1018 17
      vertex 26.6741 -61.2223 17
      vertex 26.908 -61.5376 17
    endloop
  endfacet
  facet normal 0 0 1
    outer loop
      vertex 26.0193 -59.3921 17
      vertex 26.6943 -59.3256 17
      vertex 26.6939 -59.3188 17
    endloop
  endfacet
  facet normal -0 0 1
    outer loop
      vertex 26 -59 17
      vertex 26.6939 -59.3188 17
      vertex 26.6783 -59 17
    endloop
  endfacet
  facet normal 0 0 1
    outer loop
      vertex 26.7421 -58.352 17
      vertex 26.0769 -58.2196 17
      vertex 26.6953 -58.6677 17
    endloop
  endfacet
  facet normal -0 0 1
    outer loop
      vertex 26.0193 -58.6079 17
      vertex 26.6953 -58.6677 17
      vertex 26.0769 -58.2196 17
    endloop
  endfacet
  facet normal 0 0 1
    outer loop
      vertex 27.074 -60.5717 17
      vertex 26.4723 -60.8856 17
      vertex 26.6741 -61.2223 17
    endloop
  endfacet
  facet normal 0 0 1
    outer loop
      vertex 26.6953 -58.6677 17
      vertex 26.0193 -58.6079 17
      vertex 26.6943 -58.6744 17
    endloop
  endfacet
  facet normal 0 0 1
    outer loop
      vertex 27.0676 -60.5597 17
      vertex 26.3045 -60.5307 17
      vertex 26.4723 -60.8856 17
    endloop
  endfacet
  facet normal 0 0 1
    outer loop
      vertex 26.6943 -58.6744 17
      vertex 26.0193 -58.6079 17
      vertex 26.6939 -58.6812 17
    endloop
  endfacet
  facet normal 0 0 1
    outer loop
      vertex 26.9288 -60.2647 17
      vertex 26.1722 -60.1611 17
      vertex 26.3045 -60.5307 17
    endloop
  endfacet
  facet normal 0 0 1
    outer loop
      vertex 26 -59 17
      vertex 26.6939 -58.6812 17
      vertex 26.0193 -58.6079 17
    endloop
  endfacet
  facet normal 0 0 1
    outer loop
      vertex 26.7437 -59.6547 17
      vertex 26.0769 -59.7804 17
      vertex 26.1722 -60.1611 17
    endloop
  endfacet
  facet normal 0 0 1
    outer loop
      vertex 26.6939 -58.6812 17
      vertex 26 -59 17
      vertex 26.6783 -59 17
    endloop
  endfacet
  facet normal 0 0 1
    outer loop
      vertex 26.6953 -59.3323 17
      vertex 26.0193 -59.3921 17
      vertex 26.0769 -59.7804 17
    endloop
  endfacet
  facet normal 0 0 1
    outer loop
      vertex 26.6939 -59.3188 17
      vertex 26 -59 17
      vertex 26.0193 -59.3921 17
    endloop
  endfacet
  facet normal -0.0491626 -0.998791 0
    outer loop
      vertex 29.6079 -62.9807 4
      vertex 30 -63 17
      vertex 29.6079 -62.9807 17
    endloop
  endfacet
  facet normal -0.0491626 -0.998791 -0
    outer loop
      vertex 30 -63 17
      vertex 29.6079 -62.9807 4
      vertex 30 -63 4
    endloop
  endfacet
  facet normal -0.998791 0.0491626 0
    outer loop
      vertex 26 -59 2.4
      vertex 26.0193 -58.6079 17
      vertex 26.0193 -58.6079 2.4
    endloop
  endfacet
  facet normal -0.998791 0.0491626 0
    outer loop
      vertex 26.0193 -58.6079 17
      vertex 26 -59 2.4
      vertex 26 -59 17
    endloop
  endfacet
  facet normal 0.740908 -0.671607 0
    outer loop
      vertex 32.8284 -61.8284 17
      vertex 33.092 -61.5376 2.4
      vertex 33.092 -61.5376 17
    endloop
  endfacet
  facet normal 0.740908 -0.671607 0
    outer loop
      vertex 33.092 -61.5376 2.4
      vertex 32.8284 -61.8284 17
      vertex 32.8284 -61.8284 2.4
    endloop
  endfacet
  facet normal -0.98921 -0.146502 0
    outer loop
      vertex 31.5923 -58.8432 2.4
      vertex 31.5693 -58.6879 14.8
      vertex 31.5693 -58.6879 2.4
    endloop
  endfacet
  facet normal -0.98921 -0.146502 0
    outer loop
      vertex 31.5693 -58.6879 14.8
      vertex 31.5923 -58.8432 2.4
      vertex 31.5923 -58.8432 14.8
    endloop
  endfacet
  facet normal -0.998796 -0.049048 0
    outer loop
      vertex 31.6 -59 2.4
      vertex 31.5923 -58.8432 14.8
      vertex 31.5923 -58.8432 2.4
    endloop
  endfacet
  facet normal -0.998796 -0.049048 0
    outer loop
      vertex 31.5923 -58.8432 14.8
      vertex 31.6 -59 2.4
      vertex 31.6 -59 14.8
    endloop
  endfacet
  facet normal -0.969993 -0.243135 0
    outer loop
      vertex 31.5693 -58.6879 2.4
      vertex 31.5311 -58.5355 14.8
      vertex 31.5311 -58.5355 2.4
    endloop
  endfacet
  facet normal -0.969993 -0.243135 0
    outer loop
      vertex 31.5311 -58.5355 14.8
      vertex 31.5693 -58.6879 2.4
      vertex 31.5693 -58.6879 14.8
    endloop
  endfacet
  facet normal -0.427484 -0.904023 0
    outer loop
      vertex 30.6123 -57.5218 2.4
      vertex 30.7542 -57.5889 14.8
      vertex 30.6123 -57.5218 14.8
    endloop
  endfacet
  facet normal -0.427484 -0.904023 -0
    outer loop
      vertex 30.7542 -57.5889 14.8
      vertex 30.6123 -57.5218 2.4
      vertex 30.7542 -57.5889 2.4
    endloop
  endfacet
  facet normal 0.243135 0.969993 -0
    outer loop
      vertex 29.6879 -60.5693 2.4
      vertex 29.5355 -60.5311 14.8
      vertex 29.6879 -60.5693 14.8
    endloop
  endfacet
  facet normal 0.243135 0.969993 0
    outer loop
      vertex 29.5355 -60.5311 14.8
      vertex 29.6879 -60.5693 2.4
      vertex 29.5355 -60.5311 2.4
    endloop
  endfacet
  facet normal 0.85783 0.513934 0
    outer loop
      vertex 28.6696 -59.8889 14.8
      vertex 28.5889 -59.7542 2.4
      vertex 28.5889 -59.7542 14.8
    endloop
  endfacet
  facet normal 0.85783 0.513934 0
    outer loop
      vertex 28.5889 -59.7542 2.4
      vertex 28.6696 -59.8889 14.8
      vertex 28.6696 -59.8889 2.4
    endloop
  endfacet
  facet normal -0.146502 0.98921 0
    outer loop
      vertex 30.3121 -60.5693 2.4
      vertex 30.1568 -60.5923 14.8
      vertex 30.3121 -60.5693 14.8
    endloop
  endfacet
  facet normal -0.146502 0.98921 0
    outer loop
      vertex 30.1568 -60.5923 14.8
      vertex 30.3121 -60.5693 2.4
      vertex 30.1568 -60.5923 2.4
    endloop
  endfacet
  facet normal -0.741264 -0.671213 0
    outer loop
      vertex 31.2368 -57.985 2.4
      vertex 31.1314 -57.8686 14.8
      vertex 31.1314 -57.8686 2.4
    endloop
  endfacet
  facet normal -0.741264 -0.671213 0
    outer loop
      vertex 31.1314 -57.8686 14.8
      vertex 31.2368 -57.985 2.4
      vertex 31.2368 -57.985 14.8
    endloop
  endfacet
  facet normal 0.513934 -0.85783 0
    outer loop
      vertex 29.1111 -57.6696 2.4
      vertex 29.2458 -57.5889 14.8
      vertex 29.1111 -57.6696 14.8
    endloop
  endfacet
  facet normal 0.513934 -0.85783 0
    outer loop
      vertex 29.2458 -57.5889 14.8
      vertex 29.1111 -57.6696 2.4
      vertex 29.2458 -57.5889 2.4
    endloop
  endfacet
  facet normal -0.741264 0.671213 0
    outer loop
      vertex 31.1314 -60.1314 2.4
      vertex 31.2368 -60.015 14.8
      vertex 31.2368 -60.015 2.4
    endloop
  endfacet
  facet normal -0.741264 0.671213 0
    outer loop
      vertex 31.2368 -60.015 14.8
      vertex 31.1314 -60.1314 2.4
      vertex 31.1314 -60.1314 14.8
    endloop
  endfacet
  facet normal -0.513934 0.85783 0
    outer loop
      vertex 30.8889 -60.3304 2.4
      vertex 30.7542 -60.4111 14.8
      vertex 30.8889 -60.3304 14.8
    endloop
  endfacet
  facet normal -0.513934 0.85783 0
    outer loop
      vertex 30.7542 -60.4111 14.8
      vertex 30.8889 -60.3304 2.4
      vertex 30.7542 -60.4111 2.4
    endloop
  endfacet
  facet normal -0.243135 -0.969993 0
    outer loop
      vertex 30.3121 -57.4307 2.4
      vertex 30.4645 -57.4689 14.8
      vertex 30.3121 -57.4307 14.8
    endloop
  endfacet
  facet normal -0.243135 -0.969993 -0
    outer loop
      vertex 30.4645 -57.4689 14.8
      vertex 30.3121 -57.4307 2.4
      vertex 30.4645 -57.4689 2.4
    endloop
  endfacet
  facet normal 0.98921 -0.146502 0
    outer loop
      vertex 28.4077 -58.8432 14.8
      vertex 28.4307 -58.6879 2.4
      vertex 28.4307 -58.6879 14.8
    endloop
  endfacet
  facet normal 0.98921 -0.146502 0
    outer loop
      vertex 28.4307 -58.6879 2.4
      vertex 28.4077 -58.8432 14.8
      vertex 28.4077 -58.8432 2.4
    endloop
  endfacet
  facet normal -0.85783 -0.513934 0
    outer loop
      vertex 31.4111 -58.2458 2.4
      vertex 31.3304 -58.1111 14.8
      vertex 31.3304 -58.1111 2.4
    endloop
  endfacet
  facet normal -0.85783 -0.513934 0
    outer loop
      vertex 31.3304 -58.1111 14.8
      vertex 31.4111 -58.2458 2.4
      vertex 31.4111 -58.2458 14.8
    endloop
  endfacet
  facet normal -0.969993 0.243135 0
    outer loop
      vertex 31.5311 -59.4645 2.4
      vertex 31.5693 -59.3121 14.8
      vertex 31.5693 -59.3121 2.4
    endloop
  endfacet
  facet normal -0.969993 0.243135 0
    outer loop
      vertex 31.5693 -59.3121 14.8
      vertex 31.5311 -59.4645 2.4
      vertex 31.5311 -59.4645 14.8
    endloop
  endfacet
  facet normal 0.146502 0.98921 -0
    outer loop
      vertex 29.8432 -60.5923 2.4
      vertex 29.6879 -60.5693 14.8
      vertex 29.8432 -60.5923 14.8
    endloop
  endfacet
  facet normal 0.146502 0.98921 0
    outer loop
      vertex 29.6879 -60.5693 14.8
      vertex 29.8432 -60.5923 2.4
      vertex 29.6879 -60.5693 2.4
    endloop
  endfacet
  facet normal 0.998796 0.049048 0
    outer loop
      vertex 28.4077 -59.1568 14.8
      vertex 28.4 -59 2.4
      vertex 28.4 -59 14.8
    endloop
  endfacet
  facet normal 0.998796 0.049048 0
    outer loop
      vertex 28.4 -59 2.4
      vertex 28.4077 -59.1568 14.8
      vertex 28.4077 -59.1568 2.4
    endloop
  endfacet
  facet normal -0.146502 -0.98921 0
    outer loop
      vertex 30.1568 -57.4077 2.4
      vertex 30.3121 -57.4307 14.8
      vertex 30.1568 -57.4077 14.8
    endloop
  endfacet
  facet normal -0.146502 -0.98921 -0
    outer loop
      vertex 30.3121 -57.4307 14.8
      vertex 30.1568 -57.4077 2.4
      vertex 30.3121 -57.4307 2.4
    endloop
  endfacet
  facet normal -0.941511 -0.336982 0
    outer loop
      vertex 31.5311 -58.5355 2.4
      vertex 31.4782 -58.3877 14.8
      vertex 31.4782 -58.3877 2.4
    endloop
  endfacet
  facet normal -0.941511 -0.336982 0
    outer loop
      vertex 31.4782 -58.3877 14.8
      vertex 31.5311 -58.5355 2.4
      vertex 31.5311 -58.5355 14.8
    endloop
  endfacet
  facet normal -0.671213 -0.741264 0
    outer loop
      vertex 31.015 -57.7632 2.4
      vertex 31.1314 -57.8686 14.8
      vertex 31.015 -57.7632 14.8
    endloop
  endfacet
  facet normal -0.671213 -0.741264 -0
    outer loop
      vertex 31.1314 -57.8686 14.8
      vertex 31.015 -57.7632 2.4
      vertex 31.1314 -57.8686 2.4
    endloop
  endfacet
  facet normal 0.741264 -0.671213 0
    outer loop
      vertex 28.7632 -57.985 14.8
      vertex 28.8686 -57.8686 2.4
      vertex 28.8686 -57.8686 14.8
    endloop
  endfacet
  facet normal 0.741264 -0.671213 0
    outer loop
      vertex 28.8686 -57.8686 2.4
      vertex 28.7632 -57.985 14.8
      vertex 28.7632 -57.985 2.4
    endloop
  endfacet
  facet normal 0.969993 0.243135 0
    outer loop
      vertex 28.4689 -59.4645 14.8
      vertex 28.4307 -59.3121 2.4
      vertex 28.4307 -59.3121 14.8
    endloop
  endfacet
  facet normal 0.969993 0.243135 0
    outer loop
      vertex 28.4307 -59.3121 2.4
      vertex 28.4689 -59.4645 14.8
      vertex 28.4689 -59.4645 2.4
    endloop
  endfacet
  facet normal 0.336982 -0.941511 0
    outer loop
      vertex 29.3877 -57.5218 2.4
      vertex 29.5355 -57.4689 14.8
      vertex 29.3877 -57.5218 14.8
    endloop
  endfacet
  facet normal 0.336982 -0.941511 0
    outer loop
      vertex 29.5355 -57.4689 14.8
      vertex 29.3877 -57.5218 2.4
      vertex 29.5355 -57.4689 2.4
    endloop
  endfacet
  facet normal 0.941511 0.336982 0
    outer loop
      vertex 28.5218 -59.6123 14.8
      vertex 28.4689 -59.4645 2.4
      vertex 28.4689 -59.4645 14.8
    endloop
  endfacet
  facet normal 0.941511 0.336982 0
    outer loop
      vertex 28.4689 -59.4645 2.4
      vertex 28.5218 -59.6123 14.8
      vertex 28.5218 -59.6123 2.4
    endloop
  endfacet
  facet normal -0.336982 -0.941511 0
    outer loop
      vertex 30.4645 -57.4689 2.4
      vertex 30.6123 -57.5218 14.8
      vertex 30.4645 -57.4689 14.8
    endloop
  endfacet
  facet normal -0.336982 -0.941511 -0
    outer loop
      vertex 30.6123 -57.5218 14.8
      vertex 30.4645 -57.4689 2.4
      vertex 30.6123 -57.5218 2.4
    endloop
  endfacet
  facet normal 0.80297 -0.596019 0
    outer loop
      vertex 28.6696 -58.1111 14.8
      vertex 28.7632 -57.985 2.4
      vertex 28.7632 -57.985 14.8
    endloop
  endfacet
  facet normal 0.80297 -0.596019 0
    outer loop
      vertex 28.7632 -57.985 2.4
      vertex 28.6696 -58.1111 14.8
      vertex 28.6696 -58.1111 2.4
    endloop
  endfacet
  facet normal -0.80297 -0.596019 0
    outer loop
      vertex 31.3304 -58.1111 2.4
      vertex 31.2368 -57.985 14.8
      vertex 31.2368 -57.985 2.4
    endloop
  endfacet
  facet normal -0.80297 -0.596019 0
    outer loop
      vertex 31.2368 -57.985 14.8
      vertex 31.3304 -58.1111 2.4
      vertex 31.3304 -58.1111 14.8
    endloop
  endfacet
  facet normal 0.969993 -0.243135 0
    outer loop
      vertex 28.4307 -58.6879 14.8
      vertex 28.4689 -58.5355 2.4
      vertex 28.4689 -58.5355 14.8
    endloop
  endfacet
  facet normal 0.969993 -0.243135 0
    outer loop
      vertex 28.4689 -58.5355 2.4
      vertex 28.4307 -58.6879 14.8
      vertex 28.4307 -58.6879 2.4
    endloop
  endfacet
  facet normal 0.671213 -0.741264 0
    outer loop
      vertex 28.8686 -57.8686 2.4
      vertex 28.985 -57.7632 14.8
      vertex 28.8686 -57.8686 14.8
    endloop
  endfacet
  facet normal 0.671213 -0.741264 0
    outer loop
      vertex 28.985 -57.7632 14.8
      vertex 28.8686 -57.8686 2.4
      vertex 28.985 -57.7632 2.4
    endloop
  endfacet
  facet normal -0.427484 0.904023 0
    outer loop
      vertex 30.7542 -60.4111 2.4
      vertex 30.6123 -60.4782 14.8
      vertex 30.7542 -60.4111 14.8
    endloop
  endfacet
  facet normal -0.427484 0.904023 0
    outer loop
      vertex 30.6123 -60.4782 14.8
      vertex 30.7542 -60.4111 2.4
      vertex 30.6123 -60.4782 2.4
    endloop
  endfacet
  facet normal 0.243135 -0.969993 0
    outer loop
      vertex 29.5355 -57.4689 2.4
      vertex 29.6879 -57.4307 14.8
      vertex 29.5355 -57.4689 14.8
    endloop
  endfacet
  facet normal 0.243135 -0.969993 0
    outer loop
      vertex 29.6879 -57.4307 14.8
      vertex 29.5355 -57.4689 2.4
      vertex 29.6879 -57.4307 2.4
    endloop
  endfacet
  facet normal 0.941511 -0.336982 0
    outer loop
      vertex 28.4689 -58.5355 14.8
      vertex 28.5218 -58.3877 2.4
      vertex 28.5218 -58.3877 14.8
    endloop
  endfacet
  facet normal 0.941511 -0.336982 0
    outer loop
      vertex 28.5218 -58.3877 2.4
      vertex 28.4689 -58.5355 14.8
      vertex 28.4689 -58.5355 2.4
    endloop
  endfacet
  facet normal -0.513934 -0.85783 0
    outer loop
      vertex 30.7542 -57.5889 2.4
      vertex 30.8889 -57.6696 14.8
      vertex 30.7542 -57.5889 14.8
    endloop
  endfacet
  facet normal -0.513934 -0.85783 -0
    outer loop
      vertex 30.8889 -57.6696 14.8
      vertex 30.7542 -57.5889 2.4
      vertex 30.8889 -57.6696 2.4
    endloop
  endfacet
  facet normal 0.513934 0.85783 -0
    outer loop
      vertex 29.2458 -60.4111 2.4
      vertex 29.1111 -60.3304 14.8
      vertex 29.2458 -60.4111 14.8
    endloop
  endfacet
  facet normal 0.513934 0.85783 0
    outer loop
      vertex 29.1111 -60.3304 14.8
      vertex 29.2458 -60.4111 2.4
      vertex 29.1111 -60.3304 2.4
    endloop
  endfacet
  facet normal 0.596019 -0.80297 0
    outer loop
      vertex 28.985 -57.7632 2.4
      vertex 29.1111 -57.6696 14.8
      vertex 28.985 -57.7632 14.8
    endloop
  endfacet
  facet normal 0.596019 -0.80297 0
    outer loop
      vertex 29.1111 -57.6696 14.8
      vertex 28.985 -57.7632 2.4
      vertex 29.1111 -57.6696 2.4
    endloop
  endfacet
  facet normal 0.049048 -0.998796 0
    outer loop
      vertex 29.8432 -57.4077 2.4
      vertex 30 -57.4 14.8
      vertex 29.8432 -57.4077 14.8
    endloop
  endfacet
  facet normal 0.049048 -0.998796 0
    outer loop
      vertex 30 -57.4 14.8
      vertex 29.8432 -57.4077 2.4
      vertex 30 -57.4 2.4
    endloop
  endfacet
  facet normal -0.049048 0.998796 0
    outer loop
      vertex 30.1568 -60.5923 2.4
      vertex 30 -60.6 14.8
      vertex 30.1568 -60.5923 14.8
    endloop
  endfacet
  facet normal -0.049048 0.998796 0
    outer loop
      vertex 30 -60.6 14.8
      vertex 30.1568 -60.5923 2.4
      vertex 30 -60.6 2.4
    endloop
  endfacet
  facet normal -0.941511 0.336982 0
    outer loop
      vertex 31.4782 -59.6123 2.4
      vertex 31.5311 -59.4645 14.8
      vertex 31.5311 -59.4645 2.4
    endloop
  endfacet
  facet normal -0.941511 0.336982 0
    outer loop
      vertex 31.5311 -59.4645 14.8
      vertex 31.4782 -59.6123 2.4
      vertex 31.4782 -59.6123 14.8
    endloop
  endfacet
  facet normal -0.80297 0.596019 0
    outer loop
      vertex 31.2368 -60.015 2.4
      vertex 31.3304 -59.8889 14.8
      vertex 31.3304 -59.8889 2.4
    endloop
  endfacet
  facet normal -0.80297 0.596019 0
    outer loop
      vertex 31.3304 -59.8889 14.8
      vertex 31.2368 -60.015 2.4
      vertex 31.2368 -60.015 14.8
    endloop
  endfacet
  facet normal -0.98921 0.146502 0
    outer loop
      vertex 31.5693 -59.3121 2.4
      vertex 31.5923 -59.1568 14.8
      vertex 31.5923 -59.1568 2.4
    endloop
  endfacet
  facet normal -0.98921 0.146502 0
    outer loop
      vertex 31.5923 -59.1568 14.8
      vertex 31.5693 -59.3121 2.4
      vertex 31.5693 -59.3121 14.8
    endloop
  endfacet
  facet normal 0.85783 -0.513934 0
    outer loop
      vertex 28.5889 -58.2458 14.8
      vertex 28.6696 -58.1111 2.4
      vertex 28.6696 -58.1111 14.8
    endloop
  endfacet
  facet normal 0.85783 -0.513934 0
    outer loop
      vertex 28.6696 -58.1111 2.4
      vertex 28.5889 -58.2458 14.8
      vertex 28.5889 -58.2458 2.4
    endloop
  endfacet
  facet normal -0.904023 -0.427484 0
    outer loop
      vertex 31.4782 -58.3877 2.4
      vertex 31.4111 -58.2458 14.8
      vertex 31.4111 -58.2458 2.4
    endloop
  endfacet
  facet normal -0.904023 -0.427484 0
    outer loop
      vertex 31.4111 -58.2458 14.8
      vertex 31.4782 -58.3877 2.4
      vertex 31.4782 -58.3877 14.8
    endloop
  endfacet
  facet normal 0.427484 -0.904023 0
    outer loop
      vertex 29.2458 -57.5889 2.4
      vertex 29.3877 -57.5218 14.8
      vertex 29.2458 -57.5889 14.8
    endloop
  endfacet
  facet normal 0.427484 -0.904023 0
    outer loop
      vertex 29.3877 -57.5218 14.8
      vertex 29.2458 -57.5889 2.4
      vertex 29.3877 -57.5218 2.4
    endloop
  endfacet
  facet normal -0.596019 0.80297 0
    outer loop
      vertex 31.015 -60.2368 2.4
      vertex 30.8889 -60.3304 14.8
      vertex 31.015 -60.2368 14.8
    endloop
  endfacet
  facet normal -0.596019 0.80297 0
    outer loop
      vertex 30.8889 -60.3304 14.8
      vertex 31.015 -60.2368 2.4
      vertex 30.8889 -60.3304 2.4
    endloop
  endfacet
  facet normal -0.596019 -0.80297 0
    outer loop
      vertex 30.8889 -57.6696 2.4
      vertex 31.015 -57.7632 14.8
      vertex 30.8889 -57.6696 14.8
    endloop
  endfacet
  facet normal -0.596019 -0.80297 -0
    outer loop
      vertex 31.015 -57.7632 14.8
      vertex 30.8889 -57.6696 2.4
      vertex 31.015 -57.7632 2.4
    endloop
  endfacet
  facet normal 0.671213 0.741264 -0
    outer loop
      vertex 28.985 -60.2368 2.4
      vertex 28.8686 -60.1314 14.8
      vertex 28.985 -60.2368 14.8
    endloop
  endfacet
  facet normal 0.671213 0.741264 0
    outer loop
      vertex 28.8686 -60.1314 14.8
      vertex 28.985 -60.2368 2.4
      vertex 28.8686 -60.1314 2.4
    endloop
  endfacet
  facet normal -0.998796 0.049048 0
    outer loop
      vertex 31.5923 -59.1568 2.4
      vertex 31.6 -59 14.8
      vertex 31.6 -59 2.4
    endloop
  endfacet
  facet normal -0.998796 0.049048 0
    outer loop
      vertex 31.6 -59 14.8
      vertex 31.5923 -59.1568 2.4
      vertex 31.5923 -59.1568 14.8
    endloop
  endfacet
  facet normal 0.80297 0.596019 0
    outer loop
      vertex 28.7632 -60.015 14.8
      vertex 28.6696 -59.8889 2.4
      vertex 28.6696 -59.8889 14.8
    endloop
  endfacet
  facet normal 0.80297 0.596019 0
    outer loop
      vertex 28.6696 -59.8889 2.4
      vertex 28.7632 -60.015 14.8
      vertex 28.7632 -60.015 2.4
    endloop
  endfacet
  facet normal 0.904023 0.427484 0
    outer loop
      vertex 28.5889 -59.7542 14.8
      vertex 28.5218 -59.6123 2.4
      vertex 28.5218 -59.6123 14.8
    endloop
  endfacet
  facet normal 0.904023 0.427484 0
    outer loop
      vertex 28.5218 -59.6123 2.4
      vertex 28.5889 -59.7542 14.8
      vertex 28.5889 -59.7542 2.4
    endloop
  endfacet
  facet normal -0.049048 -0.998796 0
    outer loop
      vertex 30 -57.4 2.4
      vertex 30.1568 -57.4077 14.8
      vertex 30 -57.4 14.8
    endloop
  endfacet
  facet normal -0.049048 -0.998796 -0
    outer loop
      vertex 30.1568 -57.4077 14.8
      vertex 30 -57.4 2.4
      vertex 30.1568 -57.4077 2.4
    endloop
  endfacet
  facet normal 0.427484 0.904023 -0
    outer loop
      vertex 29.3877 -60.4782 2.4
      vertex 29.2458 -60.4111 14.8
      vertex 29.3877 -60.4782 14.8
    endloop
  endfacet
  facet normal 0.427484 0.904023 0
    outer loop
      vertex 29.2458 -60.4111 14.8
      vertex 29.3877 -60.4782 2.4
      vertex 29.2458 -60.4111 2.4
    endloop
  endfacet
  facet normal 0.146502 -0.98921 0
    outer loop
      vertex 29.6879 -57.4307 2.4
      vertex 29.8432 -57.4077 14.8
      vertex 29.6879 -57.4307 14.8
    endloop
  endfacet
  facet normal 0.146502 -0.98921 0
    outer loop
      vertex 29.8432 -57.4077 14.8
      vertex 29.6879 -57.4307 2.4
      vertex 29.8432 -57.4077 2.4
    endloop
  endfacet
  facet normal 0.98921 0.146502 0
    outer loop
      vertex 28.4307 -59.3121 14.8
      vertex 28.4077 -59.1568 2.4
      vertex 28.4077 -59.1568 14.8
    endloop
  endfacet
  facet normal 0.98921 0.146502 0
    outer loop
      vertex 28.4077 -59.1568 2.4
      vertex 28.4307 -59.3121 14.8
      vertex 28.4307 -59.3121 2.4
    endloop
  endfacet
  facet normal -0.336982 0.941511 0
    outer loop
      vertex 30.6123 -60.4782 2.4
      vertex 30.4645 -60.5311 14.8
      vertex 30.6123 -60.4782 14.8
    endloop
  endfacet
  facet normal -0.336982 0.941511 0
    outer loop
      vertex 30.4645 -60.5311 14.8
      vertex 30.6123 -60.4782 2.4
      vertex 30.4645 -60.5311 2.4
    endloop
  endfacet
  facet normal -0.243135 0.969993 0
    outer loop
      vertex 30.4645 -60.5311 2.4
      vertex 30.3121 -60.5693 14.8
      vertex 30.4645 -60.5311 14.8
    endloop
  endfacet
  facet normal -0.243135 0.969993 0
    outer loop
      vertex 30.3121 -60.5693 14.8
      vertex 30.4645 -60.5311 2.4
      vertex 30.3121 -60.5693 2.4
    endloop
  endfacet
  facet normal 0.904023 -0.427484 0
    outer loop
      vertex 28.5218 -58.3877 14.8
      vertex 28.5889 -58.2458 2.4
      vertex 28.5889 -58.2458 14.8
    endloop
  endfacet
  facet normal 0.904023 -0.427484 0
    outer loop
      vertex 28.5889 -58.2458 2.4
      vertex 28.5218 -58.3877 14.8
      vertex 28.5218 -58.3877 2.4
    endloop
  endfacet
  facet normal 0.741264 0.671213 0
    outer loop
      vertex 28.8686 -60.1314 14.8
      vertex 28.7632 -60.015 2.4
      vertex 28.7632 -60.015 14.8
    endloop
  endfacet
  facet normal 0.741264 0.671213 0
    outer loop
      vertex 28.7632 -60.015 2.4
      vertex 28.8686 -60.1314 14.8
      vertex 28.8686 -60.1314 2.4
    endloop
  endfacet
  facet normal 0.596019 0.80297 -0
    outer loop
      vertex 29.1111 -60.3304 2.4
      vertex 28.985 -60.2368 14.8
      vertex 29.1111 -60.3304 14.8
    endloop
  endfacet
  facet normal 0.596019 0.80297 0
    outer loop
      vertex 28.985 -60.2368 14.8
      vertex 29.1111 -60.3304 2.4
      vertex 28.985 -60.2368 2.4
    endloop
  endfacet
  facet normal -0.904023 0.427484 0
    outer loop
      vertex 31.4111 -59.7542 2.4
      vertex 31.4782 -59.6123 14.8
      vertex 31.4782 -59.6123 2.4
    endloop
  endfacet
  facet normal -0.904023 0.427484 0
    outer loop
      vertex 31.4782 -59.6123 14.8
      vertex 31.4111 -59.7542 2.4
      vertex 31.4111 -59.7542 14.8
    endloop
  endfacet
  facet normal -0.85783 0.513934 0
    outer loop
      vertex 31.3304 -59.8889 2.4
      vertex 31.4111 -59.7542 14.8
      vertex 31.4111 -59.7542 2.4
    endloop
  endfacet
  facet normal -0.85783 0.513934 0
    outer loop
      vertex 31.4111 -59.7542 14.8
      vertex 31.3304 -59.8889 2.4
      vertex 31.3304 -59.8889 14.8
    endloop
  endfacet
  facet normal 0.049048 0.998796 -0
    outer loop
      vertex 30 -60.6 2.4
      vertex 29.8432 -60.5923 14.8
      vertex 30 -60.6 14.8
    endloop
  endfacet
  facet normal 0.049048 0.998796 0
    outer loop
      vertex 29.8432 -60.5923 14.8
      vertex 30 -60.6 2.4
      vertex 29.8432 -60.5923 2.4
    endloop
  endfacet
  facet normal 0.998796 -0.049048 0
    outer loop
      vertex 28.4 -59 14.8
      vertex 28.4077 -58.8432 2.4
      vertex 28.4077 -58.8432 14.8
    endloop
  endfacet
  facet normal 0.998796 -0.049048 0
    outer loop
      vertex 28.4077 -58.8432 2.4
      vertex 28.4 -59 14.8
      vertex 28.4 -59 2.4
    endloop
  endfacet
  facet normal 0.336982 0.941511 -0
    outer loop
      vertex 29.5355 -60.5311 2.4
      vertex 29.3877 -60.4782 14.8
      vertex 29.5355 -60.5311 14.8
    endloop
  endfacet
  facet normal 0.336982 0.941511 0
    outer loop
      vertex 29.3877 -60.4782 14.8
      vertex 29.5355 -60.5311 2.4
      vertex 29.3877 -60.4782 2.4
    endloop
  endfacet
  facet normal -0.671213 0.741264 0
    outer loop
      vertex 31.1314 -60.1314 2.4
      vertex 31.015 -60.2368 14.8
      vertex 31.1314 -60.1314 14.8
    endloop
  endfacet
  facet normal -0.671213 0.741264 0
    outer loop
      vertex 31.015 -60.2368 14.8
      vertex 31.1314 -60.1314 2.4
      vertex 31.015 -60.2368 2.4
    endloop
  endfacet
  facet normal -0.115425 -0.779368 0.615843
    outer loop
      vertex 30.3121 -57.4307 14.8
      vertex 30.3256 -55.6943 17
      vertex 30.1568 -57.4077 14.8
    endloop
  endfacet
  facet normal -0.116311 -0.779285 0.615782
    outer loop
      vertex 30.3256 -55.6943 17
      vertex 30.3121 -57.4307 14.8
      vertex 30.3323 -55.6953 17
    endloop
  endfacet
  facet normal -0.675851 0.404908 0.615853
    outer loop
      vertex 31.3304 -59.8889 14.8
      vertex 32.9295 -60.5659 17
      vertex 31.4111 -59.7542 14.8
    endloop
  endfacet
  facet normal -0.674673 0.40713 0.61568
    outer loop
      vertex 32.9295 -60.5659 17
      vertex 31.3304 -59.8889 14.8
      vertex 32.926 -60.5717 17
    endloop
  endfacet
  facet normal -0.786928 -0.0385071 0.615842
    outer loop
      vertex 33.3217 -59 17
      vertex 33.3061 -58.6812 17
      vertex 31.6 -59 14.8
    endloop
  endfacet
  facet normal -0.786386 -0.046258 0.616001
    outer loop
      vertex 31.5923 -58.8432 14.8
      vertex 33.3061 -58.6812 17
      vertex 33.3057 -58.6744 17
    endloop
  endfacet
  facet normal -0.786914 -0.0386431 0.615852
    outer loop
      vertex 33.3061 -58.6812 17
      vertex 31.5923 -58.8432 14.8
      vertex 31.6 -59 14.8
    endloop
  endfacet
  facet normal -0.764212 0.191608 0.615846
    outer loop
      vertex 33.1787 -59.9642 17
      vertex 33.2563 -59.6547 17
      vertex 31.5311 -59.4645 14.8
    endloop
  endfacet
  facet normal 0.333835 -0.713716 0.615763
    outer loop
      vertex 29.2458 -57.5889 14.8
      vertex 28.4403 -56.0676 17
      vertex 28.4341 -56.0705 17
    endloop
  endfacet
  facet normal 0.336802 -0.712254 0.615839
    outer loop
      vertex 28.4403 -56.0676 17
      vertex 29.2458 -57.5889 14.8
      vertex 29.3877 -57.5218 14.8
    endloop
  endfacet
  facet normal 0.712172 0.336955 0.615851
    outer loop
      vertex 27.0676 -60.5597 17
      vertex 28.5218 -59.6123 14.8
      vertex 26.9311 -60.2712 17
    endloop
  endfacet
  facet normal -0.779359 0.115534 0.615834
    outer loop
      vertex 33.2579 -59.648 17
      vertex 33.3047 -59.3323 17
      vertex 31.5693 -59.3121 14.8
    endloop
  endfacet
  facet normal -0.712254 0.336802 0.615839
    outer loop
      vertex 31.4111 -59.7542 14.8
      vertex 32.9324 -60.5597 17
      vertex 31.4782 -59.6123 14.8
    endloop
  endfacet
  facet normal -0.713716 0.333835 0.615763
    outer loop
      vertex 32.9324 -60.5597 17
      vertex 31.4111 -59.7542 14.8
      vertex 32.9295 -60.5659 17
    endloop
  endfacet
  facet normal 0.469577 0.632625 0.615859
    outer loop
      vertex 28.985 -60.2368 14.8
      vertex 27.8982 -61.5718 17
      vertex 29.1111 -60.3304 14.8
    endloop
  endfacet
  facet normal 0.470858 0.631639 0.615894
    outer loop
      vertex 27.8982 -61.5718 17
      vertex 28.985 -60.2368 14.8
      vertex 27.8927 -61.5677 17
    endloop
  endfacet
  facet normal 0.76589 -0.182899 0.616409
    outer loop
      vertex 26.7421 -58.352 17
      vertex 28.4689 -58.5355 14.8
      vertex 26.7437 -58.3453 17
    endloop
  endfacet
  facet normal 0.764235 -0.19156 0.615833
    outer loop
      vertex 28.4689 -58.5355 14.8
      vertex 26.7421 -58.352 17
      vertex 28.4307 -58.6879 14.8
    endloop
  endfacet
  facet normal 0.0386431 0.786914 0.615852
    outer loop
      vertex 29.8432 -60.5923 14.8
      vertex 29.6812 -62.3061 17
      vertex 30 -60.6 14.8
    endloop
  endfacet
  facet normal 0.046258 0.786386 0.616001
    outer loop
      vertex 29.6812 -62.3061 17
      vertex 29.8432 -60.5923 14.8
      vertex 29.6744 -62.3057 17
    endloop
  endfacet
  facet normal -0.262831 0.742784 0.615785
    outer loop
      vertex 30.6123 -60.4782 14.8
      vertex 31.2647 -62.0712 17
      vertex 31.2712 -62.0689 17
    endloop
  endfacet
  facet normal -0.265496 0.741782 0.61585
    outer loop
      vertex 31.2647 -62.0712 17
      vertex 30.6123 -60.4782 14.8
      vertex 30.4645 -60.5311 14.8
    endloop
  endfacet
  facet normal 0.52702 -0.585578 0.615913
    outer loop
      vertex 27.8877 -56.4368 17
      vertex 28.985 -57.7632 14.8
      vertex 27.8927 -56.4323 17
    endloop
  endfacet
  facet normal 0.528818 -0.584007 0.615863
    outer loop
      vertex 28.985 -57.7632 14.8
      vertex 27.8877 -56.4368 17
      vertex 28.8686 -57.8686 14.8
    endloop
  endfacet
  facet normal 0.712254 0.336802 0.615839
    outer loop
      vertex 27.0676 -60.5597 17
      vertex 28.5889 -59.7542 14.8
      vertex 28.5218 -59.6123 14.8
    endloop
  endfacet
  facet normal 0.713716 0.333835 0.615763
    outer loop
      vertex 28.5889 -59.7542 14.8
      vertex 27.0676 -60.5597 17
      vertex 27.0705 -60.5659 17
    endloop
  endfacet
  facet normal 0.632806 -0.469358 0.615841
    outer loop
      vertex 28.6696 -58.1111 14.8
      vertex 27.4282 -56.8982 17
      vertex 27.2381 -57.1545 17
    endloop
  endfacet
  facet normal -0.116311 0.779285 0.615782
    outer loop
      vertex 30.3121 -60.5693 14.8
      vertex 30.3256 -62.3057 17
      vertex 30.3323 -62.3047 17
    endloop
  endfacet
  facet normal -0.115425 0.779368 0.615843
    outer loop
      vertex 30.3256 -62.3057 17
      vertex 30.3121 -60.5693 14.8
      vertex 30.1568 -60.5923 14.8
    endloop
  endfacet
  facet normal 0.779359 0.115534 0.615834
    outer loop
      vertex 26.7421 -59.648 17
      vertex 28.4307 -59.3121 14.8
      vertex 26.6953 -59.3323 17
    endloop
  endfacet
  facet normal -0.583718 0.529172 0.615833
    outer loop
      vertex 32.3488 -61.3488 17
      vertex 32.5632 -61.1123 17
      vertex 31.1314 -60.1314 14.8
    endloop
  endfacet
  facet normal 0.584007 -0.528818 0.615863
    outer loop
      vertex 27.4368 -56.8877 17
      vertex 28.7632 -57.985 14.8
      vertex 28.8686 -57.8686 14.8
    endloop
  endfacet
  facet normal 0.585578 -0.52702 0.615913
    outer loop
      vertex 28.7632 -57.985 14.8
      vertex 27.4368 -56.8877 17
      vertex 27.4323 -56.8927 17
    endloop
  endfacet
  facet normal -0.528818 0.584007 0.615863
    outer loop
      vertex 31.015 -60.2368 14.8
      vertex 32.1123 -61.5632 17
      vertex 31.1314 -60.1314 14.8
    endloop
  endfacet
  facet normal -0.52702 0.585578 0.615913
    outer loop
      vertex 32.1123 -61.5632 17
      vertex 31.015 -60.2368 14.8
      vertex 32.1073 -61.5677 17
    endloop
  endfacet
  facet normal -0.336955 0.712172 0.615851
    outer loop
      vertex 31.2712 -62.0689 17
      vertex 31.5597 -61.9324 17
      vertex 30.6123 -60.4782 14.8
    endloop
  endfacet
  facet normal -0.265496 -0.741782 0.61585
    outer loop
      vertex 30.6123 -57.5218 14.8
      vertex 31.2647 -55.9288 17
      vertex 30.4645 -57.4689 14.8
    endloop
  endfacet
  facet normal -0.262831 -0.742784 0.615785
    outer loop
      vertex 31.2647 -55.9288 17
      vertex 30.6123 -57.5218 14.8
      vertex 31.2712 -55.9311 17
    endloop
  endfacet
  facet normal -0.741831 0.26538 0.615841
    outer loop
      vertex 33.0712 -60.2647 17
      vertex 33.1787 -59.9642 17
      vertex 31.5311 -59.4645 14.8
    endloop
  endfacet
  facet normal 0.631639 -0.470858 0.615894
    outer loop
      vertex 27.4282 -56.8982 17
      vertex 28.7632 -57.985 14.8
      vertex 27.4323 -56.8927 17
    endloop
  endfacet
  facet normal 0.632625 -0.469577 0.615859
    outer loop
      vertex 28.7632 -57.985 14.8
      vertex 27.4282 -56.8982 17
      vertex 28.6696 -58.1111 14.8
    endloop
  endfacet
  facet normal -0.712172 0.336955 0.615851
    outer loop
      vertex 32.9324 -60.5597 17
      vertex 33.0689 -60.2712 17
      vertex 31.4782 -59.6123 14.8
    endloop
  endfacet
  facet normal -0.786914 0.0386431 0.615852
    outer loop
      vertex 31.5923 -59.1568 14.8
      vertex 33.3061 -59.3188 17
      vertex 31.6 -59 14.8
    endloop
  endfacet
  facet normal -0.786386 0.046258 0.616001
    outer loop
      vertex 33.3061 -59.3188 17
      vertex 31.5923 -59.1568 14.8
      vertex 33.3057 -59.3256 17
    endloop
  endfacet
  facet normal -0.786928 0.0385071 0.615842
    outer loop
      vertex 33.3061 -59.3188 17
      vertex 33.3217 -59 17
      vertex 31.6 -59 14.8
    endloop
  endfacet
  facet normal -0.779368 0.115425 0.615843
    outer loop
      vertex 31.5693 -59.3121 14.8
      vertex 33.3057 -59.3256 17
      vertex 31.5923 -59.1568 14.8
    endloop
  endfacet
  facet normal -0.779285 0.116311 0.615782
    outer loop
      vertex 33.3057 -59.3256 17
      vertex 31.5693 -59.3121 14.8
      vertex 33.3047 -59.3323 17
    endloop
  endfacet
  facet normal -0.469358 0.632806 0.615841
    outer loop
      vertex 31.8455 -61.7619 17
      vertex 32.1018 -61.5718 17
      vertex 30.8889 -60.3304 14.8
    endloop
  endfacet
  facet normal -0.741782 0.265496 0.61585
    outer loop
      vertex 31.4782 -59.6123 14.8
      vertex 33.0712 -60.2647 17
      vertex 31.5311 -59.4645 14.8
    endloop
  endfacet
  facet normal -0.742784 0.262831 0.615785
    outer loop
      vertex 33.0712 -60.2647 17
      vertex 31.4782 -59.6123 14.8
      vertex 33.0689 -60.2712 17
    endloop
  endfacet
  facet normal 0.404908 0.675851 0.615853
    outer loop
      vertex 29.1111 -60.3304 14.8
      vertex 28.4341 -61.9295 17
      vertex 29.2458 -60.4111 14.8
    endloop
  endfacet
  facet normal 0.40713 0.674673 0.61568
    outer loop
      vertex 28.4341 -61.9295 17
      vertex 29.1111 -60.3304 14.8
      vertex 28.4283 -61.926 17
    endloop
  endfacet
  facet normal -0.675791 0.40503 0.615839
    outer loop
      vertex 32.7619 -60.8455 17
      vertex 32.926 -60.5717 17
      vertex 31.3304 -59.8889 14.8
    endloop
  endfacet
  facet normal -0.585578 0.52702 0.615913
    outer loop
      vertex 31.2368 -60.015 14.8
      vertex 32.5632 -61.1123 17
      vertex 32.5677 -61.1073 17
    endloop
  endfacet
  facet normal -0.584007 0.528818 0.615863
    outer loop
      vertex 32.5632 -61.1123 17
      vertex 31.2368 -60.015 14.8
      vertex 31.1314 -60.1314 14.8
    endloop
  endfacet
  facet normal -0.52702 -0.585578 0.615913
    outer loop
      vertex 31.015 -57.7632 14.8
      vertex 32.1123 -56.4368 17
      vertex 32.1073 -56.4323 17
    endloop
  endfacet
  facet normal -0.528818 -0.584007 0.615863
    outer loop
      vertex 32.1123 -56.4368 17
      vertex 31.015 -57.7632 14.8
      vertex 31.1314 -57.8686 14.8
    endloop
  endfacet
  facet normal 0.764235 0.19156 0.615833
    outer loop
      vertex 26.7421 -59.648 17
      vertex 28.4689 -59.4645 14.8
      vertex 28.4307 -59.3121 14.8
    endloop
  endfacet
  facet normal 0.76589 0.182899 0.616409
    outer loop
      vertex 28.4689 -59.4645 14.8
      vertex 26.7421 -59.648 17
      vertex 26.7437 -59.6547 17
    endloop
  endfacet
  facet normal 0.336955 -0.712172 0.615851
    outer loop
      vertex 29.3877 -57.5218 14.8
      vertex 28.7288 -55.9311 17
      vertex 28.4403 -56.0676 17
    endloop
  endfacet
  facet normal -0.529172 0.583718 0.615833
    outer loop
      vertex 32.1123 -61.5632 17
      vertex 32.3488 -61.3488 17
      vertex 31.1314 -60.1314 14.8
    endloop
  endfacet
  facet normal 0.26538 0.741831 0.615841
    outer loop
      vertex 29.0358 -62.1787 17
      vertex 29.5355 -60.5311 14.8
      vertex 28.7353 -62.0712 17
    endloop
  endfacet
  facet normal 0.191608 0.764212 0.615846
    outer loop
      vertex 29.3453 -62.2563 17
      vertex 29.5355 -60.5311 14.8
      vertex 29.0358 -62.1787 17
    endloop
  endfacet
  facet normal 0.182899 -0.76589 0.616409
    outer loop
      vertex 29.5355 -57.4689 14.8
      vertex 29.352 -55.7421 17
      vertex 29.3453 -55.7437 17
    endloop
  endfacet
  facet normal 0.19156 -0.764235 0.615833
    outer loop
      vertex 29.352 -55.7421 17
      vertex 29.5355 -57.4689 14.8
      vertex 29.6879 -57.4307 14.8
    endloop
  endfacet
  facet normal 0.584007 0.528818 0.615863
    outer loop
      vertex 28.7632 -60.015 14.8
      vertex 27.4368 -61.1123 17
      vertex 28.8686 -60.1314 14.8
    endloop
  endfacet
  facet normal 0.585578 0.52702 0.615913
    outer loop
      vertex 27.4368 -61.1123 17
      vertex 28.7632 -60.015 14.8
      vertex 27.4323 -61.1073 17
    endloop
  endfacet
  facet normal -0.26538 -0.741831 0.615841
    outer loop
      vertex 31.2647 -55.9288 17
      vertex 30.9642 -55.8213 17
      vertex 30.4645 -57.4689 14.8
    endloop
  endfacet
  facet normal -0.336802 -0.712254 0.615839
    outer loop
      vertex 30.7542 -57.5889 14.8
      vertex 31.5597 -56.0676 17
      vertex 30.6123 -57.5218 14.8
    endloop
  endfacet
  facet normal -0.333835 -0.713716 0.615763
    outer loop
      vertex 31.5597 -56.0676 17
      vertex 30.7542 -57.5889 14.8
      vertex 31.5659 -56.0705 17
    endloop
  endfacet
  facet normal 0.675791 0.40503 0.615839
    outer loop
      vertex 27.2381 -60.8455 17
      vertex 28.6696 -59.8889 14.8
      vertex 27.074 -60.5717 17
    endloop
  endfacet
  facet normal -0.713716 -0.333835 0.615763
    outer loop
      vertex 31.4111 -58.2458 14.8
      vertex 32.9324 -57.4403 17
      vertex 32.9295 -57.4341 17
    endloop
  endfacet
  facet normal -0.712254 -0.336802 0.615839
    outer loop
      vertex 32.9324 -57.4403 17
      vertex 31.4111 -58.2458 14.8
      vertex 31.4782 -58.3877 14.8
    endloop
  endfacet
  facet normal -0.76589 -0.182899 0.616409
    outer loop
      vertex 31.5311 -58.5355 14.8
      vertex 33.2579 -58.352 17
      vertex 33.2563 -58.3453 17
    endloop
  endfacet
  facet normal -0.764235 -0.19156 0.615833
    outer loop
      vertex 33.2579 -58.352 17
      vertex 31.5311 -58.5355 14.8
      vertex 31.5693 -58.6879 14.8
    endloop
  endfacet
  facet normal 0.674673 -0.40713 0.61568
    outer loop
      vertex 27.0705 -57.4341 17
      vertex 28.6696 -58.1111 14.8
      vertex 27.074 -57.4283 17
    endloop
  endfacet
  facet normal 0.675851 -0.404908 0.615853
    outer loop
      vertex 28.6696 -58.1111 14.8
      vertex 27.0705 -57.4341 17
      vertex 28.5889 -58.2458 14.8
    endloop
  endfacet
  facet normal 0.764212 0.191608 0.615846
    outer loop
      vertex 26.8213 -59.9642 17
      vertex 28.4689 -59.4645 14.8
      vertex 26.7437 -59.6547 17
    endloop
  endfacet
  facet normal -0.182899 0.76589 0.616409
    outer loop
      vertex 30.4645 -60.5311 14.8
      vertex 30.648 -62.2579 17
      vertex 30.6547 -62.2563 17
    endloop
  endfacet
  facet normal -0.19156 0.764235 0.615833
    outer loop
      vertex 30.648 -62.2579 17
      vertex 30.4645 -60.5311 14.8
      vertex 30.3121 -60.5693 14.8
    endloop
  endfacet
  facet normal 0.583718 -0.529172 0.615833
    outer loop
      vertex 28.8686 -57.8686 14.8
      vertex 27.6512 -56.6512 17
      vertex 27.4368 -56.8877 17
    endloop
  endfacet
  facet normal 0.26538 -0.741831 0.615841
    outer loop
      vertex 29.5355 -57.4689 14.8
      vertex 29.0358 -55.8213 17
      vertex 28.7353 -55.9288 17
    endloop
  endfacet
  facet normal -0.26538 0.741831 0.615841
    outer loop
      vertex 30.9642 -62.1787 17
      vertex 31.2647 -62.0712 17
      vertex 30.4645 -60.5311 14.8
    endloop
  endfacet
  facet normal -0.674673 -0.40713 0.61568
    outer loop
      vertex 31.3304 -58.1111 14.8
      vertex 32.9295 -57.4341 17
      vertex 32.926 -57.4283 17
    endloop
  endfacet
  facet normal -0.675851 -0.404908 0.615853
    outer loop
      vertex 32.9295 -57.4341 17
      vertex 31.3304 -58.1111 14.8
      vertex 31.4111 -58.2458 14.8
    endloop
  endfacet
  facet normal -0.191608 -0.764212 0.615846
    outer loop
      vertex 30.9642 -55.8213 17
      vertex 30.6547 -55.7437 17
      vertex 30.4645 -57.4689 14.8
    endloop
  endfacet
  facet normal 0.336802 0.712254 0.615839
    outer loop
      vertex 29.2458 -60.4111 14.8
      vertex 28.4403 -61.9324 17
      vertex 29.3877 -60.4782 14.8
    endloop
  endfacet
  facet normal 0.333835 0.713716 0.615763
    outer loop
      vertex 28.4403 -61.9324 17
      vertex 29.2458 -60.4111 14.8
      vertex 28.4341 -61.9295 17
    endloop
  endfacet
  facet normal -0.191608 0.764212 0.615846
    outer loop
      vertex 30.6547 -62.2563 17
      vertex 30.9642 -62.1787 17
      vertex 30.4645 -60.5311 14.8
    endloop
  endfacet
  facet normal -0.333835 0.713716 0.615763
    outer loop
      vertex 30.7542 -60.4111 14.8
      vertex 31.5597 -61.9324 17
      vertex 31.5659 -61.9295 17
    endloop
  endfacet
  facet normal -0.336802 0.712254 0.615839
    outer loop
      vertex 31.5597 -61.9324 17
      vertex 30.7542 -60.4111 14.8
      vertex 30.6123 -60.4782 14.8
    endloop
  endfacet
  facet normal 0.529172 -0.583718 0.615833
    outer loop
      vertex 28.8686 -57.8686 14.8
      vertex 27.8877 -56.4368 17
      vertex 27.6512 -56.6512 17
    endloop
  endfacet
  facet normal -0.632806 0.469358 0.615841
    outer loop
      vertex 32.5718 -61.1018 17
      vertex 32.7619 -60.8455 17
      vertex 31.3304 -59.8889 14.8
    endloop
  endfacet
  facet normal -0.115534 0.779359 0.615834
    outer loop
      vertex 30.3323 -62.3047 17
      vertex 30.648 -62.2579 17
      vertex 30.3121 -60.5693 14.8
    endloop
  endfacet
  facet normal -0.40503 0.675791 0.615839
    outer loop
      vertex 31.5717 -61.926 17
      vertex 31.8455 -61.7619 17
      vertex 30.8889 -60.3304 14.8
    endloop
  endfacet
  facet normal 0.583718 0.529172 0.615833
    outer loop
      vertex 27.6512 -61.3488 17
      vertex 28.8686 -60.1314 14.8
      vertex 27.4368 -61.1123 17
    endloop
  endfacet
  facet normal 0.0385071 0.786928 0.615842
    outer loop
      vertex 30 -62.3217 17
      vertex 30 -60.6 14.8
      vertex 29.6812 -62.3061 17
    endloop
  endfacet
  facet normal -0.470858 0.631639 0.615894
    outer loop
      vertex 31.015 -60.2368 14.8
      vertex 32.1018 -61.5718 17
      vertex 32.1073 -61.5677 17
    endloop
  endfacet
  facet normal -0.469577 0.632625 0.615859
    outer loop
      vertex 32.1018 -61.5718 17
      vertex 31.015 -60.2368 14.8
      vertex 30.8889 -60.3304 14.8
    endloop
  endfacet
  facet normal 0.713716 -0.333835 0.615763
    outer loop
      vertex 27.0676 -57.4403 17
      vertex 28.5889 -58.2458 14.8
      vertex 27.0705 -57.4341 17
    endloop
  endfacet
  facet normal 0.712254 -0.336802 0.615839
    outer loop
      vertex 28.5889 -58.2458 14.8
      vertex 27.0676 -57.4403 17
      vertex 28.5218 -58.3877 14.8
    endloop
  endfacet
  facet normal 0.116311 -0.779285 0.615782
    outer loop
      vertex 29.6879 -57.4307 14.8
      vertex 29.6744 -55.6943 17
      vertex 29.6677 -55.6953 17
    endloop
  endfacet
  facet normal 0.115425 -0.779368 0.615843
    outer loop
      vertex 29.6744 -55.6943 17
      vertex 29.6879 -57.4307 14.8
      vertex 29.8432 -57.4077 14.8
    endloop
  endfacet
  facet normal -0.632625 0.469577 0.615859
    outer loop
      vertex 31.2368 -60.015 14.8
      vertex 32.5718 -61.1018 17
      vertex 31.3304 -59.8889 14.8
    endloop
  endfacet
  facet normal -0.631639 0.470858 0.615894
    outer loop
      vertex 32.5718 -61.1018 17
      vertex 31.2368 -60.015 14.8
      vertex 32.5677 -61.1073 17
    endloop
  endfacet
  facet normal 0.262831 -0.742784 0.615785
    outer loop
      vertex 29.3877 -57.5218 14.8
      vertex 28.7353 -55.9288 17
      vertex 28.7288 -55.9311 17
    endloop
  endfacet
  facet normal 0.265496 -0.741782 0.61585
    outer loop
      vertex 28.7353 -55.9288 17
      vertex 29.3877 -57.5218 14.8
      vertex 29.5355 -57.4689 14.8
    endloop
  endfacet
  facet normal -0.779285 -0.116311 0.615782
    outer loop
      vertex 31.5693 -58.6879 14.8
      vertex 33.3057 -58.6744 17
      vertex 33.3047 -58.6677 17
    endloop
  endfacet
  facet normal -0.779368 -0.115425 0.615843
    outer loop
      vertex 33.3057 -58.6744 17
      vertex 31.5693 -58.6879 14.8
      vertex 31.5923 -58.8432 14.8
    endloop
  endfacet
  facet normal -0.764235 0.19156 0.615833
    outer loop
      vertex 31.5311 -59.4645 14.8
      vertex 33.2579 -59.648 17
      vertex 31.5693 -59.3121 14.8
    endloop
  endfacet
  facet normal -0.76589 0.182899 0.616409
    outer loop
      vertex 33.2579 -59.648 17
      vertex 31.5311 -59.4645 14.8
      vertex 33.2563 -59.6547 17
    endloop
  endfacet
  facet normal 0.191608 -0.764212 0.615846
    outer loop
      vertex 29.5355 -57.4689 14.8
      vertex 29.3453 -55.7437 17
      vertex 29.0358 -55.8213 17
    endloop
  endfacet
  facet normal -0.404908 -0.675851 0.615853
    outer loop
      vertex 30.8889 -57.6696 14.8
      vertex 31.5659 -56.0705 17
      vertex 30.7542 -57.5889 14.8
    endloop
  endfacet
  facet normal -0.40713 -0.674673 0.61568
    outer loop
      vertex 31.5659 -56.0705 17
      vertex 30.8889 -57.6696 14.8
      vertex 31.5717 -56.074 17
    endloop
  endfacet
  facet normal -0.0385071 -0.786928 0.615842
    outer loop
      vertex 30.3188 -55.6939 17
      vertex 30 -55.6783 17
      vertex 30 -57.4 14.8
    endloop
  endfacet
  facet normal -0.779359 -0.115534 0.615834
    outer loop
      vertex 33.3047 -58.6677 17
      vertex 33.2579 -58.352 17
      vertex 31.5693 -58.6879 14.8
    endloop
  endfacet
  facet normal 0.779368 0.115425 0.615843
    outer loop
      vertex 26.6943 -59.3256 17
      vertex 28.4307 -59.3121 14.8
      vertex 28.4077 -59.1568 14.8
    endloop
  endfacet
  facet normal 0.779285 0.116311 0.615782
    outer loop
      vertex 28.4307 -59.3121 14.8
      vertex 26.6943 -59.3256 17
      vertex 26.6953 -59.3323 17
    endloop
  endfacet
  facet normal -0.0385071 0.786928 0.615842
    outer loop
      vertex 30.3188 -62.3061 17
      vertex 30 -60.6 14.8
      vertex 30 -62.3217 17
    endloop
  endfacet
  facet normal 0.529172 0.583718 0.615833
    outer loop
      vertex 27.8877 -61.5632 17
      vertex 28.8686 -60.1314 14.8
      vertex 27.6512 -61.3488 17
    endloop
  endfacet
  facet normal -0.046258 0.786386 0.616001
    outer loop
      vertex 30.1568 -60.5923 14.8
      vertex 30.3188 -62.3061 17
      vertex 30.3256 -62.3057 17
    endloop
  endfacet
  facet normal -0.0386431 0.786914 0.615852
    outer loop
      vertex 30.3188 -62.3061 17
      vertex 30.1568 -60.5923 14.8
      vertex 30 -60.6 14.8
    endloop
  endfacet
  facet normal 0.115534 -0.779359 0.615834
    outer loop
      vertex 29.6879 -57.4307 14.8
      vertex 29.6677 -55.6953 17
      vertex 29.352 -55.7421 17
    endloop
  endfacet
  facet normal 0.741782 0.265496 0.61585
    outer loop
      vertex 26.9288 -60.2647 17
      vertex 28.5218 -59.6123 14.8
      vertex 28.4689 -59.4645 14.8
    endloop
  endfacet
  facet normal 0.742784 0.262831 0.615785
    outer loop
      vertex 28.5218 -59.6123 14.8
      vertex 26.9288 -60.2647 17
      vertex 26.9311 -60.2712 17
    endloop
  endfacet
  facet normal 0.712172 -0.336955 0.615851
    outer loop
      vertex 28.5218 -58.3877 14.8
      vertex 27.0676 -57.4403 17
      vertex 26.9311 -57.7288 17
    endloop
  endfacet
  facet normal 0.469358 0.632806 0.615841
    outer loop
      vertex 28.1545 -61.7619 17
      vertex 29.1111 -60.3304 14.8
      vertex 27.8982 -61.5718 17
    endloop
  endfacet
  facet normal 0.40503 0.675791 0.615839
    outer loop
      vertex 28.4283 -61.926 17
      vertex 29.1111 -60.3304 14.8
      vertex 28.1545 -61.7619 17
    endloop
  endfacet
  facet normal 0.741831 0.26538 0.615841
    outer loop
      vertex 26.9288 -60.2647 17
      vertex 28.4689 -59.4645 14.8
      vertex 26.8213 -59.9642 17
    endloop
  endfacet
  facet normal 0.115425 0.779368 0.615843
    outer loop
      vertex 29.6879 -60.5693 14.8
      vertex 29.6744 -62.3057 17
      vertex 29.8432 -60.5923 14.8
    endloop
  endfacet
  facet normal 0.116311 0.779285 0.615782
    outer loop
      vertex 29.6744 -62.3057 17
      vertex 29.6879 -60.5693 14.8
      vertex 29.6677 -62.3047 17
    endloop
  endfacet
  facet normal 0.470858 -0.631639 0.615894
    outer loop
      vertex 28.985 -57.7632 14.8
      vertex 27.8982 -56.4282 17
      vertex 27.8927 -56.4323 17
    endloop
  endfacet
  facet normal 0.469577 -0.632625 0.615859
    outer loop
      vertex 27.8982 -56.4282 17
      vertex 28.985 -57.7632 14.8
      vertex 29.1111 -57.6696 14.8
    endloop
  endfacet
  facet normal 0.675791 -0.40503 0.615839
    outer loop
      vertex 28.6696 -58.1111 14.8
      vertex 27.2381 -57.1545 17
      vertex 27.074 -57.4283 17
    endloop
  endfacet
  facet normal -0.336955 -0.712172 0.615851
    outer loop
      vertex 31.5597 -56.0676 17
      vertex 31.2712 -55.9311 17
      vertex 30.6123 -57.5218 14.8
    endloop
  endfacet
  facet normal 0.40713 -0.674673 0.61568
    outer loop
      vertex 29.1111 -57.6696 14.8
      vertex 28.4341 -56.0705 17
      vertex 28.4283 -56.074 17
    endloop
  endfacet
  facet normal 0.404908 -0.675851 0.615853
    outer loop
      vertex 28.4341 -56.0705 17
      vertex 29.1111 -57.6696 14.8
      vertex 29.2458 -57.5889 14.8
    endloop
  endfacet
  facet normal -0.469358 -0.632806 0.615841
    outer loop
      vertex 32.1018 -56.4282 17
      vertex 31.8455 -56.2381 17
      vertex 30.8889 -57.6696 14.8
    endloop
  endfacet
  facet normal 0.779359 -0.115534 0.615834
    outer loop
      vertex 28.4307 -58.6879 14.8
      vertex 26.7421 -58.352 17
      vertex 26.6953 -58.6677 17
    endloop
  endfacet
  facet normal -0.529172 -0.583718 0.615833
    outer loop
      vertex 32.3488 -56.6512 17
      vertex 32.1123 -56.4368 17
      vertex 31.1314 -57.8686 14.8
    endloop
  endfacet
  facet normal 0.675851 0.404908 0.615853
    outer loop
      vertex 27.0705 -60.5659 17
      vertex 28.6696 -59.8889 14.8
      vertex 28.5889 -59.7542 14.8
    endloop
  endfacet
  facet normal 0.674673 0.40713 0.61568
    outer loop
      vertex 28.6696 -59.8889 14.8
      vertex 27.0705 -60.5659 17
      vertex 27.074 -60.5717 17
    endloop
  endfacet
  facet normal -0.631639 -0.470858 0.615894
    outer loop
      vertex 31.2368 -57.985 14.8
      vertex 32.5718 -56.8982 17
      vertex 32.5677 -56.8927 17
    endloop
  endfacet
  facet normal -0.632625 -0.469577 0.615859
    outer loop
      vertex 32.5718 -56.8982 17
      vertex 31.2368 -57.985 14.8
      vertex 31.3304 -58.1111 14.8
    endloop
  endfacet
  facet normal 0.632806 0.469358 0.615841
    outer loop
      vertex 27.4282 -61.1018 17
      vertex 28.6696 -59.8889 14.8
      vertex 27.2381 -60.8455 17
    endloop
  endfacet
  facet normal 0.764212 -0.191608 0.615846
    outer loop
      vertex 28.4689 -58.5355 14.8
      vertex 26.8213 -58.0358 17
      vertex 26.7437 -58.3453 17
    endloop
  endfacet
  facet normal -0.712172 -0.336955 0.615851
    outer loop
      vertex 33.0689 -57.7288 17
      vertex 32.9324 -57.4403 17
      vertex 31.4782 -58.3877 14.8
    endloop
  endfacet
  facet normal 0.741831 -0.26538 0.615841
    outer loop
      vertex 28.4689 -58.5355 14.8
      vertex 26.9288 -57.7353 17
      vertex 26.8213 -58.0358 17
    endloop
  endfacet
  facet normal -0.19156 -0.764235 0.615833
    outer loop
      vertex 30.4645 -57.4689 14.8
      vertex 30.648 -55.7421 17
      vertex 30.3121 -57.4307 14.8
    endloop
  endfacet
  facet normal -0.182899 -0.76589 0.616409
    outer loop
      vertex 30.648 -55.7421 17
      vertex 30.4645 -57.4689 14.8
      vertex 30.6547 -55.7437 17
    endloop
  endfacet
  facet normal 0.786928 -0.0385071 0.615842
    outer loop
      vertex 28.4 -59 14.8
      vertex 26.6939 -58.6812 17
      vertex 26.6783 -59 17
    endloop
  endfacet
  facet normal 0.528818 0.584007 0.615863
    outer loop
      vertex 27.8877 -61.5632 17
      vertex 28.985 -60.2368 14.8
      vertex 28.8686 -60.1314 14.8
    endloop
  endfacet
  facet normal 0.52702 0.585578 0.615913
    outer loop
      vertex 28.985 -60.2368 14.8
      vertex 27.8877 -61.5632 17
      vertex 27.8927 -61.5677 17
    endloop
  endfacet
  facet normal 0.632625 0.469577 0.615859
    outer loop
      vertex 27.4282 -61.1018 17
      vertex 28.7632 -60.015 14.8
      vertex 28.6696 -59.8889 14.8
    endloop
  endfacet
  facet normal 0.631639 0.470858 0.615894
    outer loop
      vertex 28.7632 -60.015 14.8
      vertex 27.4282 -61.1018 17
      vertex 27.4323 -61.1073 17
    endloop
  endfacet
  facet normal -0.583718 -0.529172 0.615833
    outer loop
      vertex 32.5632 -56.8877 17
      vertex 32.3488 -56.6512 17
      vertex 31.1314 -57.8686 14.8
    endloop
  endfacet
  facet normal -0.675791 -0.40503 0.615839
    outer loop
      vertex 32.926 -57.4283 17
      vertex 32.7619 -57.1545 17
      vertex 31.3304 -58.1111 14.8
    endloop
  endfacet
  facet normal 0.265496 0.741782 0.61585
    outer loop
      vertex 29.3877 -60.4782 14.8
      vertex 28.7353 -62.0712 17
      vertex 29.5355 -60.5311 14.8
    endloop
  endfacet
  facet normal 0.262831 0.742784 0.615785
    outer loop
      vertex 28.7353 -62.0712 17
      vertex 29.3877 -60.4782 14.8
      vertex 28.7288 -62.0689 17
    endloop
  endfacet
  facet normal 0.336955 0.712172 0.615851
    outer loop
      vertex 28.7288 -62.0689 17
      vertex 29.3877 -60.4782 14.8
      vertex 28.4403 -61.9324 17
    endloop
  endfacet
  facet normal 0.115534 0.779359 0.615834
    outer loop
      vertex 29.6677 -62.3047 17
      vertex 29.6879 -60.5693 14.8
      vertex 29.352 -62.2579 17
    endloop
  endfacet
  facet normal 0.19156 0.764235 0.615833
    outer loop
      vertex 29.5355 -60.5311 14.8
      vertex 29.352 -62.2579 17
      vertex 29.6879 -60.5693 14.8
    endloop
  endfacet
  facet normal 0.182899 0.76589 0.616409
    outer loop
      vertex 29.352 -62.2579 17
      vertex 29.5355 -60.5311 14.8
      vertex 29.3453 -62.2563 17
    endloop
  endfacet
  facet normal 0.786386 -0.046258 0.616001
    outer loop
      vertex 26.6939 -58.6812 17
      vertex 28.4077 -58.8432 14.8
      vertex 26.6943 -58.6744 17
    endloop
  endfacet
  facet normal 0.786914 -0.0386431 0.615852
    outer loop
      vertex 28.4077 -58.8432 14.8
      vertex 26.6939 -58.6812 17
      vertex 28.4 -59 14.8
    endloop
  endfacet
  facet normal 0.786914 0.0386431 0.615852
    outer loop
      vertex 26.6939 -59.3188 17
      vertex 28.4077 -59.1568 14.8
      vertex 28.4 -59 14.8
    endloop
  endfacet
  facet normal 0.786386 0.046258 0.616001
    outer loop
      vertex 28.4077 -59.1568 14.8
      vertex 26.6939 -59.3188 17
      vertex 26.6943 -59.3256 17
    endloop
  endfacet
  facet normal -0.632806 -0.469358 0.615841
    outer loop
      vertex 32.7619 -57.1545 17
      vertex 32.5718 -56.8982 17
      vertex 31.3304 -58.1111 14.8
    endloop
  endfacet
  facet normal 0.786928 0.0385071 0.615842
    outer loop
      vertex 26.6939 -59.3188 17
      vertex 28.4 -59 14.8
      vertex 26.6783 -59 17
    endloop
  endfacet
  facet normal 0.742784 -0.262831 0.615785
    outer loop
      vertex 26.9288 -57.7353 17
      vertex 28.5218 -58.3877 14.8
      vertex 26.9311 -57.7288 17
    endloop
  endfacet
  facet normal 0.741782 -0.265496 0.61585
    outer loop
      vertex 28.5218 -58.3877 14.8
      vertex 26.9288 -57.7353 17
      vertex 28.4689 -58.5355 14.8
    endloop
  endfacet
  facet normal 0.469358 -0.632806 0.615841
    outer loop
      vertex 29.1111 -57.6696 14.8
      vertex 28.1545 -56.2381 17
      vertex 27.8982 -56.4282 17
    endloop
  endfacet
  facet normal 0.40503 -0.675791 0.615839
    outer loop
      vertex 29.1111 -57.6696 14.8
      vertex 28.4283 -56.074 17
      vertex 28.1545 -56.2381 17
    endloop
  endfacet
  facet normal -0.469577 -0.632625 0.615859
    outer loop
      vertex 31.015 -57.7632 14.8
      vertex 32.1018 -56.4282 17
      vertex 30.8889 -57.6696 14.8
    endloop
  endfacet
  facet normal -0.470858 -0.631639 0.615894
    outer loop
      vertex 32.1018 -56.4282 17
      vertex 31.015 -57.7632 14.8
      vertex 32.1073 -56.4323 17
    endloop
  endfacet
  facet normal -0.40503 -0.675791 0.615839
    outer loop
      vertex 31.8455 -56.2381 17
      vertex 31.5717 -56.074 17
      vertex 30.8889 -57.6696 14.8
    endloop
  endfacet
  facet normal -0.40713 0.674673 0.61568
    outer loop
      vertex 30.8889 -60.3304 14.8
      vertex 31.5659 -61.9295 17
      vertex 31.5717 -61.926 17
    endloop
  endfacet
  facet normal -0.404908 0.675851 0.615853
    outer loop
      vertex 31.5659 -61.9295 17
      vertex 30.8889 -60.3304 14.8
      vertex 30.7542 -60.4111 14.8
    endloop
  endfacet
  facet normal -0.115534 -0.779359 0.615834
    outer loop
      vertex 30.648 -55.7421 17
      vertex 30.3323 -55.6953 17
      vertex 30.3121 -57.4307 14.8
    endloop
  endfacet
  facet normal 0.779285 -0.116311 0.615782
    outer loop
      vertex 26.6943 -58.6744 17
      vertex 28.4307 -58.6879 14.8
      vertex 26.6953 -58.6677 17
    endloop
  endfacet
  facet normal 0.779368 -0.115425 0.615843
    outer loop
      vertex 28.4307 -58.6879 14.8
      vertex 26.6943 -58.6744 17
      vertex 28.4077 -58.8432 14.8
    endloop
  endfacet
  facet normal -0.585578 -0.52702 0.615913
    outer loop
      vertex 32.5632 -56.8877 17
      vertex 31.2368 -57.985 14.8
      vertex 32.5677 -56.8927 17
    endloop
  endfacet
  facet normal -0.584007 -0.528818 0.615863
    outer loop
      vertex 31.2368 -57.985 14.8
      vertex 32.5632 -56.8877 17
      vertex 31.1314 -57.8686 14.8
    endloop
  endfacet
  facet normal -0.741831 -0.26538 0.615841
    outer loop
      vertex 33.1787 -58.0358 17
      vertex 33.0712 -57.7353 17
      vertex 31.5311 -58.5355 14.8
    endloop
  endfacet
  facet normal -0.742784 -0.262831 0.615785
    outer loop
      vertex 31.4782 -58.3877 14.8
      vertex 33.0712 -57.7353 17
      vertex 33.0689 -57.7288 17
    endloop
  endfacet
  facet normal -0.741782 -0.265496 0.61585
    outer loop
      vertex 33.0712 -57.7353 17
      vertex 31.4782 -58.3877 14.8
      vertex 31.5311 -58.5355 14.8
    endloop
  endfacet
  facet normal 0.0385071 -0.786928 0.615842
    outer loop
      vertex 30 -57.4 14.8
      vertex 30 -55.6783 17
      vertex 29.6812 -55.6939 17
    endloop
  endfacet
  facet normal 0.046258 -0.786386 0.616001
    outer loop
      vertex 29.8432 -57.4077 14.8
      vertex 29.6812 -55.6939 17
      vertex 29.6744 -55.6943 17
    endloop
  endfacet
  facet normal 0.0386431 -0.786914 0.615852
    outer loop
      vertex 29.6812 -55.6939 17
      vertex 29.8432 -57.4077 14.8
      vertex 30 -57.4 14.8
    endloop
  endfacet
  facet normal -0.0386431 -0.786914 0.615852
    outer loop
      vertex 30.1568 -57.4077 14.8
      vertex 30.3188 -55.6939 17
      vertex 30 -57.4 14.8
    endloop
  endfacet
  facet normal -0.046258 -0.786386 0.616001
    outer loop
      vertex 30.3188 -55.6939 17
      vertex 30.1568 -57.4077 14.8
      vertex 30.3256 -55.6943 17
    endloop
  endfacet
  facet normal -0.764212 -0.191608 0.615846
    outer loop
      vertex 33.2563 -58.3453 17
      vertex 33.1787 -58.0358 17
      vertex 31.5311 -58.5355 14.8
    endloop
  endfacet
  facet normal 0.671607 -0.740908 0
    outer loop
      vertex 32.5376 55.908 2.4
      vertex 32.8284 56.1716 17
      vertex 32.5376 55.908 17
    endloop
  endfacet
  facet normal 0.671607 -0.740908 0
    outer loop
      vertex 32.8284 56.1716 17
      vertex 32.5376 55.908 2.4
      vertex 32.8284 56.1716 2.4
    endloop
  endfacet
  facet normal -0.42744 -0.904044 0
    outer loop
      vertex 28.1144 55.4723 2.4
      vertex 28.4693 55.3045 17
      vertex 28.1144 55.4723 17
    endloop
  endfacet
  facet normal -0.42744 -0.904044 -0
    outer loop
      vertex 28.4693 55.3045 17
      vertex 28.1144 55.4723 2.4
      vertex 28.4693 55.3045 2.4
    endloop
  endfacet
  facet normal 0.989176 0.146733 0
    outer loop
      vertex 33.9807 59.3921 17
      vertex 33.9231 59.7804 4
      vertex 33.9231 59.7804 17
    endloop
  endfacet
  facet normal 0.989176 0.146733 0
    outer loop
      vertex 33.9231 59.7804 4
      vertex 33.9807 59.3921 17
      vertex 33.9807 59.3921 4
    endloop
  endfacet
  facet normal 0.998791 0.0491626 0
    outer loop
      vertex 34 59 17
      vertex 33.9807 59.3921 4
      vertex 33.9807 59.3921 17
    endloop
  endfacet
  facet normal 0.998791 0.0491626 0
    outer loop
      vertex 33.9807 59.3921 4
      vertex 34 59 17
      vertex 34 59 4
    endloop
  endfacet
  facet normal 0.970068 0.242835 0
    outer loop
      vertex 33.9231 59.7804 17
      vertex 33.8278 60.1611 4
      vertex 33.8278 60.1611 17
    endloop
  endfacet
  facet normal 0.970068 0.242835 0
    outer loop
      vertex 33.8278 60.1611 4
      vertex 33.9231 59.7804 17
      vertex 33.9231 59.7804 4
    endloop
  endfacet
  facet normal 0.42744 -0.904044 0
    outer loop
      vertex 31.5307 55.3045 2.4
      vertex 31.8856 55.4723 17
      vertex 31.5307 55.3045 17
    endloop
  endfacet
  facet normal 0.42744 -0.904044 0
    outer loop
      vertex 31.8856 55.4723 17
      vertex 31.5307 55.3045 2.4
      vertex 31.8856 55.4723 2.4
    endloop
  endfacet
  facet normal -0.671607 0.740908 0
    outer loop
      vertex 27.4624 62.092 2.4
      vertex 27.1716 61.8284 17
      vertex 27.4624 62.092 17
    endloop
  endfacet
  facet normal -0.671607 0.740908 0
    outer loop
      vertex 27.1716 61.8284 17
      vertex 27.4624 62.092 2.4
      vertex 27.1716 61.8284 2.4
    endloop
  endfacet
  facet normal -0.970068 -0.242835 0
    outer loop
      vertex 26.1722 57.8389 2.4
      vertex 26.0769 58.2196 17
      vertex 26.0769 58.2196 2.4
    endloop
  endfacet
  facet normal -0.970068 -0.242835 0
    outer loop
      vertex 26.0769 58.2196 17
      vertex 26.1722 57.8389 2.4
      vertex 26.1722 57.8389 17
    endloop
  endfacet
  facet normal 0.42744 0.904044 -0
    outer loop
      vertex 31.8856 62.5277 4
      vertex 31.5307 62.6955 17
      vertex 31.8856 62.5277 17
    endloop
  endfacet
  facet normal 0.42744 0.904044 0
    outer loop
      vertex 31.5307 62.6955 17
      vertex 31.8856 62.5277 4
      vertex 31.5307 62.6955 4
    endloop
  endfacet
  facet normal -0.989176 0.146733 0
    outer loop
      vertex 26.0193 59.3921 2.4
      vertex 26.0769 59.7804 17
      vertex 26.0769 59.7804 2.4
    endloop
  endfacet
  facet normal -0.989176 0.146733 0
    outer loop
      vertex 26.0769 59.7804 17
      vertex 26.0193 59.3921 2.4
      vertex 26.0193 59.3921 17
    endloop
  endfacet
  facet normal -0.146733 -0.989176 0
    outer loop
      vertex 29.2196 55.0769 2.4
      vertex 29.6079 55.0193 17
      vertex 29.2196 55.0769 17
    endloop
  endfacet
  facet normal -0.146733 -0.989176 -0
    outer loop
      vertex 29.6079 55.0193 17
      vertex 29.2196 55.0769 2.4
      vertex 29.6079 55.0193 2.4
    endloop
  endfacet
  facet normal 0.242835 0.970068 -0
    outer loop
      vertex 31.1611 62.8278 4
      vertex 30.7804 62.9231 17
      vertex 31.1611 62.8278 17
    endloop
  endfacet
  facet normal 0.242835 0.970068 0
    outer loop
      vertex 30.7804 62.9231 17
      vertex 31.1611 62.8278 4
      vertex 30.7804 62.9231 4
    endloop
  endfacet
  facet normal -0.740908 0.671607 0
    outer loop
      vertex 26.908 61.5376 2.4
      vertex 27.1716 61.8284 17
      vertex 27.1716 61.8284 2.4
    endloop
  endfacet
  facet normal -0.740908 0.671607 0
    outer loop
      vertex 27.1716 61.8284 17
      vertex 26.908 61.5376 2.4
      vertex 26.908 61.5376 17
    endloop
  endfacet
  facet normal 0.514084 -0.85774 0
    outer loop
      vertex 31.8856 55.4723 2.4
      vertex 32.2223 55.6741 17
      vertex 31.8856 55.4723 17
    endloop
  endfacet
  facet normal 0.514084 -0.85774 0
    outer loop
      vertex 32.2223 55.6741 17
      vertex 31.8856 55.4723 2.4
      vertex 32.2223 55.6741 2.4
    endloop
  endfacet
  facet normal -0.242835 -0.970068 0
    outer loop
      vertex 28.8389 55.1722 2.4
      vertex 29.2196 55.0769 17
      vertex 28.8389 55.1722 17
    endloop
  endfacet
  facet normal -0.242835 -0.970068 -0
    outer loop
      vertex 29.2196 55.0769 17
      vertex 28.8389 55.1722 2.4
      vertex 29.2196 55.0769 2.4
    endloop
  endfacet
  facet normal -0.337014 -0.9415 0
    outer loop
      vertex 28.4693 55.3045 2.4
      vertex 28.8389 55.1722 17
      vertex 28.4693 55.3045 17
    endloop
  endfacet
  facet normal -0.337014 -0.9415 -0
    outer loop
      vertex 28.8389 55.1722 17
      vertex 28.4693 55.3045 2.4
      vertex 28.8389 55.1722 2.4
    endloop
  endfacet
  facet normal -0.337014 0.9415 0
    outer loop
      vertex 28.8389 62.8278 4
      vertex 28.4693 62.6955 17
      vertex 28.8389 62.8278 17
    endloop
  endfacet
  facet normal -0.337014 0.9415 0
    outer loop
      vertex 28.4693 62.6955 17
      vertex 28.8389 62.8278 4
      vertex 28.4693 62.6955 4
    endloop
  endfacet
  facet normal 0.0491626 -0.998791 0
    outer loop
      vertex 30 55 2.4
      vertex 30.3921 55.0193 17
      vertex 30 55 17
    endloop
  endfacet
  facet normal 0.0491626 -0.998791 0
    outer loop
      vertex 30.3921 55.0193 17
      vertex 30 55 2.4
      vertex 30.3921 55.0193 2.4
    endloop
  endfacet
  facet normal 0.146733 -0.989176 0
    outer loop
      vertex 30.3921 55.0193 2.4
      vertex 30.7804 55.0769 17
      vertex 30.3921 55.0193 17
    endloop
  endfacet
  facet normal 0.146733 -0.989176 0
    outer loop
      vertex 30.7804 55.0769 17
      vertex 30.3921 55.0193 2.4
      vertex 30.7804 55.0769 2.4
    endloop
  endfacet
  facet normal -0.0491626 0.998791 0
    outer loop
      vertex 30 63 4
      vertex 29.6079 62.9807 17
      vertex 30 63 17
    endloop
  endfacet
  facet normal -0.0491626 0.998791 0
    outer loop
      vertex 29.6079 62.9807 17
      vertex 30 63 4
      vertex 29.6079 62.9807 4
    endloop
  endfacet
  facet normal -0.595794 -0.803137 0
    outer loop
      vertex 27.4624 55.908 2.4
      vertex 27.7777 55.6741 17
      vertex 27.4624 55.908 17
    endloop
  endfacet
  facet normal -0.595794 -0.803137 -0
    outer loop
      vertex 27.7777 55.6741 17
      vertex 27.4624 55.908 2.4
      vertex 27.7777 55.6741 2.4
    endloop
  endfacet
  facet normal -0.904044 -0.42744 0
    outer loop
      vertex 26.4723 57.1144 2.4
      vertex 26.3045 57.4693 17
      vertex 26.3045 57.4693 2.4
    endloop
  endfacet
  facet normal -0.904044 -0.42744 0
    outer loop
      vertex 26.3045 57.4693 17
      vertex 26.4723 57.1144 2.4
      vertex 26.4723 57.1144 17
    endloop
  endfacet
  facet normal -0.146733 0.989176 0
    outer loop
      vertex 29.6079 62.9807 4
      vertex 29.2196 62.9231 17
      vertex 29.6079 62.9807 17
    endloop
  endfacet
  facet normal -0.146733 0.989176 0
    outer loop
      vertex 29.2196 62.9231 17
      vertex 29.6079 62.9807 4
      vertex 29.2196 62.9231 4
    endloop
  endfacet
  facet normal 0.595794 -0.803137 0
    outer loop
      vertex 32.2223 55.6741 2.4
      vertex 32.5376 55.908 17
      vertex 32.2223 55.6741 17
    endloop
  endfacet
  facet normal 0.595794 -0.803137 0
    outer loop
      vertex 32.5376 55.908 17
      vertex 32.2223 55.6741 2.4
      vertex 32.5376 55.908 2.4
    endloop
  endfacet
  facet normal 0.0491626 0.998791 -0
    outer loop
      vertex 30.3921 62.9807 4
      vertex 30 63 17
      vertex 30.3921 62.9807 17
    endloop
  endfacet
  facet normal 0.0491626 0.998791 0
    outer loop
      vertex 30 63 17
      vertex 30.3921 62.9807 4
      vertex 30 63 4
    endloop
  endfacet
  facet normal 0.514084 0.85774 -4.2837e-06
    outer loop
      vertex 32.2223 62.3259 17
      vertex 32.1074 62.3947 4
      vertex 31.8856 62.5277 17
    endloop
  endfacet
  facet normal 0.513727 0.857954 -0
    outer loop
      vertex 32.2223 62.3259 2.4
      vertex 32.1074 62.3947 4
      vertex 32.2223 62.3259 17
    endloop
  endfacet
  facet normal 0.513727 0.857954 0
    outer loop
      vertex 32.1074 62.3947 4
      vertex 32.2223 62.3259 2.4
      vertex 32.1074 62.3947 2.4
    endloop
  endfacet
  facet normal 0.514268 0.857629 0
    outer loop
      vertex 31.8856 62.5277 17
      vertex 32.1074 62.3947 4
      vertex 31.8856 62.5277 4
    endloop
  endfacet
  facet normal -0.998791 -0.0491626 0
    outer loop
      vertex 26.0193 58.6079 2.4
      vertex 26 59 17
      vertex 26 59 2.4
    endloop
  endfacet
  facet normal -0.998791 -0.0491626 0
    outer loop
      vertex 26 59 17
      vertex 26.0193 58.6079 2.4
      vertex 26.0193 58.6079 17
    endloop
  endfacet
  facet normal 0.970068 -0.242835 0
    outer loop
      vertex 33.8278 57.8389 17
      vertex 33.9231 58.2196 4
      vertex 33.9231 58.2196 17
    endloop
  endfacet
  facet normal 0.970068 -0.242835 0
    outer loop
      vertex 33.9231 58.2196 4
      vertex 33.8278 57.8389 17
      vertex 33.8278 57.8389 4
    endloop
  endfacet
  facet normal 0.740908 0.671607 0
    outer loop
      vertex 33.092 61.5376 17
      vertex 32.8284 61.8284 2.4
      vertex 32.8284 61.8284 17
    endloop
  endfacet
  facet normal 0.740908 0.671607 0
    outer loop
      vertex 32.8284 61.8284 2.4
      vertex 33.092 61.5376 17
      vertex 33.092 61.5376 2.4
    endloop
  endfacet
  facet normal 0.595794 0.803137 -0
    outer loop
      vertex 32.5376 62.092 2.4
      vertex 32.2223 62.3259 17
      vertex 32.5376 62.092 17
    endloop
  endfacet
  facet normal 0.595794 0.803137 0
    outer loop
      vertex 32.2223 62.3259 17
      vertex 32.5376 62.092 2.4
      vertex 32.2223 62.3259 2.4
    endloop
  endfacet
  facet normal -0.595794 0.803137 0
    outer loop
      vertex 27.7777 62.3259 2.4
      vertex 27.4624 62.092 17
      vertex 27.7777 62.3259 17
    endloop
  endfacet
  facet normal -0.595794 0.803137 0
    outer loop
      vertex 27.4624 62.092 17
      vertex 27.7777 62.3259 2.4
      vertex 27.4624 62.092 2.4
    endloop
  endfacet
  facet normal 0.803137 0.595794 0
    outer loop
      vertex 33.3259 61.2223 17
      vertex 33.092 61.5376 2.4
      vertex 33.092 61.5376 17
    endloop
  endfacet
  facet normal 0.803137 0.595794 0
    outer loop
      vertex 33.092 61.5376 2.4
      vertex 33.3259 61.2223 17
      vertex 33.3259 61.2223 2.4
    endloop
  endfacet
  facet normal 0.989176 -0.146733 0
    outer loop
      vertex 33.9231 58.2196 17
      vertex 33.9807 58.6079 4
      vertex 33.9807 58.6079 17
    endloop
  endfacet
  facet normal 0.989176 -0.146733 0
    outer loop
      vertex 33.9807 58.6079 4
      vertex 33.9231 58.2196 17
      vertex 33.9231 58.2196 4
    endloop
  endfacet
  facet normal -0.9415 0.337014 0
    outer loop
      vertex 26.1722 60.1611 2.4
      vertex 26.3045 60.5307 17
      vertex 26.3045 60.5307 2.4
    endloop
  endfacet
  facet normal -0.9415 0.337014 0
    outer loop
      vertex 26.3045 60.5307 17
      vertex 26.1722 60.1611 2.4
      vertex 26.1722 60.1611 17
    endloop
  endfacet
  facet normal 0.904044 -0.42744 0
    outer loop
      vertex 33.5277 57.1144 17
      vertex 33.6955 57.4693 4
      vertex 33.6955 57.4693 17
    endloop
  endfacet
  facet normal 0.904044 -0.42744 0
    outer loop
      vertex 33.6955 57.4693 4
      vertex 33.5277 57.1144 17
      vertex 33.5277 57.1144 4
    endloop
  endfacet
  facet normal 0.337014 0.9415 -0
    outer loop
      vertex 31.5307 62.6955 4
      vertex 31.1611 62.8278 17
      vertex 31.5307 62.6955 17
    endloop
  endfacet
  facet normal 0.337014 0.9415 0
    outer loop
      vertex 31.1611 62.8278 17
      vertex 31.5307 62.6955 4
      vertex 31.1611 62.8278 4
    endloop
  endfacet
  facet normal 0.998791 -0.0491626 0
    outer loop
      vertex 33.9807 58.6079 17
      vertex 34 59 4
      vertex 34 59 17
    endloop
  endfacet
  facet normal 0.998791 -0.0491626 0
    outer loop
      vertex 34 59 4
      vertex 33.9807 58.6079 17
      vertex 33.9807 58.6079 4
    endloop
  endfacet
  facet normal 0.337014 -0.9415 0
    outer loop
      vertex 31.1611 55.1722 2.4
      vertex 31.5307 55.3045 17
      vertex 31.1611 55.1722 17
    endloop
  endfacet
  facet normal 0.337014 -0.9415 0
    outer loop
      vertex 31.5307 55.3045 17
      vertex 31.1611 55.1722 2.4
      vertex 31.5307 55.3045 2.4
    endloop
  endfacet
  facet normal 0.9415 0.337014 0
    outer loop
      vertex 33.8278 60.1611 17
      vertex 33.6955 60.5307 4
      vertex 33.6955 60.5307 17
    endloop
  endfacet
  facet normal 0.9415 0.337014 0
    outer loop
      vertex 33.6955 60.5307 4
      vertex 33.8278 60.1611 17
      vertex 33.8278 60.1611 4
    endloop
  endfacet
  facet normal 0.803137 -0.595794 0
    outer loop
      vertex 33.092 56.4624 17
      vertex 33.3259 56.7777 2.4
      vertex 33.3259 56.7777 17
    endloop
  endfacet
  facet normal 0.803137 -0.595794 0
    outer loop
      vertex 33.3259 56.7777 2.4
      vertex 33.092 56.4624 17
      vertex 33.092 56.4624 2.4
    endloop
  endfacet
  facet normal 0.857671 -0.5142 0
    outer loop
      vertex 33.5277 57.1144 17
      vertex 33.4 56.9014 4
      vertex 33.5277 57.1144 4
    endloop
  endfacet
  facet normal 0.85774 -0.514084 -2.58472e-06
    outer loop
      vertex 33.3259 56.7777 17
      vertex 33.4 56.9014 4
      vertex 33.5277 57.1144 17
    endloop
  endfacet
  facet normal 0.85786 -0.513884 0
    outer loop
      vertex 33.3259 56.7777 2.4
      vertex 33.4 56.9014 4
      vertex 33.3259 56.7777 17
    endloop
  endfacet
  facet normal 0.85786 -0.513884 0
    outer loop
      vertex 33.4 56.9014 4
      vertex 33.3259 56.7777 2.4
      vertex 33.4 56.9014 2.4
    endloop
  endfacet
  facet normal 0.9415 -0.337014 0
    outer loop
      vertex 33.6955 57.4693 17
      vertex 33.8278 57.8389 4
      vertex 33.8278 57.8389 17
    endloop
  endfacet
  facet normal 0.9415 -0.337014 0
    outer loop
      vertex 33.8278 57.8389 4
      vertex 33.6955 57.4693 17
      vertex 33.6955 57.4693 4
    endloop
  endfacet
  facet normal -0.904044 0.42744 0
    outer loop
      vertex 26.3045 60.5307 2.4
      vertex 26.4723 60.8856 17
      vertex 26.4723 60.8856 2.4
    endloop
  endfacet
  facet normal -0.904044 0.42744 0
    outer loop
      vertex 26.4723 60.8856 17
      vertex 26.3045 60.5307 2.4
      vertex 26.3045 60.5307 17
    endloop
  endfacet
  facet normal -0.242835 0.970068 0
    outer loop
      vertex 29.2196 62.9231 4
      vertex 28.8389 62.8278 17
      vertex 29.2196 62.9231 17
    endloop
  endfacet
  facet normal -0.242835 0.970068 0
    outer loop
      vertex 28.8389 62.8278 17
      vertex 29.2196 62.9231 4
      vertex 28.8389 62.8278 4
    endloop
  endfacet
  facet normal 0.904044 0.42744 0
    outer loop
      vertex 33.6955 60.5307 17
      vertex 33.5277 60.8856 4
      vertex 33.5277 60.8856 17
    endloop
  endfacet
  facet normal 0.904044 0.42744 0
    outer loop
      vertex 33.5277 60.8856 4
      vertex 33.6955 60.5307 17
      vertex 33.6955 60.5307 4
    endloop
  endfacet
  facet normal 0.146733 0.989176 -0
    outer loop
      vertex 30.7804 62.9231 4
      vertex 30.3921 62.9807 17
      vertex 30.7804 62.9231 17
    endloop
  endfacet
  facet normal 0.146733 0.989176 0
    outer loop
      vertex 30.3921 62.9807 17
      vertex 30.7804 62.9231 4
      vertex 30.3921 62.9807 4
    endloop
  endfacet
  facet normal -0.85774 -0.514084 0
    outer loop
      vertex 26.6741 56.7777 2.4
      vertex 26.4723 57.1144 17
      vertex 26.4723 57.1144 2.4
    endloop
  endfacet
  facet normal -0.85774 -0.514084 0
    outer loop
      vertex 26.4723 57.1144 17
      vertex 26.6741 56.7777 2.4
      vertex 26.6741 56.7777 17
    endloop
  endfacet
  facet normal 0.857954 0.513727 0
    outer loop
      vertex 33.3259 61.2223 17
      vertex 33.3947 61.1074 4
      vertex 33.3259 61.2223 2.4
    endloop
  endfacet
  facet normal 0.85774 0.514084 -4.2837e-06
    outer loop
      vertex 33.5277 60.8856 17
      vertex 33.3947 61.1074 4
      vertex 33.3259 61.2223 17
    endloop
  endfacet
  facet normal 0.857629 0.514268 0
    outer loop
      vertex 33.3947 61.1074 4
      vertex 33.5277 60.8856 17
      vertex 33.5277 60.8856 4
    endloop
  endfacet
  facet normal 0.857954 0.513727 0
    outer loop
      vertex 33.3259 61.2223 2.4
      vertex 33.3947 61.1074 4
      vertex 33.3947 61.1074 2.4
    endloop
  endfacet
  facet normal -0.740908 -0.671607 0
    outer loop
      vertex 27.1716 56.1716 2.4
      vertex 26.908 56.4624 17
      vertex 26.908 56.4624 2.4
    endloop
  endfacet
  facet normal -0.740908 -0.671607 0
    outer loop
      vertex 26.908 56.4624 17
      vertex 27.1716 56.1716 2.4
      vertex 27.1716 56.1716 17
    endloop
  endfacet
  facet normal 0.242835 -0.970068 0
    outer loop
      vertex 30.7804 55.0769 2.4
      vertex 31.1611 55.1722 17
      vertex 30.7804 55.0769 17
    endloop
  endfacet
  facet normal 0.242835 -0.970068 0
    outer loop
      vertex 31.1611 55.1722 17
      vertex 30.7804 55.0769 2.4
      vertex 31.1611 55.1722 2.4
    endloop
  endfacet
  facet normal -0.514084 0.85774 0
    outer loop
      vertex 28.1144 62.5277 4
      vertex 27.7777 62.3259 17
      vertex 28.1144 62.5277 17
    endloop
  endfacet
  facet normal -0.5142 0.857671 -4.08547e-06
    outer loop
      vertex 27.9014 62.4 4
      vertex 27.7777 62.3259 17
      vertex 28.1144 62.5277 4
    endloop
  endfacet
  facet normal -0.513884 0.85786 0
    outer loop
      vertex 27.7777 62.3259 2.4
      vertex 27.9014 62.4 4
      vertex 27.9014 62.4 2.4
    endloop
  endfacet
  facet normal -0.513884 0.85786 0
    outer loop
      vertex 27.9014 62.4 4
      vertex 27.7777 62.3259 2.4
      vertex 27.7777 62.3259 17
    endloop
  endfacet
  facet normal -0.42744 0.904044 0
    outer loop
      vertex 28.4693 62.6955 4
      vertex 28.1144 62.5277 17
      vertex 28.4693 62.6955 17
    endloop
  endfacet
  facet normal -0.42744 0.904044 0
    outer loop
      vertex 28.1144 62.5277 17
      vertex 28.4693 62.6955 4
      vertex 28.1144 62.5277 4
    endloop
  endfacet
  facet normal -0.9415 -0.337014 0
    outer loop
      vertex 26.3045 57.4693 2.4
      vertex 26.1722 57.8389 17
      vertex 26.1722 57.8389 2.4
    endloop
  endfacet
  facet normal -0.9415 -0.337014 0
    outer loop
      vertex 26.1722 57.8389 17
      vertex 26.3045 57.4693 2.4
      vertex 26.3045 57.4693 17
    endloop
  endfacet
  facet normal -0.514084 -0.85774 0
    outer loop
      vertex 27.7777 55.6741 2.4
      vertex 28.1144 55.4723 17
      vertex 27.7777 55.6741 17
    endloop
  endfacet
  facet normal -0.514084 -0.85774 -0
    outer loop
      vertex 28.1144 55.4723 17
      vertex 27.7777 55.6741 2.4
      vertex 28.1144 55.4723 2.4
    endloop
  endfacet
  facet normal 0.671607 0.740908 -0
    outer loop
      vertex 32.8284 61.8284 2.4
      vertex 32.5376 62.092 17
      vertex 32.8284 61.8284 17
    endloop
  endfacet
  facet normal 0.671607 0.740908 0
    outer loop
      vertex 32.5376 62.092 17
      vertex 32.8284 61.8284 2.4
      vertex 32.5376 62.092 2.4
    endloop
  endfacet
  facet normal -0.970068 0.242835 0
    outer loop
      vertex 26.0769 59.7804 2.4
      vertex 26.1722 60.1611 17
      vertex 26.1722 60.1611 2.4
    endloop
  endfacet
  facet normal -0.970068 0.242835 0
    outer loop
      vertex 26.1722 60.1611 17
      vertex 26.0769 59.7804 2.4
      vertex 26.0769 59.7804 17
    endloop
  endfacet
  facet normal -0.803137 -0.595794 0
    outer loop
      vertex 26.908 56.4624 2.4
      vertex 26.6741 56.7777 17
      vertex 26.6741 56.7777 2.4
    endloop
  endfacet
  facet normal -0.803137 -0.595794 0
    outer loop
      vertex 26.6741 56.7777 17
      vertex 26.908 56.4624 2.4
      vertex 26.908 56.4624 17
    endloop
  endfacet
  facet normal -0.989176 -0.146733 0
    outer loop
      vertex 26.0769 58.2196 2.4
      vertex 26.0193 58.6079 17
      vertex 26.0193 58.6079 2.4
    endloop
  endfacet
  facet normal -0.989176 -0.146733 0
    outer loop
      vertex 26.0193 58.6079 17
      vertex 26.0769 58.2196 2.4
      vertex 26.0769 58.2196 17
    endloop
  endfacet
  facet normal -0.671607 -0.740908 0
    outer loop
      vertex 27.1716 56.1716 2.4
      vertex 27.4624 55.908 17
      vertex 27.1716 56.1716 17
    endloop
  endfacet
  facet normal -0.671607 -0.740908 -0
    outer loop
      vertex 27.4624 55.908 17
      vertex 27.1716 56.1716 2.4
      vertex 27.4624 55.908 2.4
    endloop
  endfacet
  facet normal -0.803137 0.595794 0
    outer loop
      vertex 26.6741 61.2223 2.4
      vertex 26.908 61.5376 17
      vertex 26.908 61.5376 2.4
    endloop
  endfacet
  facet normal -0.803137 0.595794 0
    outer loop
      vertex 26.908 61.5376 17
      vertex 26.6741 61.2223 2.4
      vertex 26.6741 61.2223 17
    endloop
  endfacet
  facet normal -0.85774 0.514084 0
    outer loop
      vertex 26.4723 60.8856 2.4
      vertex 26.6741 61.2223 17
      vertex 26.6741 61.2223 2.4
    endloop
  endfacet
  facet normal -0.85774 0.514084 0
    outer loop
      vertex 26.6741 61.2223 17
      vertex 26.4723 60.8856 2.4
      vertex 26.4723 60.8856 17
    endloop
  endfacet
  facet normal -0 0 1
    outer loop
      vertex 33.3061 59.3188 17
      vertex 34 59 17
      vertex 33.9807 59.3921 17
    endloop
  endfacet
  facet normal 0 0 1
    outer loop
      vertex 33.3047 59.3323 17
      vertex 33.9807 59.3921 17
      vertex 33.9231 59.7804 17
    endloop
  endfacet
  facet normal 0 0 1
    outer loop
      vertex 33.3061 58.6812 17
      vertex 34 59 17
      vertex 33.3217 59 17
    endloop
  endfacet
  facet normal 0 0 1
    outer loop
      vertex 33.2563 59.6547 17
      vertex 33.9231 59.7804 17
      vertex 33.8278 60.1611 17
    endloop
  endfacet
  facet normal 0 0 1
    outer loop
      vertex 34 59 17
      vertex 33.3061 58.6812 17
      vertex 33.9807 58.6079 17
    endloop
  endfacet
  facet normal -0 0 1
    outer loop
      vertex 33.0712 60.2647 17
      vertex 33.8278 60.1611 17
      vertex 33.6955 60.5307 17
    endloop
  endfacet
  facet normal -0 0 1
    outer loop
      vertex 33.3057 58.6744 17
      vertex 33.9807 58.6079 17
      vertex 33.3061 58.6812 17
    endloop
  endfacet
  facet normal -0 0 1
    outer loop
      vertex 32.9324 60.5597 17
      vertex 33.6955 60.5307 17
      vertex 33.5277 60.8856 17
    endloop
  endfacet
  facet normal -0 0 1
    outer loop
      vertex 33.3047 58.6677 17
      vertex 33.9807 58.6079 17
      vertex 33.3057 58.6744 17
    endloop
  endfacet
  facet normal 0 0 1
    outer loop
      vertex 32.926 60.5717 17
      vertex 33.5277 60.8856 17
      vertex 33.3259 61.2223 17
    endloop
  endfacet
  facet normal 0 0 1
    outer loop
      vertex 33.9807 58.6079 17
      vertex 33.3047 58.6677 17
      vertex 33.9231 58.2196 17
    endloop
  endfacet
  facet normal -0 0 1
    outer loop
      vertex 33.2579 58.352 17
      vertex 33.9231 58.2196 17
      vertex 33.3047 58.6677 17
    endloop
  endfacet
  facet normal 0 0 1
    outer loop
      vertex 34 59 17
      vertex 33.3061 59.3188 17
      vertex 33.3217 59 17
    endloop
  endfacet
  facet normal 0 0 1
    outer loop
      vertex 33.9807 59.3921 17
      vertex 33.3057 59.3256 17
      vertex 33.3061 59.3188 17
    endloop
  endfacet
  facet normal 0 0 1
    outer loop
      vertex 33.9807 59.3921 17
      vertex 33.3047 59.3323 17
      vertex 33.3057 59.3256 17
    endloop
  endfacet
  facet normal 0 0 1
    outer loop
      vertex 33.9231 59.7804 17
      vertex 33.2579 59.648 17
      vertex 33.3047 59.3323 17
    endloop
  endfacet
  facet normal 0 0 1
    outer loop
      vertex 33.9231 59.7804 17
      vertex 33.2563 59.6547 17
      vertex 33.2579 59.648 17
    endloop
  endfacet
  facet normal 0 0 1
    outer loop
      vertex 33.8278 60.1611 17
      vertex 33.1787 59.9642 17
      vertex 33.2563 59.6547 17
    endloop
  endfacet
  facet normal 0 0 1
    outer loop
      vertex 32.5718 61.1018 17
      vertex 33.3259 61.2223 17
      vertex 33.092 61.5376 17
    endloop
  endfacet
  facet normal 0 0 1
    outer loop
      vertex 33.8278 60.1611 17
      vertex 33.0712 60.2647 17
      vertex 33.1787 59.9642 17
    endloop
  endfacet
  facet normal 0 0 1
    outer loop
      vertex 33.6955 60.5307 17
      vertex 33.0689 60.2712 17
      vertex 33.0712 60.2647 17
    endloop
  endfacet
  facet normal 0 0 1
    outer loop
      vertex 33.6955 60.5307 17
      vertex 32.9324 60.5597 17
      vertex 33.0689 60.2712 17
    endloop
  endfacet
  facet normal 0 0 1
    outer loop
      vertex 33.5277 60.8856 17
      vertex 32.9295 60.5659 17
      vertex 32.9324 60.5597 17
    endloop
  endfacet
  facet normal 0 0 1
    outer loop
      vertex 33.5277 60.8856 17
      vertex 32.926 60.5717 17
      vertex 32.9295 60.5659 17
    endloop
  endfacet
  facet normal 0 0 1
    outer loop
      vertex 32.5632 61.1123 17
      vertex 33.092 61.5376 17
      vertex 32.8284 61.8284 17
    endloop
  endfacet
  facet normal 0 0 1
    outer loop
      vertex 33.3259 61.2223 17
      vertex 32.7619 60.8455 17
      vertex 32.926 60.5717 17
    endloop
  endfacet
  facet normal 0 0 1
    outer loop
      vertex 33.3259 61.2223 17
      vertex 32.5718 61.1018 17
      vertex 32.7619 60.8455 17
    endloop
  endfacet
  facet normal 0 0 1
    outer loop
      vertex 33.092 61.5376 17
      vertex 32.5677 61.1073 17
      vertex 32.5718 61.1018 17
    endloop
  endfacet
  facet normal 0 0 1
    outer loop
      vertex 33.092 61.5376 17
      vertex 32.5632 61.1123 17
      vertex 32.5677 61.1073 17
    endloop
  endfacet
  facet normal 0 0 1
    outer loop
      vertex 32.1123 61.5632 17
      vertex 32.8284 61.8284 17
      vertex 32.5376 62.092 17
    endloop
  endfacet
  facet normal 0 0 1
    outer loop
      vertex 32.8284 61.8284 17
      vertex 32.3488 61.3488 17
      vertex 32.5632 61.1123 17
    endloop
  endfacet
  facet normal 0 0 1
    outer loop
      vertex 32.1018 61.5718 17
      vertex 32.5376 62.092 17
      vertex 32.2223 62.3259 17
    endloop
  endfacet
  facet normal 0 0 1
    outer loop
      vertex 32.8284 61.8284 17
      vertex 32.1123 61.5632 17
      vertex 32.3488 61.3488 17
    endloop
  endfacet
  facet normal 0 0 1
    outer loop
      vertex 32.5376 62.092 17
      vertex 32.1073 61.5677 17
      vertex 32.1123 61.5632 17
    endloop
  endfacet
  facet normal 0 0 1
    outer loop
      vertex 32.5376 62.092 17
      vertex 32.1018 61.5718 17
      vertex 32.1073 61.5677 17
    endloop
  endfacet
  facet normal 0 0 1
    outer loop
      vertex 31.5717 61.926 17
      vertex 32.2223 62.3259 17
      vertex 31.8856 62.5277 17
    endloop
  endfacet
  facet normal 0 0 1
    outer loop
      vertex 32.2223 62.3259 17
      vertex 31.8455 61.7619 17
      vertex 32.1018 61.5718 17
    endloop
  endfacet
  facet normal 0 0 1
    outer loop
      vertex 32.2223 62.3259 17
      vertex 31.5717 61.926 17
      vertex 31.8455 61.7619 17
    endloop
  endfacet
  facet normal 0 0 1
    outer loop
      vertex 31.8856 62.5277 17
      vertex 31.5659 61.9295 17
      vertex 31.5717 61.926 17
    endloop
  endfacet
  facet normal 0 0 1
    outer loop
      vertex 31.8856 62.5277 17
      vertex 31.5597 61.9324 17
      vertex 31.5659 61.9295 17
    endloop
  endfacet
  facet normal 0 0 1
    outer loop
      vertex 31.5307 62.6955 17
      vertex 31.5597 61.9324 17
      vertex 31.8856 62.5277 17
    endloop
  endfacet
  facet normal 0 0 1
    outer loop
      vertex 31.5307 62.6955 17
      vertex 31.2712 62.0689 17
      vertex 31.5597 61.9324 17
    endloop
  endfacet
  facet normal 0 0 1
    outer loop
      vertex 31.5307 62.6955 17
      vertex 31.2647 62.0712 17
      vertex 31.2712 62.0689 17
    endloop
  endfacet
  facet normal 0 0 1
    outer loop
      vertex 31.1611 62.8278 17
      vertex 31.2647 62.0712 17
      vertex 31.5307 62.6955 17
    endloop
  endfacet
  facet normal 0 0 1
    outer loop
      vertex 31.1611 62.8278 17
      vertex 30.9642 62.1787 17
      vertex 31.2647 62.0712 17
    endloop
  endfacet
  facet normal 0 0 1
    outer loop
      vertex 30.6547 62.2563 17
      vertex 31.1611 62.8278 17
      vertex 30.7804 62.9231 17
    endloop
  endfacet
  facet normal 0 0 1
    outer loop
      vertex 31.1611 62.8278 17
      vertex 30.6547 62.2563 17
      vertex 30.9642 62.1787 17
    endloop
  endfacet
  facet normal 0 0 1
    outer loop
      vertex 30.7804 62.9231 17
      vertex 30.648 62.2579 17
      vertex 30.6547 62.2563 17
    endloop
  endfacet
  facet normal 0 0 1
    outer loop
      vertex 30.3323 62.3047 17
      vertex 30.7804 62.9231 17
      vertex 30.3921 62.9807 17
    endloop
  endfacet
  facet normal 0 0 1
    outer loop
      vertex 30.7804 62.9231 17
      vertex 30.3323 62.3047 17
      vertex 30.648 62.2579 17
    endloop
  endfacet
  facet normal 0 0 1
    outer loop
      vertex 30.3921 62.9807 17
      vertex 30.3256 62.3057 17
      vertex 30.3323 62.3047 17
    endloop
  endfacet
  facet normal 0 0 1
    outer loop
      vertex 30.3921 62.9807 17
      vertex 30.3188 62.3061 17
      vertex 30.3256 62.3057 17
    endloop
  endfacet
  facet normal 0 0 1
    outer loop
      vertex 30 63 17
      vertex 30.3188 62.3061 17
      vertex 30.3921 62.9807 17
    endloop
  endfacet
  facet normal 0 0 1
    outer loop
      vertex 30 63 17
      vertex 30 62.3217 17
      vertex 30.3188 62.3061 17
    endloop
  endfacet
  facet normal 0 0 1
    outer loop
      vertex 30 63 17
      vertex 29.6812 62.3061 17
      vertex 30 62.3217 17
    endloop
  endfacet
  facet normal -0 0 1
    outer loop
      vertex 29.6079 62.9807 17
      vertex 29.6812 62.3061 17
      vertex 30 63 17
    endloop
  endfacet
  facet normal 0 0 1
    outer loop
      vertex 29.6812 62.3061 17
      vertex 29.6079 62.9807 17
      vertex 29.6744 62.3057 17
    endloop
  endfacet
  facet normal 0 0 1
    outer loop
      vertex 29.6744 62.3057 17
      vertex 29.6079 62.9807 17
      vertex 29.6677 62.3047 17
    endloop
  endfacet
  facet normal -0 0 1
    outer loop
      vertex 29.2196 62.9231 17
      vertex 29.6677 62.3047 17
      vertex 29.6079 62.9807 17
    endloop
  endfacet
  facet normal 0 0 1
    outer loop
      vertex 29.6677 62.3047 17
      vertex 29.2196 62.9231 17
      vertex 29.352 62.2579 17
    endloop
  endfacet
  facet normal 0 0 1
    outer loop
      vertex 29.352 62.2579 17
      vertex 29.2196 62.9231 17
      vertex 29.3453 62.2563 17
    endloop
  endfacet
  facet normal -0 0 1
    outer loop
      vertex 28.8389 62.8278 17
      vertex 29.3453 62.2563 17
      vertex 29.2196 62.9231 17
    endloop
  endfacet
  facet normal 0 0 1
    outer loop
      vertex 29.3453 62.2563 17
      vertex 28.8389 62.8278 17
      vertex 29.0358 62.1787 17
    endloop
  endfacet
  facet normal 0 0 1
    outer loop
      vertex 28.8389 62.8278 17
      vertex 28.7353 62.0712 17
      vertex 29.0358 62.1787 17
    endloop
  endfacet
  facet normal -0 0 1
    outer loop
      vertex 28.4693 62.6955 17
      vertex 28.7353 62.0712 17
      vertex 28.8389 62.8278 17
    endloop
  endfacet
  facet normal 0 0 1
    outer loop
      vertex 28.7353 62.0712 17
      vertex 28.4693 62.6955 17
      vertex 28.7288 62.0689 17
    endloop
  endfacet
  facet normal 0 0 1
    outer loop
      vertex 28.4693 62.6955 17
      vertex 28.4403 61.9324 17
      vertex 28.7288 62.0689 17
    endloop
  endfacet
  facet normal -0 0 1
    outer loop
      vertex 28.1144 62.5277 17
      vertex 28.4403 61.9324 17
      vertex 28.4693 62.6955 17
    endloop
  endfacet
  facet normal 0 0 1
    outer loop
      vertex 28.4403 61.9324 17
      vertex 28.1144 62.5277 17
      vertex 28.4341 61.9295 17
    endloop
  endfacet
  facet normal 0 0 1
    outer loop
      vertex 28.4341 61.9295 17
      vertex 28.1144 62.5277 17
      vertex 28.4283 61.926 17
    endloop
  endfacet
  facet normal -0 0 1
    outer loop
      vertex 27.7777 62.3259 17
      vertex 28.4283 61.926 17
      vertex 28.1144 62.5277 17
    endloop
  endfacet
  facet normal 0 0 1
    outer loop
      vertex 28.4283 61.926 17
      vertex 27.7777 62.3259 17
      vertex 28.1545 61.7619 17
    endloop
  endfacet
  facet normal 0 0 1
    outer loop
      vertex 28.1545 61.7619 17
      vertex 27.7777 62.3259 17
      vertex 27.8982 61.5718 17
    endloop
  endfacet
  facet normal -0 0 1
    outer loop
      vertex 27.4624 62.092 17
      vertex 27.8982 61.5718 17
      vertex 27.7777 62.3259 17
    endloop
  endfacet
  facet normal 0 0 1
    outer loop
      vertex 27.8982 61.5718 17
      vertex 27.4624 62.092 17
      vertex 27.8927 61.5677 17
    endloop
  endfacet
  facet normal 0 0 1
    outer loop
      vertex 27.8927 61.5677 17
      vertex 27.4624 62.092 17
      vertex 27.8877 61.5632 17
    endloop
  endfacet
  facet normal -0 0 1
    outer loop
      vertex 27.1716 61.8284 17
      vertex 27.8877 61.5632 17
      vertex 27.4624 62.092 17
    endloop
  endfacet
  facet normal 0 0 1
    outer loop
      vertex 27.8877 61.5632 17
      vertex 27.1716 61.8284 17
      vertex 27.6512 61.3488 17
    endloop
  endfacet
  facet normal 0 0 1
    outer loop
      vertex 27.6512 61.3488 17
      vertex 27.1716 61.8284 17
      vertex 27.4368 61.1123 17
    endloop
  endfacet
  facet normal -0 0 1
    outer loop
      vertex 26.908 61.5376 17
      vertex 27.4368 61.1123 17
      vertex 27.1716 61.8284 17
    endloop
  endfacet
  facet normal 0 0 1
    outer loop
      vertex 27.4368 61.1123 17
      vertex 26.908 61.5376 17
      vertex 27.4323 61.1073 17
    endloop
  endfacet
  facet normal 0 0 1
    outer loop
      vertex 27.4323 61.1073 17
      vertex 26.908 61.5376 17
      vertex 27.4282 61.1018 17
    endloop
  endfacet
  facet normal -0 0 1
    outer loop
      vertex 26.6741 61.2223 17
      vertex 27.4282 61.1018 17
      vertex 26.908 61.5376 17
    endloop
  endfacet
  facet normal 0 0 1
    outer loop
      vertex 27.4282 61.1018 17
      vertex 26.6741 61.2223 17
      vertex 27.2381 60.8455 17
    endloop
  endfacet
  facet normal 0 0 1
    outer loop
      vertex 27.2381 60.8455 17
      vertex 26.6741 61.2223 17
      vertex 27.074 60.5717 17
    endloop
  endfacet
  facet normal -0 0 1
    outer loop
      vertex 26.4723 60.8856 17
      vertex 27.074 60.5717 17
      vertex 26.6741 61.2223 17
    endloop
  endfacet
  facet normal 0 0 1
    outer loop
      vertex 27.074 60.5717 17
      vertex 26.4723 60.8856 17
      vertex 27.0705 60.5659 17
    endloop
  endfacet
  facet normal 0 0 1
    outer loop
      vertex 27.0705 60.5659 17
      vertex 26.4723 60.8856 17
      vertex 27.0676 60.5597 17
    endloop
  endfacet
  facet normal 0 0 1
    outer loop
      vertex 26.3045 60.5307 17
      vertex 27.0676 60.5597 17
      vertex 26.4723 60.8856 17
    endloop
  endfacet
  facet normal 0 0 1
    outer loop
      vertex 27.0676 60.5597 17
      vertex 26.3045 60.5307 17
      vertex 26.9311 60.2712 17
    endloop
  endfacet
  facet normal 0 0 1
    outer loop
      vertex 26.9311 60.2712 17
      vertex 26.3045 60.5307 17
      vertex 26.9288 60.2647 17
    endloop
  endfacet
  facet normal 0 0 1
    outer loop
      vertex 26.1722 60.1611 17
      vertex 26.9288 60.2647 17
      vertex 26.3045 60.5307 17
    endloop
  endfacet
  facet normal 0 0 1
    outer loop
      vertex 26.9288 60.2647 17
      vertex 26.1722 60.1611 17
      vertex 26.8213 59.9642 17
    endloop
  endfacet
  facet normal 0 0 1
    outer loop
      vertex 26.7437 59.6547 17
      vertex 26.0769 59.7804 17
      vertex 26.7421 59.648 17
    endloop
  endfacet
  facet normal -0 0 1
    outer loop
      vertex 26.0769 59.7804 17
      vertex 26.7437 59.6547 17
      vertex 26.1722 60.1611 17
    endloop
  endfacet
  facet normal 0 0 1
    outer loop
      vertex 26.8213 59.9642 17
      vertex 26.1722 60.1611 17
      vertex 26.7437 59.6547 17
    endloop
  endfacet
  facet normal -0 0 1
    outer loop
      vertex 33.2563 58.3453 17
      vertex 33.9231 58.2196 17
      vertex 33.2579 58.352 17
    endloop
  endfacet
  facet normal 0 0 1
    outer loop
      vertex 33.9231 58.2196 17
      vertex 33.2563 58.3453 17
      vertex 33.8278 57.8389 17
    endloop
  endfacet
  facet normal -0 0 1
    outer loop
      vertex 33.1787 58.0358 17
      vertex 33.8278 57.8389 17
      vertex 33.2563 58.3453 17
    endloop
  endfacet
  facet normal 0 0 1
    outer loop
      vertex 33.0712 57.7353 17
      vertex 33.8278 57.8389 17
      vertex 33.1787 58.0358 17
    endloop
  endfacet
  facet normal 0 0 1
    outer loop
      vertex 33.8278 57.8389 17
      vertex 33.0712 57.7353 17
      vertex 33.6955 57.4693 17
    endloop
  endfacet
  facet normal -0 0 1
    outer loop
      vertex 33.0689 57.7288 17
      vertex 33.6955 57.4693 17
      vertex 33.0712 57.7353 17
    endloop
  endfacet
  facet normal 0 0 1
    outer loop
      vertex 32.9324 57.4403 17
      vertex 33.6955 57.4693 17
      vertex 33.0689 57.7288 17
    endloop
  endfacet
  facet normal 0 0 1
    outer loop
      vertex 33.6955 57.4693 17
      vertex 32.9324 57.4403 17
      vertex 33.5277 57.1144 17
    endloop
  endfacet
  facet normal -0 0 1
    outer loop
      vertex 32.9295 57.4341 17
      vertex 33.5277 57.1144 17
      vertex 32.9324 57.4403 17
    endloop
  endfacet
  facet normal -0 0 1
    outer loop
      vertex 32.926 57.4283 17
      vertex 33.5277 57.1144 17
      vertex 32.9295 57.4341 17
    endloop
  endfacet
  facet normal 0 0 1
    outer loop
      vertex 33.5277 57.1144 17
      vertex 32.926 57.4283 17
      vertex 33.3259 56.7777 17
    endloop
  endfacet
  facet normal -0 0 1
    outer loop
      vertex 32.7619 57.1545 17
      vertex 33.3259 56.7777 17
      vertex 32.926 57.4283 17
    endloop
  endfacet
  facet normal -0 0 1
    outer loop
      vertex 32.5718 56.8982 17
      vertex 33.3259 56.7777 17
      vertex 32.7619 57.1545 17
    endloop
  endfacet
  facet normal 0 0 1
    outer loop
      vertex 33.3259 56.7777 17
      vertex 32.5718 56.8982 17
      vertex 33.092 56.4624 17
    endloop
  endfacet
  facet normal -0 0 1
    outer loop
      vertex 32.5677 56.8927 17
      vertex 33.092 56.4624 17
      vertex 32.5718 56.8982 17
    endloop
  endfacet
  facet normal -0 0 1
    outer loop
      vertex 32.5632 56.8877 17
      vertex 33.092 56.4624 17
      vertex 32.5677 56.8927 17
    endloop
  endfacet
  facet normal 0 0 1
    outer loop
      vertex 33.092 56.4624 17
      vertex 32.5632 56.8877 17
      vertex 32.8284 56.1716 17
    endloop
  endfacet
  facet normal -0 0 1
    outer loop
      vertex 32.3488 56.6512 17
      vertex 32.8284 56.1716 17
      vertex 32.5632 56.8877 17
    endloop
  endfacet
  facet normal -0 0 1
    outer loop
      vertex 32.1123 56.4368 17
      vertex 32.8284 56.1716 17
      vertex 32.3488 56.6512 17
    endloop
  endfacet
  facet normal 0 0 1
    outer loop
      vertex 32.8284 56.1716 17
      vertex 32.1123 56.4368 17
      vertex 32.5376 55.908 17
    endloop
  endfacet
  facet normal -0 0 1
    outer loop
      vertex 32.1073 56.4323 17
      vertex 32.5376 55.908 17
      vertex 32.1123 56.4368 17
    endloop
  endfacet
  facet normal -0 0 1
    outer loop
      vertex 32.1018 56.4282 17
      vertex 32.5376 55.908 17
      vertex 32.1073 56.4323 17
    endloop
  endfacet
  facet normal 0 0 1
    outer loop
      vertex 32.5376 55.908 17
      vertex 32.1018 56.4282 17
      vertex 32.2223 55.6741 17
    endloop
  endfacet
  facet normal -0 0 1
    outer loop
      vertex 31.8455 56.2381 17
      vertex 32.2223 55.6741 17
      vertex 32.1018 56.4282 17
    endloop
  endfacet
  facet normal -0 0 1
    outer loop
      vertex 31.5717 56.074 17
      vertex 32.2223 55.6741 17
      vertex 31.8455 56.2381 17
    endloop
  endfacet
  facet normal 0 0 1
    outer loop
      vertex 32.2223 55.6741 17
      vertex 31.5717 56.074 17
      vertex 31.8856 55.4723 17
    endloop
  endfacet
  facet normal -0 0 1
    outer loop
      vertex 31.5659 56.0705 17
      vertex 31.8856 55.4723 17
      vertex 31.5717 56.074 17
    endloop
  endfacet
  facet normal -0 0 1
    outer loop
      vertex 31.5597 56.0676 17
      vertex 31.8856 55.4723 17
      vertex 31.5659 56.0705 17
    endloop
  endfacet
  facet normal 0 0 1
    outer loop
      vertex 31.5597 56.0676 17
      vertex 31.5307 55.3045 17
      vertex 31.8856 55.4723 17
    endloop
  endfacet
  facet normal -0 0 1
    outer loop
      vertex 31.2712 55.9311 17
      vertex 31.5307 55.3045 17
      vertex 31.5597 56.0676 17
    endloop
  endfacet
  facet normal -0 0 1
    outer loop
      vertex 31.2647 55.9288 17
      vertex 31.5307 55.3045 17
      vertex 31.2712 55.9311 17
    endloop
  endfacet
  facet normal 0 0 1
    outer loop
      vertex 31.2647 55.9288 17
      vertex 31.1611 55.1722 17
      vertex 31.5307 55.3045 17
    endloop
  endfacet
  facet normal -0 0 1
    outer loop
      vertex 30.9642 55.8213 17
      vertex 31.1611 55.1722 17
      vertex 31.2647 55.9288 17
    endloop
  endfacet
  facet normal -0 0 1
    outer loop
      vertex 30.6547 55.7437 17
      vertex 31.1611 55.1722 17
      vertex 30.9642 55.8213 17
    endloop
  endfacet
  facet normal 0 0 1
    outer loop
      vertex 31.1611 55.1722 17
      vertex 30.6547 55.7437 17
      vertex 30.7804 55.0769 17
    endloop
  endfacet
  facet normal -0 0 1
    outer loop
      vertex 30.648 55.7421 17
      vertex 30.7804 55.0769 17
      vertex 30.6547 55.7437 17
    endloop
  endfacet
  facet normal -0 0 1
    outer loop
      vertex 30.3323 55.6953 17
      vertex 30.7804 55.0769 17
      vertex 30.648 55.7421 17
    endloop
  endfacet
  facet normal 0 0 1
    outer loop
      vertex 30.7804 55.0769 17
      vertex 30.3323 55.6953 17
      vertex 30.3921 55.0193 17
    endloop
  endfacet
  facet normal -0 0 1
    outer loop
      vertex 30.3256 55.6943 17
      vertex 30.3921 55.0193 17
      vertex 30.3323 55.6953 17
    endloop
  endfacet
  facet normal -0 0 1
    outer loop
      vertex 30.3188 55.6939 17
      vertex 30.3921 55.0193 17
      vertex 30.3256 55.6943 17
    endloop
  endfacet
  facet normal 0 0 1
    outer loop
      vertex 30 55 17
      vertex 30.3188 55.6939 17
      vertex 30 55.6783 17
    endloop
  endfacet
  facet normal 0 0 1
    outer loop
      vertex 30.3188 55.6939 17
      vertex 30 55 17
      vertex 30.3921 55.0193 17
    endloop
  endfacet
  facet normal 0 0 1
    outer loop
      vertex 29.6812 55.6939 17
      vertex 30 55 17
      vertex 30 55.6783 17
    endloop
  endfacet
  facet normal 0 0 1
    outer loop
      vertex 29.6079 55.0193 17
      vertex 29.6812 55.6939 17
      vertex 29.6744 55.6943 17
    endloop
  endfacet
  facet normal 0 0 1
    outer loop
      vertex 29.6079 55.0193 17
      vertex 29.6744 55.6943 17
      vertex 29.6677 55.6953 17
    endloop
  endfacet
  facet normal 0 0 1
    outer loop
      vertex 29.6812 55.6939 17
      vertex 29.6079 55.0193 17
      vertex 30 55 17
    endloop
  endfacet
  facet normal 0 0 1
    outer loop
      vertex 29.2196 55.0769 17
      vertex 29.6677 55.6953 17
      vertex 29.352 55.7421 17
    endloop
  endfacet
  facet normal 0 0 1
    outer loop
      vertex 29.2196 55.0769 17
      vertex 29.352 55.7421 17
      vertex 29.3453 55.7437 17
    endloop
  endfacet
  facet normal 0 0 1
    outer loop
      vertex 29.6677 55.6953 17
      vertex 29.2196 55.0769 17
      vertex 29.6079 55.0193 17
    endloop
  endfacet
  facet normal 0 0 1
    outer loop
      vertex 28.8389 55.1722 17
      vertex 29.3453 55.7437 17
      vertex 29.0358 55.8213 17
    endloop
  endfacet
  facet normal 0 0 1
    outer loop
      vertex 29.3453 55.7437 17
      vertex 28.8389 55.1722 17
      vertex 29.2196 55.0769 17
    endloop
  endfacet
  facet normal 0 0 1
    outer loop
      vertex 28.7353 55.9288 17
      vertex 28.8389 55.1722 17
      vertex 29.0358 55.8213 17
    endloop
  endfacet
  facet normal 0 0 1
    outer loop
      vertex 28.4693 55.3045 17
      vertex 28.7353 55.9288 17
      vertex 28.7288 55.9311 17
    endloop
  endfacet
  facet normal 0 0 1
    outer loop
      vertex 28.7353 55.9288 17
      vertex 28.4693 55.3045 17
      vertex 28.8389 55.1722 17
    endloop
  endfacet
  facet normal 0 0 1
    outer loop
      vertex 28.4403 56.0676 17
      vertex 28.4693 55.3045 17
      vertex 28.7288 55.9311 17
    endloop
  endfacet
  facet normal 0 0 1
    outer loop
      vertex 28.1144 55.4723 17
      vertex 28.4403 56.0676 17
      vertex 28.4341 56.0705 17
    endloop
  endfacet
  facet normal 0 0 1
    outer loop
      vertex 28.1144 55.4723 17
      vertex 28.4341 56.0705 17
      vertex 28.4283 56.074 17
    endloop
  endfacet
  facet normal 0 0 1
    outer loop
      vertex 27.7777 55.6741 17
      vertex 28.4283 56.074 17
      vertex 28.1545 56.2381 17
    endloop
  endfacet
  facet normal 0 0 1
    outer loop
      vertex 28.4403 56.0676 17
      vertex 28.1144 55.4723 17
      vertex 28.4693 55.3045 17
    endloop
  endfacet
  facet normal 0 0 1
    outer loop
      vertex 27.7777 55.6741 17
      vertex 28.1545 56.2381 17
      vertex 27.8982 56.4282 17
    endloop
  endfacet
  facet normal 0 0 1
    outer loop
      vertex 27.4624 55.908 17
      vertex 27.8982 56.4282 17
      vertex 27.8927 56.4323 17
    endloop
  endfacet
  facet normal 0 0 1
    outer loop
      vertex 27.4624 55.908 17
      vertex 27.8927 56.4323 17
      vertex 27.8877 56.4368 17
    endloop
  endfacet
  facet normal 0 0 1
    outer loop
      vertex 28.4283 56.074 17
      vertex 27.7777 55.6741 17
      vertex 28.1144 55.4723 17
    endloop
  endfacet
  facet normal 0 0 1
    outer loop
      vertex 27.1716 56.1716 17
      vertex 27.8877 56.4368 17
      vertex 27.6512 56.6512 17
    endloop
  endfacet
  facet normal 0 0 1
    outer loop
      vertex 27.8982 56.4282 17
      vertex 27.4624 55.908 17
      vertex 27.7777 55.6741 17
    endloop
  endfacet
  facet normal 0 0 1
    outer loop
      vertex 27.1716 56.1716 17
      vertex 27.6512 56.6512 17
      vertex 27.4368 56.8877 17
    endloop
  endfacet
  facet normal 0 0 1
    outer loop
      vertex 26.908 56.4624 17
      vertex 27.4368 56.8877 17
      vertex 27.4323 56.8927 17
    endloop
  endfacet
  facet normal 0 0 1
    outer loop
      vertex 26.908 56.4624 17
      vertex 27.4323 56.8927 17
      vertex 27.4282 56.8982 17
    endloop
  endfacet
  facet normal 0 0 1
    outer loop
      vertex 26.6741 56.7777 17
      vertex 27.4282 56.8982 17
      vertex 27.2381 57.1545 17
    endloop
  endfacet
  facet normal 0 0 1
    outer loop
      vertex 27.8877 56.4368 17
      vertex 27.1716 56.1716 17
      vertex 27.4624 55.908 17
    endloop
  endfacet
  facet normal 0 0 1
    outer loop
      vertex 26.6741 56.7777 17
      vertex 27.2381 57.1545 17
      vertex 27.074 57.4283 17
    endloop
  endfacet
  facet normal 0 0 1
    outer loop
      vertex 26.4723 57.1144 17
      vertex 27.074 57.4283 17
      vertex 27.0705 57.4341 17
    endloop
  endfacet
  facet normal 0 0 1
    outer loop
      vertex 26.4723 57.1144 17
      vertex 27.0705 57.4341 17
      vertex 27.0676 57.4403 17
    endloop
  endfacet
  facet normal -0 0 1
    outer loop
      vertex 26.3045 57.4693 17
      vertex 27.0676 57.4403 17
      vertex 26.9311 57.7288 17
    endloop
  endfacet
  facet normal 0 0 1
    outer loop
      vertex 26.3045 57.4693 17
      vertex 26.9311 57.7288 17
      vertex 26.9288 57.7353 17
    endloop
  endfacet
  facet normal 0 0 1
    outer loop
      vertex 27.4368 56.8877 17
      vertex 26.908 56.4624 17
      vertex 27.1716 56.1716 17
    endloop
  endfacet
  facet normal -0 0 1
    outer loop
      vertex 26.1722 57.8389 17
      vertex 26.9288 57.7353 17
      vertex 26.8213 58.0358 17
    endloop
  endfacet
  facet normal 0 0 1
    outer loop
      vertex 26.1722 57.8389 17
      vertex 26.8213 58.0358 17
      vertex 26.7437 58.3453 17
    endloop
  endfacet
  facet normal 0 0 1
    outer loop
      vertex 26.0769 58.2196 17
      vertex 26.7437 58.3453 17
      vertex 26.7421 58.352 17
    endloop
  endfacet
  facet normal 0 0 1
    outer loop
      vertex 26.0769 58.2196 17
      vertex 26.7421 58.352 17
      vertex 26.6953 58.6677 17
    endloop
  endfacet
  facet normal 0 0 1
    outer loop
      vertex 26.0193 58.6079 17
      vertex 26.6953 58.6677 17
      vertex 26.6943 58.6744 17
    endloop
  endfacet
  facet normal 0 0 1
    outer loop
      vertex 27.4282 56.8982 17
      vertex 26.6741 56.7777 17
      vertex 26.908 56.4624 17
    endloop
  endfacet
  facet normal 0 0 1
    outer loop
      vertex 26.0193 58.6079 17
      vertex 26.6943 58.6744 17
      vertex 26.6939 58.6812 17
    endloop
  endfacet
  facet normal -0 0 1
    outer loop
      vertex 26 59 17
      vertex 26.6939 58.6812 17
      vertex 26.6783 59 17
    endloop
  endfacet
  facet normal 0 0 1
    outer loop
      vertex 26.7421 59.648 17
      vertex 26.0769 59.7804 17
      vertex 26.6953 59.3323 17
    endloop
  endfacet
  facet normal -0 0 1
    outer loop
      vertex 26.0193 59.3921 17
      vertex 26.6953 59.3323 17
      vertex 26.0769 59.7804 17
    endloop
  endfacet
  facet normal 0 0 1
    outer loop
      vertex 27.074 57.4283 17
      vertex 26.4723 57.1144 17
      vertex 26.6741 56.7777 17
    endloop
  endfacet
  facet normal 0 0 1
    outer loop
      vertex 26.6953 59.3323 17
      vertex 26.0193 59.3921 17
      vertex 26.6943 59.3256 17
    endloop
  endfacet
  facet normal 0 0 1
    outer loop
      vertex 27.0676 57.4403 17
      vertex 26.3045 57.4693 17
      vertex 26.4723 57.1144 17
    endloop
  endfacet
  facet normal 0 0 1
    outer loop
      vertex 26.6943 59.3256 17
      vertex 26.0193 59.3921 17
      vertex 26.6939 59.3188 17
    endloop
  endfacet
  facet normal 0 0 1
    outer loop
      vertex 26.9288 57.7353 17
      vertex 26.1722 57.8389 17
      vertex 26.3045 57.4693 17
    endloop
  endfacet
  facet normal 0 0 1
    outer loop
      vertex 26 59 17
      vertex 26.6939 59.3188 17
      vertex 26.0193 59.3921 17
    endloop
  endfacet
  facet normal 0 0 1
    outer loop
      vertex 26.7437 58.3453 17
      vertex 26.0769 58.2196 17
      vertex 26.1722 57.8389 17
    endloop
  endfacet
  facet normal 0 0 1
    outer loop
      vertex 26.6939 59.3188 17
      vertex 26 59 17
      vertex 26.6783 59 17
    endloop
  endfacet
  facet normal 0 0 1
    outer loop
      vertex 26.6953 58.6677 17
      vertex 26.0193 58.6079 17
      vertex 26.0769 58.2196 17
    endloop
  endfacet
  facet normal 0 0 1
    outer loop
      vertex 26.6939 58.6812 17
      vertex 26 59 17
      vertex 26.0193 58.6079 17
    endloop
  endfacet
  facet normal -0.0491626 -0.998791 0
    outer loop
      vertex 29.6079 55.0193 2.4
      vertex 30 55 17
      vertex 29.6079 55.0193 17
    endloop
  endfacet
  facet normal -0.0491626 -0.998791 -0
    outer loop
      vertex 30 55 17
      vertex 29.6079 55.0193 2.4
      vertex 30 55 2.4
    endloop
  endfacet
  facet normal -0.998791 0.0491626 0
    outer loop
      vertex 26 59 2.4
      vertex 26.0193 59.3921 17
      vertex 26.0193 59.3921 2.4
    endloop
  endfacet
  facet normal -0.998791 0.0491626 0
    outer loop
      vertex 26.0193 59.3921 17
      vertex 26 59 2.4
      vertex 26 59 17
    endloop
  endfacet
  facet normal 0.740908 -0.671607 0
    outer loop
      vertex 32.8284 56.1716 17
      vertex 33.092 56.4624 2.4
      vertex 33.092 56.4624 17
    endloop
  endfacet
  facet normal 0.740908 -0.671607 0
    outer loop
      vertex 33.092 56.4624 2.4
      vertex 32.8284 56.1716 17
      vertex 32.8284 56.1716 2.4
    endloop
  endfacet
  facet normal -0.98921 -0.146502 0
    outer loop
      vertex 31.5923 59.1568 2.4
      vertex 31.5693 59.3121 14.8
      vertex 31.5693 59.3121 2.4
    endloop
  endfacet
  facet normal -0.98921 -0.146502 0
    outer loop
      vertex 31.5693 59.3121 14.8
      vertex 31.5923 59.1568 2.4
      vertex 31.5923 59.1568 14.8
    endloop
  endfacet
  facet normal -0.998796 -0.049048 0
    outer loop
      vertex 31.6 59 2.4
      vertex 31.5923 59.1568 14.8
      vertex 31.5923 59.1568 2.4
    endloop
  endfacet
  facet normal -0.998796 -0.049048 0
    outer loop
      vertex 31.5923 59.1568 14.8
      vertex 31.6 59 2.4
      vertex 31.6 59 14.8
    endloop
  endfacet
  facet normal -0.969993 -0.243135 0
    outer loop
      vertex 31.5693 59.3121 2.4
      vertex 31.5311 59.4645 14.8
      vertex 31.5311 59.4645 2.4
    endloop
  endfacet
  facet normal -0.969993 -0.243135 0
    outer loop
      vertex 31.5311 59.4645 14.8
      vertex 31.5693 59.3121 2.4
      vertex 31.5693 59.3121 14.8
    endloop
  endfacet
  facet normal -0.427484 -0.904023 0
    outer loop
      vertex 30.6123 60.4782 2.4
      vertex 30.7542 60.4111 14.8
      vertex 30.6123 60.4782 14.8
    endloop
  endfacet
  facet normal -0.427484 -0.904023 -0
    outer loop
      vertex 30.7542 60.4111 14.8
      vertex 30.6123 60.4782 2.4
      vertex 30.7542 60.4111 2.4
    endloop
  endfacet
  facet normal 0.243135 0.969993 -0
    outer loop
      vertex 29.6879 57.4307 2.4
      vertex 29.5355 57.4689 14.8
      vertex 29.6879 57.4307 14.8
    endloop
  endfacet
  facet normal 0.243135 0.969993 0
    outer loop
      vertex 29.5355 57.4689 14.8
      vertex 29.6879 57.4307 2.4
      vertex 29.5355 57.4689 2.4
    endloop
  endfacet
  facet normal 0.85783 0.513934 0
    outer loop
      vertex 28.6696 58.1111 14.8
      vertex 28.5889 58.2458 2.4
      vertex 28.5889 58.2458 14.8
    endloop
  endfacet
  facet normal 0.85783 0.513934 0
    outer loop
      vertex 28.5889 58.2458 2.4
      vertex 28.6696 58.1111 14.8
      vertex 28.6696 58.1111 2.4
    endloop
  endfacet
  facet normal -0.146502 0.98921 0
    outer loop
      vertex 30.3121 57.4307 2.4
      vertex 30.1568 57.4077 14.8
      vertex 30.3121 57.4307 14.8
    endloop
  endfacet
  facet normal -0.146502 0.98921 0
    outer loop
      vertex 30.1568 57.4077 14.8
      vertex 30.3121 57.4307 2.4
      vertex 30.1568 57.4077 2.4
    endloop
  endfacet
  facet normal -0.741264 -0.671213 0
    outer loop
      vertex 31.2368 60.015 2.4
      vertex 31.1314 60.1314 14.8
      vertex 31.1314 60.1314 2.4
    endloop
  endfacet
  facet normal -0.741264 -0.671213 0
    outer loop
      vertex 31.1314 60.1314 14.8
      vertex 31.2368 60.015 2.4
      vertex 31.2368 60.015 14.8
    endloop
  endfacet
  facet normal 0.513934 -0.85783 0
    outer loop
      vertex 29.1111 60.3304 2.4
      vertex 29.2458 60.4111 14.8
      vertex 29.1111 60.3304 14.8
    endloop
  endfacet
  facet normal 0.513934 -0.85783 0
    outer loop
      vertex 29.2458 60.4111 14.8
      vertex 29.1111 60.3304 2.4
      vertex 29.2458 60.4111 2.4
    endloop
  endfacet
  facet normal -0.741264 0.671213 0
    outer loop
      vertex 31.1314 57.8686 2.4
      vertex 31.2368 57.985 14.8
      vertex 31.2368 57.985 2.4
    endloop
  endfacet
  facet normal -0.741264 0.671213 0
    outer loop
      vertex 31.2368 57.985 14.8
      vertex 31.1314 57.8686 2.4
      vertex 31.1314 57.8686 14.8
    endloop
  endfacet
  facet normal -0.513934 0.85783 0
    outer loop
      vertex 30.8889 57.6696 2.4
      vertex 30.7542 57.5889 14.8
      vertex 30.8889 57.6696 14.8
    endloop
  endfacet
  facet normal -0.513934 0.85783 0
    outer loop
      vertex 30.7542 57.5889 14.8
      vertex 30.8889 57.6696 2.4
      vertex 30.7542 57.5889 2.4
    endloop
  endfacet
  facet normal -0.243135 -0.969993 0
    outer loop
      vertex 30.3121 60.5693 2.4
      vertex 30.4645 60.5311 14.8
      vertex 30.3121 60.5693 14.8
    endloop
  endfacet
  facet normal -0.243135 -0.969993 -0
    outer loop
      vertex 30.4645 60.5311 14.8
      vertex 30.3121 60.5693 2.4
      vertex 30.4645 60.5311 2.4
    endloop
  endfacet
  facet normal 0.98921 -0.146502 0
    outer loop
      vertex 28.4077 59.1568 14.8
      vertex 28.4307 59.3121 2.4
      vertex 28.4307 59.3121 14.8
    endloop
  endfacet
  facet normal 0.98921 -0.146502 0
    outer loop
      vertex 28.4307 59.3121 2.4
      vertex 28.4077 59.1568 14.8
      vertex 28.4077 59.1568 2.4
    endloop
  endfacet
  facet normal -0.85783 -0.513934 0
    outer loop
      vertex 31.4111 59.7542 2.4
      vertex 31.3304 59.8889 14.8
      vertex 31.3304 59.8889 2.4
    endloop
  endfacet
  facet normal -0.85783 -0.513934 0
    outer loop
      vertex 31.3304 59.8889 14.8
      vertex 31.4111 59.7542 2.4
      vertex 31.4111 59.7542 14.8
    endloop
  endfacet
  facet normal -0.969993 0.243135 0
    outer loop
      vertex 31.5311 58.5355 2.4
      vertex 31.5693 58.6879 14.8
      vertex 31.5693 58.6879 2.4
    endloop
  endfacet
  facet normal -0.969993 0.243135 0
    outer loop
      vertex 31.5693 58.6879 14.8
      vertex 31.5311 58.5355 2.4
      vertex 31.5311 58.5355 14.8
    endloop
  endfacet
  facet normal 0.146502 0.98921 -0
    outer loop
      vertex 29.8432 57.4077 2.4
      vertex 29.6879 57.4307 14.8
      vertex 29.8432 57.4077 14.8
    endloop
  endfacet
  facet normal 0.146502 0.98921 0
    outer loop
      vertex 29.6879 57.4307 14.8
      vertex 29.8432 57.4077 2.4
      vertex 29.6879 57.4307 2.4
    endloop
  endfacet
  facet normal 0.998796 0.049048 0
    outer loop
      vertex 28.4077 58.8432 14.8
      vertex 28.4 59 2.4
      vertex 28.4 59 14.8
    endloop
  endfacet
  facet normal 0.998796 0.049048 0
    outer loop
      vertex 28.4 59 2.4
      vertex 28.4077 58.8432 14.8
      vertex 28.4077 58.8432 2.4
    endloop
  endfacet
  facet normal -0.146502 -0.98921 0
    outer loop
      vertex 30.1568 60.5923 2.4
      vertex 30.3121 60.5693 14.8
      vertex 30.1568 60.5923 14.8
    endloop
  endfacet
  facet normal -0.146502 -0.98921 -0
    outer loop
      vertex 30.3121 60.5693 14.8
      vertex 30.1568 60.5923 2.4
      vertex 30.3121 60.5693 2.4
    endloop
  endfacet
  facet normal -0.941511 -0.336982 0
    outer loop
      vertex 31.5311 59.4645 2.4
      vertex 31.4782 59.6123 14.8
      vertex 31.4782 59.6123 2.4
    endloop
  endfacet
  facet normal -0.941511 -0.336982 0
    outer loop
      vertex 31.4782 59.6123 14.8
      vertex 31.5311 59.4645 2.4
      vertex 31.5311 59.4645 14.8
    endloop
  endfacet
  facet normal -0.671213 -0.741264 0
    outer loop
      vertex 31.015 60.2368 2.4
      vertex 31.1314 60.1314 14.8
      vertex 31.015 60.2368 14.8
    endloop
  endfacet
  facet normal -0.671213 -0.741264 -0
    outer loop
      vertex 31.1314 60.1314 14.8
      vertex 31.015 60.2368 2.4
      vertex 31.1314 60.1314 2.4
    endloop
  endfacet
  facet normal 0.741264 -0.671213 0
    outer loop
      vertex 28.7632 60.015 14.8
      vertex 28.8686 60.1314 2.4
      vertex 28.8686 60.1314 14.8
    endloop
  endfacet
  facet normal 0.741264 -0.671213 0
    outer loop
      vertex 28.8686 60.1314 2.4
      vertex 28.7632 60.015 14.8
      vertex 28.7632 60.015 2.4
    endloop
  endfacet
  facet normal 0.969993 0.243135 0
    outer loop
      vertex 28.4689 58.5355 14.8
      vertex 28.4307 58.6879 2.4
      vertex 28.4307 58.6879 14.8
    endloop
  endfacet
  facet normal 0.969993 0.243135 0
    outer loop
      vertex 28.4307 58.6879 2.4
      vertex 28.4689 58.5355 14.8
      vertex 28.4689 58.5355 2.4
    endloop
  endfacet
  facet normal 0.336982 -0.941511 0
    outer loop
      vertex 29.3877 60.4782 2.4
      vertex 29.5355 60.5311 14.8
      vertex 29.3877 60.4782 14.8
    endloop
  endfacet
  facet normal 0.336982 -0.941511 0
    outer loop
      vertex 29.5355 60.5311 14.8
      vertex 29.3877 60.4782 2.4
      vertex 29.5355 60.5311 2.4
    endloop
  endfacet
  facet normal 0.941511 0.336982 0
    outer loop
      vertex 28.5218 58.3877 14.8
      vertex 28.4689 58.5355 2.4
      vertex 28.4689 58.5355 14.8
    endloop
  endfacet
  facet normal 0.941511 0.336982 0
    outer loop
      vertex 28.4689 58.5355 2.4
      vertex 28.5218 58.3877 14.8
      vertex 28.5218 58.3877 2.4
    endloop
  endfacet
  facet normal -0.336982 -0.941511 0
    outer loop
      vertex 30.4645 60.5311 2.4
      vertex 30.6123 60.4782 14.8
      vertex 30.4645 60.5311 14.8
    endloop
  endfacet
  facet normal -0.336982 -0.941511 -0
    outer loop
      vertex 30.6123 60.4782 14.8
      vertex 30.4645 60.5311 2.4
      vertex 30.6123 60.4782 2.4
    endloop
  endfacet
  facet normal 0.80297 -0.596019 0
    outer loop
      vertex 28.6696 59.8889 14.8
      vertex 28.7632 60.015 2.4
      vertex 28.7632 60.015 14.8
    endloop
  endfacet
  facet normal 0.80297 -0.596019 0
    outer loop
      vertex 28.7632 60.015 2.4
      vertex 28.6696 59.8889 14.8
      vertex 28.6696 59.8889 2.4
    endloop
  endfacet
  facet normal -0.80297 -0.596019 0
    outer loop
      vertex 31.3304 59.8889 2.4
      vertex 31.2368 60.015 14.8
      vertex 31.2368 60.015 2.4
    endloop
  endfacet
  facet normal -0.80297 -0.596019 0
    outer loop
      vertex 31.2368 60.015 14.8
      vertex 31.3304 59.8889 2.4
      vertex 31.3304 59.8889 14.8
    endloop
  endfacet
  facet normal 0.969993 -0.243135 0
    outer loop
      vertex 28.4307 59.3121 14.8
      vertex 28.4689 59.4645 2.4
      vertex 28.4689 59.4645 14.8
    endloop
  endfacet
  facet normal 0.969993 -0.243135 0
    outer loop
      vertex 28.4689 59.4645 2.4
      vertex 28.4307 59.3121 14.8
      vertex 28.4307 59.3121 2.4
    endloop
  endfacet
  facet normal 0.671213 -0.741264 0
    outer loop
      vertex 28.8686 60.1314 2.4
      vertex 28.985 60.2368 14.8
      vertex 28.8686 60.1314 14.8
    endloop
  endfacet
  facet normal 0.671213 -0.741264 0
    outer loop
      vertex 28.985 60.2368 14.8
      vertex 28.8686 60.1314 2.4
      vertex 28.985 60.2368 2.4
    endloop
  endfacet
  facet normal -0.427484 0.904023 0
    outer loop
      vertex 30.7542 57.5889 2.4
      vertex 30.6123 57.5218 14.8
      vertex 30.7542 57.5889 14.8
    endloop
  endfacet
  facet normal -0.427484 0.904023 0
    outer loop
      vertex 30.6123 57.5218 14.8
      vertex 30.7542 57.5889 2.4
      vertex 30.6123 57.5218 2.4
    endloop
  endfacet
  facet normal 0.243135 -0.969993 0
    outer loop
      vertex 29.5355 60.5311 2.4
      vertex 29.6879 60.5693 14.8
      vertex 29.5355 60.5311 14.8
    endloop
  endfacet
  facet normal 0.243135 -0.969993 0
    outer loop
      vertex 29.6879 60.5693 14.8
      vertex 29.5355 60.5311 2.4
      vertex 29.6879 60.5693 2.4
    endloop
  endfacet
  facet normal 0.941511 -0.336982 0
    outer loop
      vertex 28.4689 59.4645 14.8
      vertex 28.5218 59.6123 2.4
      vertex 28.5218 59.6123 14.8
    endloop
  endfacet
  facet normal 0.941511 -0.336982 0
    outer loop
      vertex 28.5218 59.6123 2.4
      vertex 28.4689 59.4645 14.8
      vertex 28.4689 59.4645 2.4
    endloop
  endfacet
  facet normal -0.513934 -0.85783 0
    outer loop
      vertex 30.7542 60.4111 2.4
      vertex 30.8889 60.3304 14.8
      vertex 30.7542 60.4111 14.8
    endloop
  endfacet
  facet normal -0.513934 -0.85783 -0
    outer loop
      vertex 30.8889 60.3304 14.8
      vertex 30.7542 60.4111 2.4
      vertex 30.8889 60.3304 2.4
    endloop
  endfacet
  facet normal 0.513934 0.85783 -0
    outer loop
      vertex 29.2458 57.5889 2.4
      vertex 29.1111 57.6696 14.8
      vertex 29.2458 57.5889 14.8
    endloop
  endfacet
  facet normal 0.513934 0.85783 0
    outer loop
      vertex 29.1111 57.6696 14.8
      vertex 29.2458 57.5889 2.4
      vertex 29.1111 57.6696 2.4
    endloop
  endfacet
  facet normal 0.596019 -0.80297 0
    outer loop
      vertex 28.985 60.2368 2.4
      vertex 29.1111 60.3304 14.8
      vertex 28.985 60.2368 14.8
    endloop
  endfacet
  facet normal 0.596019 -0.80297 0
    outer loop
      vertex 29.1111 60.3304 14.8
      vertex 28.985 60.2368 2.4
      vertex 29.1111 60.3304 2.4
    endloop
  endfacet
  facet normal 0.049048 -0.998796 0
    outer loop
      vertex 29.8432 60.5923 2.4
      vertex 30 60.6 14.8
      vertex 29.8432 60.5923 14.8
    endloop
  endfacet
  facet normal 0.049048 -0.998796 0
    outer loop
      vertex 30 60.6 14.8
      vertex 29.8432 60.5923 2.4
      vertex 30 60.6 2.4
    endloop
  endfacet
  facet normal -0.049048 0.998796 0
    outer loop
      vertex 30.1568 57.4077 2.4
      vertex 30 57.4 14.8
      vertex 30.1568 57.4077 14.8
    endloop
  endfacet
  facet normal -0.049048 0.998796 0
    outer loop
      vertex 30 57.4 14.8
      vertex 30.1568 57.4077 2.4
      vertex 30 57.4 2.4
    endloop
  endfacet
  facet normal -0.941511 0.336982 0
    outer loop
      vertex 31.4782 58.3877 2.4
      vertex 31.5311 58.5355 14.8
      vertex 31.5311 58.5355 2.4
    endloop
  endfacet
  facet normal -0.941511 0.336982 0
    outer loop
      vertex 31.5311 58.5355 14.8
      vertex 31.4782 58.3877 2.4
      vertex 31.4782 58.3877 14.8
    endloop
  endfacet
  facet normal -0.80297 0.596019 0
    outer loop
      vertex 31.2368 57.985 2.4
      vertex 31.3304 58.1111 14.8
      vertex 31.3304 58.1111 2.4
    endloop
  endfacet
  facet normal -0.80297 0.596019 0
    outer loop
      vertex 31.3304 58.1111 14.8
      vertex 31.2368 57.985 2.4
      vertex 31.2368 57.985 14.8
    endloop
  endfacet
  facet normal -0.98921 0.146502 0
    outer loop
      vertex 31.5693 58.6879 2.4
      vertex 31.5923 58.8432 14.8
      vertex 31.5923 58.8432 2.4
    endloop
  endfacet
  facet normal -0.98921 0.146502 0
    outer loop
      vertex 31.5923 58.8432 14.8
      vertex 31.5693 58.6879 2.4
      vertex 31.5693 58.6879 14.8
    endloop
  endfacet
  facet normal 0.85783 -0.513934 0
    outer loop
      vertex 28.5889 59.7542 14.8
      vertex 28.6696 59.8889 2.4
      vertex 28.6696 59.8889 14.8
    endloop
  endfacet
  facet normal 0.85783 -0.513934 0
    outer loop
      vertex 28.6696 59.8889 2.4
      vertex 28.5889 59.7542 14.8
      vertex 28.5889 59.7542 2.4
    endloop
  endfacet
  facet normal -0.904023 -0.427484 0
    outer loop
      vertex 31.4782 59.6123 2.4
      vertex 31.4111 59.7542 14.8
      vertex 31.4111 59.7542 2.4
    endloop
  endfacet
  facet normal -0.904023 -0.427484 0
    outer loop
      vertex 31.4111 59.7542 14.8
      vertex 31.4782 59.6123 2.4
      vertex 31.4782 59.6123 14.8
    endloop
  endfacet
  facet normal 0.427484 -0.904023 0
    outer loop
      vertex 29.2458 60.4111 2.4
      vertex 29.3877 60.4782 14.8
      vertex 29.2458 60.4111 14.8
    endloop
  endfacet
  facet normal 0.427484 -0.904023 0
    outer loop
      vertex 29.3877 60.4782 14.8
      vertex 29.2458 60.4111 2.4
      vertex 29.3877 60.4782 2.4
    endloop
  endfacet
  facet normal -0.596019 0.80297 0
    outer loop
      vertex 31.015 57.7632 2.4
      vertex 30.8889 57.6696 14.8
      vertex 31.015 57.7632 14.8
    endloop
  endfacet
  facet normal -0.596019 0.80297 0
    outer loop
      vertex 30.8889 57.6696 14.8
      vertex 31.015 57.7632 2.4
      vertex 30.8889 57.6696 2.4
    endloop
  endfacet
  facet normal -0.596019 -0.80297 0
    outer loop
      vertex 30.8889 60.3304 2.4
      vertex 31.015 60.2368 14.8
      vertex 30.8889 60.3304 14.8
    endloop
  endfacet
  facet normal -0.596019 -0.80297 -0
    outer loop
      vertex 31.015 60.2368 14.8
      vertex 30.8889 60.3304 2.4
      vertex 31.015 60.2368 2.4
    endloop
  endfacet
  facet normal 0.671213 0.741264 -0
    outer loop
      vertex 28.985 57.7632 2.4
      vertex 28.8686 57.8686 14.8
      vertex 28.985 57.7632 14.8
    endloop
  endfacet
  facet normal 0.671213 0.741264 0
    outer loop
      vertex 28.8686 57.8686 14.8
      vertex 28.985 57.7632 2.4
      vertex 28.8686 57.8686 2.4
    endloop
  endfacet
  facet normal -0.998796 0.049048 0
    outer loop
      vertex 31.5923 58.8432 2.4
      vertex 31.6 59 14.8
      vertex 31.6 59 2.4
    endloop
  endfacet
  facet normal -0.998796 0.049048 0
    outer loop
      vertex 31.6 59 14.8
      vertex 31.5923 58.8432 2.4
      vertex 31.5923 58.8432 14.8
    endloop
  endfacet
  facet normal 0.80297 0.596019 0
    outer loop
      vertex 28.7632 57.985 14.8
      vertex 28.6696 58.1111 2.4
      vertex 28.6696 58.1111 14.8
    endloop
  endfacet
  facet normal 0.80297 0.596019 0
    outer loop
      vertex 28.6696 58.1111 2.4
      vertex 28.7632 57.985 14.8
      vertex 28.7632 57.985 2.4
    endloop
  endfacet
  facet normal 0.904023 0.427484 0
    outer loop
      vertex 28.5889 58.2458 14.8
      vertex 28.5218 58.3877 2.4
      vertex 28.5218 58.3877 14.8
    endloop
  endfacet
  facet normal 0.904023 0.427484 0
    outer loop
      vertex 28.5218 58.3877 2.4
      vertex 28.5889 58.2458 14.8
      vertex 28.5889 58.2458 2.4
    endloop
  endfacet
  facet normal -0.049048 -0.998796 0
    outer loop
      vertex 30 60.6 2.4
      vertex 30.1568 60.5923 14.8
      vertex 30 60.6 14.8
    endloop
  endfacet
  facet normal -0.049048 -0.998796 -0
    outer loop
      vertex 30.1568 60.5923 14.8
      vertex 30 60.6 2.4
      vertex 30.1568 60.5923 2.4
    endloop
  endfacet
  facet normal 0.427484 0.904023 -0
    outer loop
      vertex 29.3877 57.5218 2.4
      vertex 29.2458 57.5889 14.8
      vertex 29.3877 57.5218 14.8
    endloop
  endfacet
  facet normal 0.427484 0.904023 0
    outer loop
      vertex 29.2458 57.5889 14.8
      vertex 29.3877 57.5218 2.4
      vertex 29.2458 57.5889 2.4
    endloop
  endfacet
  facet normal 0.146502 -0.98921 0
    outer loop
      vertex 29.6879 60.5693 2.4
      vertex 29.8432 60.5923 14.8
      vertex 29.6879 60.5693 14.8
    endloop
  endfacet
  facet normal 0.146502 -0.98921 0
    outer loop
      vertex 29.8432 60.5923 14.8
      vertex 29.6879 60.5693 2.4
      vertex 29.8432 60.5923 2.4
    endloop
  endfacet
  facet normal 0.98921 0.146502 0
    outer loop
      vertex 28.4307 58.6879 14.8
      vertex 28.4077 58.8432 2.4
      vertex 28.4077 58.8432 14.8
    endloop
  endfacet
  facet normal 0.98921 0.146502 0
    outer loop
      vertex 28.4077 58.8432 2.4
      vertex 28.4307 58.6879 14.8
      vertex 28.4307 58.6879 2.4
    endloop
  endfacet
  facet normal -0.336982 0.941511 0
    outer loop
      vertex 30.6123 57.5218 2.4
      vertex 30.4645 57.4689 14.8
      vertex 30.6123 57.5218 14.8
    endloop
  endfacet
  facet normal -0.336982 0.941511 0
    outer loop
      vertex 30.4645 57.4689 14.8
      vertex 30.6123 57.5218 2.4
      vertex 30.4645 57.4689 2.4
    endloop
  endfacet
  facet normal -0.243135 0.969993 0
    outer loop
      vertex 30.4645 57.4689 2.4
      vertex 30.3121 57.4307 14.8
      vertex 30.4645 57.4689 14.8
    endloop
  endfacet
  facet normal -0.243135 0.969993 0
    outer loop
      vertex 30.3121 57.4307 14.8
      vertex 30.4645 57.4689 2.4
      vertex 30.3121 57.4307 2.4
    endloop
  endfacet
  facet normal 0.904023 -0.427484 0
    outer loop
      vertex 28.5218 59.6123 14.8
      vertex 28.5889 59.7542 2.4
      vertex 28.5889 59.7542 14.8
    endloop
  endfacet
  facet normal 0.904023 -0.427484 0
    outer loop
      vertex 28.5889 59.7542 2.4
      vertex 28.5218 59.6123 14.8
      vertex 28.5218 59.6123 2.4
    endloop
  endfacet
  facet normal 0.741264 0.671213 0
    outer loop
      vertex 28.8686 57.8686 14.8
      vertex 28.7632 57.985 2.4
      vertex 28.7632 57.985 14.8
    endloop
  endfacet
  facet normal 0.741264 0.671213 0
    outer loop
      vertex 28.7632 57.985 2.4
      vertex 28.8686 57.8686 14.8
      vertex 28.8686 57.8686 2.4
    endloop
  endfacet
  facet normal 0.596019 0.80297 -0
    outer loop
      vertex 29.1111 57.6696 2.4
      vertex 28.985 57.7632 14.8
      vertex 29.1111 57.6696 14.8
    endloop
  endfacet
  facet normal 0.596019 0.80297 0
    outer loop
      vertex 28.985 57.7632 14.8
      vertex 29.1111 57.6696 2.4
      vertex 28.985 57.7632 2.4
    endloop
  endfacet
  facet normal -0.904023 0.427484 0
    outer loop
      vertex 31.4111 58.2458 2.4
      vertex 31.4782 58.3877 14.8
      vertex 31.4782 58.3877 2.4
    endloop
  endfacet
  facet normal -0.904023 0.427484 0
    outer loop
      vertex 31.4782 58.3877 14.8
      vertex 31.4111 58.2458 2.4
      vertex 31.4111 58.2458 14.8
    endloop
  endfacet
  facet normal -0.85783 0.513934 0
    outer loop
      vertex 31.3304 58.1111 2.4
      vertex 31.4111 58.2458 14.8
      vertex 31.4111 58.2458 2.4
    endloop
  endfacet
  facet normal -0.85783 0.513934 0
    outer loop
      vertex 31.4111 58.2458 14.8
      vertex 31.3304 58.1111 2.4
      vertex 31.3304 58.1111 14.8
    endloop
  endfacet
  facet normal 0.049048 0.998796 -0
    outer loop
      vertex 30 57.4 2.4
      vertex 29.8432 57.4077 14.8
      vertex 30 57.4 14.8
    endloop
  endfacet
  facet normal 0.049048 0.998796 0
    outer loop
      vertex 29.8432 57.4077 14.8
      vertex 30 57.4 2.4
      vertex 29.8432 57.4077 2.4
    endloop
  endfacet
  facet normal 0.998796 -0.049048 0
    outer loop
      vertex 28.4 59 14.8
      vertex 28.4077 59.1568 2.4
      vertex 28.4077 59.1568 14.8
    endloop
  endfacet
  facet normal 0.998796 -0.049048 0
    outer loop
      vertex 28.4077 59.1568 2.4
      vertex 28.4 59 14.8
      vertex 28.4 59 2.4
    endloop
  endfacet
  facet normal 0.336982 0.941511 -0
    outer loop
      vertex 29.5355 57.4689 2.4
      vertex 29.3877 57.5218 14.8
      vertex 29.5355 57.4689 14.8
    endloop
  endfacet
  facet normal 0.336982 0.941511 0
    outer loop
      vertex 29.3877 57.5218 14.8
      vertex 29.5355 57.4689 2.4
      vertex 29.3877 57.5218 2.4
    endloop
  endfacet
  facet normal -0.671213 0.741264 0
    outer loop
      vertex 31.1314 57.8686 2.4
      vertex 31.015 57.7632 14.8
      vertex 31.1314 57.8686 14.8
    endloop
  endfacet
  facet normal -0.671213 0.741264 0
    outer loop
      vertex 31.015 57.7632 14.8
      vertex 31.1314 57.8686 2.4
      vertex 31.015 57.7632 2.4
    endloop
  endfacet
  facet normal -0.115425 -0.779368 0.615843
    outer loop
      vertex 30.3121 60.5693 14.8
      vertex 30.3256 62.3057 17
      vertex 30.1568 60.5923 14.8
    endloop
  endfacet
  facet normal -0.116311 -0.779285 0.615782
    outer loop
      vertex 30.3256 62.3057 17
      vertex 30.3121 60.5693 14.8
      vertex 30.3323 62.3047 17
    endloop
  endfacet
  facet normal -0.675851 0.404908 0.615853
    outer loop
      vertex 31.3304 58.1111 14.8
      vertex 32.9295 57.4341 17
      vertex 31.4111 58.2458 14.8
    endloop
  endfacet
  facet normal -0.674673 0.40713 0.61568
    outer loop
      vertex 32.9295 57.4341 17
      vertex 31.3304 58.1111 14.8
      vertex 32.926 57.4283 17
    endloop
  endfacet
  facet normal -0.786928 -0.0385071 0.615842
    outer loop
      vertex 33.3217 59 17
      vertex 33.3061 59.3188 17
      vertex 31.6 59 14.8
    endloop
  endfacet
  facet normal -0.786386 -0.046258 0.616001
    outer loop
      vertex 31.5923 59.1568 14.8
      vertex 33.3061 59.3188 17
      vertex 33.3057 59.3256 17
    endloop
  endfacet
  facet normal -0.786914 -0.0386431 0.615852
    outer loop
      vertex 33.3061 59.3188 17
      vertex 31.5923 59.1568 14.8
      vertex 31.6 59 14.8
    endloop
  endfacet
  facet normal -0.764212 0.191608 0.615846
    outer loop
      vertex 33.1787 58.0358 17
      vertex 33.2563 58.3453 17
      vertex 31.5311 58.5355 14.8
    endloop
  endfacet
  facet normal 0.333835 -0.713716 0.615763
    outer loop
      vertex 29.2458 60.4111 14.8
      vertex 28.4403 61.9324 17
      vertex 28.4341 61.9295 17
    endloop
  endfacet
  facet normal 0.336802 -0.712254 0.615839
    outer loop
      vertex 28.4403 61.9324 17
      vertex 29.2458 60.4111 14.8
      vertex 29.3877 60.4782 14.8
    endloop
  endfacet
  facet normal 0.712172 0.336955 0.615851
    outer loop
      vertex 27.0676 57.4403 17
      vertex 28.5218 58.3877 14.8
      vertex 26.9311 57.7288 17
    endloop
  endfacet
  facet normal -0.779359 0.115534 0.615834
    outer loop
      vertex 33.2579 58.352 17
      vertex 33.3047 58.6677 17
      vertex 31.5693 58.6879 14.8
    endloop
  endfacet
  facet normal -0.712254 0.336802 0.615839
    outer loop
      vertex 31.4111 58.2458 14.8
      vertex 32.9324 57.4403 17
      vertex 31.4782 58.3877 14.8
    endloop
  endfacet
  facet normal -0.713716 0.333835 0.615763
    outer loop
      vertex 32.9324 57.4403 17
      vertex 31.4111 58.2458 14.8
      vertex 32.9295 57.4341 17
    endloop
  endfacet
  facet normal 0.469577 0.632625 0.615859
    outer loop
      vertex 28.985 57.7632 14.8
      vertex 27.8982 56.4282 17
      vertex 29.1111 57.6696 14.8
    endloop
  endfacet
  facet normal 0.470858 0.631639 0.615894
    outer loop
      vertex 27.8982 56.4282 17
      vertex 28.985 57.7632 14.8
      vertex 27.8927 56.4323 17
    endloop
  endfacet
  facet normal 0.76589 -0.182899 0.616409
    outer loop
      vertex 26.7421 59.648 17
      vertex 28.4689 59.4645 14.8
      vertex 26.7437 59.6547 17
    endloop
  endfacet
  facet normal 0.764235 -0.19156 0.615833
    outer loop
      vertex 28.4689 59.4645 14.8
      vertex 26.7421 59.648 17
      vertex 28.4307 59.3121 14.8
    endloop
  endfacet
  facet normal 0.0386431 0.786914 0.615852
    outer loop
      vertex 29.8432 57.4077 14.8
      vertex 29.6812 55.6939 17
      vertex 30 57.4 14.8
    endloop
  endfacet
  facet normal 0.046258 0.786386 0.616001
    outer loop
      vertex 29.6812 55.6939 17
      vertex 29.8432 57.4077 14.8
      vertex 29.6744 55.6943 17
    endloop
  endfacet
  facet normal -0.262831 0.742784 0.615785
    outer loop
      vertex 30.6123 57.5218 14.8
      vertex 31.2647 55.9288 17
      vertex 31.2712 55.9311 17
    endloop
  endfacet
  facet normal -0.265496 0.741782 0.61585
    outer loop
      vertex 31.2647 55.9288 17
      vertex 30.6123 57.5218 14.8
      vertex 30.4645 57.4689 14.8
    endloop
  endfacet
  facet normal 0.52702 -0.585578 0.615913
    outer loop
      vertex 27.8877 61.5632 17
      vertex 28.985 60.2368 14.8
      vertex 27.8927 61.5677 17
    endloop
  endfacet
  facet normal 0.528818 -0.584007 0.615863
    outer loop
      vertex 28.985 60.2368 14.8
      vertex 27.8877 61.5632 17
      vertex 28.8686 60.1314 14.8
    endloop
  endfacet
  facet normal 0.712254 0.336802 0.615839
    outer loop
      vertex 27.0676 57.4403 17
      vertex 28.5889 58.2458 14.8
      vertex 28.5218 58.3877 14.8
    endloop
  endfacet
  facet normal 0.713716 0.333835 0.615763
    outer loop
      vertex 28.5889 58.2458 14.8
      vertex 27.0676 57.4403 17
      vertex 27.0705 57.4341 17
    endloop
  endfacet
  facet normal 0.632806 -0.469358 0.615841
    outer loop
      vertex 28.6696 59.8889 14.8
      vertex 27.4282 61.1018 17
      vertex 27.2381 60.8455 17
    endloop
  endfacet
  facet normal -0.116311 0.779285 0.615782
    outer loop
      vertex 30.3121 57.4307 14.8
      vertex 30.3256 55.6943 17
      vertex 30.3323 55.6953 17
    endloop
  endfacet
  facet normal -0.115425 0.779368 0.615843
    outer loop
      vertex 30.3256 55.6943 17
      vertex 30.3121 57.4307 14.8
      vertex 30.1568 57.4077 14.8
    endloop
  endfacet
  facet normal 0.779359 0.115534 0.615834
    outer loop
      vertex 26.7421 58.352 17
      vertex 28.4307 58.6879 14.8
      vertex 26.6953 58.6677 17
    endloop
  endfacet
  facet normal -0.583718 0.529172 0.615833
    outer loop
      vertex 32.3488 56.6512 17
      vertex 32.5632 56.8877 17
      vertex 31.1314 57.8686 14.8
    endloop
  endfacet
  facet normal 0.584007 -0.528818 0.615863
    outer loop
      vertex 27.4368 61.1123 17
      vertex 28.7632 60.015 14.8
      vertex 28.8686 60.1314 14.8
    endloop
  endfacet
  facet normal 0.585578 -0.52702 0.615913
    outer loop
      vertex 28.7632 60.015 14.8
      vertex 27.4368 61.1123 17
      vertex 27.4323 61.1073 17
    endloop
  endfacet
  facet normal -0.528818 0.584007 0.615863
    outer loop
      vertex 31.015 57.7632 14.8
      vertex 32.1123 56.4368 17
      vertex 31.1314 57.8686 14.8
    endloop
  endfacet
  facet normal -0.52702 0.585578 0.615913
    outer loop
      vertex 32.1123 56.4368 17
      vertex 31.015 57.7632 14.8
      vertex 32.1073 56.4323 17
    endloop
  endfacet
  facet normal -0.336955 0.712172 0.615851
    outer loop
      vertex 31.2712 55.9311 17
      vertex 31.5597 56.0676 17
      vertex 30.6123 57.5218 14.8
    endloop
  endfacet
  facet normal -0.265496 -0.741782 0.61585
    outer loop
      vertex 30.6123 60.4782 14.8
      vertex 31.2647 62.0712 17
      vertex 30.4645 60.5311 14.8
    endloop
  endfacet
  facet normal -0.262831 -0.742784 0.615785
    outer loop
      vertex 31.2647 62.0712 17
      vertex 30.6123 60.4782 14.8
      vertex 31.2712 62.0689 17
    endloop
  endfacet
  facet normal -0.741831 0.26538 0.615841
    outer loop
      vertex 33.0712 57.7353 17
      vertex 33.1787 58.0358 17
      vertex 31.5311 58.5355 14.8
    endloop
  endfacet
  facet normal 0.631639 -0.470858 0.615894
    outer loop
      vertex 27.4282 61.1018 17
      vertex 28.7632 60.015 14.8
      vertex 27.4323 61.1073 17
    endloop
  endfacet
  facet normal 0.632625 -0.469577 0.615859
    outer loop
      vertex 28.7632 60.015 14.8
      vertex 27.4282 61.1018 17
      vertex 28.6696 59.8889 14.8
    endloop
  endfacet
  facet normal -0.712172 0.336955 0.615851
    outer loop
      vertex 32.9324 57.4403 17
      vertex 33.0689 57.7288 17
      vertex 31.4782 58.3877 14.8
    endloop
  endfacet
  facet normal -0.786914 0.0386431 0.615852
    outer loop
      vertex 31.5923 58.8432 14.8
      vertex 33.3061 58.6812 17
      vertex 31.6 59 14.8
    endloop
  endfacet
  facet normal -0.786386 0.046258 0.616001
    outer loop
      vertex 33.3061 58.6812 17
      vertex 31.5923 58.8432 14.8
      vertex 33.3057 58.6744 17
    endloop
  endfacet
  facet normal -0.786928 0.0385071 0.615842
    outer loop
      vertex 33.3061 58.6812 17
      vertex 33.3217 59 17
      vertex 31.6 59 14.8
    endloop
  endfacet
  facet normal -0.779368 0.115425 0.615843
    outer loop
      vertex 31.5693 58.6879 14.8
      vertex 33.3057 58.6744 17
      vertex 31.5923 58.8432 14.8
    endloop
  endfacet
  facet normal -0.779285 0.116311 0.615782
    outer loop
      vertex 33.3057 58.6744 17
      vertex 31.5693 58.6879 14.8
      vertex 33.3047 58.6677 17
    endloop
  endfacet
  facet normal -0.469358 0.632806 0.615841
    outer loop
      vertex 31.8455 56.2381 17
      vertex 32.1018 56.4282 17
      vertex 30.8889 57.6696 14.8
    endloop
  endfacet
  facet normal -0.741782 0.265496 0.61585
    outer loop
      vertex 31.4782 58.3877 14.8
      vertex 33.0712 57.7353 17
      vertex 31.5311 58.5355 14.8
    endloop
  endfacet
  facet normal -0.742784 0.262831 0.615785
    outer loop
      vertex 33.0712 57.7353 17
      vertex 31.4782 58.3877 14.8
      vertex 33.0689 57.7288 17
    endloop
  endfacet
  facet normal 0.404908 0.675851 0.615853
    outer loop
      vertex 29.1111 57.6696 14.8
      vertex 28.4341 56.0705 17
      vertex 29.2458 57.5889 14.8
    endloop
  endfacet
  facet normal 0.40713 0.674673 0.61568
    outer loop
      vertex 28.4341 56.0705 17
      vertex 29.1111 57.6696 14.8
      vertex 28.4283 56.074 17
    endloop
  endfacet
  facet normal -0.675791 0.40503 0.615839
    outer loop
      vertex 32.7619 57.1545 17
      vertex 32.926 57.4283 17
      vertex 31.3304 58.1111 14.8
    endloop
  endfacet
  facet normal -0.585578 0.52702 0.615913
    outer loop
      vertex 31.2368 57.985 14.8
      vertex 32.5632 56.8877 17
      vertex 32.5677 56.8927 17
    endloop
  endfacet
  facet normal -0.584007 0.528818 0.615863
    outer loop
      vertex 32.5632 56.8877 17
      vertex 31.2368 57.985 14.8
      vertex 31.1314 57.8686 14.8
    endloop
  endfacet
  facet normal -0.52702 -0.585578 0.615913
    outer loop
      vertex 31.015 60.2368 14.8
      vertex 32.1123 61.5632 17
      vertex 32.1073 61.5677 17
    endloop
  endfacet
  facet normal -0.528818 -0.584007 0.615863
    outer loop
      vertex 32.1123 61.5632 17
      vertex 31.015 60.2368 14.8
      vertex 31.1314 60.1314 14.8
    endloop
  endfacet
  facet normal 0.764235 0.19156 0.615833
    outer loop
      vertex 26.7421 58.352 17
      vertex 28.4689 58.5355 14.8
      vertex 28.4307 58.6879 14.8
    endloop
  endfacet
  facet normal 0.76589 0.182899 0.616409
    outer loop
      vertex 28.4689 58.5355 14.8
      vertex 26.7421 58.352 17
      vertex 26.7437 58.3453 17
    endloop
  endfacet
  facet normal 0.336955 -0.712172 0.615851
    outer loop
      vertex 29.3877 60.4782 14.8
      vertex 28.7288 62.0689 17
      vertex 28.4403 61.9324 17
    endloop
  endfacet
  facet normal -0.529172 0.583718 0.615833
    outer loop
      vertex 32.1123 56.4368 17
      vertex 32.3488 56.6512 17
      vertex 31.1314 57.8686 14.8
    endloop
  endfacet
  facet normal 0.26538 0.741831 0.615841
    outer loop
      vertex 29.0358 55.8213 17
      vertex 29.5355 57.4689 14.8
      vertex 28.7353 55.9288 17
    endloop
  endfacet
  facet normal 0.191608 0.764212 0.615846
    outer loop
      vertex 29.3453 55.7437 17
      vertex 29.5355 57.4689 14.8
      vertex 29.0358 55.8213 17
    endloop
  endfacet
  facet normal 0.182899 -0.76589 0.616409
    outer loop
      vertex 29.5355 60.5311 14.8
      vertex 29.352 62.2579 17
      vertex 29.3453 62.2563 17
    endloop
  endfacet
  facet normal 0.19156 -0.764235 0.615833
    outer loop
      vertex 29.352 62.2579 17
      vertex 29.5355 60.5311 14.8
      vertex 29.6879 60.5693 14.8
    endloop
  endfacet
  facet normal 0.584007 0.528818 0.615863
    outer loop
      vertex 28.7632 57.985 14.8
      vertex 27.4368 56.8877 17
      vertex 28.8686 57.8686 14.8
    endloop
  endfacet
  facet normal 0.585578 0.52702 0.615913
    outer loop
      vertex 27.4368 56.8877 17
      vertex 28.7632 57.985 14.8
      vertex 27.4323 56.8927 17
    endloop
  endfacet
  facet normal -0.26538 -0.741831 0.615841
    outer loop
      vertex 31.2647 62.0712 17
      vertex 30.9642 62.1787 17
      vertex 30.4645 60.5311 14.8
    endloop
  endfacet
  facet normal -0.336802 -0.712254 0.615839
    outer loop
      vertex 30.7542 60.4111 14.8
      vertex 31.5597 61.9324 17
      vertex 30.6123 60.4782 14.8
    endloop
  endfacet
  facet normal -0.333835 -0.713716 0.615763
    outer loop
      vertex 31.5597 61.9324 17
      vertex 30.7542 60.4111 14.8
      vertex 31.5659 61.9295 17
    endloop
  endfacet
  facet normal 0.675791 0.40503 0.615839
    outer loop
      vertex 27.2381 57.1545 17
      vertex 28.6696 58.1111 14.8
      vertex 27.074 57.4283 17
    endloop
  endfacet
  facet normal -0.713716 -0.333835 0.615763
    outer loop
      vertex 31.4111 59.7542 14.8
      vertex 32.9324 60.5597 17
      vertex 32.9295 60.5659 17
    endloop
  endfacet
  facet normal -0.712254 -0.336802 0.615839
    outer loop
      vertex 32.9324 60.5597 17
      vertex 31.4111 59.7542 14.8
      vertex 31.4782 59.6123 14.8
    endloop
  endfacet
  facet normal -0.76589 -0.182899 0.616409
    outer loop
      vertex 31.5311 59.4645 14.8
      vertex 33.2579 59.648 17
      vertex 33.2563 59.6547 17
    endloop
  endfacet
  facet normal -0.764235 -0.19156 0.615833
    outer loop
      vertex 33.2579 59.648 17
      vertex 31.5311 59.4645 14.8
      vertex 31.5693 59.3121 14.8
    endloop
  endfacet
  facet normal 0.674673 -0.40713 0.61568
    outer loop
      vertex 27.0705 60.5659 17
      vertex 28.6696 59.8889 14.8
      vertex 27.074 60.5717 17
    endloop
  endfacet
  facet normal 0.675851 -0.404908 0.615853
    outer loop
      vertex 28.6696 59.8889 14.8
      vertex 27.0705 60.5659 17
      vertex 28.5889 59.7542 14.8
    endloop
  endfacet
  facet normal 0.764212 0.191608 0.615846
    outer loop
      vertex 26.8213 58.0358 17
      vertex 28.4689 58.5355 14.8
      vertex 26.7437 58.3453 17
    endloop
  endfacet
  facet normal -0.182899 0.76589 0.616409
    outer loop
      vertex 30.4645 57.4689 14.8
      vertex 30.648 55.7421 17
      vertex 30.6547 55.7437 17
    endloop
  endfacet
  facet normal -0.19156 0.764235 0.615833
    outer loop
      vertex 30.648 55.7421 17
      vertex 30.4645 57.4689 14.8
      vertex 30.3121 57.4307 14.8
    endloop
  endfacet
  facet normal 0.583718 -0.529172 0.615833
    outer loop
      vertex 28.8686 60.1314 14.8
      vertex 27.6512 61.3488 17
      vertex 27.4368 61.1123 17
    endloop
  endfacet
  facet normal 0.26538 -0.741831 0.615841
    outer loop
      vertex 29.5355 60.5311 14.8
      vertex 29.0358 62.1787 17
      vertex 28.7353 62.0712 17
    endloop
  endfacet
  facet normal -0.26538 0.741831 0.615841
    outer loop
      vertex 30.9642 55.8213 17
      vertex 31.2647 55.9288 17
      vertex 30.4645 57.4689 14.8
    endloop
  endfacet
  facet normal -0.674673 -0.40713 0.61568
    outer loop
      vertex 31.3304 59.8889 14.8
      vertex 32.9295 60.5659 17
      vertex 32.926 60.5717 17
    endloop
  endfacet
  facet normal -0.675851 -0.404908 0.615853
    outer loop
      vertex 32.9295 60.5659 17
      vertex 31.3304 59.8889 14.8
      vertex 31.4111 59.7542 14.8
    endloop
  endfacet
  facet normal -0.191608 -0.764212 0.615846
    outer loop
      vertex 30.9642 62.1787 17
      vertex 30.6547 62.2563 17
      vertex 30.4645 60.5311 14.8
    endloop
  endfacet
  facet normal 0.336802 0.712254 0.615839
    outer loop
      vertex 29.2458 57.5889 14.8
      vertex 28.4403 56.0676 17
      vertex 29.3877 57.5218 14.8
    endloop
  endfacet
  facet normal 0.333835 0.713716 0.615763
    outer loop
      vertex 28.4403 56.0676 17
      vertex 29.2458 57.5889 14.8
      vertex 28.4341 56.0705 17
    endloop
  endfacet
  facet normal -0.191608 0.764212 0.615846
    outer loop
      vertex 30.6547 55.7437 17
      vertex 30.9642 55.8213 17
      vertex 30.4645 57.4689 14.8
    endloop
  endfacet
  facet normal -0.333835 0.713716 0.615763
    outer loop
      vertex 30.7542 57.5889 14.8
      vertex 31.5597 56.0676 17
      vertex 31.5659 56.0705 17
    endloop
  endfacet
  facet normal -0.336802 0.712254 0.615839
    outer loop
      vertex 31.5597 56.0676 17
      vertex 30.7542 57.5889 14.8
      vertex 30.6123 57.5218 14.8
    endloop
  endfacet
  facet normal 0.529172 -0.583718 0.615833
    outer loop
      vertex 28.8686 60.1314 14.8
      vertex 27.8877 61.5632 17
      vertex 27.6512 61.3488 17
    endloop
  endfacet
  facet normal -0.632806 0.469358 0.615841
    outer loop
      vertex 32.5718 56.8982 17
      vertex 32.7619 57.1545 17
      vertex 31.3304 58.1111 14.8
    endloop
  endfacet
  facet normal -0.115534 0.779359 0.615834
    outer loop
      vertex 30.3323 55.6953 17
      vertex 30.648 55.7421 17
      vertex 30.3121 57.4307 14.8
    endloop
  endfacet
  facet normal -0.40503 0.675791 0.615839
    outer loop
      vertex 31.5717 56.074 17
      vertex 31.8455 56.2381 17
      vertex 30.8889 57.6696 14.8
    endloop
  endfacet
  facet normal 0.583718 0.529172 0.615833
    outer loop
      vertex 27.6512 56.6512 17
      vertex 28.8686 57.8686 14.8
      vertex 27.4368 56.8877 17
    endloop
  endfacet
  facet normal 0.0385071 0.786928 0.615842
    outer loop
      vertex 30 55.6783 17
      vertex 30 57.4 14.8
      vertex 29.6812 55.6939 17
    endloop
  endfacet
  facet normal -0.470858 0.631639 0.615894
    outer loop
      vertex 31.015 57.7632 14.8
      vertex 32.1018 56.4282 17
      vertex 32.1073 56.4323 17
    endloop
  endfacet
  facet normal -0.469577 0.632625 0.615859
    outer loop
      vertex 32.1018 56.4282 17
      vertex 31.015 57.7632 14.8
      vertex 30.8889 57.6696 14.8
    endloop
  endfacet
  facet normal 0.713716 -0.333835 0.615763
    outer loop
      vertex 27.0676 60.5597 17
      vertex 28.5889 59.7542 14.8
      vertex 27.0705 60.5659 17
    endloop
  endfacet
  facet normal 0.712254 -0.336802 0.615839
    outer loop
      vertex 28.5889 59.7542 14.8
      vertex 27.0676 60.5597 17
      vertex 28.5218 59.6123 14.8
    endloop
  endfacet
  facet normal 0.116311 -0.779285 0.615782
    outer loop
      vertex 29.6879 60.5693 14.8
      vertex 29.6744 62.3057 17
      vertex 29.6677 62.3047 17
    endloop
  endfacet
  facet normal 0.115425 -0.779368 0.615843
    outer loop
      vertex 29.6744 62.3057 17
      vertex 29.6879 60.5693 14.8
      vertex 29.8432 60.5923 14.8
    endloop
  endfacet
  facet normal -0.632625 0.469577 0.615859
    outer loop
      vertex 31.2368 57.985 14.8
      vertex 32.5718 56.8982 17
      vertex 31.3304 58.1111 14.8
    endloop
  endfacet
  facet normal -0.631639 0.470858 0.615894
    outer loop
      vertex 32.5718 56.8982 17
      vertex 31.2368 57.985 14.8
      vertex 32.5677 56.8927 17
    endloop
  endfacet
  facet normal 0.262831 -0.742784 0.615785
    outer loop
      vertex 29.3877 60.4782 14.8
      vertex 28.7353 62.0712 17
      vertex 28.7288 62.0689 17
    endloop
  endfacet
  facet normal 0.265496 -0.741782 0.61585
    outer loop
      vertex 28.7353 62.0712 17
      vertex 29.3877 60.4782 14.8
      vertex 29.5355 60.5311 14.8
    endloop
  endfacet
  facet normal -0.779285 -0.116311 0.615782
    outer loop
      vertex 31.5693 59.3121 14.8
      vertex 33.3057 59.3256 17
      vertex 33.3047 59.3323 17
    endloop
  endfacet
  facet normal -0.779368 -0.115425 0.615843
    outer loop
      vertex 33.3057 59.3256 17
      vertex 31.5693 59.3121 14.8
      vertex 31.5923 59.1568 14.8
    endloop
  endfacet
  facet normal -0.764235 0.19156 0.615833
    outer loop
      vertex 31.5311 58.5355 14.8
      vertex 33.2579 58.352 17
      vertex 31.5693 58.6879 14.8
    endloop
  endfacet
  facet normal -0.76589 0.182899 0.616409
    outer loop
      vertex 33.2579 58.352 17
      vertex 31.5311 58.5355 14.8
      vertex 33.2563 58.3453 17
    endloop
  endfacet
  facet normal 0.191608 -0.764212 0.615846
    outer loop
      vertex 29.5355 60.5311 14.8
      vertex 29.3453 62.2563 17
      vertex 29.0358 62.1787 17
    endloop
  endfacet
  facet normal -0.404908 -0.675851 0.615853
    outer loop
      vertex 30.8889 60.3304 14.8
      vertex 31.5659 61.9295 17
      vertex 30.7542 60.4111 14.8
    endloop
  endfacet
  facet normal -0.40713 -0.674673 0.61568
    outer loop
      vertex 31.5659 61.9295 17
      vertex 30.8889 60.3304 14.8
      vertex 31.5717 61.926 17
    endloop
  endfacet
  facet normal -0.0385071 -0.786928 0.615842
    outer loop
      vertex 30.3188 62.3061 17
      vertex 30 62.3217 17
      vertex 30 60.6 14.8
    endloop
  endfacet
  facet normal -0.779359 -0.115534 0.615834
    outer loop
      vertex 33.3047 59.3323 17
      vertex 33.2579 59.648 17
      vertex 31.5693 59.3121 14.8
    endloop
  endfacet
  facet normal 0.779368 0.115425 0.615843
    outer loop
      vertex 26.6943 58.6744 17
      vertex 28.4307 58.6879 14.8
      vertex 28.4077 58.8432 14.8
    endloop
  endfacet
  facet normal 0.779285 0.116311 0.615782
    outer loop
      vertex 28.4307 58.6879 14.8
      vertex 26.6943 58.6744 17
      vertex 26.6953 58.6677 17
    endloop
  endfacet
  facet normal -0.0385071 0.786928 0.615842
    outer loop
      vertex 30.3188 55.6939 17
      vertex 30 57.4 14.8
      vertex 30 55.6783 17
    endloop
  endfacet
  facet normal 0.529172 0.583718 0.615833
    outer loop
      vertex 27.8877 56.4368 17
      vertex 28.8686 57.8686 14.8
      vertex 27.6512 56.6512 17
    endloop
  endfacet
  facet normal -0.046258 0.786386 0.616001
    outer loop
      vertex 30.1568 57.4077 14.8
      vertex 30.3188 55.6939 17
      vertex 30.3256 55.6943 17
    endloop
  endfacet
  facet normal -0.0386431 0.786914 0.615852
    outer loop
      vertex 30.3188 55.6939 17
      vertex 30.1568 57.4077 14.8
      vertex 30 57.4 14.8
    endloop
  endfacet
  facet normal 0.115534 -0.779359 0.615834
    outer loop
      vertex 29.6879 60.5693 14.8
      vertex 29.6677 62.3047 17
      vertex 29.352 62.2579 17
    endloop
  endfacet
  facet normal 0.741782 0.265496 0.61585
    outer loop
      vertex 26.9288 57.7353 17
      vertex 28.5218 58.3877 14.8
      vertex 28.4689 58.5355 14.8
    endloop
  endfacet
  facet normal 0.742784 0.262831 0.615785
    outer loop
      vertex 28.5218 58.3877 14.8
      vertex 26.9288 57.7353 17
      vertex 26.9311 57.7288 17
    endloop
  endfacet
  facet normal 0.712172 -0.336955 0.615851
    outer loop
      vertex 28.5218 59.6123 14.8
      vertex 27.0676 60.5597 17
      vertex 26.9311 60.2712 17
    endloop
  endfacet
  facet normal 0.469358 0.632806 0.615841
    outer loop
      vertex 28.1545 56.2381 17
      vertex 29.1111 57.6696 14.8
      vertex 27.8982 56.4282 17
    endloop
  endfacet
  facet normal 0.40503 0.675791 0.615839
    outer loop
      vertex 28.4283 56.074 17
      vertex 29.1111 57.6696 14.8
      vertex 28.1545 56.2381 17
    endloop
  endfacet
  facet normal 0.741831 0.26538 0.615841
    outer loop
      vertex 26.9288 57.7353 17
      vertex 28.4689 58.5355 14.8
      vertex 26.8213 58.0358 17
    endloop
  endfacet
  facet normal 0.115425 0.779368 0.615843
    outer loop
      vertex 29.6879 57.4307 14.8
      vertex 29.6744 55.6943 17
      vertex 29.8432 57.4077 14.8
    endloop
  endfacet
  facet normal 0.116311 0.779285 0.615782
    outer loop
      vertex 29.6744 55.6943 17
      vertex 29.6879 57.4307 14.8
      vertex 29.6677 55.6953 17
    endloop
  endfacet
  facet normal 0.470858 -0.631639 0.615894
    outer loop
      vertex 28.985 60.2368 14.8
      vertex 27.8982 61.5718 17
      vertex 27.8927 61.5677 17
    endloop
  endfacet
  facet normal 0.469577 -0.632625 0.615859
    outer loop
      vertex 27.8982 61.5718 17
      vertex 28.985 60.2368 14.8
      vertex 29.1111 60.3304 14.8
    endloop
  endfacet
  facet normal 0.675791 -0.40503 0.615839
    outer loop
      vertex 28.6696 59.8889 14.8
      vertex 27.2381 60.8455 17
      vertex 27.074 60.5717 17
    endloop
  endfacet
  facet normal -0.336955 -0.712172 0.615851
    outer loop
      vertex 31.5597 61.9324 17
      vertex 31.2712 62.0689 17
      vertex 30.6123 60.4782 14.8
    endloop
  endfacet
  facet normal 0.40713 -0.674673 0.61568
    outer loop
      vertex 29.1111 60.3304 14.8
      vertex 28.4341 61.9295 17
      vertex 28.4283 61.926 17
    endloop
  endfacet
  facet normal 0.404908 -0.675851 0.615853
    outer loop
      vertex 28.4341 61.9295 17
      vertex 29.1111 60.3304 14.8
      vertex 29.2458 60.4111 14.8
    endloop
  endfacet
  facet normal -0.469358 -0.632806 0.615841
    outer loop
      vertex 32.1018 61.5718 17
      vertex 31.8455 61.7619 17
      vertex 30.8889 60.3304 14.8
    endloop
  endfacet
  facet normal 0.779359 -0.115534 0.615834
    outer loop
      vertex 28.4307 59.3121 14.8
      vertex 26.7421 59.648 17
      vertex 26.6953 59.3323 17
    endloop
  endfacet
  facet normal -0.529172 -0.583718 0.615833
    outer loop
      vertex 32.3488 61.3488 17
      vertex 32.1123 61.5632 17
      vertex 31.1314 60.1314 14.8
    endloop
  endfacet
  facet normal 0.675851 0.404908 0.615853
    outer loop
      vertex 27.0705 57.4341 17
      vertex 28.6696 58.1111 14.8
      vertex 28.5889 58.2458 14.8
    endloop
  endfacet
  facet normal 0.674673 0.40713 0.61568
    outer loop
      vertex 28.6696 58.1111 14.8
      vertex 27.0705 57.4341 17
      vertex 27.074 57.4283 17
    endloop
  endfacet
  facet normal -0.631639 -0.470858 0.615894
    outer loop
      vertex 31.2368 60.015 14.8
      vertex 32.5718 61.1018 17
      vertex 32.5677 61.1073 17
    endloop
  endfacet
  facet normal -0.632625 -0.469577 0.615859
    outer loop
      vertex 32.5718 61.1018 17
      vertex 31.2368 60.015 14.8
      vertex 31.3304 59.8889 14.8
    endloop
  endfacet
  facet normal 0.632806 0.469358 0.615841
    outer loop
      vertex 27.4282 56.8982 17
      vertex 28.6696 58.1111 14.8
      vertex 27.2381 57.1545 17
    endloop
  endfacet
  facet normal 0.764212 -0.191608 0.615846
    outer loop
      vertex 28.4689 59.4645 14.8
      vertex 26.8213 59.9642 17
      vertex 26.7437 59.6547 17
    endloop
  endfacet
  facet normal -0.712172 -0.336955 0.615851
    outer loop
      vertex 33.0689 60.2712 17
      vertex 32.9324 60.5597 17
      vertex 31.4782 59.6123 14.8
    endloop
  endfacet
  facet normal 0.741831 -0.26538 0.615841
    outer loop
      vertex 28.4689 59.4645 14.8
      vertex 26.9288 60.2647 17
      vertex 26.8213 59.9642 17
    endloop
  endfacet
  facet normal -0.19156 -0.764235 0.615833
    outer loop
      vertex 30.4645 60.5311 14.8
      vertex 30.648 62.2579 17
      vertex 30.3121 60.5693 14.8
    endloop
  endfacet
  facet normal -0.182899 -0.76589 0.616409
    outer loop
      vertex 30.648 62.2579 17
      vertex 30.4645 60.5311 14.8
      vertex 30.6547 62.2563 17
    endloop
  endfacet
  facet normal 0.786928 -0.0385071 0.615842
    outer loop
      vertex 28.4 59 14.8
      vertex 26.6939 59.3188 17
      vertex 26.6783 59 17
    endloop
  endfacet
  facet normal 0.528818 0.584007 0.615863
    outer loop
      vertex 27.8877 56.4368 17
      vertex 28.985 57.7632 14.8
      vertex 28.8686 57.8686 14.8
    endloop
  endfacet
  facet normal 0.52702 0.585578 0.615913
    outer loop
      vertex 28.985 57.7632 14.8
      vertex 27.8877 56.4368 17
      vertex 27.8927 56.4323 17
    endloop
  endfacet
  facet normal 0.632625 0.469577 0.615859
    outer loop
      vertex 27.4282 56.8982 17
      vertex 28.7632 57.985 14.8
      vertex 28.6696 58.1111 14.8
    endloop
  endfacet
  facet normal 0.631639 0.470858 0.615894
    outer loop
      vertex 28.7632 57.985 14.8
      vertex 27.4282 56.8982 17
      vertex 27.4323 56.8927 17
    endloop
  endfacet
  facet normal -0.583718 -0.529172 0.615833
    outer loop
      vertex 32.5632 61.1123 17
      vertex 32.3488 61.3488 17
      vertex 31.1314 60.1314 14.8
    endloop
  endfacet
  facet normal -0.675791 -0.40503 0.615839
    outer loop
      vertex 32.926 60.5717 17
      vertex 32.7619 60.8455 17
      vertex 31.3304 59.8889 14.8
    endloop
  endfacet
  facet normal 0.265496 0.741782 0.61585
    outer loop
      vertex 29.3877 57.5218 14.8
      vertex 28.7353 55.9288 17
      vertex 29.5355 57.4689 14.8
    endloop
  endfacet
  facet normal 0.262831 0.742784 0.615785
    outer loop
      vertex 28.7353 55.9288 17
      vertex 29.3877 57.5218 14.8
      vertex 28.7288 55.9311 17
    endloop
  endfacet
  facet normal 0.336955 0.712172 0.615851
    outer loop
      vertex 28.7288 55.9311 17
      vertex 29.3877 57.5218 14.8
      vertex 28.4403 56.0676 17
    endloop
  endfacet
  facet normal 0.115534 0.779359 0.615834
    outer loop
      vertex 29.6677 55.6953 17
      vertex 29.6879 57.4307 14.8
      vertex 29.352 55.7421 17
    endloop
  endfacet
  facet normal 0.19156 0.764235 0.615833
    outer loop
      vertex 29.5355 57.4689 14.8
      vertex 29.352 55.7421 17
      vertex 29.6879 57.4307 14.8
    endloop
  endfacet
  facet normal 0.182899 0.76589 0.616409
    outer loop
      vertex 29.352 55.7421 17
      vertex 29.5355 57.4689 14.8
      vertex 29.3453 55.7437 17
    endloop
  endfacet
  facet normal 0.786386 -0.046258 0.616001
    outer loop
      vertex 26.6939 59.3188 17
      vertex 28.4077 59.1568 14.8
      vertex 26.6943 59.3256 17
    endloop
  endfacet
  facet normal 0.786914 -0.0386431 0.615852
    outer loop
      vertex 28.4077 59.1568 14.8
      vertex 26.6939 59.3188 17
      vertex 28.4 59 14.8
    endloop
  endfacet
  facet normal 0.786914 0.0386431 0.615852
    outer loop
      vertex 26.6939 58.6812 17
      vertex 28.4077 58.8432 14.8
      vertex 28.4 59 14.8
    endloop
  endfacet
  facet normal 0.786386 0.046258 0.616001
    outer loop
      vertex 28.4077 58.8432 14.8
      vertex 26.6939 58.6812 17
      vertex 26.6943 58.6744 17
    endloop
  endfacet
  facet normal -0.632806 -0.469358 0.615841
    outer loop
      vertex 32.7619 60.8455 17
      vertex 32.5718 61.1018 17
      vertex 31.3304 59.8889 14.8
    endloop
  endfacet
  facet normal 0.786928 0.0385071 0.615842
    outer loop
      vertex 26.6939 58.6812 17
      vertex 28.4 59 14.8
      vertex 26.6783 59 17
    endloop
  endfacet
  facet normal 0.742784 -0.262831 0.615785
    outer loop
      vertex 26.9288 60.2647 17
      vertex 28.5218 59.6123 14.8
      vertex 26.9311 60.2712 17
    endloop
  endfacet
  facet normal 0.741782 -0.265496 0.61585
    outer loop
      vertex 28.5218 59.6123 14.8
      vertex 26.9288 60.2647 17
      vertex 28.4689 59.4645 14.8
    endloop
  endfacet
  facet normal 0.469358 -0.632806 0.615841
    outer loop
      vertex 29.1111 60.3304 14.8
      vertex 28.1545 61.7619 17
      vertex 27.8982 61.5718 17
    endloop
  endfacet
  facet normal 0.40503 -0.675791 0.615839
    outer loop
      vertex 29.1111 60.3304 14.8
      vertex 28.4283 61.926 17
      vertex 28.1545 61.7619 17
    endloop
  endfacet
  facet normal -0.469577 -0.632625 0.615859
    outer loop
      vertex 31.015 60.2368 14.8
      vertex 32.1018 61.5718 17
      vertex 30.8889 60.3304 14.8
    endloop
  endfacet
  facet normal -0.470858 -0.631639 0.615894
    outer loop
      vertex 32.1018 61.5718 17
      vertex 31.015 60.2368 14.8
      vertex 32.1073 61.5677 17
    endloop
  endfacet
  facet normal -0.40503 -0.675791 0.615839
    outer loop
      vertex 31.8455 61.7619 17
      vertex 31.5717 61.926 17
      vertex 30.8889 60.3304 14.8
    endloop
  endfacet
  facet normal -0.40713 0.674673 0.61568
    outer loop
      vertex 30.8889 57.6696 14.8
      vertex 31.5659 56.0705 17
      vertex 31.5717 56.074 17
    endloop
  endfacet
  facet normal -0.404908 0.675851 0.615853
    outer loop
      vertex 31.5659 56.0705 17
      vertex 30.8889 57.6696 14.8
      vertex 30.7542 57.5889 14.8
    endloop
  endfacet
  facet normal -0.115534 -0.779359 0.615834
    outer loop
      vertex 30.648 62.2579 17
      vertex 30.3323 62.3047 17
      vertex 30.3121 60.5693 14.8
    endloop
  endfacet
  facet normal 0.779285 -0.116311 0.615782
    outer loop
      vertex 26.6943 59.3256 17
      vertex 28.4307 59.3121 14.8
      vertex 26.6953 59.3323 17
    endloop
  endfacet
  facet normal 0.779368 -0.115425 0.615843
    outer loop
      vertex 28.4307 59.3121 14.8
      vertex 26.6943 59.3256 17
      vertex 28.4077 59.1568 14.8
    endloop
  endfacet
  facet normal -0.585578 -0.52702 0.615913
    outer loop
      vertex 32.5632 61.1123 17
      vertex 31.2368 60.015 14.8
      vertex 32.5677 61.1073 17
    endloop
  endfacet
  facet normal -0.584007 -0.528818 0.615863
    outer loop
      vertex 31.2368 60.015 14.8
      vertex 32.5632 61.1123 17
      vertex 31.1314 60.1314 14.8
    endloop
  endfacet
  facet normal -0.741831 -0.26538 0.615841
    outer loop
      vertex 33.1787 59.9642 17
      vertex 33.0712 60.2647 17
      vertex 31.5311 59.4645 14.8
    endloop
  endfacet
  facet normal -0.742784 -0.262831 0.615785
    outer loop
      vertex 31.4782 59.6123 14.8
      vertex 33.0712 60.2647 17
      vertex 33.0689 60.2712 17
    endloop
  endfacet
  facet normal -0.741782 -0.265496 0.61585
    outer loop
      vertex 33.0712 60.2647 17
      vertex 31.4782 59.6123 14.8
      vertex 31.5311 59.4645 14.8
    endloop
  endfacet
  facet normal 0.0385071 -0.786928 0.615842
    outer loop
      vertex 30 60.6 14.8
      vertex 30 62.3217 17
      vertex 29.6812 62.3061 17
    endloop
  endfacet
  facet normal 0.046258 -0.786386 0.616001
    outer loop
      vertex 29.8432 60.5923 14.8
      vertex 29.6812 62.3061 17
      vertex 29.6744 62.3057 17
    endloop
  endfacet
  facet normal 0.0386431 -0.786914 0.615852
    outer loop
      vertex 29.6812 62.3061 17
      vertex 29.8432 60.5923 14.8
      vertex 30 60.6 14.8
    endloop
  endfacet
  facet normal -0.0386431 -0.786914 0.615852
    outer loop
      vertex 30.1568 60.5923 14.8
      vertex 30.3188 62.3061 17
      vertex 30 60.6 14.8
    endloop
  endfacet
  facet normal -0.046258 -0.786386 0.616001
    outer loop
      vertex 30.3188 62.3061 17
      vertex 30.1568 60.5923 14.8
      vertex 30.3256 62.3057 17
    endloop
  endfacet
  facet normal -0.764212 -0.191608 0.615846
    outer loop
      vertex 33.2563 59.6547 17
      vertex 33.1787 59.9642 17
      vertex 31.5311 59.4645 14.8
    endloop
  endfacet
  facet normal 0 0 1
    outer loop
      vertex 34.6 61 4
      vertex 33.9231 58.2196 4
      vertex 34.6 -61 4
    endloop
  endfacet
  facet normal 0 0 1
    outer loop
      vertex 34.6 -61 4
      vertex 33.9807 -58.6079 4
      vertex 34 -59 4
    endloop
  endfacet
  facet normal -0 0 1
    outer loop
      vertex 33.9231 -58.2196 4
      vertex 34.6 -61 4
      vertex 33.9231 58.2196 4
    endloop
  endfacet
  facet normal 0 0 1
    outer loop
      vertex 34.6 -61 4
      vertex 33.9231 -58.2196 4
      vertex 33.9807 -58.6079 4
    endloop
  endfacet
  facet normal -0 0 1
    outer loop
      vertex 33.8278 57.8389 4
      vertex 33.9231 -58.2196 4
      vertex 33.9231 58.2196 4
    endloop
  endfacet
  facet normal 0 0 1
    outer loop
      vertex 33.8278 57.8389 4
      vertex 33.8278 -57.8389 4
      vertex 33.9231 -58.2196 4
    endloop
  endfacet
  facet normal -0 0 1
    outer loop
      vertex 33.6955 57.4693 4
      vertex 33.8278 -57.8389 4
      vertex 33.8278 57.8389 4
    endloop
  endfacet
  facet normal 0 0 1
    outer loop
      vertex 33.6955 57.4693 4
      vertex 33.6955 -57.4693 4
      vertex 33.8278 -57.8389 4
    endloop
  endfacet
  facet normal -0 0 1
    outer loop
      vertex 33.5277 57.1144 4
      vertex 33.6955 -57.4693 4
      vertex 33.6955 57.4693 4
    endloop
  endfacet
  facet normal 0 0 1
    outer loop
      vertex 33.5277 57.1144 4
      vertex 33.5277 -57.1144 4
      vertex 33.6955 -57.4693 4
    endloop
  endfacet
  facet normal -0 0 1
    outer loop
      vertex 33.4 56.9014 4
      vertex 33.5277 -57.1144 4
      vertex 33.5277 57.1144 4
    endloop
  endfacet
  facet normal 0 0 1
    outer loop
      vertex 33.5277 -57.1144 4
      vertex 33.4 56.9014 4
      vertex 33.4 -56.9014 4
    endloop
  endfacet
  facet normal 0 0 1
    outer loop
      vertex 33.5277 60.8856 4
      vertex 34.6 61 4
      vertex 34.5875 61.2548 4
    endloop
  endfacet
  facet normal 0 0 1
    outer loop
      vertex 33.9807 58.6079 4
      vertex 34.6 61 4
      vertex 34 59 4
    endloop
  endfacet
  facet normal 0 0 1
    outer loop
      vertex 33.5277 60.8856 4
      vertex 34.5875 61.2548 4
      vertex 34.55 61.5072 4
    endloop
  endfacet
  facet normal 0 0 1
    outer loop
      vertex 33.9231 58.2196 4
      vertex 34.6 61 4
      vertex 33.9807 58.6079 4
    endloop
  endfacet
  facet normal 0 0 1
    outer loop
      vertex 33.3731 61.2731 4
      vertex 34.55 61.5072 4
      vertex 34.488 61.7547 4
    endloop
  endfacet
  facet normal -0 0 1
    outer loop
      vertex 33.9807 -59.3921 4
      vertex 34.6 -61 4
      vertex 34 -59 4
    endloop
  endfacet
  facet normal 0 0 1
    outer loop
      vertex 33.3397 61.4064 4
      vertex 34.488 61.7547 4
      vertex 34.4021 61.995 4
    endloop
  endfacet
  facet normal -0 0 1
    outer loop
      vertex 33.9231 -59.7804 4
      vertex 34.6 -61 4
      vertex 33.9807 -59.3921 4
    endloop
  endfacet
  facet normal 0 0 1
    outer loop
      vertex 33.2934 61.5358 4
      vertex 34.4021 61.995 4
      vertex 34.293 62.2256 4
    endloop
  endfacet
  facet normal -0 0 1
    outer loop
      vertex 33.8278 -60.1611 4
      vertex 34.6 -61 4
      vertex 33.9231 -59.7804 4
    endloop
  endfacet
  facet normal 0 0 1
    outer loop
      vertex 33.2347 61.6599 4
      vertex 34.293 62.2256 4
      vertex 34.1618 62.4445 4
    endloop
  endfacet
  facet normal -0 0 1
    outer loop
      vertex 33.6955 -60.5307 4
      vertex 34.6 -61 4
      vertex 33.8278 -60.1611 4
    endloop
  endfacet
  facet normal 0 0 1
    outer loop
      vertex 33.164 61.7778 4
      vertex 34.1618 62.4445 4
      vertex 34.0098 62.6494 4
    endloop
  endfacet
  facet normal -0 0 1
    outer loop
      vertex 33.5277 -60.8856 4
      vertex 34.6 -61 4
      vertex 33.6955 -60.5307 4
    endloop
  endfacet
  facet normal 0 0 1
    outer loop
      vertex 34.6 -61 4
      vertex 33.5277 -60.8856 4
      vertex 34.5875 -61.2548 4
    endloop
  endfacet
  facet normal 0 0 1
    outer loop
      vertex 34.6 61 4
      vertex 33.9807 59.3921 4
      vertex 34 59 4
    endloop
  endfacet
  facet normal 0 0 1
    outer loop
      vertex 34.6 61 4
      vertex 33.9231 59.7804 4
      vertex 33.9807 59.3921 4
    endloop
  endfacet
  facet normal 0 0 1
    outer loop
      vertex 33.0822 61.8881 4
      vertex 34.0098 62.6494 4
      vertex 33.8385 62.8385 4
    endloop
  endfacet
  facet normal 0 0 1
    outer loop
      vertex 34.6 61 4
      vertex 33.8278 60.1611 4
      vertex 33.9231 59.7804 4
    endloop
  endfacet
  facet normal 0 0 1
    outer loop
      vertex 34.6 61 4
      vertex 33.6955 60.5307 4
      vertex 33.8278 60.1611 4
    endloop
  endfacet
  facet normal 0 0 1
    outer loop
      vertex 32.9899 61.9899 4
      vertex 33.8385 62.8385 4
      vertex 33.6494 63.0098 4
    endloop
  endfacet
  facet normal 0 0 1
    outer loop
      vertex 34.6 61 4
      vertex 33.5277 60.8856 4
      vertex 33.6955 60.5307 4
    endloop
  endfacet
  facet normal 0 0 1
    outer loop
      vertex 32.8881 62.0822 4
      vertex 33.6494 63.0098 4
      vertex 33.4445 63.1618 4
    endloop
  endfacet
  facet normal 0 0 1
    outer loop
      vertex 34.488 61.7547 4
      vertex 33.3397 61.4064 4
      vertex 33.3731 61.2731 4
    endloop
  endfacet
  facet normal 0 0 1
    outer loop
      vertex 33.5277 60.8856 4
      vertex 33.3932 61.1372 4
      vertex 33.3947 61.1074 4
    endloop
  endfacet
  facet normal 0 0 1
    outer loop
      vertex 33.5277 60.8856 4
      vertex 33.3731 61.2731 4
      vertex 33.3932 61.1372 4
    endloop
  endfacet
  facet normal 0 0 1
    outer loop
      vertex 34.55 61.5072 4
      vertex 33.3731 61.2731 4
      vertex 33.5277 60.8856 4
    endloop
  endfacet
  facet normal 0 0 1
    outer loop
      vertex 34.4021 61.995 4
      vertex 33.2934 61.5358 4
      vertex 33.3397 61.4064 4
    endloop
  endfacet
  facet normal 0 0 1
    outer loop
      vertex 34.293 62.2256 4
      vertex 33.2347 61.6599 4
      vertex 33.2934 61.5358 4
    endloop
  endfacet
  facet normal 0 0 1
    outer loop
      vertex 32.7778 62.164 4
      vertex 33.4445 63.1618 4
      vertex 33.2256 63.293 4
    endloop
  endfacet
  facet normal 0 0 1
    outer loop
      vertex 34.1618 62.4445 4
      vertex 33.164 61.7778 4
      vertex 33.2347 61.6599 4
    endloop
  endfacet
  facet normal 0 0 1
    outer loop
      vertex 34.0098 62.6494 4
      vertex 33.0822 61.8881 4
      vertex 33.164 61.7778 4
    endloop
  endfacet
  facet normal 0 0 1
    outer loop
      vertex 32.6599 62.2347 4
      vertex 33.2256 63.293 4
      vertex 32.995 63.4021 4
    endloop
  endfacet
  facet normal 0 0 1
    outer loop
      vertex 33.8385 62.8385 4
      vertex 32.9899 61.9899 4
      vertex 33.0822 61.8881 4
    endloop
  endfacet
  facet normal 0 0 1
    outer loop
      vertex 33.6494 63.0098 4
      vertex 32.8881 62.0822 4
      vertex 32.9899 61.9899 4
    endloop
  endfacet
  facet normal 0 0 1
    outer loop
      vertex 33.4445 63.1618 4
      vertex 32.7778 62.164 4
      vertex 32.8881 62.0822 4
    endloop
  endfacet
  facet normal 0 0 1
    outer loop
      vertex 32.5358 62.2934 4
      vertex 32.995 63.4021 4
      vertex 32.7547 63.488 4
    endloop
  endfacet
  facet normal 0 0 1
    outer loop
      vertex 33.2256 63.293 4
      vertex 32.6599 62.2347 4
      vertex 32.7778 62.164 4
    endloop
  endfacet
  facet normal 0 0 1
    outer loop
      vertex 32.995 63.4021 4
      vertex 32.5358 62.2934 4
      vertex 32.6599 62.2347 4
    endloop
  endfacet
  facet normal 0 0 1
    outer loop
      vertex 32.4064 62.3397 4
      vertex 32.7547 63.488 4
      vertex 32.5072 63.55 4
    endloop
  endfacet
  facet normal 0 0 1
    outer loop
      vertex 32.7547 63.488 4
      vertex 32.4064 62.3397 4
      vertex 32.5358 62.2934 4
    endloop
  endfacet
  facet normal 0 0 1
    outer loop
      vertex 32.5072 63.55 4
      vertex 32.2731 62.3731 4
      vertex 32.4064 62.3397 4
    endloop
  endfacet
  facet normal 0 0 1
    outer loop
      vertex 32.2548 63.5875 4
      vertex 32.2731 62.3731 4
      vertex 32.5072 63.55 4
    endloop
  endfacet
  facet normal 0 0 1
    outer loop
      vertex 32.2548 63.5875 4
      vertex 32.1372 62.3932 4
      vertex 32.2731 62.3731 4
    endloop
  endfacet
  facet normal -0 0 1
    outer loop
      vertex 31.8856 62.5277 4
      vertex 32.1372 62.3932 4
      vertex 32.2548 63.5875 4
    endloop
  endfacet
  facet normal 0 0 1
    outer loop
      vertex 31.8856 62.5277 4
      vertex 32.2548 63.5875 4
      vertex 32 63.6 4
    endloop
  endfacet
  facet normal 0 0 1
    outer loop
      vertex 32.1372 62.3932 4
      vertex 31.8856 62.5277 4
      vertex 32.1074 62.3947 4
    endloop
  endfacet
  facet normal 0 0 1
    outer loop
      vertex 32 63.6 4
      vertex 31.5307 62.6955 4
      vertex 31.8856 62.5277 4
    endloop
  endfacet
  facet normal 0 0 1
    outer loop
      vertex 32 63.6 4
      vertex 31.1611 62.8278 4
      vertex 31.5307 62.6955 4
    endloop
  endfacet
  facet normal 0 0 1
    outer loop
      vertex 32 63.6 4
      vertex 30.7804 62.9231 4
      vertex 31.1611 62.8278 4
    endloop
  endfacet
  facet normal 0 0 1
    outer loop
      vertex 32 63.6 4
      vertex 30.3921 62.9807 4
      vertex 30.7804 62.9231 4
    endloop
  endfacet
  facet normal 0 0 1
    outer loop
      vertex 32 63.6 4
      vertex 30 63 4
      vertex 30.3921 62.9807 4
    endloop
  endfacet
  facet normal 0 0 1
    outer loop
      vertex 32 63.6 4
      vertex 29.6079 62.9807 4
      vertex 30 63 4
    endloop
  endfacet
  facet normal 0 0 1
    outer loop
      vertex 32 63.6 4
      vertex 29.2196 62.9231 4
      vertex 29.6079 62.9807 4
    endloop
  endfacet
  facet normal 0 0 1
    outer loop
      vertex 28.1144 62.5277 4
      vertex -27.9014 62.4 4
      vertex 27.9014 62.4 4
    endloop
  endfacet
  facet normal 0 0 1
    outer loop
      vertex -28.1144 62.5277 4
      vertex 28.1144 62.5277 4
      vertex 28.4693 62.6955 4
    endloop
  endfacet
  facet normal 0 0 1
    outer loop
      vertex -28.4693 62.6955 4
      vertex 28.4693 62.6955 4
      vertex 28.8389 62.8278 4
    endloop
  endfacet
  facet normal 0 0 1
    outer loop
      vertex -28.8389 62.8278 4
      vertex 28.8389 62.8278 4
      vertex 29.2196 62.9231 4
    endloop
  endfacet
  facet normal 0 0 1
    outer loop
      vertex -29.2196 62.9231 4
      vertex 29.2196 62.9231 4
      vertex 32 63.6 4
    endloop
  endfacet
  facet normal 0 0 1
    outer loop
      vertex 28.1144 62.5277 4
      vertex -28.1144 62.5277 4
      vertex -27.9014 62.4 4
    endloop
  endfacet
  facet normal 0 0 1
    outer loop
      vertex 28.4693 62.6955 4
      vertex -28.4693 62.6955 4
      vertex -28.1144 62.5277 4
    endloop
  endfacet
  facet normal 0 0 1
    outer loop
      vertex 28.8389 62.8278 4
      vertex -28.8389 62.8278 4
      vertex -28.4693 62.6955 4
    endloop
  endfacet
  facet normal 0 0 1
    outer loop
      vertex 29.2196 62.9231 4
      vertex -29.2196 62.9231 4
      vertex -28.8389 62.8278 4
    endloop
  endfacet
  facet normal -0 0 1
    outer loop
      vertex -32 63.6 4
      vertex -29.2196 62.9231 4
      vertex 32 63.6 4
    endloop
  endfacet
  facet normal 0 0 1
    outer loop
      vertex -29.2196 62.9231 4
      vertex -32 63.6 4
      vertex -29.6079 62.9807 4
    endloop
  endfacet
  facet normal 0 0 1
    outer loop
      vertex -29.6079 62.9807 4
      vertex -32 63.6 4
      vertex -30 63 4
    endloop
  endfacet
  facet normal 0 0 1
    outer loop
      vertex -32 63.6 4
      vertex -30.3921 62.9807 4
      vertex -30 63 4
    endloop
  endfacet
  facet normal 0 0 1
    outer loop
      vertex -32 63.6 4
      vertex -30.7804 62.9231 4
      vertex -30.3921 62.9807 4
    endloop
  endfacet
  facet normal 0 0 1
    outer loop
      vertex -32 63.6 4
      vertex -31.1611 62.8278 4
      vertex -30.7804 62.9231 4
    endloop
  endfacet
  facet normal 0 0 1
    outer loop
      vertex -32 63.6 4
      vertex -31.5307 62.6955 4
      vertex -31.1611 62.8278 4
    endloop
  endfacet
  facet normal 0 0 1
    outer loop
      vertex -32 63.6 4
      vertex -31.8856 62.5277 4
      vertex -31.5307 62.6955 4
    endloop
  endfacet
  facet normal -0 0 1
    outer loop
      vertex -32.2548 63.5875 4
      vertex -31.8856 62.5277 4
      vertex -32 63.6 4
    endloop
  endfacet
  facet normal 0 -0 1
    outer loop
      vertex -32.1372 62.3932 4
      vertex -31.8856 62.5277 4
      vertex -32.2548 63.5875 4
    endloop
  endfacet
  facet normal 0 0 1
    outer loop
      vertex -31.8856 62.5277 4
      vertex -32.1372 62.3932 4
      vertex -32.1074 62.3947 4
    endloop
  endfacet
  facet normal 0 0 1
    outer loop
      vertex -32.2548 63.5875 4
      vertex -32.2731 62.3731 4
      vertex -32.1372 62.3932 4
    endloop
  endfacet
  facet normal -0 0 1
    outer loop
      vertex -32.5072 63.55 4
      vertex -32.2731 62.3731 4
      vertex -32.2548 63.5875 4
    endloop
  endfacet
  facet normal 0 0 1
    outer loop
      vertex -32.2731 62.3731 4
      vertex -32.5072 63.55 4
      vertex -32.4064 62.3397 4
    endloop
  endfacet
  facet normal -0 0 1
    outer loop
      vertex -32.7547 63.488 4
      vertex -32.4064 62.3397 4
      vertex -32.5072 63.55 4
    endloop
  endfacet
  facet normal 0 0 1
    outer loop
      vertex -32.4064 62.3397 4
      vertex -32.7547 63.488 4
      vertex -32.5358 62.2934 4
    endloop
  endfacet
  facet normal -0 0 1
    outer loop
      vertex -32.995 63.4021 4
      vertex -32.5358 62.2934 4
      vertex -32.7547 63.488 4
    endloop
  endfacet
  facet normal 0 0 1
    outer loop
      vertex -32.5358 62.2934 4
      vertex -32.995 63.4021 4
      vertex -32.6599 62.2347 4
    endloop
  endfacet
  facet normal -0 0 1
    outer loop
      vertex -33.2256 63.293 4
      vertex -32.6599 62.2347 4
      vertex -32.995 63.4021 4
    endloop
  endfacet
  facet normal 0 0 1
    outer loop
      vertex -32.6599 62.2347 4
      vertex -33.2256 63.293 4
      vertex -32.7778 62.164 4
    endloop
  endfacet
  facet normal -0 0 1
    outer loop
      vertex -33.4445 63.1618 4
      vertex -32.7778 62.164 4
      vertex -33.2256 63.293 4
    endloop
  endfacet
  facet normal 0 0 1
    outer loop
      vertex -32.7778 62.164 4
      vertex -33.4445 63.1618 4
      vertex -32.8881 62.0822 4
    endloop
  endfacet
  facet normal -0 0 1
    outer loop
      vertex -33.6494 63.0098 4
      vertex -32.8881 62.0822 4
      vertex -33.4445 63.1618 4
    endloop
  endfacet
  facet normal 0 0 1
    outer loop
      vertex -32.8881 62.0822 4
      vertex -33.6494 63.0098 4
      vertex -32.9899 61.9899 4
    endloop
  endfacet
  facet normal -0 0 1
    outer loop
      vertex -33.8385 62.8385 4
      vertex -32.9899 61.9899 4
      vertex -33.6494 63.0098 4
    endloop
  endfacet
  facet normal 0 0 1
    outer loop
      vertex -32.9899 61.9899 4
      vertex -33.8385 62.8385 4
      vertex -33.0822 61.8881 4
    endloop
  endfacet
  facet normal -0 0 1
    outer loop
      vertex -34.0098 62.6494 4
      vertex -33.0822 61.8881 4
      vertex -33.8385 62.8385 4
    endloop
  endfacet
  facet normal 0 0 1
    outer loop
      vertex -33.0822 61.8881 4
      vertex -34.0098 62.6494 4
      vertex -33.164 61.7778 4
    endloop
  endfacet
  facet normal -0 0 1
    outer loop
      vertex -34.1618 62.4445 4
      vertex -33.164 61.7778 4
      vertex -34.0098 62.6494 4
    endloop
  endfacet
  facet normal 0 0 1
    outer loop
      vertex -33.164 61.7778 4
      vertex -34.1618 62.4445 4
      vertex -33.2347 61.6599 4
    endloop
  endfacet
  facet normal -0 0 1
    outer loop
      vertex -34.293 62.2256 4
      vertex -33.2347 61.6599 4
      vertex -34.1618 62.4445 4
    endloop
  endfacet
  facet normal 0 0 1
    outer loop
      vertex -33.2347 61.6599 4
      vertex -34.293 62.2256 4
      vertex -33.2934 61.5358 4
    endloop
  endfacet
  facet normal -0 0 1
    outer loop
      vertex -34.4021 61.995 4
      vertex -33.2934 61.5358 4
      vertex -34.293 62.2256 4
    endloop
  endfacet
  facet normal 0 0 1
    outer loop
      vertex -33.2934 61.5358 4
      vertex -34.4021 61.995 4
      vertex -33.3397 61.4064 4
    endloop
  endfacet
  facet normal -0 0 1
    outer loop
      vertex -34.488 61.7547 4
      vertex -33.3397 61.4064 4
      vertex -34.4021 61.995 4
    endloop
  endfacet
  facet normal 0 0 1
    outer loop
      vertex -33.3397 61.4064 4
      vertex -34.488 61.7547 4
      vertex -33.3731 61.2731 4
    endloop
  endfacet
  facet normal -0 0 1
    outer loop
      vertex -34.55 61.5072 4
      vertex -33.3731 61.2731 4
      vertex -34.488 61.7547 4
    endloop
  endfacet
  facet normal 0 0 1
    outer loop
      vertex -33.3731 61.2731 4
      vertex -34.55 61.5072 4
      vertex -33.3932 61.1372 4
    endloop
  endfacet
  facet normal 0 -0 1
    outer loop
      vertex -33.5277 60.8856 4
      vertex -33.3932 61.1372 4
      vertex -34.55 61.5072 4
    endloop
  endfacet
  facet normal 0 0 1
    outer loop
      vertex -33.9807 59.3921 4
      vertex -34.6 61 4
      vertex -34 59 4
    endloop
  endfacet
  facet normal 0 0 1
    outer loop
      vertex -33.3932 61.1372 4
      vertex -33.5277 60.8856 4
      vertex -33.3947 61.1074 4
    endloop
  endfacet
  facet normal 0 0 1
    outer loop
      vertex 34.5875 -61.2548 4
      vertex 33.5277 -60.8856 4
      vertex 34.55 -61.5072 4
    endloop
  endfacet
  facet normal -0 0 1
    outer loop
      vertex 33.3731 -61.2731 4
      vertex 34.55 -61.5072 4
      vertex 33.5277 -60.8856 4
    endloop
  endfacet
  facet normal 0 0 1
    outer loop
      vertex 34.55 -61.5072 4
      vertex 33.3731 -61.2731 4
      vertex 34.488 -61.7547 4
    endloop
  endfacet
  facet normal -0 0 1
    outer loop
      vertex 33.3397 -61.4064 4
      vertex 34.488 -61.7547 4
      vertex 33.3731 -61.2731 4
    endloop
  endfacet
  facet normal 0 0 1
    outer loop
      vertex 34.488 -61.7547 4
      vertex 33.3397 -61.4064 4
      vertex 34.4021 -61.995 4
    endloop
  endfacet
  facet normal -0 0 1
    outer loop
      vertex 33.2934 -61.5358 4
      vertex 34.4021 -61.995 4
      vertex 33.3397 -61.4064 4
    endloop
  endfacet
  facet normal 0 0 1
    outer loop
      vertex 34.4021 -61.995 4
      vertex 33.2934 -61.5358 4
      vertex 34.293 -62.2256 4
    endloop
  endfacet
  facet normal -0 0 1
    outer loop
      vertex 33.2347 -61.6599 4
      vertex 34.293 -62.2256 4
      vertex 33.2934 -61.5358 4
    endloop
  endfacet
  facet normal -0 0 1
    outer loop
      vertex 33.164 -61.7778 4
      vertex 34.1618 -62.4445 4
      vertex 33.2347 -61.6599 4
    endloop
  endfacet
  facet normal 0 0 1
    outer loop
      vertex 33.3932 -61.1372 4
      vertex 33.5277 -60.8856 4
      vertex 33.3947 -61.1074 4
    endloop
  endfacet
  facet normal 0 0 1
    outer loop
      vertex 33.3731 -61.2731 4
      vertex 33.5277 -60.8856 4
      vertex 33.3932 -61.1372 4
    endloop
  endfacet
  facet normal 0 0 1
    outer loop
      vertex 34.293 -62.2256 4
      vertex 33.2347 -61.6599 4
      vertex 34.1618 -62.4445 4
    endloop
  endfacet
  facet normal 0 0 1
    outer loop
      vertex 34.1618 -62.4445 4
      vertex 33.164 -61.7778 4
      vertex 34.0098 -62.6494 4
    endloop
  endfacet
  facet normal -0 0 1
    outer loop
      vertex 33.0822 -61.8881 4
      vertex 34.0098 -62.6494 4
      vertex 33.164 -61.7778 4
    endloop
  endfacet
  facet normal 0 0 1
    outer loop
      vertex 34.0098 -62.6494 4
      vertex 33.0822 -61.8881 4
      vertex 33.8385 -62.8385 4
    endloop
  endfacet
  facet normal -0 0 1
    outer loop
      vertex 32.9899 -61.9899 4
      vertex 33.8385 -62.8385 4
      vertex 33.0822 -61.8881 4
    endloop
  endfacet
  facet normal 0 0 1
    outer loop
      vertex 33.8385 -62.8385 4
      vertex 32.9899 -61.9899 4
      vertex 33.6494 -63.0098 4
    endloop
  endfacet
  facet normal -0 0 1
    outer loop
      vertex 32.8881 -62.0822 4
      vertex 33.6494 -63.0098 4
      vertex 32.9899 -61.9899 4
    endloop
  endfacet
  facet normal 0 0 1
    outer loop
      vertex 33.6494 -63.0098 4
      vertex 32.8881 -62.0822 4
      vertex 33.4445 -63.1618 4
    endloop
  endfacet
  facet normal -0 0 1
    outer loop
      vertex 32.7778 -62.164 4
      vertex 33.4445 -63.1618 4
      vertex 32.8881 -62.0822 4
    endloop
  endfacet
  facet normal 0 0 1
    outer loop
      vertex 33.4445 -63.1618 4
      vertex 32.7778 -62.164 4
      vertex 33.2256 -63.293 4
    endloop
  endfacet
  facet normal -0 0 1
    outer loop
      vertex 32.6599 -62.2347 4
      vertex 33.2256 -63.293 4
      vertex 32.7778 -62.164 4
    endloop
  endfacet
  facet normal 0 0 1
    outer loop
      vertex 33.2256 -63.293 4
      vertex 32.6599 -62.2347 4
      vertex 32.995 -63.4021 4
    endloop
  endfacet
  facet normal -0 0 1
    outer loop
      vertex 32.5358 -62.2934 4
      vertex 32.995 -63.4021 4
      vertex 32.6599 -62.2347 4
    endloop
  endfacet
  facet normal 0 0 1
    outer loop
      vertex 32.995 -63.4021 4
      vertex 32.5358 -62.2934 4
      vertex 32.7547 -63.488 4
    endloop
  endfacet
  facet normal -0 0 1
    outer loop
      vertex 32.4064 -62.3397 4
      vertex 32.7547 -63.488 4
      vertex 32.5358 -62.2934 4
    endloop
  endfacet
  facet normal 0 0 1
    outer loop
      vertex 32.7547 -63.488 4
      vertex 32.4064 -62.3397 4
      vertex 32.5072 -63.55 4
    endloop
  endfacet
  facet normal -0 0 1
    outer loop
      vertex 32.2731 -62.3731 4
      vertex 32.5072 -63.55 4
      vertex 32.4064 -62.3397 4
    endloop
  endfacet
  facet normal 0 0 1
    outer loop
      vertex 32.2731 -62.3731 4
      vertex 32.2548 -63.5875 4
      vertex 32.5072 -63.55 4
    endloop
  endfacet
  facet normal -0 0 1
    outer loop
      vertex 32.1372 -62.3932 4
      vertex 32.2548 -63.5875 4
      vertex 32.2731 -62.3731 4
    endloop
  endfacet
  facet normal 0 0 1
    outer loop
      vertex 31.8856 -62.5277 4
      vertex 32.1372 -62.3932 4
      vertex 32.1074 -62.3947 4
    endloop
  endfacet
  facet normal 0 0 1
    outer loop
      vertex 32.1372 -62.3932 4
      vertex 31.8856 -62.5277 4
      vertex 32.2548 -63.5875 4
    endloop
  endfacet
  facet normal 0 0 1
    outer loop
      vertex 32.2548 -63.5875 4
      vertex 31.8856 -62.5277 4
      vertex 32 -63.6 4
    endloop
  endfacet
  facet normal -0 0 1
    outer loop
      vertex 31.5307 -62.6955 4
      vertex 32 -63.6 4
      vertex 31.8856 -62.5277 4
    endloop
  endfacet
  facet normal -0 0 1
    outer loop
      vertex 31.1611 -62.8278 4
      vertex 32 -63.6 4
      vertex 31.5307 -62.6955 4
    endloop
  endfacet
  facet normal -0 0 1
    outer loop
      vertex 30.7804 -62.9231 4
      vertex 32 -63.6 4
      vertex 31.1611 -62.8278 4
    endloop
  endfacet
  facet normal -0 0 1
    outer loop
      vertex 30.3921 -62.9807 4
      vertex 32 -63.6 4
      vertex 30.7804 -62.9231 4
    endloop
  endfacet
  facet normal -0 0 1
    outer loop
      vertex 30 -63 4
      vertex 32 -63.6 4
      vertex 30.3921 -62.9807 4
    endloop
  endfacet
  facet normal 0 0 1
    outer loop
      vertex 29.6079 -62.9807 4
      vertex 32 -63.6 4
      vertex 30 -63 4
    endloop
  endfacet
  facet normal 0 0 1
    outer loop
      vertex 29.2196 -62.9231 4
      vertex 32 -63.6 4
      vertex 29.6079 -62.9807 4
    endloop
  endfacet
  facet normal -0 0 1
    outer loop
      vertex -27.9014 -62.4 4
      vertex 28.1144 -62.5277 4
      vertex 27.9014 -62.4 4
    endloop
  endfacet
  facet normal 0 0 1
    outer loop
      vertex -28.1144 -62.5277 4
      vertex 28.1144 -62.5277 4
      vertex -27.9014 -62.4 4
    endloop
  endfacet
  facet normal 0 0 1
    outer loop
      vertex 28.1144 -62.5277 4
      vertex -28.1144 -62.5277 4
      vertex 28.4693 -62.6955 4
    endloop
  endfacet
  facet normal 0 0 1
    outer loop
      vertex -28.4693 -62.6955 4
      vertex 28.4693 -62.6955 4
      vertex -28.1144 -62.5277 4
    endloop
  endfacet
  facet normal 0 0 1
    outer loop
      vertex 28.4693 -62.6955 4
      vertex -28.4693 -62.6955 4
      vertex 28.8389 -62.8278 4
    endloop
  endfacet
  facet normal 0 0 1
    outer loop
      vertex -28.8389 -62.8278 4
      vertex 28.8389 -62.8278 4
      vertex -28.4693 -62.6955 4
    endloop
  endfacet
  facet normal 0 0 1
    outer loop
      vertex 28.8389 -62.8278 4
      vertex -28.8389 -62.8278 4
      vertex 29.2196 -62.9231 4
    endloop
  endfacet
  facet normal 0 0 1
    outer loop
      vertex -29.2196 -62.9231 4
      vertex 29.2196 -62.9231 4
      vertex -28.8389 -62.8278 4
    endloop
  endfacet
  facet normal 0 0 1
    outer loop
      vertex 29.2196 -62.9231 4
      vertex -29.2196 -62.9231 4
      vertex 32 -63.6 4
    endloop
  endfacet
  facet normal 0 0 1
    outer loop
      vertex -32 -63.6 4
      vertex -29.2196 -62.9231 4
      vertex -29.6079 -62.9807 4
    endloop
  endfacet
  facet normal 0 0 1
    outer loop
      vertex -32 -63.6 4
      vertex -29.6079 -62.9807 4
      vertex -30 -63 4
    endloop
  endfacet
  facet normal 0 0 1
    outer loop
      vertex -29.2196 -62.9231 4
      vertex -32 -63.6 4
      vertex 32 -63.6 4
    endloop
  endfacet
  facet normal 0 0 1
    outer loop
      vertex -30.3921 -62.9807 4
      vertex -32 -63.6 4
      vertex -30 -63 4
    endloop
  endfacet
  facet normal 0 0 1
    outer loop
      vertex -30.7804 -62.9231 4
      vertex -32 -63.6 4
      vertex -30.3921 -62.9807 4
    endloop
  endfacet
  facet normal 0 0 1
    outer loop
      vertex -31.1611 -62.8278 4
      vertex -32 -63.6 4
      vertex -30.7804 -62.9231 4
    endloop
  endfacet
  facet normal 0 0 1
    outer loop
      vertex -31.5307 -62.6955 4
      vertex -32 -63.6 4
      vertex -31.1611 -62.8278 4
    endloop
  endfacet
  facet normal 0 0 1
    outer loop
      vertex -31.8856 -62.5277 4
      vertex -32 -63.6 4
      vertex -31.5307 -62.6955 4
    endloop
  endfacet
  facet normal 0 0 1
    outer loop
      vertex -32.1372 -62.3932 4
      vertex -31.8856 -62.5277 4
      vertex -32.1074 -62.3947 4
    endloop
  endfacet
  facet normal 0 0 1
    outer loop
      vertex -31.8856 -62.5277 4
      vertex -32.1372 -62.3932 4
      vertex -32.2548 -63.5875 4
    endloop
  endfacet
  facet normal 0 0 1
    outer loop
      vertex -31.8856 -62.5277 4
      vertex -32.2548 -63.5875 4
      vertex -32 -63.6 4
    endloop
  endfacet
  facet normal 0 0 1
    outer loop
      vertex -32.2731 -62.3731 4
      vertex -32.2548 -63.5875 4
      vertex -32.1372 -62.3932 4
    endloop
  endfacet
  facet normal 0 0 1
    outer loop
      vertex -32.5072 -63.55 4
      vertex -32.2731 -62.3731 4
      vertex -32.4064 -62.3397 4
    endloop
  endfacet
  facet normal 0 0 1
    outer loop
      vertex -32.2731 -62.3731 4
      vertex -32.5072 -63.55 4
      vertex -32.2548 -63.5875 4
    endloop
  endfacet
  facet normal 0 0 1
    outer loop
      vertex -32.7547 -63.488 4
      vertex -32.4064 -62.3397 4
      vertex -32.5358 -62.2934 4
    endloop
  endfacet
  facet normal 0 0 1
    outer loop
      vertex -32.995 -63.4021 4
      vertex -32.5358 -62.2934 4
      vertex -32.6599 -62.2347 4
    endloop
  endfacet
  facet normal 0 0 1
    outer loop
      vertex -32.4064 -62.3397 4
      vertex -32.7547 -63.488 4
      vertex -32.5072 -63.55 4
    endloop
  endfacet
  facet normal 0 0 1
    outer loop
      vertex -33.2256 -63.293 4
      vertex -32.6599 -62.2347 4
      vertex -32.7778 -62.164 4
    endloop
  endfacet
  facet normal 0 0 1
    outer loop
      vertex -33.4445 -63.1618 4
      vertex -32.7778 -62.164 4
      vertex -32.8881 -62.0822 4
    endloop
  endfacet
  facet normal 0 0 1
    outer loop
      vertex -33.6494 -63.0098 4
      vertex -32.8881 -62.0822 4
      vertex -32.9899 -61.9899 4
    endloop
  endfacet
  facet normal 0 0 1
    outer loop
      vertex -32.5358 -62.2934 4
      vertex -32.995 -63.4021 4
      vertex -32.7547 -63.488 4
    endloop
  endfacet
  facet normal 0 0 1
    outer loop
      vertex -33.8385 -62.8385 4
      vertex -32.9899 -61.9899 4
      vertex -33.0822 -61.8881 4
    endloop
  endfacet
  facet normal 0 0 1
    outer loop
      vertex -34.0098 -62.6494 4
      vertex -33.0822 -61.8881 4
      vertex -33.164 -61.7778 4
    endloop
  endfacet
  facet normal 0 0 1
    outer loop
      vertex -32.6599 -62.2347 4
      vertex -33.2256 -63.293 4
      vertex -32.995 -63.4021 4
    endloop
  endfacet
  facet normal 0 0 1
    outer loop
      vertex -34.1618 -62.4445 4
      vertex -33.164 -61.7778 4
      vertex -33.2347 -61.6599 4
    endloop
  endfacet
  facet normal 0 0 1
    outer loop
      vertex -34.293 -62.2256 4
      vertex -33.2347 -61.6599 4
      vertex -33.2934 -61.5358 4
    endloop
  endfacet
  facet normal 0 0 1
    outer loop
      vertex -34.4021 -61.995 4
      vertex -33.2934 -61.5358 4
      vertex -33.3397 -61.4064 4
    endloop
  endfacet
  facet normal 0 0 1
    outer loop
      vertex -34.488 -61.7547 4
      vertex -33.3397 -61.4064 4
      vertex -33.3731 -61.2731 4
    endloop
  endfacet
  facet normal 0 0 1
    outer loop
      vertex -34.55 -61.5072 4
      vertex -33.3731 -61.2731 4
      vertex -33.3932 -61.1372 4
    endloop
  endfacet
  facet normal 0 0 1
    outer loop
      vertex -32.7778 -62.164 4
      vertex -33.4445 -63.1618 4
      vertex -33.2256 -63.293 4
    endloop
  endfacet
  facet normal 0 0 1
    outer loop
      vertex -33.5277 -60.8856 4
      vertex -33.3932 -61.1372 4
      vertex -33.3947 -61.1074 4
    endloop
  endfacet
  facet normal 0 0 1
    outer loop
      vertex -33.3932 -61.1372 4
      vertex -33.5277 -60.8856 4
      vertex -34.55 -61.5072 4
    endloop
  endfacet
  facet normal 0 0 1
    outer loop
      vertex -32.8881 -62.0822 4
      vertex -33.6494 -63.0098 4
      vertex -33.4445 -63.1618 4
    endloop
  endfacet
  facet normal 0 0 1
    outer loop
      vertex -34.6 -61 4
      vertex -33.5277 -60.8856 4
      vertex -33.6955 -60.5307 4
    endloop
  endfacet
  facet normal 0 0 1
    outer loop
      vertex -34.6 -61 4
      vertex -33.6955 -60.5307 4
      vertex -33.8278 -60.1611 4
    endloop
  endfacet
  facet normal 0 0 1
    outer loop
      vertex -32.9899 -61.9899 4
      vertex -33.8385 -62.8385 4
      vertex -33.6494 -63.0098 4
    endloop
  endfacet
  facet normal 0 0 1
    outer loop
      vertex -34.6 -61 4
      vertex -33.8278 -60.1611 4
      vertex -33.9231 -59.7804 4
    endloop
  endfacet
  facet normal 0 0 1
    outer loop
      vertex -34.6 -61 4
      vertex -33.9231 -59.7804 4
      vertex -33.9807 -59.3921 4
    endloop
  endfacet
  facet normal 0 0 1
    outer loop
      vertex -34.6 -61 4
      vertex -33.9807 -59.3921 4
      vertex -34 -59 4
    endloop
  endfacet
  facet normal 0 0 1
    outer loop
      vertex -33.5277 -60.8856 4
      vertex -34.6 -61 4
      vertex -34.5875 -61.2548 4
    endloop
  endfacet
  facet normal 0 0 1
    outer loop
      vertex -34 59 4
      vertex -34.6 61 4
      vertex -34 -59 4
    endloop
  endfacet
  facet normal -0 0 1
    outer loop
      vertex -34.5875 61.2548 4
      vertex -33.5277 60.8856 4
      vertex -34.55 61.5072 4
    endloop
  endfacet
  facet normal 0 0 1
    outer loop
      vertex -34.6 -61 4
      vertex -34 -59 4
      vertex -34.6 61 4
    endloop
  endfacet
  facet normal -0 0 1
    outer loop
      vertex -34.6 61 4
      vertex -33.5277 60.8856 4
      vertex -34.5875 61.2548 4
    endloop
  endfacet
  facet normal 0 0 1
    outer loop
      vertex -33.0822 -61.8881 4
      vertex -34.0098 -62.6494 4
      vertex -33.8385 -62.8385 4
    endloop
  endfacet
  facet normal 0 0 1
    outer loop
      vertex -33.5277 60.8856 4
      vertex -34.6 61 4
      vertex -33.6955 60.5307 4
    endloop
  endfacet
  facet normal 0 0 1
    outer loop
      vertex -33.164 -61.7778 4
      vertex -34.1618 -62.4445 4
      vertex -34.0098 -62.6494 4
    endloop
  endfacet
  facet normal 0 0 1
    outer loop
      vertex -33.9231 59.7804 4
      vertex -34.6 61 4
      vertex -33.9807 59.3921 4
    endloop
  endfacet
  facet normal 0 0 1
    outer loop
      vertex -33.2347 -61.6599 4
      vertex -34.293 -62.2256 4
      vertex -34.1618 -62.4445 4
    endloop
  endfacet
  facet normal 0 0 1
    outer loop
      vertex -33.6955 60.5307 4
      vertex -34.6 61 4
      vertex -33.8278 60.1611 4
    endloop
  endfacet
  facet normal 0 0 1
    outer loop
      vertex -33.2934 -61.5358 4
      vertex -34.4021 -61.995 4
      vertex -34.293 -62.2256 4
    endloop
  endfacet
  facet normal 0 0 1
    outer loop
      vertex -33.8278 60.1611 4
      vertex -34.6 61 4
      vertex -33.9231 59.7804 4
    endloop
  endfacet
  facet normal 0 0 1
    outer loop
      vertex -33.3397 -61.4064 4
      vertex -34.488 -61.7547 4
      vertex -34.4021 -61.995 4
    endloop
  endfacet
  facet normal 0 0 1
    outer loop
      vertex -33.3731 -61.2731 4
      vertex -34.55 -61.5072 4
      vertex -34.488 -61.7547 4
    endloop
  endfacet
  facet normal 0 0 1
    outer loop
      vertex -33.5277 -60.8856 4
      vertex -34.5875 -61.2548 4
      vertex -34.55 -61.5072 4
    endloop
  endfacet
  facet normal 0 0 1
    outer loop
      vertex -33.5277 57.1144 4
      vertex -33.4 -56.9014 4
      vertex -33.4 56.9014 4
    endloop
  endfacet
  facet normal 0 0 1
    outer loop
      vertex -33.5277 57.1144 4
      vertex -33.5277 -57.1144 4
      vertex -33.4 -56.9014 4
    endloop
  endfacet
  facet normal 0 0 1
    outer loop
      vertex -33.6955 57.4693 4
      vertex -33.5277 -57.1144 4
      vertex -33.5277 57.1144 4
    endloop
  endfacet
  facet normal 0 0 1
    outer loop
      vertex -33.6955 57.4693 4
      vertex -33.6955 -57.4693 4
      vertex -33.5277 -57.1144 4
    endloop
  endfacet
  facet normal 0 0 1
    outer loop
      vertex -33.8278 57.8389 4
      vertex -33.6955 -57.4693 4
      vertex -33.6955 57.4693 4
    endloop
  endfacet
  facet normal 0 0 1
    outer loop
      vertex -33.8278 57.8389 4
      vertex -33.8278 -57.8389 4
      vertex -33.6955 -57.4693 4
    endloop
  endfacet
  facet normal 0 0 1
    outer loop
      vertex -33.9231 58.2196 4
      vertex -33.8278 -57.8389 4
      vertex -33.8278 57.8389 4
    endloop
  endfacet
  facet normal 0 0 1
    outer loop
      vertex -33.9231 58.2196 4
      vertex -33.9231 -58.2196 4
      vertex -33.8278 -57.8389 4
    endloop
  endfacet
  facet normal 0 0 1
    outer loop
      vertex -33.9807 58.6079 4
      vertex -33.9231 -58.2196 4
      vertex -33.9231 58.2196 4
    endloop
  endfacet
  facet normal 0 0 1
    outer loop
      vertex -33.9807 58.6079 4
      vertex -33.9807 -58.6079 4
      vertex -33.9231 -58.2196 4
    endloop
  endfacet
  facet normal 0 0 1
    outer loop
      vertex -34 59 4
      vertex -33.9807 -58.6079 4
      vertex -33.9807 58.6079 4
    endloop
  endfacet
  facet normal 0 0 1
    outer loop
      vertex -33.9807 -58.6079 4
      vertex -34 59 4
      vertex -34 -59 4
    endloop
  endfacet
  facet normal 0.0502719 0.998736 -0
    outer loop
      vertex -32.1074 -62.3947 2.4
      vertex -32.1372 -62.3932 4
      vertex -32.1074 -62.3947 4
    endloop
  endfacet
  facet normal 0.0502719 0.998736 0
    outer loop
      vertex -32.1372 -62.3932 4
      vertex -32.1074 -62.3947 2.4
      vertex -32.1372 -62.3932 2.4
    endloop
  endfacet
  facet normal 0.146311 0.989239 -0
    outer loop
      vertex -32.1372 -62.3932 2.4
      vertex -32.2731 -62.3731 4
      vertex -32.1372 -62.3932 4
    endloop
  endfacet
  facet normal 0.146311 0.989239 0
    outer loop
      vertex -32.2731 -62.3731 4
      vertex -32.1372 -62.3932 2.4
      vertex -32.2731 -62.3731 2.4
    endloop
  endfacet
  facet normal 0.243049 0.970014 -0
    outer loop
      vertex -32.2731 -62.3731 2.4
      vertex -32.4064 -62.3397 4
      vertex -32.2731 -62.3731 4
    endloop
  endfacet
  facet normal 0.243049 0.970014 0
    outer loop
      vertex -32.4064 -62.3397 4
      vertex -32.2731 -62.3731 2.4
      vertex -32.4064 -62.3397 2.4
    endloop
  endfacet
  facet normal 0.336889 0.941544 -0
    outer loop
      vertex -32.4064 -62.3397 2.4
      vertex -32.5358 -62.2934 4
      vertex -32.4064 -62.3397 4
    endloop
  endfacet
  facet normal 0.336889 0.941544 0
    outer loop
      vertex -32.5358 -62.2934 4
      vertex -32.4064 -62.3397 2.4
      vertex -32.5358 -62.2934 2.4
    endloop
  endfacet
  facet normal 0.427585 0.903975 -0
    outer loop
      vertex -32.5358 -62.2934 2.4
      vertex -32.6599 -62.2347 4
      vertex -32.5358 -62.2934 4
    endloop
  endfacet
  facet normal 0.427585 0.903975 0
    outer loop
      vertex -32.6599 -62.2347 4
      vertex -32.5358 -62.2934 2.4
      vertex -32.6599 -62.2347 2.4
    endloop
  endfacet
  facet normal 0.514282 0.857621 -0
    outer loop
      vertex -32.6599 -62.2347 2.4
      vertex -32.7778 -62.164 4
      vertex -32.6599 -62.2347 4
    endloop
  endfacet
  facet normal 0.514282 0.857621 0
    outer loop
      vertex -32.7778 -62.164 4
      vertex -32.6599 -62.2347 2.4
      vertex -32.7778 -62.164 2.4
    endloop
  endfacet
  facet normal 0.59568 0.803222 -0
    outer loop
      vertex -32.7778 -62.164 2.4
      vertex -32.8881 -62.0822 4
      vertex -32.7778 -62.164 4
    endloop
  endfacet
  facet normal 0.59568 0.803222 0
    outer loop
      vertex -32.8881 -62.0822 4
      vertex -32.7778 -62.164 2.4
      vertex -32.8881 -62.0822 2.4
    endloop
  endfacet
  facet normal 0.671694 0.740829 -0
    outer loop
      vertex -32.8881 -62.0822 2.4
      vertex -32.9899 -61.9899 4
      vertex -32.8881 -62.0822 4
    endloop
  endfacet
  facet normal 0.671694 0.740829 0
    outer loop
      vertex -32.9899 -61.9899 4
      vertex -32.8881 -62.0822 2.4
      vertex -32.9899 -61.9899 2.4
    endloop
  endfacet
  facet normal 0.740829 0.671694 0
    outer loop
      vertex -32.9899 -61.9899 4
      vertex -33.0822 -61.8881 2.4
      vertex -33.0822 -61.8881 4
    endloop
  endfacet
  facet normal 0.740829 0.671694 0
    outer loop
      vertex -33.0822 -61.8881 2.4
      vertex -32.9899 -61.9899 4
      vertex -32.9899 -61.9899 2.4
    endloop
  endfacet
  facet normal 0.803222 0.59568 0
    outer loop
      vertex -33.0822 -61.8881 4
      vertex -33.164 -61.7778 2.4
      vertex -33.164 -61.7778 4
    endloop
  endfacet
  facet normal 0.803222 0.59568 0
    outer loop
      vertex -33.164 -61.7778 2.4
      vertex -33.0822 -61.8881 4
      vertex -33.0822 -61.8881 2.4
    endloop
  endfacet
  facet normal 0.857621 0.514282 0
    outer loop
      vertex -33.164 -61.7778 4
      vertex -33.2347 -61.6599 2.4
      vertex -33.2347 -61.6599 4
    endloop
  endfacet
  facet normal 0.857621 0.514282 0
    outer loop
      vertex -33.2347 -61.6599 2.4
      vertex -33.164 -61.7778 4
      vertex -33.164 -61.7778 2.4
    endloop
  endfacet
  facet normal 0.903975 0.427585 0
    outer loop
      vertex -33.2347 -61.6599 4
      vertex -33.2934 -61.5358 2.4
      vertex -33.2934 -61.5358 4
    endloop
  endfacet
  facet normal 0.903975 0.427585 0
    outer loop
      vertex -33.2934 -61.5358 2.4
      vertex -33.2347 -61.6599 4
      vertex -33.2347 -61.6599 2.4
    endloop
  endfacet
  facet normal 0.941544 0.336889 0
    outer loop
      vertex -33.2934 -61.5358 4
      vertex -33.3397 -61.4064 2.4
      vertex -33.3397 -61.4064 4
    endloop
  endfacet
  facet normal 0.941544 0.336889 0
    outer loop
      vertex -33.3397 -61.4064 2.4
      vertex -33.2934 -61.5358 4
      vertex -33.2934 -61.5358 2.4
    endloop
  endfacet
  facet normal 0.970014 0.243049 0
    outer loop
      vertex -33.3397 -61.4064 4
      vertex -33.3731 -61.2731 2.4
      vertex -33.3731 -61.2731 4
    endloop
  endfacet
  facet normal 0.970014 0.243049 0
    outer loop
      vertex -33.3731 -61.2731 2.4
      vertex -33.3397 -61.4064 4
      vertex -33.3397 -61.4064 2.4
    endloop
  endfacet
  facet normal 0.989239 0.146311 0
    outer loop
      vertex -33.3731 -61.2731 4
      vertex -33.3932 -61.1372 2.4
      vertex -33.3932 -61.1372 4
    endloop
  endfacet
  facet normal 0.989239 0.146311 0
    outer loop
      vertex -33.3932 -61.1372 2.4
      vertex -33.3731 -61.2731 4
      vertex -33.3731 -61.2731 2.4
    endloop
  endfacet
  facet normal 0.998736 0.0502719 0
    outer loop
      vertex -33.3932 -61.1372 4
      vertex -33.3947 -61.1074 2.4
      vertex -33.3947 -61.1074 4
    endloop
  endfacet
  facet normal 0.998736 0.0502719 0
    outer loop
      vertex -33.3947 -61.1074 2.4
      vertex -33.3932 -61.1372 4
      vertex -33.3932 -61.1372 2.4
    endloop
  endfacet
  facet normal 1 -0 0
    outer loop
      vertex -33.4 -56.9014 4
      vertex -33.4 56.9014 2.4
      vertex -33.4 56.9014 4
    endloop
  endfacet
  facet normal 1 0 0
    outer loop
      vertex -33.4 56.9014 2.4
      vertex -33.4 -56.9014 4
      vertex -33.4 -56.9014 2.4
    endloop
  endfacet
  facet normal 0.998736 -0.0502719 0
    outer loop
      vertex -33.3947 61.1074 4
      vertex -33.3932 61.1372 2.4
      vertex -33.3932 61.1372 4
    endloop
  endfacet
  facet normal 0.998736 -0.0502719 0
    outer loop
      vertex -33.3932 61.1372 2.4
      vertex -33.3947 61.1074 4
      vertex -33.3947 61.1074 2.4
    endloop
  endfacet
  facet normal 0.989239 -0.146311 0
    outer loop
      vertex -33.3932 61.1372 4
      vertex -33.3731 61.2731 2.4
      vertex -33.3731 61.2731 4
    endloop
  endfacet
  facet normal 0.989239 -0.146311 0
    outer loop
      vertex -33.3731 61.2731 2.4
      vertex -33.3932 61.1372 4
      vertex -33.3932 61.1372 2.4
    endloop
  endfacet
  facet normal 0.970014 -0.243049 0
    outer loop
      vertex -33.3731 61.2731 4
      vertex -33.3397 61.4064 2.4
      vertex -33.3397 61.4064 4
    endloop
  endfacet
  facet normal 0.970014 -0.243049 0
    outer loop
      vertex -33.3397 61.4064 2.4
      vertex -33.3731 61.2731 4
      vertex -33.3731 61.2731 2.4
    endloop
  endfacet
  facet normal 0.941544 -0.336889 0
    outer loop
      vertex -33.3397 61.4064 4
      vertex -33.2934 61.5358 2.4
      vertex -33.2934 61.5358 4
    endloop
  endfacet
  facet normal 0.941544 -0.336889 0
    outer loop
      vertex -33.2934 61.5358 2.4
      vertex -33.3397 61.4064 4
      vertex -33.3397 61.4064 2.4
    endloop
  endfacet
  facet normal 0.903975 -0.427585 0
    outer loop
      vertex -33.2934 61.5358 4
      vertex -33.2347 61.6599 2.4
      vertex -33.2347 61.6599 4
    endloop
  endfacet
  facet normal 0.903975 -0.427585 0
    outer loop
      vertex -33.2347 61.6599 2.4
      vertex -33.2934 61.5358 4
      vertex -33.2934 61.5358 2.4
    endloop
  endfacet
  facet normal 0.857621 -0.514282 0
    outer loop
      vertex -33.2347 61.6599 4
      vertex -33.164 61.7778 2.4
      vertex -33.164 61.7778 4
    endloop
  endfacet
  facet normal 0.857621 -0.514282 0
    outer loop
      vertex -33.164 61.7778 2.4
      vertex -33.2347 61.6599 4
      vertex -33.2347 61.6599 2.4
    endloop
  endfacet
  facet normal 0.803222 -0.59568 0
    outer loop
      vertex -33.164 61.7778 4
      vertex -33.0822 61.8881 2.4
      vertex -33.0822 61.8881 4
    endloop
  endfacet
  facet normal 0.803222 -0.59568 0
    outer loop
      vertex -33.0822 61.8881 2.4
      vertex -33.164 61.7778 4
      vertex -33.164 61.7778 2.4
    endloop
  endfacet
  facet normal 0.740829 -0.671694 0
    outer loop
      vertex -33.0822 61.8881 4
      vertex -32.9899 61.9899 2.4
      vertex -32.9899 61.9899 4
    endloop
  endfacet
  facet normal 0.740829 -0.671694 0
    outer loop
      vertex -32.9899 61.9899 2.4
      vertex -33.0822 61.8881 4
      vertex -33.0822 61.8881 2.4
    endloop
  endfacet
  facet normal 0.671694 -0.740829 0
    outer loop
      vertex -32.9899 61.9899 2.4
      vertex -32.8881 62.0822 4
      vertex -32.9899 61.9899 4
    endloop
  endfacet
  facet normal 0.671694 -0.740829 0
    outer loop
      vertex -32.8881 62.0822 4
      vertex -32.9899 61.9899 2.4
      vertex -32.8881 62.0822 2.4
    endloop
  endfacet
  facet normal 0.59568 -0.803222 0
    outer loop
      vertex -32.8881 62.0822 2.4
      vertex -32.7778 62.164 4
      vertex -32.8881 62.0822 4
    endloop
  endfacet
  facet normal 0.59568 -0.803222 0
    outer loop
      vertex -32.7778 62.164 4
      vertex -32.8881 62.0822 2.4
      vertex -32.7778 62.164 2.4
    endloop
  endfacet
  facet normal 0.514282 -0.857621 0
    outer loop
      vertex -32.7778 62.164 2.4
      vertex -32.6599 62.2347 4
      vertex -32.7778 62.164 4
    endloop
  endfacet
  facet normal 0.514282 -0.857621 0
    outer loop
      vertex -32.6599 62.2347 4
      vertex -32.7778 62.164 2.4
      vertex -32.6599 62.2347 2.4
    endloop
  endfacet
  facet normal 0.427585 -0.903975 0
    outer loop
      vertex -32.6599 62.2347 2.4
      vertex -32.5358 62.2934 4
      vertex -32.6599 62.2347 4
    endloop
  endfacet
  facet normal 0.427585 -0.903975 0
    outer loop
      vertex -32.5358 62.2934 4
      vertex -32.6599 62.2347 2.4
      vertex -32.5358 62.2934 2.4
    endloop
  endfacet
  facet normal 0.336889 -0.941544 0
    outer loop
      vertex -32.5358 62.2934 2.4
      vertex -32.4064 62.3397 4
      vertex -32.5358 62.2934 4
    endloop
  endfacet
  facet normal 0.336889 -0.941544 0
    outer loop
      vertex -32.4064 62.3397 4
      vertex -32.5358 62.2934 2.4
      vertex -32.4064 62.3397 2.4
    endloop
  endfacet
  facet normal 0.243049 -0.970014 0
    outer loop
      vertex -32.4064 62.3397 2.4
      vertex -32.2731 62.3731 4
      vertex -32.4064 62.3397 4
    endloop
  endfacet
  facet normal 0.243049 -0.970014 0
    outer loop
      vertex -32.2731 62.3731 4
      vertex -32.4064 62.3397 2.4
      vertex -32.2731 62.3731 2.4
    endloop
  endfacet
  facet normal 0.146311 -0.989239 0
    outer loop
      vertex -32.2731 62.3731 2.4
      vertex -32.1372 62.3932 4
      vertex -32.2731 62.3731 4
    endloop
  endfacet
  facet normal 0.146311 -0.989239 0
    outer loop
      vertex -32.1372 62.3932 4
      vertex -32.2731 62.3731 2.4
      vertex -32.1372 62.3932 2.4
    endloop
  endfacet
  facet normal 0.0502719 -0.998736 0
    outer loop
      vertex -32.1372 62.3932 2.4
      vertex -32.1074 62.3947 4
      vertex -32.1372 62.3932 4
    endloop
  endfacet
  facet normal 0.0502719 -0.998736 0
    outer loop
      vertex -32.1074 62.3947 4
      vertex -32.1372 62.3932 2.4
      vertex -32.1074 62.3947 2.4
    endloop
  endfacet
  facet normal 0 -1 0
    outer loop
      vertex -27.9014 62.4 2.4
      vertex 27.9014 62.4 4
      vertex -27.9014 62.4 4
    endloop
  endfacet
  facet normal 0 -1 -0
    outer loop
      vertex 27.9014 62.4 4
      vertex -27.9014 62.4 2.4
      vertex 27.9014 62.4 2.4
    endloop
  endfacet
  facet normal -0.0502719 -0.998736 0
    outer loop
      vertex 32.1074 62.3947 2.4
      vertex 32.1372 62.3932 4
      vertex 32.1074 62.3947 4
    endloop
  endfacet
  facet normal -0.0502719 -0.998736 -0
    outer loop
      vertex 32.1372 62.3932 4
      vertex 32.1074 62.3947 2.4
      vertex 32.1372 62.3932 2.4
    endloop
  endfacet
  facet normal -0.146311 -0.989239 0
    outer loop
      vertex 32.1372 62.3932 2.4
      vertex 32.2731 62.3731 4
      vertex 32.1372 62.3932 4
    endloop
  endfacet
  facet normal -0.146311 -0.989239 -0
    outer loop
      vertex 32.2731 62.3731 4
      vertex 32.1372 62.3932 2.4
      vertex 32.2731 62.3731 2.4
    endloop
  endfacet
  facet normal -0.243049 -0.970014 0
    outer loop
      vertex 32.2731 62.3731 2.4
      vertex 32.4064 62.3397 4
      vertex 32.2731 62.3731 4
    endloop
  endfacet
  facet normal -0.243049 -0.970014 -0
    outer loop
      vertex 32.4064 62.3397 4
      vertex 32.2731 62.3731 2.4
      vertex 32.4064 62.3397 2.4
    endloop
  endfacet
  facet normal -0.336889 -0.941544 0
    outer loop
      vertex 32.4064 62.3397 2.4
      vertex 32.5358 62.2934 4
      vertex 32.4064 62.3397 4
    endloop
  endfacet
  facet normal -0.336889 -0.941544 -0
    outer loop
      vertex 32.5358 62.2934 4
      vertex 32.4064 62.3397 2.4
      vertex 32.5358 62.2934 2.4
    endloop
  endfacet
  facet normal -0.427585 -0.903975 0
    outer loop
      vertex 32.5358 62.2934 2.4
      vertex 32.6599 62.2347 4
      vertex 32.5358 62.2934 4
    endloop
  endfacet
  facet normal -0.427585 -0.903975 -0
    outer loop
      vertex 32.6599 62.2347 4
      vertex 32.5358 62.2934 2.4
      vertex 32.6599 62.2347 2.4
    endloop
  endfacet
  facet normal -0.514282 -0.857621 0
    outer loop
      vertex 32.6599 62.2347 2.4
      vertex 32.7778 62.164 4
      vertex 32.6599 62.2347 4
    endloop
  endfacet
  facet normal -0.514282 -0.857621 -0
    outer loop
      vertex 32.7778 62.164 4
      vertex 32.6599 62.2347 2.4
      vertex 32.7778 62.164 2.4
    endloop
  endfacet
  facet normal -0.59568 -0.803222 0
    outer loop
      vertex 32.7778 62.164 2.4
      vertex 32.8881 62.0822 4
      vertex 32.7778 62.164 4
    endloop
  endfacet
  facet normal -0.59568 -0.803222 -0
    outer loop
      vertex 32.8881 62.0822 4
      vertex 32.7778 62.164 2.4
      vertex 32.8881 62.0822 2.4
    endloop
  endfacet
  facet normal -0.671694 -0.740829 0
    outer loop
      vertex 32.8881 62.0822 2.4
      vertex 32.9899 61.9899 4
      vertex 32.8881 62.0822 4
    endloop
  endfacet
  facet normal -0.671694 -0.740829 -0
    outer loop
      vertex 32.9899 61.9899 4
      vertex 32.8881 62.0822 2.4
      vertex 32.9899 61.9899 2.4
    endloop
  endfacet
  facet normal -0.740829 -0.671694 0
    outer loop
      vertex 33.0822 61.8881 2.4
      vertex 32.9899 61.9899 4
      vertex 32.9899 61.9899 2.4
    endloop
  endfacet
  facet normal -0.740829 -0.671694 0
    outer loop
      vertex 32.9899 61.9899 4
      vertex 33.0822 61.8881 2.4
      vertex 33.0822 61.8881 4
    endloop
  endfacet
  facet normal -0.803222 -0.59568 0
    outer loop
      vertex 33.164 61.7778 2.4
      vertex 33.0822 61.8881 4
      vertex 33.0822 61.8881 2.4
    endloop
  endfacet
  facet normal -0.803222 -0.59568 0
    outer loop
      vertex 33.0822 61.8881 4
      vertex 33.164 61.7778 2.4
      vertex 33.164 61.7778 4
    endloop
  endfacet
  facet normal -0.857621 -0.514282 0
    outer loop
      vertex 33.2347 61.6599 2.4
      vertex 33.164 61.7778 4
      vertex 33.164 61.7778 2.4
    endloop
  endfacet
  facet normal -0.857621 -0.514282 0
    outer loop
      vertex 33.164 61.7778 4
      vertex 33.2347 61.6599 2.4
      vertex 33.2347 61.6599 4
    endloop
  endfacet
  facet normal -0.903975 -0.427585 0
    outer loop
      vertex 33.2934 61.5358 2.4
      vertex 33.2347 61.6599 4
      vertex 33.2347 61.6599 2.4
    endloop
  endfacet
  facet normal -0.903975 -0.427585 0
    outer loop
      vertex 33.2347 61.6599 4
      vertex 33.2934 61.5358 2.4
      vertex 33.2934 61.5358 4
    endloop
  endfacet
  facet normal -0.941544 -0.336889 0
    outer loop
      vertex 33.3397 61.4064 2.4
      vertex 33.2934 61.5358 4
      vertex 33.2934 61.5358 2.4
    endloop
  endfacet
  facet normal -0.941544 -0.336889 0
    outer loop
      vertex 33.2934 61.5358 4
      vertex 33.3397 61.4064 2.4
      vertex 33.3397 61.4064 4
    endloop
  endfacet
  facet normal -0.970014 -0.243049 0
    outer loop
      vertex 33.3731 61.2731 2.4
      vertex 33.3397 61.4064 4
      vertex 33.3397 61.4064 2.4
    endloop
  endfacet
  facet normal -0.970014 -0.243049 0
    outer loop
      vertex 33.3397 61.4064 4
      vertex 33.3731 61.2731 2.4
      vertex 33.3731 61.2731 4
    endloop
  endfacet
  facet normal -0.989239 -0.146311 0
    outer loop
      vertex 33.3932 61.1372 2.4
      vertex 33.3731 61.2731 4
      vertex 33.3731 61.2731 2.4
    endloop
  endfacet
  facet normal -0.989239 -0.146311 0
    outer loop
      vertex 33.3731 61.2731 4
      vertex 33.3932 61.1372 2.4
      vertex 33.3932 61.1372 4
    endloop
  endfacet
  facet normal -0.998736 -0.0502719 0
    outer loop
      vertex 33.3947 61.1074 2.4
      vertex 33.3932 61.1372 4
      vertex 33.3932 61.1372 2.4
    endloop
  endfacet
  facet normal -0.998736 -0.0502719 0
    outer loop
      vertex 33.3932 61.1372 4
      vertex 33.3947 61.1074 2.4
      vertex 33.3947 61.1074 4
    endloop
  endfacet
  facet normal -1 0 0
    outer loop
      vertex 33.4 -56.9014 2.4
      vertex 33.4 56.9014 4
      vertex 33.4 56.9014 2.4
    endloop
  endfacet
  facet normal -1 -0 0
    outer loop
      vertex 33.4 56.9014 4
      vertex 33.4 -56.9014 2.4
      vertex 33.4 -56.9014 4
    endloop
  endfacet
  facet normal -0.998736 0.0502719 0
    outer loop
      vertex 33.3932 -61.1372 2.4
      vertex 33.3947 -61.1074 4
      vertex 33.3947 -61.1074 2.4
    endloop
  endfacet
  facet normal -0.998736 0.0502719 0
    outer loop
      vertex 33.3947 -61.1074 4
      vertex 33.3932 -61.1372 2.4
      vertex 33.3932 -61.1372 4
    endloop
  endfacet
  facet normal -0.989239 0.146311 0
    outer loop
      vertex 33.3731 -61.2731 2.4
      vertex 33.3932 -61.1372 4
      vertex 33.3932 -61.1372 2.4
    endloop
  endfacet
  facet normal -0.989239 0.146311 0
    outer loop
      vertex 33.3932 -61.1372 4
      vertex 33.3731 -61.2731 2.4
      vertex 33.3731 -61.2731 4
    endloop
  endfacet
  facet normal -0.970014 0.243049 0
    outer loop
      vertex 33.3397 -61.4064 2.4
      vertex 33.3731 -61.2731 4
      vertex 33.3731 -61.2731 2.4
    endloop
  endfacet
  facet normal -0.970014 0.243049 0
    outer loop
      vertex 33.3731 -61.2731 4
      vertex 33.3397 -61.4064 2.4
      vertex 33.3397 -61.4064 4
    endloop
  endfacet
  facet normal -0.941544 0.336889 0
    outer loop
      vertex 33.2934 -61.5358 2.4
      vertex 33.3397 -61.4064 4
      vertex 33.3397 -61.4064 2.4
    endloop
  endfacet
  facet normal -0.941544 0.336889 0
    outer loop
      vertex 33.3397 -61.4064 4
      vertex 33.2934 -61.5358 2.4
      vertex 33.2934 -61.5358 4
    endloop
  endfacet
  facet normal -0.903975 0.427585 0
    outer loop
      vertex 33.2347 -61.6599 2.4
      vertex 33.2934 -61.5358 4
      vertex 33.2934 -61.5358 2.4
    endloop
  endfacet
  facet normal -0.903975 0.427585 0
    outer loop
      vertex 33.2934 -61.5358 4
      vertex 33.2347 -61.6599 2.4
      vertex 33.2347 -61.6599 4
    endloop
  endfacet
  facet normal -0.857621 0.514282 0
    outer loop
      vertex 33.164 -61.7778 2.4
      vertex 33.2347 -61.6599 4
      vertex 33.2347 -61.6599 2.4
    endloop
  endfacet
  facet normal -0.857621 0.514282 0
    outer loop
      vertex 33.2347 -61.6599 4
      vertex 33.164 -61.7778 2.4
      vertex 33.164 -61.7778 4
    endloop
  endfacet
  facet normal -0.803222 0.59568 0
    outer loop
      vertex 33.0822 -61.8881 2.4
      vertex 33.164 -61.7778 4
      vertex 33.164 -61.7778 2.4
    endloop
  endfacet
  facet normal -0.803222 0.59568 0
    outer loop
      vertex 33.164 -61.7778 4
      vertex 33.0822 -61.8881 2.4
      vertex 33.0822 -61.8881 4
    endloop
  endfacet
  facet normal -0.740829 0.671694 0
    outer loop
      vertex 32.9899 -61.9899 2.4
      vertex 33.0822 -61.8881 4
      vertex 33.0822 -61.8881 2.4
    endloop
  endfacet
  facet normal -0.740829 0.671694 0
    outer loop
      vertex 33.0822 -61.8881 4
      vertex 32.9899 -61.9899 2.4
      vertex 32.9899 -61.9899 4
    endloop
  endfacet
  facet normal -0.671694 0.740829 0
    outer loop
      vertex 32.9899 -61.9899 2.4
      vertex 32.8881 -62.0822 4
      vertex 32.9899 -61.9899 4
    endloop
  endfacet
  facet normal -0.671694 0.740829 0
    outer loop
      vertex 32.8881 -62.0822 4
      vertex 32.9899 -61.9899 2.4
      vertex 32.8881 -62.0822 2.4
    endloop
  endfacet
  facet normal -0.59568 0.803222 0
    outer loop
      vertex 32.8881 -62.0822 2.4
      vertex 32.7778 -62.164 4
      vertex 32.8881 -62.0822 4
    endloop
  endfacet
  facet normal -0.59568 0.803222 0
    outer loop
      vertex 32.7778 -62.164 4
      vertex 32.8881 -62.0822 2.4
      vertex 32.7778 -62.164 2.4
    endloop
  endfacet
  facet normal -0.514282 0.857621 0
    outer loop
      vertex 32.7778 -62.164 2.4
      vertex 32.6599 -62.2347 4
      vertex 32.7778 -62.164 4
    endloop
  endfacet
  facet normal -0.514282 0.857621 0
    outer loop
      vertex 32.6599 -62.2347 4
      vertex 32.7778 -62.164 2.4
      vertex 32.6599 -62.2347 2.4
    endloop
  endfacet
  facet normal -0.427585 0.903975 0
    outer loop
      vertex 32.6599 -62.2347 2.4
      vertex 32.5358 -62.2934 4
      vertex 32.6599 -62.2347 4
    endloop
  endfacet
  facet normal -0.427585 0.903975 0
    outer loop
      vertex 32.5358 -62.2934 4
      vertex 32.6599 -62.2347 2.4
      vertex 32.5358 -62.2934 2.4
    endloop
  endfacet
  facet normal -0.336889 0.941544 0
    outer loop
      vertex 32.5358 -62.2934 2.4
      vertex 32.4064 -62.3397 4
      vertex 32.5358 -62.2934 4
    endloop
  endfacet
  facet normal -0.336889 0.941544 0
    outer loop
      vertex 32.4064 -62.3397 4
      vertex 32.5358 -62.2934 2.4
      vertex 32.4064 -62.3397 2.4
    endloop
  endfacet
  facet normal -0.243049 0.970014 0
    outer loop
      vertex 32.4064 -62.3397 2.4
      vertex 32.2731 -62.3731 4
      vertex 32.4064 -62.3397 4
    endloop
  endfacet
  facet normal -0.243049 0.970014 0
    outer loop
      vertex 32.2731 -62.3731 4
      vertex 32.4064 -62.3397 2.4
      vertex 32.2731 -62.3731 2.4
    endloop
  endfacet
  facet normal -0.146311 0.989239 0
    outer loop
      vertex 32.2731 -62.3731 2.4
      vertex 32.1372 -62.3932 4
      vertex 32.2731 -62.3731 4
    endloop
  endfacet
  facet normal -0.146311 0.989239 0
    outer loop
      vertex 32.1372 -62.3932 4
      vertex 32.2731 -62.3731 2.4
      vertex 32.1372 -62.3932 2.4
    endloop
  endfacet
  facet normal -0.0502719 0.998736 0
    outer loop
      vertex 32.1372 -62.3932 2.4
      vertex 32.1074 -62.3947 4
      vertex 32.1372 -62.3932 4
    endloop
  endfacet
  facet normal -0.0502719 0.998736 0
    outer loop
      vertex 32.1074 -62.3947 4
      vertex 32.1372 -62.3932 2.4
      vertex 32.1074 -62.3947 2.4
    endloop
  endfacet
  facet normal 0 1 -0
    outer loop
      vertex 27.9014 -62.4 2.4
      vertex -27.9014 -62.4 4
      vertex 27.9014 -62.4 4
    endloop
  endfacet
  facet normal 0 1 0
    outer loop
      vertex -27.9014 -62.4 4
      vertex 27.9014 -62.4 2.4
      vertex -27.9014 -62.4 2.4
    endloop
  endfacet
  facet normal -0.998789 0 -0.0492029
    outer loop
      vertex -16.5 63.6 8.5
      vertex -16.5169 66 8.84306
      vertex -16.5 66 8.5
    endloop
  endfacet
  facet normal -0.998789 -0 -0.0492029
    outer loop
      vertex -16.5169 66 8.84306
      vertex -16.5 63.6 8.5
      vertex -16.5169 63.6 8.84306
    endloop
  endfacet
  facet normal -0.514153 0 -0.857698
    outer loop
      vertex -18.3501 63.6 11.5867
      vertex -18.0555 66 11.4101
      vertex -18.0555 63.6 11.4101
    endloop
  endfacet
  facet normal -0.514153 0 -0.857698
    outer loop
      vertex -18.0555 66 11.4101
      vertex -18.3501 63.6 11.5867
      vertex -18.3501 66 11.5867
    endloop
  endfacet
  facet normal -0.989176 0 0.146734
    outer loop
      vertex -16.5673 63.6 7.81718
      vertex -16.5169 66 8.15694
      vertex -16.5673 66 7.81718
    endloop
  endfacet
  facet normal -0.989176 0 0.146734
    outer loop
      vertex -16.5169 66 8.15694
      vertex -16.5673 63.6 7.81718
      vertex -16.5169 63.6 8.15694
    endloop
  endfacet
  facet normal -0.903945 0 -0.42765
    outer loop
      vertex -16.7664 63.6 9.83939
      vertex -16.9133 66 10.1499
      vertex -16.7664 66 9.83939
    endloop
  endfacet
  facet normal -0.903945 -0 -0.42765
    outer loop
      vertex -16.9133 66 10.1499
      vertex -16.7664 63.6 9.83939
      vertex -16.9133 63.6 10.1499
    endloop
  endfacet
  facet normal 0.595659 0 -0.803237
    outer loop
      vertex -22.2204 63.6 11.2055
      vertex -21.9445 66 11.4101
      vertex -21.9445 63.6 11.4101
    endloop
  endfacet
  facet normal 0.595659 0 -0.803237
    outer loop
      vertex -21.9445 66 11.4101
      vertex -22.2204 63.6 11.2055
      vertex -22.2204 66 11.2055
    endloop
  endfacet
  facet normal -0.427661 0 -0.903939
    outer loop
      vertex -18.6606 63.6 11.7336
      vertex -18.3501 66 11.5867
      vertex -18.3501 63.6 11.5867
    endloop
  endfacet
  facet normal -0.427661 0 -0.903939
    outer loop
      vertex -18.3501 66 11.5867
      vertex -18.6606 63.6 11.7336
      vertex -18.6606 66 11.7336
    endloop
  endfacet
  facet normal 0.14676 0 0.989172
    outer loop
      vertex -20.6828 66 5.06725
      vertex -20.3431 63.6 5.01685
      vertex -20.3431 66 5.01685
    endloop
  endfacet
  facet normal 0.14676 0 0.989172
    outer loop
      vertex -20.3431 63.6 5.01685
      vertex -20.6828 66 5.06725
      vertex -20.6828 63.6 5.06725
    endloop
  endfacet
  facet normal 0.671566 0 0.740944
    outer loop
      vertex -22.4749 66 6.02513
      vertex -22.2204 63.6 5.79446
      vertex -22.2204 66 5.79446
    endloop
  endfacet
  facet normal 0.671566 0 0.740944
    outer loop
      vertex -22.2204 63.6 5.79446
      vertex -22.4749 66 6.02513
      vertex -22.4749 63.6 6.02513
    endloop
  endfacet
  facet normal -0.857698 0 -0.514153
    outer loop
      vertex -16.9133 63.6 10.1499
      vertex -17.0899 66 10.4445
      vertex -16.9133 66 10.1499
    endloop
  endfacet
  facet normal -0.857698 -0 -0.514153
    outer loop
      vertex -17.0899 66 10.4445
      vertex -16.9133 63.6 10.1499
      vertex -17.0899 63.6 10.4445
    endloop
  endfacet
  facet normal 0.970071 -0 0.242823
    outer loop
      vertex -23.4327 63.6 7.81718
      vertex -23.3493 66 7.484
      vertex -23.4327 66 7.81718
    endloop
  endfacet
  facet normal 0.970071 0 0.242823
    outer loop
      vertex -23.3493 66 7.484
      vertex -23.4327 63.6 7.81718
      vertex -23.3493 63.6 7.484
    endloop
  endfacet
  facet normal -0.671454 0 -0.741046
    outer loop
      vertex -17.7796 63.6 11.2055
      vertex -17.5251 66 10.9749
      vertex -17.5251 63.6 10.9749
    endloop
  endfacet
  facet normal -0.671454 0 -0.741046
    outer loop
      vertex -17.5251 66 10.9749
      vertex -17.7796 63.6 11.2055
      vertex -17.7796 66 11.2055
    endloop
  endfacet
  facet normal -0.0491971 0 -0.998789
    outer loop
      vertex -20 63.6 12
      vertex -19.6569 66 11.9831
      vertex -19.6569 63.6 11.9831
    endloop
  endfacet
  facet normal -0.0491971 0 -0.998789
    outer loop
      vertex -19.6569 66 11.9831
      vertex -20 63.6 12
      vertex -20 66 12
    endloop
  endfacet
  facet normal 0.595659 0 0.803237
    outer loop
      vertex -22.2204 66 5.79446
      vertex -21.9445 63.6 5.58986
      vertex -21.9445 66 5.58986
    endloop
  endfacet
  facet normal 0.595659 0 0.803237
    outer loop
      vertex -21.9445 63.6 5.58986
      vertex -22.2204 66 5.79446
      vertex -22.2204 63.6 5.79446
    endloop
  endfacet
  facet normal 0.989176 -0 0.146734
    outer loop
      vertex -23.4831 63.6 8.15694
      vertex -23.4327 66 7.81718
      vertex -23.4831 66 8.15694
    endloop
  endfacet
  facet normal 0.989176 0 0.146734
    outer loop
      vertex -23.4327 66 7.81718
      vertex -23.4831 63.6 8.15694
      vertex -23.4327 63.6 7.81718
    endloop
  endfacet
  facet normal 0.803217 -0 0.595687
    outer loop
      vertex -22.9101 63.6 6.5555
      vertex -22.7055 66 6.27962
      vertex -22.9101 66 6.5555
    endloop
  endfacet
  facet normal 0.803217 0 0.595687
    outer loop
      vertex -22.7055 66 6.27962
      vertex -22.9101 63.6 6.5555
      vertex -22.7055 63.6 6.27962
    endloop
  endfacet
  facet normal 0.989176 0 -0.146734
    outer loop
      vertex -23.4327 63.6 9.18282
      vertex -23.4831 66 8.84306
      vertex -23.4327 66 9.18282
    endloop
  endfacet
  facet normal 0.989176 0 -0.146734
    outer loop
      vertex -23.4831 66 8.84306
      vertex -23.4327 63.6 9.18282
      vertex -23.4831 63.6 8.84306
    endloop
  endfacet
  facet normal -0.941554 0 -0.336862
    outer loop
      vertex -16.6507 63.6 9.516
      vertex -16.7664 66 9.83939
      vertex -16.6507 66 9.516
    endloop
  endfacet
  facet normal -0.941554 -0 -0.336862
    outer loop
      vertex -16.7664 66 9.83939
      vertex -16.6507 63.6 9.516
      vertex -16.7664 63.6 9.83939
    endloop
  endfacet
  facet normal -0.970071 0 -0.242823
    outer loop
      vertex -16.5673 63.6 9.18282
      vertex -16.6507 66 9.516
      vertex -16.5673 66 9.18282
    endloop
  endfacet
  facet normal -0.970071 -0 -0.242823
    outer loop
      vertex -16.6507 66 9.516
      vertex -16.5673 63.6 9.18282
      vertex -16.6507 63.6 9.516
    endloop
  endfacet
  facet normal -0.336853 0 -0.941557
    outer loop
      vertex -18.984 63.6 11.8493
      vertex -18.6606 66 11.7336
      vertex -18.6606 63.6 11.7336
    endloop
  endfacet
  facet normal -0.336853 0 -0.941557
    outer loop
      vertex -18.6606 66 11.7336
      vertex -18.984 63.6 11.8493
      vertex -18.984 66 11.8493
    endloop
  endfacet
  facet normal 0.903939 -0 0.427661
    outer loop
      vertex -23.2336 63.6 7.16061
      vertex -23.0867 66 6.85011
      vertex -23.2336 66 7.16061
    endloop
  endfacet
  facet normal 0.903939 0 0.427661
    outer loop
      vertex -23.0867 66 6.85011
      vertex -23.2336 63.6 7.16061
      vertex -23.0867 63.6 6.85011
    endloop
  endfacet
  facet normal 0.857698 0 -0.514153
    outer loop
      vertex -22.9101 63.6 10.4445
      vertex -23.0867 66 10.1499
      vertex -22.9101 66 10.4445
    endloop
  endfacet
  facet normal 0.857698 0 -0.514153
    outer loop
      vertex -23.0867 66 10.1499
      vertex -22.9101 63.6 10.4445
      vertex -23.0867 63.6 10.1499
    endloop
  endfacet
  facet normal 0.998789 -0 0.0492029
    outer loop
      vertex -23.5 63.6 8.5
      vertex -23.4831 66 8.15694
      vertex -23.5 66 8.5
    endloop
  endfacet
  facet normal 0.998789 0 0.0492029
    outer loop
      vertex -23.4831 66 8.15694
      vertex -23.5 63.6 8.5
      vertex -23.4831 63.6 8.15694
    endloop
  endfacet
  facet normal 0.941554 -0 0.336862
    outer loop
      vertex -23.3493 63.6 7.484
      vertex -23.2336 66 7.16061
      vertex -23.3493 66 7.484
    endloop
  endfacet
  facet normal 0.941554 0 0.336862
    outer loop
      vertex -23.2336 66 7.16061
      vertex -23.3493 63.6 7.484
      vertex -23.2336 63.6 7.16061
    endloop
  endfacet
  facet normal -0.970071 0 0.242823
    outer loop
      vertex -16.6507 63.6 7.484
      vertex -16.5673 66 7.81718
      vertex -16.6507 66 7.484
    endloop
  endfacet
  facet normal -0.970071 0 0.242823
    outer loop
      vertex -16.5673 66 7.81718
      vertex -16.6507 63.6 7.484
      vertex -16.5673 63.6 7.81718
    endloop
  endfacet
  facet normal -0.741046 0 -0.671454
    outer loop
      vertex -17.2945 63.6 10.7204
      vertex -17.5251 66 10.9749
      vertex -17.2945 66 10.7204
    endloop
  endfacet
  facet normal -0.741046 -0 -0.671454
    outer loop
      vertex -17.5251 66 10.9749
      vertex -17.2945 63.6 10.7204
      vertex -17.5251 63.6 10.9749
    endloop
  endfacet
  facet normal -0.941554 0 0.336862
    outer loop
      vertex -16.7664 63.6 7.16061
      vertex -16.6507 66 7.484
      vertex -16.7664 66 7.16061
    endloop
  endfacet
  facet normal -0.941554 0 0.336862
    outer loop
      vertex -16.6507 66 7.484
      vertex -16.7664 63.6 7.16061
      vertex -16.6507 63.6 7.484
    endloop
  endfacet
  facet normal -0.336879 0 0.941548
    outer loop
      vertex -18.984 66 5.15071
      vertex -18.6606 63.6 5.26642
      vertex -18.6606 66 5.26642
    endloop
  endfacet
  facet normal -0.336879 0 0.941548
    outer loop
      vertex -18.6606 63.6 5.26642
      vertex -18.984 66 5.15071
      vertex -18.984 63.6 5.15071
    endloop
  endfacet
  facet normal 0.242974 0 0.970033
    outer loop
      vertex -21.016 66 5.15071
      vertex -20.6828 63.6 5.06725
      vertex -20.6828 66 5.06725
    endloop
  endfacet
  facet normal 0.242974 0 0.970033
    outer loop
      vertex -20.6828 63.6 5.06725
      vertex -21.016 66 5.15071
      vertex -21.016 63.6 5.15071
    endloop
  endfacet
  facet normal -0.989176 0 -0.146734
    outer loop
      vertex -16.5169 63.6 8.84306
      vertex -16.5673 66 9.18282
      vertex -16.5169 66 8.84306
    endloop
  endfacet
  facet normal -0.989176 -0 -0.146734
    outer loop
      vertex -16.5673 66 9.18282
      vertex -16.5169 63.6 8.84306
      vertex -16.5673 63.6 9.18282
    endloop
  endfacet
  facet normal -0.0490519 0 0.998796
    outer loop
      vertex -20 66 5
      vertex -19.6569 63.6 5.01685
      vertex -19.6569 66 5.01685
    endloop
  endfacet
  facet normal -0.0490519 0 0.998796
    outer loop
      vertex -19.6569 63.6 5.01685
      vertex -20 66 5
      vertex -20 63.6 5
    endloop
  endfacet
  facet normal 0.857706 -0 0.51414
    outer loop
      vertex -23.0867 63.6 6.85011
      vertex -22.9101 66 6.5555
      vertex -23.0867 66 6.85011
    endloop
  endfacet
  facet normal 0.857706 0 0.51414
    outer loop
      vertex -22.9101 66 6.5555
      vertex -23.0867 63.6 6.85011
      vertex -22.9101 63.6 6.5555
    endloop
  endfacet
  facet normal 0.741033 -0 0.671469
    outer loop
      vertex -22.7055 63.6 6.27962
      vertex -22.4749 66 6.02513
      vertex -22.7055 66 6.27962
    endloop
  endfacet
  facet normal 0.741033 0 0.671469
    outer loop
      vertex -22.4749 66 6.02513
      vertex -22.7055 63.6 6.27962
      vertex -22.4749 63.6 6.02513
    endloop
  endfacet
  facet normal 0.336853 0 -0.941557
    outer loop
      vertex -21.3394 63.6 11.7336
      vertex -21.016 66 11.8493
      vertex -21.016 63.6 11.8493
    endloop
  endfacet
  facet normal 0.336853 0 -0.941557
    outer loop
      vertex -21.016 66 11.8493
      vertex -21.3394 63.6 11.7336
      vertex -21.3394 66 11.7336
    endloop
  endfacet
  facet normal 0.14676 0 -0.989172
    outer loop
      vertex -20.6828 63.6 11.9327
      vertex -20.3431 66 11.9831
      vertex -20.3431 63.6 11.9831
    endloop
  endfacet
  facet normal 0.14676 0 -0.989172
    outer loop
      vertex -20.3431 66 11.9831
      vertex -20.6828 63.6 11.9327
      vertex -20.6828 66 11.9327
    endloop
  endfacet
  facet normal -0.998789 0 0.0492029
    outer loop
      vertex -16.5169 63.6 8.15694
      vertex -16.5 66 8.5
      vertex -16.5169 66 8.15694
    endloop
  endfacet
  facet normal -0.998789 0 0.0492029
    outer loop
      vertex -16.5 66 8.5
      vertex -16.5169 63.6 8.15694
      vertex -16.5 63.6 8.5
    endloop
  endfacet
  facet normal -0.803237 0 -0.595659
    outer loop
      vertex -17.0899 63.6 10.4445
      vertex -17.2945 66 10.7204
      vertex -17.0899 66 10.4445
    endloop
  endfacet
  facet normal -0.803237 -0 -0.595659
    outer loop
      vertex -17.2945 66 10.7204
      vertex -17.0899 63.6 10.4445
      vertex -17.2945 63.6 10.7204
    endloop
  endfacet
  facet normal 0.514153 0 -0.857698
    outer loop
      vertex -21.9445 63.6 11.4101
      vertex -21.6499 66 11.5867
      vertex -21.6499 63.6 11.5867
    endloop
  endfacet
  facet normal 0.514153 0 -0.857698
    outer loop
      vertex -21.6499 66 11.5867
      vertex -21.9445 63.6 11.4101
      vertex -21.9445 66 11.4101
    endloop
  endfacet
  facet normal 0.741046 0 -0.671454
    outer loop
      vertex -22.4749 63.6 10.9749
      vertex -22.7055 66 10.7204
      vertex -22.4749 66 10.9749
    endloop
  endfacet
  facet normal 0.741046 0 -0.671454
    outer loop
      vertex -22.7055 66 10.7204
      vertex -22.4749 63.6 10.9749
      vertex -22.7055 63.6 10.7204
    endloop
  endfacet
  facet normal -0.24281 0 -0.970074
    outer loop
      vertex -19.3172 63.6 11.9327
      vertex -18.984 66 11.8493
      vertex -18.984 63.6 11.8493
    endloop
  endfacet
  facet normal -0.24281 0 -0.970074
    outer loop
      vertex -18.984 66 11.8493
      vertex -19.3172 63.6 11.9327
      vertex -19.3172 66 11.9327
    endloop
  endfacet
  facet normal -0.427542 0 0.903996
    outer loop
      vertex -18.6606 66 5.26642
      vertex -18.3501 63.6 5.41327
      vertex -18.3501 66 5.41327
    endloop
  endfacet
  facet normal -0.427542 0 0.903996
    outer loop
      vertex -18.3501 63.6 5.41327
      vertex -18.6606 66 5.26642
      vertex -18.6606 63.6 5.26642
    endloop
  endfacet
  facet normal 0.903945 0 -0.42765
    outer loop
      vertex -23.0867 63.6 10.1499
      vertex -23.2336 66 9.83939
      vertex -23.0867 66 10.1499
    endloop
  endfacet
  facet normal 0.903945 0 -0.42765
    outer loop
      vertex -23.2336 66 9.83939
      vertex -23.0867 63.6 10.1499
      vertex -23.2336 63.6 9.83939
    endloop
  endfacet
  facet normal 0.671454 0 -0.741046
    outer loop
      vertex -22.4749 63.6 10.9749
      vertex -22.2204 66 11.2055
      vertex -22.2204 63.6 11.2055
    endloop
  endfacet
  facet normal 0.671454 0 -0.741046
    outer loop
      vertex -22.2204 66 11.2055
      vertex -22.4749 63.6 10.9749
      vertex -22.4749 66 10.9749
    endloop
  endfacet
  facet normal 0.970071 0 -0.242823
    outer loop
      vertex -23.3493 63.6 9.516
      vertex -23.4327 66 9.18282
      vertex -23.3493 66 9.516
    endloop
  endfacet
  facet normal 0.970071 0 -0.242823
    outer loop
      vertex -23.4327 66 9.18282
      vertex -23.3493 63.6 9.516
      vertex -23.4327 63.6 9.18282
    endloop
  endfacet
  facet normal 0.0490519 0 0.998796
    outer loop
      vertex -20.3431 66 5.01685
      vertex -20 63.6 5
      vertex -20 66 5
    endloop
  endfacet
  facet normal 0.0490519 0 0.998796
    outer loop
      vertex -20 63.6 5
      vertex -20.3431 66 5.01685
      vertex -20.3431 63.6 5.01685
    endloop
  endfacet
  facet normal 0.427542 0 0.903996
    outer loop
      vertex -21.6499 66 5.41327
      vertex -21.3394 63.6 5.26642
      vertex -21.3394 66 5.26642
    endloop
  endfacet
  facet normal 0.427542 0 0.903996
    outer loop
      vertex -21.3394 63.6 5.26642
      vertex -21.6499 66 5.41327
      vertex -21.6499 63.6 5.41327
    endloop
  endfacet
  facet normal -0.14676 0 -0.989172
    outer loop
      vertex -19.6569 63.6 11.9831
      vertex -19.3172 66 11.9327
      vertex -19.3172 63.6 11.9327
    endloop
  endfacet
  facet normal -0.14676 0 -0.989172
    outer loop
      vertex -19.3172 66 11.9327
      vertex -19.6569 63.6 11.9831
      vertex -19.6569 66 11.9831
    endloop
  endfacet
  facet normal 0.0491971 0 -0.998789
    outer loop
      vertex -20.3431 63.6 11.9831
      vertex -20 66 12
      vertex -20 63.6 12
    endloop
  endfacet
  facet normal 0.0491971 0 -0.998789
    outer loop
      vertex -20 66 12
      vertex -20.3431 63.6 11.9831
      vertex -20.3431 66 11.9831
    endloop
  endfacet
  facet normal 0.514132 0 0.857711
    outer loop
      vertex -21.9445 66 5.58986
      vertex -21.6499 63.6 5.41327
      vertex -21.6499 66 5.41327
    endloop
  endfacet
  facet normal 0.514132 0 0.857711
    outer loop
      vertex -21.6499 63.6 5.41327
      vertex -21.9445 66 5.58986
      vertex -21.9445 63.6 5.58986
    endloop
  endfacet
  facet normal -0.595659 0 -0.803237
    outer loop
      vertex -18.0555 63.6 11.4101
      vertex -17.7796 66 11.2055
      vertex -17.7796 63.6 11.2055
    endloop
  endfacet
  facet normal -0.595659 0 -0.803237
    outer loop
      vertex -17.7796 66 11.2055
      vertex -18.0555 63.6 11.4101
      vertex -18.0555 66 11.4101
    endloop
  endfacet
  facet normal -0.514132 0 0.857711
    outer loop
      vertex -18.3501 66 5.41327
      vertex -18.0555 63.6 5.58986
      vertex -18.0555 66 5.58986
    endloop
  endfacet
  facet normal -0.514132 0 0.857711
    outer loop
      vertex -18.0555 63.6 5.58986
      vertex -18.3501 66 5.41327
      vertex -18.3501 63.6 5.41327
    endloop
  endfacet
  facet normal -0.803217 0 0.595687
    outer loop
      vertex -17.2945 63.6 6.27962
      vertex -17.0899 66 6.5555
      vertex -17.2945 66 6.27962
    endloop
  endfacet
  facet normal -0.803217 0 0.595687
    outer loop
      vertex -17.0899 66 6.5555
      vertex -17.2945 63.6 6.27962
      vertex -17.0899 63.6 6.5555
    endloop
  endfacet
  facet normal 0.24281 0 -0.970074
    outer loop
      vertex -21.016 63.6 11.8493
      vertex -20.6828 66 11.9327
      vertex -20.6828 63.6 11.9327
    endloop
  endfacet
  facet normal 0.24281 0 -0.970074
    outer loop
      vertex -20.6828 66 11.9327
      vertex -21.016 63.6 11.8493
      vertex -21.016 66 11.8493
    endloop
  endfacet
  facet normal -0.903939 0 0.427661
    outer loop
      vertex -16.9133 63.6 6.85011
      vertex -16.7664 66 7.16061
      vertex -16.9133 66 6.85011
    endloop
  endfacet
  facet normal -0.903939 0 0.427661
    outer loop
      vertex -16.7664 66 7.16061
      vertex -16.9133 63.6 6.85011
      vertex -16.7664 63.6 7.16061
    endloop
  endfacet
  facet normal -0.242974 0 0.970033
    outer loop
      vertex -19.3172 66 5.06725
      vertex -18.984 63.6 5.15071
      vertex -18.984 66 5.15071
    endloop
  endfacet
  facet normal -0.242974 0 0.970033
    outer loop
      vertex -18.984 63.6 5.15071
      vertex -19.3172 66 5.06725
      vertex -19.3172 63.6 5.06725
    endloop
  endfacet
  facet normal -0.14676 0 0.989172
    outer loop
      vertex -19.6569 66 5.01685
      vertex -19.3172 63.6 5.06725
      vertex -19.3172 66 5.06725
    endloop
  endfacet
  facet normal -0.14676 0 0.989172
    outer loop
      vertex -19.3172 63.6 5.06725
      vertex -19.6569 66 5.01685
      vertex -19.6569 63.6 5.01685
    endloop
  endfacet
  facet normal 0.941554 0 -0.336862
    outer loop
      vertex -23.2336 63.6 9.83939
      vertex -23.3493 66 9.516
      vertex -23.2336 66 9.83939
    endloop
  endfacet
  facet normal 0.941554 0 -0.336862
    outer loop
      vertex -23.3493 66 9.516
      vertex -23.2336 63.6 9.83939
      vertex -23.3493 63.6 9.516
    endloop
  endfacet
  facet normal -0.671566 0 0.740944
    outer loop
      vertex -17.7796 66 5.79446
      vertex -17.5251 63.6 6.02513
      vertex -17.5251 66 6.02513
    endloop
  endfacet
  facet normal -0.671566 0 0.740944
    outer loop
      vertex -17.5251 63.6 6.02513
      vertex -17.7796 66 5.79446
      vertex -17.7796 63.6 5.79446
    endloop
  endfacet
  facet normal 0.427661 0 -0.903939
    outer loop
      vertex -21.6499 63.6 11.5867
      vertex -21.3394 66 11.7336
      vertex -21.3394 63.6 11.7336
    endloop
  endfacet
  facet normal 0.427661 0 -0.903939
    outer loop
      vertex -21.3394 66 11.7336
      vertex -21.6499 63.6 11.5867
      vertex -21.6499 66 11.5867
    endloop
  endfacet
  facet normal -0.857706 0 0.51414
    outer loop
      vertex -17.0899 63.6 6.5555
      vertex -16.9133 66 6.85011
      vertex -17.0899 66 6.5555
    endloop
  endfacet
  facet normal -0.857706 0 0.51414
    outer loop
      vertex -16.9133 66 6.85011
      vertex -17.0899 63.6 6.5555
      vertex -16.9133 63.6 6.85011
    endloop
  endfacet
  facet normal -0.595659 0 0.803237
    outer loop
      vertex -18.0555 66 5.58986
      vertex -17.7796 63.6 5.79446
      vertex -17.7796 66 5.79446
    endloop
  endfacet
  facet normal -0.595659 0 0.803237
    outer loop
      vertex -17.7796 63.6 5.79446
      vertex -18.0555 66 5.58986
      vertex -18.0555 63.6 5.58986
    endloop
  endfacet
  facet normal 0.998789 0 -0.0492029
    outer loop
      vertex -23.4831 63.6 8.84306
      vertex -23.5 66 8.5
      vertex -23.4831 66 8.84306
    endloop
  endfacet
  facet normal 0.998789 0 -0.0492029
    outer loop
      vertex -23.5 66 8.5
      vertex -23.4831 63.6 8.84306
      vertex -23.5 63.6 8.5
    endloop
  endfacet
  facet normal -0.741033 0 0.671469
    outer loop
      vertex -17.5251 63.6 6.02513
      vertex -17.2945 66 6.27962
      vertex -17.5251 66 6.02513
    endloop
  endfacet
  facet normal -0.741033 0 0.671469
    outer loop
      vertex -17.2945 66 6.27962
      vertex -17.5251 63.6 6.02513
      vertex -17.2945 63.6 6.27962
    endloop
  endfacet
  facet normal 0.803237 0 -0.595659
    outer loop
      vertex -22.7055 63.6 10.7204
      vertex -22.9101 66 10.4445
      vertex -22.7055 66 10.7204
    endloop
  endfacet
  facet normal 0.803237 0 -0.595659
    outer loop
      vertex -22.9101 66 10.4445
      vertex -22.7055 63.6 10.7204
      vertex -22.9101 63.6 10.4445
    endloop
  endfacet
  facet normal 0.336879 0 0.941548
    outer loop
      vertex -21.3394 66 5.26642
      vertex -21.016 63.6 5.15071
      vertex -21.016 66 5.15071
    endloop
  endfacet
  facet normal 0.336879 0 0.941548
    outer loop
      vertex -21.016 63.6 5.15071
      vertex -21.3394 66 5.26642
      vertex -21.3394 63.6 5.26642
    endloop
  endfacet
  facet normal -0.989176 0 -0.146734
    outer loop
      vertex 3.48315 63.6 8.84306
      vertex 3.43275 66 9.18282
      vertex 3.48315 66 8.84306
    endloop
  endfacet
  facet normal -0.989176 -0 -0.146734
    outer loop
      vertex 3.43275 66 9.18282
      vertex 3.48315 63.6 8.84306
      vertex 3.43275 63.6 9.18282
    endloop
  endfacet
  facet normal -0.998796 0 -0.0490576
    outer loop
      vertex 3.5 63.6 8.5
      vertex 3.48315 66 8.84306
      vertex 3.5 66 8.5
    endloop
  endfacet
  facet normal -0.998796 -0 -0.0490576
    outer loop
      vertex 3.48315 66 8.84306
      vertex 3.5 63.6 8.5
      vertex 3.48315 63.6 8.84306
    endloop
  endfacet
  facet normal 0.989176 -0 0.146734
    outer loop
      vertex -3.48315 63.6 8.15694
      vertex -3.43275 66 7.81718
      vertex -3.48315 66 8.15694
    endloop
  endfacet
  facet normal 0.989176 0 0.146734
    outer loop
      vertex -3.43275 66 7.81718
      vertex -3.48315 63.6 8.15694
      vertex -3.43275 63.6 7.81718
    endloop
  endfacet
  facet normal -0.970029 0 -0.242988
    outer loop
      vertex 3.43275 63.6 9.18282
      vertex 3.34929 66 9.516
      vertex 3.43275 66 9.18282
    endloop
  endfacet
  facet normal -0.970029 -0 -0.242988
    outer loop
      vertex 3.34929 66 9.516
      vertex 3.43275 63.6 9.18282
      vertex 3.34929 63.6 9.516
    endloop
  endfacet
  facet normal -0.514119 0 0.857719
    outer loop
      vertex 1.64989 66 5.41327
      vertex 1.9445 63.6 5.58986
      vertex 1.9445 66 5.58986
    endloop
  endfacet
  facet normal -0.514119 0 0.857719
    outer loop
      vertex 1.9445 63.6 5.58986
      vertex 1.64989 66 5.41327
      vertex 1.64989 63.6 5.41327
    endloop
  endfacet
  facet normal 0.671581 0 0.740931
    outer loop
      vertex -2.47487 66 6.02513
      vertex -2.22038 63.6 5.79446
      vertex -2.22038 66 5.79446
    endloop
  endfacet
  facet normal 0.671581 0 0.740931
    outer loop
      vertex -2.22038 63.6 5.79446
      vertex -2.47487 66 6.02513
      vertex -2.47487 63.6 6.02513
    endloop
  endfacet
  facet normal -0.336888 0 0.941545
    outer loop
      vertex 1.016 66 5.15071
      vertex 1.33939 63.6 5.26642
      vertex 1.33939 66 5.26642
    endloop
  endfacet
  facet normal -0.336888 0 0.941545
    outer loop
      vertex 1.33939 63.6 5.26642
      vertex 1.016 66 5.15071
      vertex 1.016 63.6 5.15071
    endloop
  endfacet
  facet normal 0.595687 0 -0.803217
    outer loop
      vertex -2.22038 63.6 11.2055
      vertex -1.9445 66 11.4101
      vertex -1.9445 63.6 11.4101
    endloop
  endfacet
  facet normal 0.595687 0 -0.803217
    outer loop
      vertex -1.9445 66 11.4101
      vertex -2.22038 63.6 11.2055
      vertex -2.22038 66 11.2055
    endloop
  endfacet
  facet normal -0.941545 0 -0.336888
    outer loop
      vertex 3.34929 63.6 9.516
      vertex 3.23358 66 9.83939
      vertex 3.34929 66 9.516
    endloop
  endfacet
  facet normal -0.941545 -0 -0.336888
    outer loop
      vertex 3.23358 66 9.83939
      vertex 3.34929 63.6 9.516
      vertex 3.23358 63.6 9.83939
    endloop
  endfacet
  facet normal -0.336862 0 -0.941554
    outer loop
      vertex 1.016 63.6 11.8493
      vertex 1.33939 66 11.7336
      vertex 1.33939 63.6 11.7336
    endloop
  endfacet
  facet normal -0.336862 0 -0.941554
    outer loop
      vertex 1.33939 66 11.7336
      vertex 1.016 63.6 11.8493
      vertex 1.016 66 11.8493
    endloop
  endfacet
  facet normal 0.0490576 0 0.998796
    outer loop
      vertex -0.34306 66 5.01685
      vertex 0 63.6 5
      vertex 0 66 5
    endloop
  endfacet
  facet normal 0.0490576 0 0.998796
    outer loop
      vertex 0 63.6 5
      vertex -0.34306 66 5.01685
      vertex -0.34306 63.6 5.01685
    endloop
  endfacet
  facet normal -0.941545 0 0.336888
    outer loop
      vertex 3.23358 63.6 7.16061
      vertex 3.34929 66 7.484
      vertex 3.23358 66 7.16061
    endloop
  endfacet
  facet normal -0.941545 0 0.336888
    outer loop
      vertex 3.34929 66 7.484
      vertex 3.23358 63.6 7.16061
      vertex 3.34929 63.6 7.484
    endloop
  endfacet
  facet normal -0.671469 0 -0.741033
    outer loop
      vertex 2.22038 63.6 11.2055
      vertex 2.47487 66 10.9749
      vertex 2.47487 63.6 10.9749
    endloop
  endfacet
  facet normal -0.671469 0 -0.741033
    outer loop
      vertex 2.47487 66 10.9749
      vertex 2.22038 63.6 11.2055
      vertex 2.22038 66 11.2055
    endloop
  endfacet
  facet normal 0.427661 0 -0.903939
    outer loop
      vertex -1.64989 63.6 11.5867
      vertex -1.33939 66 11.7336
      vertex -1.33939 63.6 11.7336
    endloop
  endfacet
  facet normal 0.427661 0 -0.903939
    outer loop
      vertex -1.33939 66 11.7336
      vertex -1.64989 63.6 11.5867
      vertex -1.64989 66 11.5867
    endloop
  endfacet
  facet normal 0.671469 0 -0.741033
    outer loop
      vertex -2.47487 63.6 10.9749
      vertex -2.22038 66 11.2055
      vertex -2.22038 63.6 11.2055
    endloop
  endfacet
  facet normal 0.671469 0 -0.741033
    outer loop
      vertex -2.22038 66 11.2055
      vertex -2.47487 63.6 10.9749
      vertex -2.47487 66 10.9749
    endloop
  endfacet
  facet normal -0.146736 0 -0.989176
    outer loop
      vertex 0.34306 63.6 11.9831
      vertex 0.682816 66 11.9327
      vertex 0.682816 63.6 11.9327
    endloop
  endfacet
  facet normal -0.146736 0 -0.989176
    outer loop
      vertex 0.682816 66 11.9327
      vertex 0.34306 63.6 11.9831
      vertex 0.34306 66 11.9831
    endloop
  endfacet
  facet normal 0.970029 0 -0.242988
    outer loop
      vertex -3.34929 63.6 9.516
      vertex -3.43275 66 9.18282
      vertex -3.34929 66 9.516
    endloop
  endfacet
  facet normal 0.970029 0 -0.242988
    outer loop
      vertex -3.43275 66 9.18282
      vertex -3.34929 63.6 9.516
      vertex -3.43275 63.6 9.18282
    endloop
  endfacet
  facet normal 0.903984 -0 0.427566
    outer loop
      vertex -3.23358 63.6 7.16061
      vertex -3.08672 66 6.85011
      vertex -3.23358 66 7.16061
    endloop
  endfacet
  facet normal 0.903984 0 0.427566
    outer loop
      vertex -3.08672 66 6.85011
      vertex -3.23358 63.6 7.16061
      vertex -3.08672 63.6 6.85011
    endloop
  endfacet
  facet normal -0.803217 0 0.595687
    outer loop
      vertex 2.70554 63.6 6.27962
      vertex 2.91014 66 6.5555
      vertex 2.70554 66 6.27962
    endloop
  endfacet
  facet normal -0.803217 0 0.595687
    outer loop
      vertex 2.91014 66 6.5555
      vertex 2.70554 63.6 6.27962
      vertex 2.91014 63.6 6.5555
    endloop
  endfacet
  facet normal -0.242821 0 -0.970071
    outer loop
      vertex 0.682816 63.6 11.9327
      vertex 1.016 66 11.8493
      vertex 1.016 63.6 11.8493
    endloop
  endfacet
  facet normal -0.242821 0 -0.970071
    outer loop
      vertex 1.016 66 11.8493
      vertex 0.682816 63.6 11.9327
      vertex 0.682816 66 11.9327
    endloop
  endfacet
  facet normal 0.595687 0 0.803217
    outer loop
      vertex -2.22038 66 5.79446
      vertex -1.9445 63.6 5.58986
      vertex -1.9445 66 5.58986
    endloop
  endfacet
  facet normal 0.595687 0 0.803217
    outer loop
      vertex -1.9445 63.6 5.58986
      vertex -2.22038 66 5.79446
      vertex -2.22038 63.6 5.79446
    endloop
  endfacet
  facet normal -0.242985 0 0.97003
    outer loop
      vertex 0.682816 66 5.06725
      vertex 1.016 63.6 5.15071
      vertex 1.016 66 5.15071
    endloop
  endfacet
  facet normal -0.242985 0 0.97003
    outer loop
      vertex 1.016 63.6 5.15071
      vertex 0.682816 66 5.06725
      vertex 0.682816 63.6 5.06725
    endloop
  endfacet
  facet normal -0.989176 0 0.146734
    outer loop
      vertex 3.43275 63.6 7.81718
      vertex 3.48315 66 8.15694
      vertex 3.43275 66 7.81718
    endloop
  endfacet
  facet normal -0.989176 0 0.146734
    outer loop
      vertex 3.48315 66 8.15694
      vertex 3.43275 63.6 7.81718
      vertex 3.48315 63.6 8.15694
    endloop
  endfacet
  facet normal -0.857732 0 0.514098
    outer loop
      vertex 2.91014 63.6 6.5555
      vertex 3.08672 66 6.85011
      vertex 2.91014 66 6.5555
    endloop
  endfacet
  facet normal -0.857732 0 0.514098
    outer loop
      vertex 3.08672 66 6.85011
      vertex 2.91014 63.6 6.5555
      vertex 3.08672 63.6 6.85011
    endloop
  endfacet
  facet normal -0.0492029 0 -0.998789
    outer loop
      vertex 0 63.6 12
      vertex 0.34306 66 11.9831
      vertex 0.34306 63.6 11.9831
    endloop
  endfacet
  facet normal -0.0492029 0 -0.998789
    outer loop
      vertex 0.34306 66 11.9831
      vertex 0 63.6 12
      vertex 0 66 12
    endloop
  endfacet
  facet normal -0.427661 0 -0.903939
    outer loop
      vertex 1.33939 63.6 11.7336
      vertex 1.64989 66 11.5867
      vertex 1.64989 63.6 11.5867
    endloop
  endfacet
  facet normal -0.427661 0 -0.903939
    outer loop
      vertex 1.64989 66 11.5867
      vertex 1.33939 63.6 11.7336
      vertex 1.33939 66 11.7336
    endloop
  endfacet
  facet normal 0.857732 -0 0.514098
    outer loop
      vertex -3.08672 63.6 6.85011
      vertex -2.91014 66 6.5555
      vertex -3.08672 66 6.85011
    endloop
  endfacet
  facet normal 0.857732 0 0.514098
    outer loop
      vertex -2.91014 66 6.5555
      vertex -3.08672 63.6 6.85011
      vertex -2.91014 63.6 6.5555
    endloop
  endfacet
  facet normal -0.671581 0 0.740931
    outer loop
      vertex 2.22038 66 5.79446
      vertex 2.47487 63.6 6.02513
      vertex 2.47487 66 6.02513
    endloop
  endfacet
  facet normal -0.671581 0 0.740931
    outer loop
      vertex 2.47487 63.6 6.02513
      vertex 2.22038 66 5.79446
      vertex 2.22038 63.6 5.79446
    endloop
  endfacet
  facet normal 0.941545 -0 0.336888
    outer loop
      vertex -3.34929 63.6 7.484
      vertex -3.23358 66 7.16061
      vertex -3.34929 66 7.484
    endloop
  endfacet
  facet normal 0.941545 0 0.336888
    outer loop
      vertex -3.23358 66 7.16061
      vertex -3.34929 63.6 7.484
      vertex -3.23358 63.6 7.16061
    endloop
  endfacet
  facet normal 0.242821 0 -0.970071
    outer loop
      vertex -1.016 63.6 11.8493
      vertex -0.682816 66 11.9327
      vertex -0.682816 63.6 11.9327
    endloop
  endfacet
  facet normal 0.242821 0 -0.970071
    outer loop
      vertex -0.682816 66 11.9327
      vertex -1.016 63.6 11.8493
      vertex -1.016 66 11.8493
    endloop
  endfacet
  facet normal -0.803237 0 -0.595659
    outer loop
      vertex 2.91014 63.6 10.4445
      vertex 2.70554 66 10.7204
      vertex 2.91014 66 10.4445
    endloop
  endfacet
  facet normal -0.803237 -0 -0.595659
    outer loop
      vertex 2.70554 66 10.7204
      vertex 2.91014 63.6 10.4445
      vertex 2.70554 63.6 10.7204
    endloop
  endfacet
  facet normal 0.336862 0 -0.941554
    outer loop
      vertex -1.33939 63.6 11.7336
      vertex -1.016 66 11.8493
      vertex -1.016 63.6 11.8493
    endloop
  endfacet
  facet normal 0.336862 0 -0.941554
    outer loop
      vertex -1.016 66 11.8493
      vertex -1.33939 63.6 11.7336
      vertex -1.33939 66 11.7336
    endloop
  endfacet
  facet normal 0.970029 -0 0.242988
    outer loop
      vertex -3.43275 63.6 7.81718
      vertex -3.34929 66 7.484
      vertex -3.43275 66 7.81718
    endloop
  endfacet
  facet normal 0.970029 0 0.242988
    outer loop
      vertex -3.34929 66 7.484
      vertex -3.43275 63.6 7.81718
      vertex -3.34929 63.6 7.484
    endloop
  endfacet
  facet normal 0.146736 0 -0.989176
    outer loop
      vertex -0.682816 63.6 11.9327
      vertex -0.34306 66 11.9831
      vertex -0.34306 63.6 11.9831
    endloop
  endfacet
  facet normal 0.146736 0 -0.989176
    outer loop
      vertex -0.34306 66 11.9831
      vertex -0.682816 63.6 11.9327
      vertex -0.682816 66 11.9327
    endloop
  endfacet
  facet normal -0.998796 0 0.0490576
    outer loop
      vertex 3.48315 63.6 8.15694
      vertex 3.5 66 8.5
      vertex 3.48315 66 8.15694
    endloop
  endfacet
  facet normal -0.998796 0 0.0490576
    outer loop
      vertex 3.5 66 8.5
      vertex 3.48315 63.6 8.15694
      vertex 3.5 63.6 8.5
    endloop
  endfacet
  facet normal -0.857724 0 -0.51411
    outer loop
      vertex 3.08672 63.6 10.1499
      vertex 2.91014 66 10.4445
      vertex 3.08672 66 10.1499
    endloop
  endfacet
  facet normal -0.857724 -0 -0.51411
    outer loop
      vertex 2.91014 66 10.4445
      vertex 3.08672 63.6 10.1499
      vertex 2.91014 63.6 10.4445
    endloop
  endfacet
  facet normal -0.51414 0 -0.857706
    outer loop
      vertex 1.64989 63.6 11.5867
      vertex 1.9445 66 11.4101
      vertex 1.9445 63.6 11.4101
    endloop
  endfacet
  facet normal -0.51414 0 -0.857706
    outer loop
      vertex 1.9445 66 11.4101
      vertex 1.64989 63.6 11.5867
      vertex 1.64989 66 11.5867
    endloop
  endfacet
  facet normal -0.595687 0 -0.803217
    outer loop
      vertex 1.9445 63.6 11.4101
      vertex 2.22038 66 11.2055
      vertex 2.22038 63.6 11.2055
    endloop
  endfacet
  facet normal -0.595687 0 -0.803217
    outer loop
      vertex 2.22038 66 11.2055
      vertex 1.9445 63.6 11.4101
      vertex 1.9445 66 11.4101
    endloop
  endfacet
  facet normal -0.146736 0 0.989176
    outer loop
      vertex 0.34306 66 5.01685
      vertex 0.682816 63.6 5.06725
      vertex 0.682816 66 5.06725
    endloop
  endfacet
  facet normal -0.146736 0 0.989176
    outer loop
      vertex 0.682816 63.6 5.06725
      vertex 0.34306 66 5.01685
      vertex 0.34306 63.6 5.01685
    endloop
  endfacet
  facet normal -0.970029 0 0.242988
    outer loop
      vertex 3.34929 63.6 7.484
      vertex 3.43275 66 7.81718
      vertex 3.34929 66 7.484
    endloop
  endfacet
  facet normal -0.970029 0 0.242988
    outer loop
      vertex 3.43275 66 7.81718
      vertex 3.34929 63.6 7.484
      vertex 3.43275 63.6 7.81718
    endloop
  endfacet
  facet normal 0.998796 -0 0.0490576
    outer loop
      vertex -3.5 63.6 8.5
      vertex -3.48315 66 8.15694
      vertex -3.5 66 8.5
    endloop
  endfacet
  facet normal 0.998796 0 0.0490576
    outer loop
      vertex -3.48315 66 8.15694
      vertex -3.5 63.6 8.5
      vertex -3.48315 63.6 8.15694
    endloop
  endfacet
  facet normal 0.998796 0 -0.0490576
    outer loop
      vertex -3.48315 63.6 8.84306
      vertex -3.5 66 8.5
      vertex -3.48315 66 8.84306
    endloop
  endfacet
  facet normal 0.998796 0 -0.0490576
    outer loop
      vertex -3.5 66 8.5
      vertex -3.48315 63.6 8.84306
      vertex -3.5 63.6 8.5
    endloop
  endfacet
  facet normal 0.242985 0 0.97003
    outer loop
      vertex -1.016 66 5.15071
      vertex -0.682816 63.6 5.06725
      vertex -0.682816 66 5.06725
    endloop
  endfacet
  facet normal 0.242985 0 0.97003
    outer loop
      vertex -0.682816 63.6 5.06725
      vertex -1.016 66 5.15071
      vertex -1.016 63.6 5.15071
    endloop
  endfacet
  facet normal -0.90399 0 -0.427554
    outer loop
      vertex 3.23358 63.6 9.83939
      vertex 3.08672 66 10.1499
      vertex 3.23358 66 9.83939
    endloop
  endfacet
  facet normal -0.90399 -0 -0.427554
    outer loop
      vertex 3.08672 66 10.1499
      vertex 3.23358 63.6 9.83939
      vertex 3.08672 63.6 10.1499
    endloop
  endfacet
  facet normal -0.740931 0 0.671581
    outer loop
      vertex 2.47487 63.6 6.02513
      vertex 2.70554 66 6.27962
      vertex 2.47487 66 6.02513
    endloop
  endfacet
  facet normal -0.740931 0 0.671581
    outer loop
      vertex 2.70554 66 6.27962
      vertex 2.47487 63.6 6.02513
      vertex 2.70554 63.6 6.27962
    endloop
  endfacet
  facet normal 0.740944 0 -0.671566
    outer loop
      vertex -2.47487 63.6 10.9749
      vertex -2.70554 66 10.7204
      vertex -2.47487 66 10.9749
    endloop
  endfacet
  facet normal 0.740944 0 -0.671566
    outer loop
      vertex -2.70554 66 10.7204
      vertex -2.47487 63.6 10.9749
      vertex -2.70554 63.6 10.7204
    endloop
  endfacet
  facet normal 0.803217 -0 0.595687
    outer loop
      vertex -2.91014 63.6 6.5555
      vertex -2.70554 66 6.27962
      vertex -2.91014 66 6.5555
    endloop
  endfacet
  facet normal 0.803217 0 0.595687
    outer loop
      vertex -2.70554 66 6.27962
      vertex -2.91014 63.6 6.5555
      vertex -2.70554 63.6 6.27962
    endloop
  endfacet
  facet normal 0.514119 0 0.857719
    outer loop
      vertex -1.9445 66 5.58986
      vertex -1.64989 63.6 5.41327
      vertex -1.64989 66 5.41327
    endloop
  endfacet
  facet normal 0.514119 0 0.857719
    outer loop
      vertex -1.64989 63.6 5.41327
      vertex -1.9445 66 5.58986
      vertex -1.9445 63.6 5.58986
    endloop
  endfacet
  facet normal 0.90399 0 -0.427554
    outer loop
      vertex -3.08672 63.6 10.1499
      vertex -3.23358 66 9.83939
      vertex -3.08672 66 10.1499
    endloop
  endfacet
  facet normal 0.90399 0 -0.427554
    outer loop
      vertex -3.23358 66 9.83939
      vertex -3.08672 63.6 10.1499
      vertex -3.23358 63.6 9.83939
    endloop
  endfacet
  facet normal 0.941545 0 -0.336888
    outer loop
      vertex -3.23358 63.6 9.83939
      vertex -3.34929 66 9.516
      vertex -3.23358 66 9.83939
    endloop
  endfacet
  facet normal 0.941545 0 -0.336888
    outer loop
      vertex -3.34929 66 9.516
      vertex -3.23358 63.6 9.83939
      vertex -3.34929 63.6 9.516
    endloop
  endfacet
  facet normal -0.427542 0 0.903996
    outer loop
      vertex 1.33939 66 5.26642
      vertex 1.64989 63.6 5.41327
      vertex 1.64989 66 5.41327
    endloop
  endfacet
  facet normal -0.427542 0 0.903996
    outer loop
      vertex 1.64989 63.6 5.41327
      vertex 1.33939 66 5.26642
      vertex 1.33939 63.6 5.26642
    endloop
  endfacet
  facet normal 0.740931 -0 0.671581
    outer loop
      vertex -2.70554 63.6 6.27962
      vertex -2.47487 66 6.02513
      vertex -2.70554 66 6.27962
    endloop
  endfacet
  facet normal 0.740931 0 0.671581
    outer loop
      vertex -2.47487 66 6.02513
      vertex -2.70554 63.6 6.27962
      vertex -2.47487 63.6 6.02513
    endloop
  endfacet
  facet normal 0.0492029 0 -0.998789
    outer loop
      vertex -0.34306 63.6 11.9831
      vertex 0 66 12
      vertex 0 63.6 12
    endloop
  endfacet
  facet normal 0.0492029 0 -0.998789
    outer loop
      vertex 0 66 12
      vertex -0.34306 63.6 11.9831
      vertex -0.34306 66 11.9831
    endloop
  endfacet
  facet normal -0.0490576 0 0.998796
    outer loop
      vertex 0 66 5
      vertex 0.34306 63.6 5.01685
      vertex 0.34306 66 5.01685
    endloop
  endfacet
  facet normal -0.0490576 0 0.998796
    outer loop
      vertex 0.34306 63.6 5.01685
      vertex 0 66 5
      vertex 0 63.6 5
    endloop
  endfacet
  facet normal -0.740944 0 -0.671566
    outer loop
      vertex 2.70554 63.6 10.7204
      vertex 2.47487 66 10.9749
      vertex 2.70554 66 10.7204
    endloop
  endfacet
  facet normal -0.740944 -0 -0.671566
    outer loop
      vertex 2.47487 66 10.9749
      vertex 2.70554 63.6 10.7204
      vertex 2.47487 63.6 10.9749
    endloop
  endfacet
  facet normal -0.595687 0 0.803217
    outer loop
      vertex 1.9445 66 5.58986
      vertex 2.22038 63.6 5.79446
      vertex 2.22038 66 5.79446
    endloop
  endfacet
  facet normal -0.595687 0 0.803217
    outer loop
      vertex 2.22038 63.6 5.79446
      vertex 1.9445 66 5.58986
      vertex 1.9445 63.6 5.58986
    endloop
  endfacet
  facet normal -0.903984 0 0.427566
    outer loop
      vertex 3.08672 63.6 6.85011
      vertex 3.23358 66 7.16061
      vertex 3.08672 66 6.85011
    endloop
  endfacet
  facet normal -0.903984 0 0.427566
    outer loop
      vertex 3.23358 66 7.16061
      vertex 3.08672 63.6 6.85011
      vertex 3.23358 63.6 7.16061
    endloop
  endfacet
  facet normal 0.803237 0 -0.595659
    outer loop
      vertex -2.70554 63.6 10.7204
      vertex -2.91014 66 10.4445
      vertex -2.70554 66 10.7204
    endloop
  endfacet
  facet normal 0.803237 0 -0.595659
    outer loop
      vertex -2.91014 66 10.4445
      vertex -2.70554 63.6 10.7204
      vertex -2.91014 63.6 10.4445
    endloop
  endfacet
  facet normal 0.51414 0 -0.857706
    outer loop
      vertex -1.9445 63.6 11.4101
      vertex -1.64989 66 11.5867
      vertex -1.64989 63.6 11.5867
    endloop
  endfacet
  facet normal 0.51414 0 -0.857706
    outer loop
      vertex -1.64989 66 11.5867
      vertex -1.9445 63.6 11.4101
      vertex -1.9445 66 11.4101
    endloop
  endfacet
  facet normal 0.989176 0 -0.146734
    outer loop
      vertex -3.43275 63.6 9.18282
      vertex -3.48315 66 8.84306
      vertex -3.43275 66 9.18282
    endloop
  endfacet
  facet normal 0.989176 0 -0.146734
    outer loop
      vertex -3.48315 66 8.84306
      vertex -3.43275 63.6 9.18282
      vertex -3.48315 63.6 8.84306
    endloop
  endfacet
  facet normal 0.857724 0 -0.51411
    outer loop
      vertex -2.91014 63.6 10.4445
      vertex -3.08672 66 10.1499
      vertex -2.91014 66 10.4445
    endloop
  endfacet
  facet normal 0.857724 0 -0.51411
    outer loop
      vertex -3.08672 66 10.1499
      vertex -2.91014 63.6 10.4445
      vertex -3.08672 63.6 10.1499
    endloop
  endfacet
  facet normal 0.146736 0 0.989176
    outer loop
      vertex -0.682816 66 5.06725
      vertex -0.34306 63.6 5.01685
      vertex -0.34306 66 5.01685
    endloop
  endfacet
  facet normal 0.146736 0 0.989176
    outer loop
      vertex -0.34306 63.6 5.01685
      vertex -0.682816 66 5.06725
      vertex -0.682816 63.6 5.06725
    endloop
  endfacet
  facet normal 0.427542 0 0.903996
    outer loop
      vertex -1.64989 66 5.41327
      vertex -1.33939 63.6 5.26642
      vertex -1.33939 66 5.26642
    endloop
  endfacet
  facet normal 0.427542 0 0.903996
    outer loop
      vertex -1.33939 63.6 5.26642
      vertex -1.64989 66 5.41327
      vertex -1.64989 63.6 5.41327
    endloop
  endfacet
  facet normal 0.336888 0 0.941545
    outer loop
      vertex -1.33939 66 5.26642
      vertex -1.016 63.6 5.15071
      vertex -1.016 66 5.15071
    endloop
  endfacet
  facet normal 0.336888 0 0.941545
    outer loop
      vertex -1.016 63.6 5.15071
      vertex -1.33939 66 5.26642
      vertex -1.33939 63.6 5.26642
    endloop
  endfacet
  facet normal -0.989176 0 -0.146734
    outer loop
      vertex 23.4831 63.6 8.84306
      vertex 23.4327 66 9.18282
      vertex 23.4831 66 8.84306
    endloop
  endfacet
  facet normal -0.989176 -0 -0.146734
    outer loop
      vertex 23.4327 66 9.18282
      vertex 23.4831 63.6 8.84306
      vertex 23.4327 63.6 9.18282
    endloop
  endfacet
  facet normal -0.998789 0 -0.0492029
    outer loop
      vertex 23.5 63.6 8.5
      vertex 23.4831 66 8.84306
      vertex 23.5 66 8.5
    endloop
  endfacet
  facet normal -0.998789 -0 -0.0492029
    outer loop
      vertex 23.4831 66 8.84306
      vertex 23.5 63.6 8.5
      vertex 23.4831 63.6 8.84306
    endloop
  endfacet
  facet normal -0.970071 0 -0.242823
    outer loop
      vertex 23.4327 63.6 9.18282
      vertex 23.3493 66 9.516
      vertex 23.4327 66 9.18282
    endloop
  endfacet
  facet normal -0.970071 -0 -0.242823
    outer loop
      vertex 23.3493 66 9.516
      vertex 23.4327 63.6 9.18282
      vertex 23.3493 63.6 9.516
    endloop
  endfacet
  facet normal 0.242974 0 0.970033
    outer loop
      vertex 18.984 66 5.15071
      vertex 19.3172 63.6 5.06725
      vertex 19.3172 66 5.06725
    endloop
  endfacet
  facet normal 0.242974 0 0.970033
    outer loop
      vertex 19.3172 63.6 5.06725
      vertex 18.984 66 5.15071
      vertex 18.984 63.6 5.15071
    endloop
  endfacet
  facet normal -0.941554 0 -0.336862
    outer loop
      vertex 23.3493 63.6 9.516
      vertex 23.2336 66 9.83939
      vertex 23.3493 66 9.516
    endloop
  endfacet
  facet normal -0.941554 -0 -0.336862
    outer loop
      vertex 23.2336 66 9.83939
      vertex 23.3493 63.6 9.516
      vertex 23.2336 63.6 9.83939
    endloop
  endfacet
  facet normal -0.336853 0 -0.941557
    outer loop
      vertex 21.016 63.6 11.8493
      vertex 21.3394 66 11.7336
      vertex 21.3394 63.6 11.7336
    endloop
  endfacet
  facet normal -0.336853 0 -0.941557
    outer loop
      vertex 21.3394 66 11.7336
      vertex 21.016 63.6 11.8493
      vertex 21.016 66 11.8493
    endloop
  endfacet
  facet normal 0.998789 -0 0.0492029
    outer loop
      vertex 16.5 63.6 8.5
      vertex 16.5169 66 8.15694
      vertex 16.5 66 8.5
    endloop
  endfacet
  facet normal 0.998789 0 0.0492029
    outer loop
      vertex 16.5169 66 8.15694
      vertex 16.5 63.6 8.5
      vertex 16.5169 63.6 8.15694
    endloop
  endfacet
  facet normal 0.514153 0 -0.857698
    outer loop
      vertex 18.0555 63.6 11.4101
      vertex 18.3501 66 11.5867
      vertex 18.3501 63.6 11.5867
    endloop
  endfacet
  facet normal 0.514153 0 -0.857698
    outer loop
      vertex 18.3501 66 11.5867
      vertex 18.0555 63.6 11.4101
      vertex 18.0555 66 11.4101
    endloop
  endfacet
  facet normal -0.336879 0 0.941548
    outer loop
      vertex 21.016 66 5.15071
      vertex 21.3394 63.6 5.26642
      vertex 21.3394 66 5.26642
    endloop
  endfacet
  facet normal -0.336879 0 0.941548
    outer loop
      vertex 21.3394 63.6 5.26642
      vertex 21.016 66 5.15071
      vertex 21.016 63.6 5.15071
    endloop
  endfacet
  facet normal 0.803217 -0 0.595687
    outer loop
      vertex 17.0899 63.6 6.5555
      vertex 17.2945 66 6.27962
      vertex 17.0899 66 6.5555
    endloop
  endfacet
  facet normal 0.803217 0 0.595687
    outer loop
      vertex 17.2945 66 6.27962
      vertex 17.0899 63.6 6.5555
      vertex 17.2945 63.6 6.27962
    endloop
  endfacet
  facet normal 0.903939 -0 0.427661
    outer loop
      vertex 16.7664 63.6 7.16061
      vertex 16.9133 66 6.85011
      vertex 16.7664 66 7.16061
    endloop
  endfacet
  facet normal 0.903939 0 0.427661
    outer loop
      vertex 16.9133 66 6.85011
      vertex 16.7664 63.6 7.16061
      vertex 16.9133 63.6 6.85011
    endloop
  endfacet
  facet normal 0.24281 0 -0.970074
    outer loop
      vertex 18.984 63.6 11.8493
      vertex 19.3172 66 11.9327
      vertex 19.3172 63.6 11.9327
    endloop
  endfacet
  facet normal 0.24281 0 -0.970074
    outer loop
      vertex 19.3172 66 11.9327
      vertex 18.984 63.6 11.8493
      vertex 18.984 66 11.8493
    endloop
  endfacet
  facet normal 0.857706 -0 0.51414
    outer loop
      vertex 16.9133 63.6 6.85011
      vertex 17.0899 66 6.5555
      vertex 16.9133 66 6.85011
    endloop
  endfacet
  facet normal 0.857706 0 0.51414
    outer loop
      vertex 17.0899 66 6.5555
      vertex 16.9133 63.6 6.85011
      vertex 17.0899 63.6 6.5555
    endloop
  endfacet
  facet normal 0.671454 0 -0.741046
    outer loop
      vertex 17.5251 63.6 10.9749
      vertex 17.7796 66 11.2055
      vertex 17.7796 63.6 11.2055
    endloop
  endfacet
  facet normal 0.671454 0 -0.741046
    outer loop
      vertex 17.7796 66 11.2055
      vertex 17.5251 63.6 10.9749
      vertex 17.5251 66 10.9749
    endloop
  endfacet
  facet normal 0.989176 -0 0.146734
    outer loop
      vertex 16.5169 63.6 8.15694
      vertex 16.5673 66 7.81718
      vertex 16.5169 66 8.15694
    endloop
  endfacet
  facet normal 0.989176 0 0.146734
    outer loop
      vertex 16.5673 66 7.81718
      vertex 16.5169 63.6 8.15694
      vertex 16.5673 63.6 7.81718
    endloop
  endfacet
  facet normal 0.941554 -0 0.336862
    outer loop
      vertex 16.6507 63.6 7.484
      vertex 16.7664 66 7.16061
      vertex 16.6507 66 7.484
    endloop
  endfacet
  facet normal 0.941554 0 0.336862
    outer loop
      vertex 16.7664 66 7.16061
      vertex 16.6507 63.6 7.484
      vertex 16.7664 63.6 7.16061
    endloop
  endfacet
  facet normal -0.803217 0 0.595687
    outer loop
      vertex 22.7055 63.6 6.27962
      vertex 22.9101 66 6.5555
      vertex 22.7055 66 6.27962
    endloop
  endfacet
  facet normal -0.803217 0 0.595687
    outer loop
      vertex 22.9101 66 6.5555
      vertex 22.7055 63.6 6.27962
      vertex 22.9101 63.6 6.5555
    endloop
  endfacet
  facet normal -0.14676 0 -0.989172
    outer loop
      vertex 20.3431 63.6 11.9831
      vertex 20.6828 66 11.9327
      vertex 20.6828 63.6 11.9327
    endloop
  endfacet
  facet normal -0.14676 0 -0.989172
    outer loop
      vertex 20.6828 66 11.9327
      vertex 20.3431 63.6 11.9831
      vertex 20.3431 66 11.9831
    endloop
  endfacet
  facet normal -0.242974 0 0.970033
    outer loop
      vertex 20.6828 66 5.06725
      vertex 21.016 63.6 5.15071
      vertex 21.016 66 5.15071
    endloop
  endfacet
  facet normal -0.242974 0 0.970033
    outer loop
      vertex 21.016 63.6 5.15071
      vertex 20.6828 66 5.06725
      vertex 20.6828 63.6 5.06725
    endloop
  endfacet
  facet normal -0.989176 0 0.146734
    outer loop
      vertex 23.4327 63.6 7.81718
      vertex 23.4831 66 8.15694
      vertex 23.4327 66 7.81718
    endloop
  endfacet
  facet normal -0.989176 0 0.146734
    outer loop
      vertex 23.4831 66 8.15694
      vertex 23.4327 63.6 7.81718
      vertex 23.4831 63.6 8.15694
    endloop
  endfacet
  facet normal -0.857706 0 0.51414
    outer loop
      vertex 22.9101 63.6 6.5555
      vertex 23.0867 66 6.85011
      vertex 22.9101 66 6.5555
    endloop
  endfacet
  facet normal -0.857706 0 0.51414
    outer loop
      vertex 23.0867 66 6.85011
      vertex 22.9101 63.6 6.5555
      vertex 23.0867 63.6 6.85011
    endloop
  endfacet
  facet normal -0.514132 0 0.857711
    outer loop
      vertex 21.6499 66 5.41327
      vertex 21.9445 63.6 5.58986
      vertex 21.9445 66 5.58986
    endloop
  endfacet
  facet normal -0.514132 0 0.857711
    outer loop
      vertex 21.9445 63.6 5.58986
      vertex 21.6499 66 5.41327
      vertex 21.6499 63.6 5.41327
    endloop
  endfacet
  facet normal 0.336879 0 0.941548
    outer loop
      vertex 18.6606 66 5.26642
      vertex 18.984 63.6 5.15071
      vertex 18.984 66 5.15071
    endloop
  endfacet
  facet normal 0.336879 0 0.941548
    outer loop
      vertex 18.984 63.6 5.15071
      vertex 18.6606 66 5.26642
      vertex 18.6606 63.6 5.26642
    endloop
  endfacet
  facet normal -0.427661 0 -0.903939
    outer loop
      vertex 21.3394 63.6 11.7336
      vertex 21.6499 66 11.5867
      vertex 21.6499 63.6 11.5867
    endloop
  endfacet
  facet normal -0.427661 0 -0.903939
    outer loop
      vertex 21.6499 66 11.5867
      vertex 21.3394 63.6 11.7336
      vertex 21.3394 66 11.7336
    endloop
  endfacet
  facet normal -0.671454 0 -0.741046
    outer loop
      vertex 22.2204 63.6 11.2055
      vertex 22.4749 66 10.9749
      vertex 22.4749 63.6 10.9749
    endloop
  endfacet
  facet normal -0.671454 0 -0.741046
    outer loop
      vertex 22.4749 66 10.9749
      vertex 22.2204 63.6 11.2055
      vertex 22.2204 66 11.2055
    endloop
  endfacet
  facet normal 0.595659 0 -0.803237
    outer loop
      vertex 17.7796 63.6 11.2055
      vertex 18.0555 66 11.4101
      vertex 18.0555 63.6 11.4101
    endloop
  endfacet
  facet normal 0.595659 0 -0.803237
    outer loop
      vertex 18.0555 66 11.4101
      vertex 17.7796 63.6 11.2055
      vertex 17.7796 66 11.2055
    endloop
  endfacet
  facet normal -0.803237 0 -0.595659
    outer loop
      vertex 22.9101 63.6 10.4445
      vertex 22.7055 66 10.7204
      vertex 22.9101 66 10.4445
    endloop
  endfacet
  facet normal -0.803237 -0 -0.595659
    outer loop
      vertex 22.7055 66 10.7204
      vertex 22.9101 63.6 10.4445
      vertex 22.7055 63.6 10.7204
    endloop
  endfacet
  facet normal 0.857698 0 -0.514153
    outer loop
      vertex 17.0899 63.6 10.4445
      vertex 16.9133 66 10.1499
      vertex 17.0899 66 10.4445
    endloop
  endfacet
  facet normal 0.857698 0 -0.514153
    outer loop
      vertex 16.9133 66 10.1499
      vertex 17.0899 63.6 10.4445
      vertex 16.9133 63.6 10.1499
    endloop
  endfacet
  facet normal -0.857698 0 -0.514153
    outer loop
      vertex 23.0867 63.6 10.1499
      vertex 22.9101 66 10.4445
      vertex 23.0867 66 10.1499
    endloop
  endfacet
  facet normal -0.857698 -0 -0.514153
    outer loop
      vertex 22.9101 66 10.4445
      vertex 23.0867 63.6 10.1499
      vertex 22.9101 63.6 10.4445
    endloop
  endfacet
  facet normal 0.595659 0 0.803237
    outer loop
      vertex 17.7796 66 5.79446
      vertex 18.0555 63.6 5.58986
      vertex 18.0555 66 5.58986
    endloop
  endfacet
  facet normal 0.595659 0 0.803237
    outer loop
      vertex 18.0555 63.6 5.58986
      vertex 17.7796 66 5.79446
      vertex 17.7796 63.6 5.79446
    endloop
  endfacet
  facet normal 0.803237 0 -0.595659
    outer loop
      vertex 17.2945 63.6 10.7204
      vertex 17.0899 66 10.4445
      vertex 17.2945 66 10.7204
    endloop
  endfacet
  facet normal 0.803237 0 -0.595659
    outer loop
      vertex 17.0899 66 10.4445
      vertex 17.2945 63.6 10.7204
      vertex 17.0899 63.6 10.4445
    endloop
  endfacet
  facet normal 0.514132 0 0.857711
    outer loop
      vertex 18.0555 66 5.58986
      vertex 18.3501 63.6 5.41327
      vertex 18.3501 66 5.41327
    endloop
  endfacet
  facet normal 0.514132 0 0.857711
    outer loop
      vertex 18.3501 63.6 5.41327
      vertex 18.0555 66 5.58986
      vertex 18.0555 63.6 5.58986
    endloop
  endfacet
  facet normal -0.514153 0 -0.857698
    outer loop
      vertex 21.6499 63.6 11.5867
      vertex 21.9445 66 11.4101
      vertex 21.9445 63.6 11.4101
    endloop
  endfacet
  facet normal -0.514153 0 -0.857698
    outer loop
      vertex 21.9445 66 11.4101
      vertex 21.6499 63.6 11.5867
      vertex 21.6499 66 11.5867
    endloop
  endfacet
  facet normal -0.595659 0 -0.803237
    outer loop
      vertex 21.9445 63.6 11.4101
      vertex 22.2204 66 11.2055
      vertex 22.2204 63.6 11.2055
    endloop
  endfacet
  facet normal -0.595659 0 -0.803237
    outer loop
      vertex 22.2204 66 11.2055
      vertex 21.9445 63.6 11.4101
      vertex 21.9445 66 11.4101
    endloop
  endfacet
  facet normal -0.14676 0 0.989172
    outer loop
      vertex 20.3431 66 5.01685
      vertex 20.6828 63.6 5.06725
      vertex 20.6828 66 5.06725
    endloop
  endfacet
  facet normal -0.14676 0 0.989172
    outer loop
      vertex 20.6828 63.6 5.06725
      vertex 20.3431 66 5.01685
      vertex 20.3431 63.6 5.01685
    endloop
  endfacet
  facet normal -0.970071 0 0.242823
    outer loop
      vertex 23.3493 63.6 7.484
      vertex 23.4327 66 7.81718
      vertex 23.3493 66 7.484
    endloop
  endfacet
  facet normal -0.970071 0 0.242823
    outer loop
      vertex 23.4327 66 7.81718
      vertex 23.3493 63.6 7.484
      vertex 23.4327 63.6 7.81718
    endloop
  endfacet
  facet normal -0.941554 0 0.336862
    outer loop
      vertex 23.2336 63.6 7.16061
      vertex 23.3493 66 7.484
      vertex 23.2336 66 7.16061
    endloop
  endfacet
  facet normal -0.941554 0 0.336862
    outer loop
      vertex 23.3493 66 7.484
      vertex 23.2336 63.6 7.16061
      vertex 23.3493 63.6 7.484
    endloop
  endfacet
  facet normal -0.741046 0 -0.671454
    outer loop
      vertex 22.7055 63.6 10.7204
      vertex 22.4749 66 10.9749
      vertex 22.7055 66 10.7204
    endloop
  endfacet
  facet normal -0.741046 -0 -0.671454
    outer loop
      vertex 22.4749 66 10.9749
      vertex 22.7055 63.6 10.7204
      vertex 22.4749 63.6 10.9749
    endloop
  endfacet
  facet normal 0.0491971 0 -0.998789
    outer loop
      vertex 19.6569 63.6 11.9831
      vertex 20 66 12
      vertex 20 63.6 12
    endloop
  endfacet
  facet normal 0.0491971 0 -0.998789
    outer loop
      vertex 20 66 12
      vertex 19.6569 63.6 11.9831
      vertex 19.6569 66 11.9831
    endloop
  endfacet
  facet normal -0.0491971 0 -0.998789
    outer loop
      vertex 20 63.6 12
      vertex 20.3431 66 11.9831
      vertex 20.3431 63.6 11.9831
    endloop
  endfacet
  facet normal -0.0491971 0 -0.998789
    outer loop
      vertex 20.3431 66 11.9831
      vertex 20 63.6 12
      vertex 20 66 12
    endloop
  endfacet
  facet normal -0.903945 0 -0.42765
    outer loop
      vertex 23.2336 63.6 9.83939
      vertex 23.0867 66 10.1499
      vertex 23.2336 66 9.83939
    endloop
  endfacet
  facet normal -0.903945 -0 -0.42765
    outer loop
      vertex 23.0867 66 10.1499
      vertex 23.2336 63.6 9.83939
      vertex 23.0867 63.6 10.1499
    endloop
  endfacet
  facet normal -0.671566 0 0.740944
    outer loop
      vertex 22.2204 66 5.79446
      vertex 22.4749 63.6 6.02513
      vertex 22.4749 66 6.02513
    endloop
  endfacet
  facet normal -0.671566 0 0.740944
    outer loop
      vertex 22.4749 63.6 6.02513
      vertex 22.2204 66 5.79446
      vertex 22.2204 63.6 5.79446
    endloop
  endfacet
  facet normal -0.998789 0 0.0492029
    outer loop
      vertex 23.4831 63.6 8.15694
      vertex 23.5 66 8.5
      vertex 23.4831 66 8.15694
    endloop
  endfacet
  facet normal -0.998789 0 0.0492029
    outer loop
      vertex 23.5 66 8.5
      vertex 23.4831 63.6 8.15694
      vertex 23.5 63.6 8.5
    endloop
  endfacet
  facet normal 0.0490519 0 0.998796
    outer loop
      vertex 19.6569 66 5.01685
      vertex 20 63.6 5
      vertex 20 66 5
    endloop
  endfacet
  facet normal 0.0490519 0 0.998796
    outer loop
      vertex 20 63.6 5
      vertex 19.6569 66 5.01685
      vertex 19.6569 63.6 5.01685
    endloop
  endfacet
  facet normal 0.741046 0 -0.671454
    outer loop
      vertex 17.5251 63.6 10.9749
      vertex 17.2945 66 10.7204
      vertex 17.5251 66 10.9749
    endloop
  endfacet
  facet normal 0.741046 0 -0.671454
    outer loop
      vertex 17.2945 66 10.7204
      vertex 17.5251 63.6 10.9749
      vertex 17.2945 63.6 10.7204
    endloop
  endfacet
  facet normal 0.14676 0 -0.989172
    outer loop
      vertex 19.3172 63.6 11.9327
      vertex 19.6569 66 11.9831
      vertex 19.6569 63.6 11.9831
    endloop
  endfacet
  facet normal 0.14676 0 -0.989172
    outer loop
      vertex 19.6569 66 11.9831
      vertex 19.3172 63.6 11.9327
      vertex 19.3172 66 11.9327
    endloop
  endfacet
  facet normal 0.336853 0 -0.941557
    outer loop
      vertex 18.6606 63.6 11.7336
      vertex 18.984 66 11.8493
      vertex 18.984 63.6 11.8493
    endloop
  endfacet
  facet normal 0.336853 0 -0.941557
    outer loop
      vertex 18.984 66 11.8493
      vertex 18.6606 63.6 11.7336
      vertex 18.6606 66 11.7336
    endloop
  endfacet
  facet normal 0.427661 0 -0.903939
    outer loop
      vertex 18.3501 63.6 11.5867
      vertex 18.6606 66 11.7336
      vertex 18.6606 63.6 11.7336
    endloop
  endfacet
  facet normal 0.427661 0 -0.903939
    outer loop
      vertex 18.6606 66 11.7336
      vertex 18.3501 63.6 11.5867
      vertex 18.3501 66 11.5867
    endloop
  endfacet
  facet normal 0.903945 0 -0.42765
    outer loop
      vertex 16.9133 63.6 10.1499
      vertex 16.7664 66 9.83939
      vertex 16.9133 66 10.1499
    endloop
  endfacet
  facet normal 0.903945 0 -0.42765
    outer loop
      vertex 16.7664 66 9.83939
      vertex 16.9133 63.6 10.1499
      vertex 16.7664 63.6 9.83939
    endloop
  endfacet
  facet normal 0.741033 -0 0.671469
    outer loop
      vertex 17.2945 63.6 6.27962
      vertex 17.5251 66 6.02513
      vertex 17.2945 66 6.27962
    endloop
  endfacet
  facet normal 0.741033 0 0.671469
    outer loop
      vertex 17.5251 66 6.02513
      vertex 17.2945 63.6 6.27962
      vertex 17.5251 63.6 6.02513
    endloop
  endfacet
  facet normal 0.671566 0 0.740944
    outer loop
      vertex 17.5251 66 6.02513
      vertex 17.7796 63.6 5.79446
      vertex 17.7796 66 5.79446
    endloop
  endfacet
  facet normal 0.671566 0 0.740944
    outer loop
      vertex 17.7796 63.6 5.79446
      vertex 17.5251 66 6.02513
      vertex 17.5251 63.6 6.02513
    endloop
  endfacet
  facet normal 0.989176 0 -0.146734
    outer loop
      vertex 16.5673 63.6 9.18282
      vertex 16.5169 66 8.84306
      vertex 16.5673 66 9.18282
    endloop
  endfacet
  facet normal 0.989176 0 -0.146734
    outer loop
      vertex 16.5169 66 8.84306
      vertex 16.5673 63.6 9.18282
      vertex 16.5169 63.6 8.84306
    endloop
  endfacet
  facet normal 0.970071 0 -0.242823
    outer loop
      vertex 16.6507 63.6 9.516
      vertex 16.5673 66 9.18282
      vertex 16.6507 66 9.516
    endloop
  endfacet
  facet normal 0.970071 0 -0.242823
    outer loop
      vertex 16.5673 66 9.18282
      vertex 16.6507 63.6 9.516
      vertex 16.5673 63.6 9.18282
    endloop
  endfacet
  facet normal 0.970071 -0 0.242823
    outer loop
      vertex 16.5673 63.6 7.81718
      vertex 16.6507 66 7.484
      vertex 16.5673 66 7.81718
    endloop
  endfacet
  facet normal 0.970071 0 0.242823
    outer loop
      vertex 16.6507 66 7.484
      vertex 16.5673 63.6 7.81718
      vertex 16.6507 63.6 7.484
    endloop
  endfacet
  facet normal 0.427542 0 0.903996
    outer loop
      vertex 18.3501 66 5.41327
      vertex 18.6606 63.6 5.26642
      vertex 18.6606 66 5.26642
    endloop
  endfacet
  facet normal 0.427542 0 0.903996
    outer loop
      vertex 18.6606 63.6 5.26642
      vertex 18.3501 66 5.41327
      vertex 18.3501 63.6 5.41327
    endloop
  endfacet
  facet normal -0.427542 0 0.903996
    outer loop
      vertex 21.3394 66 5.26642
      vertex 21.6499 63.6 5.41327
      vertex 21.6499 66 5.41327
    endloop
  endfacet
  facet normal -0.427542 0 0.903996
    outer loop
      vertex 21.6499 63.6 5.41327
      vertex 21.3394 66 5.26642
      vertex 21.3394 63.6 5.26642
    endloop
  endfacet
  facet normal -0.0490519 0 0.998796
    outer loop
      vertex 20 66 5
      vertex 20.3431 63.6 5.01685
      vertex 20.3431 66 5.01685
    endloop
  endfacet
  facet normal -0.0490519 0 0.998796
    outer loop
      vertex 20.3431 63.6 5.01685
      vertex 20 66 5
      vertex 20 63.6 5
    endloop
  endfacet
  facet normal -0.903939 0 0.427661
    outer loop
      vertex 23.0867 63.6 6.85011
      vertex 23.2336 66 7.16061
      vertex 23.0867 66 6.85011
    endloop
  endfacet
  facet normal -0.903939 0 0.427661
    outer loop
      vertex 23.2336 66 7.16061
      vertex 23.0867 63.6 6.85011
      vertex 23.2336 63.6 7.16061
    endloop
  endfacet
  facet normal 0.941554 0 -0.336862
    outer loop
      vertex 16.7664 63.6 9.83939
      vertex 16.6507 66 9.516
      vertex 16.7664 66 9.83939
    endloop
  endfacet
  facet normal 0.941554 0 -0.336862
    outer loop
      vertex 16.6507 66 9.516
      vertex 16.7664 63.6 9.83939
      vertex 16.6507 63.6 9.516
    endloop
  endfacet
  facet normal -0.24281 0 -0.970074
    outer loop
      vertex 20.6828 63.6 11.9327
      vertex 21.016 66 11.8493
      vertex 21.016 63.6 11.8493
    endloop
  endfacet
  facet normal -0.24281 0 -0.970074
    outer loop
      vertex 21.016 66 11.8493
      vertex 20.6828 63.6 11.9327
      vertex 20.6828 66 11.9327
    endloop
  endfacet
  facet normal -0.595659 0 0.803237
    outer loop
      vertex 21.9445 66 5.58986
      vertex 22.2204 63.6 5.79446
      vertex 22.2204 66 5.79446
    endloop
  endfacet
  facet normal -0.595659 0 0.803237
    outer loop
      vertex 22.2204 63.6 5.79446
      vertex 21.9445 66 5.58986
      vertex 21.9445 63.6 5.58986
    endloop
  endfacet
  facet normal 0.14676 0 0.989172
    outer loop
      vertex 19.3172 66 5.06725
      vertex 19.6569 63.6 5.01685
      vertex 19.6569 66 5.01685
    endloop
  endfacet
  facet normal 0.14676 0 0.989172
    outer loop
      vertex 19.6569 63.6 5.01685
      vertex 19.3172 66 5.06725
      vertex 19.3172 63.6 5.06725
    endloop
  endfacet
  facet normal 0.998789 0 -0.0492029
    outer loop
      vertex 16.5169 63.6 8.84306
      vertex 16.5 66 8.5
      vertex 16.5169 66 8.84306
    endloop
  endfacet
  facet normal 0.998789 0 -0.0492029
    outer loop
      vertex 16.5 66 8.5
      vertex 16.5169 63.6 8.84306
      vertex 16.5 63.6 8.5
    endloop
  endfacet
  facet normal -0.741033 0 0.671469
    outer loop
      vertex 22.4749 63.6 6.02513
      vertex 22.7055 66 6.27962
      vertex 22.4749 66 6.02513
    endloop
  endfacet
  facet normal -0.741033 0 0.671469
    outer loop
      vertex 22.7055 66 6.27962
      vertex 22.4749 63.6 6.02513
      vertex 22.7055 63.6 6.27962
    endloop
  endfacet
  facet normal 0.904125 0.427269 0
    outer loop
      vertex -22.6458 -53.0142 2.4
      vertex -22.7716 -52.748 1.2
      vertex -22.7716 -52.748 2.4
    endloop
  endfacet
  facet normal 0.904125 0.427269 0
    outer loop
      vertex -22.7716 -52.748 1.2
      vertex -22.6458 -53.0142 2.4
      vertex -22.6458 -53.0142 1.2
    endloop
  endfacet
  facet normal 0.998786 -0.0492599 0
    outer loop
      vertex -23 -15.6 2.4
      vertex -22.9855 -15.306 1.2
      vertex -22.9855 -15.306 2.4
    endloop
  endfacet
  facet normal 0.998786 -0.0492599 0
    outer loop
      vertex -22.9855 -15.306 1.2
      vertex -23 -15.6 2.4
      vertex -23 -15.6 1.2
    endloop
  endfacet
  facet normal 1 -0 0
    outer loop
      vertex -23 -51.6 2.4
      vertex -23 -15.6 1.2
      vertex -23 -15.6 2.4
    endloop
  endfacet
  facet normal 1 0 0
    outer loop
      vertex -23 -15.6 1.2
      vertex -23 -51.6 2.4
      vertex -23 -51.6 1.2
    endloop
  endfacet
  facet normal 0.941527 0.336939 0
    outer loop
      vertex -22.7716 -52.748 2.4
      vertex -22.8708 -52.4708 1.2
      vertex -22.8708 -52.4708 2.4
    endloop
  endfacet
  facet normal 0.941527 0.336939 0
    outer loop
      vertex -22.8708 -52.4708 1.2
      vertex -22.7716 -52.748 2.4
      vertex -22.7716 -52.748 1.2
    endloop
  endfacet
  facet normal -1 0 0
    outer loop
      vertex 23 -51.6 1.2
      vertex 23 -15.6 2.4
      vertex 23 -15.6 1.2
    endloop
  endfacet
  facet normal -1 -0 0
    outer loop
      vertex 23 -15.6 2.4
      vertex 23 -51.6 1.2
      vertex 23 -51.6 2.4
    endloop
  endfacet
  facet normal 0.969962 0.243255 0
    outer loop
      vertex -22.8708 -52.4708 2.4
      vertex -22.9424 -52.1853 1.2
      vertex -22.9424 -52.1853 2.4
    endloop
  endfacet
  facet normal 0.969962 0.243255 0
    outer loop
      vertex -22.9424 -52.1853 1.2
      vertex -22.8708 -52.4708 2.4
      vertex -22.8708 -52.4708 1.2
    endloop
  endfacet
  facet normal -0.857643 -0.514246 0
    outer loop
      vertex 22.6458 -14.1858 1.2
      vertex 22.4944 -13.9333 2.4
      vertex 22.4944 -13.9333 1.2
    endloop
  endfacet
  facet normal -0.857643 -0.514246 0
    outer loop
      vertex 22.4944 -13.9333 2.4
      vertex 22.6458 -14.1858 1.2
      vertex 22.6458 -14.1858 2.4
    endloop
  endfacet
  facet normal 0.595699 -0.803208 0
    outer loop
      vertex -21.9032 -13.281 1.2
      vertex -21.6667 -13.1056 2.4
      vertex -21.9032 -13.281 2.4
    endloop
  endfacet
  facet normal 0.595699 -0.803208 0
    outer loop
      vertex -21.6667 -13.1056 2.4
      vertex -21.9032 -13.281 1.2
      vertex -21.6667 -13.1056 1.2
    endloop
  endfacet
  facet normal 0.427269 0.904125 -0
    outer loop
      vertex -21.148 -54.3716 1.2
      vertex -21.4142 -54.2458 2.4
      vertex -21.148 -54.3716 2.4
    endloop
  endfacet
  facet normal 0.427269 0.904125 0
    outer loop
      vertex -21.4142 -54.2458 2.4
      vertex -21.148 -54.3716 1.2
      vertex -21.4142 -54.2458 1.2
    endloop
  endfacet
  facet normal -0.336939 -0.941527 0
    outer loop
      vertex 20.8708 -12.7292 1.2
      vertex 21.148 -12.8284 2.4
      vertex 20.8708 -12.7292 2.4
    endloop
  endfacet
  facet normal -0.336939 -0.941527 -0
    outer loop
      vertex 21.148 -12.8284 2.4
      vertex 20.8708 -12.7292 1.2
      vertex 21.148 -12.8284 1.2
    endloop
  endfacet
  facet normal 0.740908 -0.671607 0
    outer loop
      vertex -22.319 -13.6968 2.4
      vertex -22.1213 -13.4787 1.2
      vertex -22.1213 -13.4787 2.4
    endloop
  endfacet
  facet normal 0.740908 -0.671607 0
    outer loop
      vertex -22.1213 -13.4787 1.2
      vertex -22.319 -13.6968 2.4
      vertex -22.319 -13.6968 1.2
    endloop
  endfacet
  facet normal -0.595699 -0.803208 0
    outer loop
      vertex 21.6667 -13.1056 1.2
      vertex 21.9032 -13.281 2.4
      vertex 21.6667 -13.1056 2.4
    endloop
  endfacet
  facet normal -0.595699 -0.803208 -0
    outer loop
      vertex 21.9032 -13.281 2.4
      vertex 21.6667 -13.1056 1.2
      vertex 21.9032 -13.281 1.2
    endloop
  endfacet
  facet normal -0.0489209 -0.998803 0
    outer loop
      vertex 20 -12.6 1.2
      vertex 20.294 -12.6144 2.4
      vertex 20 -12.6 2.4
    endloop
  endfacet
  facet normal -0.0489209 -0.998803 -0
    outer loop
      vertex 20.294 -12.6144 2.4
      vertex 20 -12.6 1.2
      vertex 20.294 -12.6144 1.2
    endloop
  endfacet
  facet normal 0 1 -0
    outer loop
      vertex 20 -54.6 1.2
      vertex -20 -54.6 2.4
      vertex 20 -54.6 2.4
    endloop
  endfacet
  facet normal 0 1 0
    outer loop
      vertex -20 -54.6 2.4
      vertex 20 -54.6 1.2
      vertex -20 -54.6 1.2
    endloop
  endfacet
  facet normal 0.427269 -0.904125 0
    outer loop
      vertex -21.4142 -12.9542 1.2
      vertex -21.148 -12.8284 2.4
      vertex -21.4142 -12.9542 2.4
    endloop
  endfacet
  facet normal 0.427269 -0.904125 0
    outer loop
      vertex -21.148 -12.8284 2.4
      vertex -21.4142 -12.9542 1.2
      vertex -21.148 -12.8284 1.2
    endloop
  endfacet
  facet normal 0.989231 -0.146364 0
    outer loop
      vertex -22.9855 -15.306 2.4
      vertex -22.9424 -15.0147 1.2
      vertex -22.9424 -15.0147 2.4
    endloop
  endfacet
  facet normal 0.989231 -0.146364 0
    outer loop
      vertex -22.9424 -15.0147 1.2
      vertex -22.9855 -15.306 2.4
      vertex -22.9855 -15.306 1.2
    endloop
  endfacet
  facet normal -0.671607 -0.740908 0
    outer loop
      vertex 21.9032 -13.281 1.2
      vertex 22.1213 -13.4787 2.4
      vertex 21.9032 -13.281 2.4
    endloop
  endfacet
  facet normal -0.671607 -0.740908 -0
    outer loop
      vertex 22.1213 -13.4787 2.4
      vertex 21.9032 -13.281 1.2
      vertex 22.1213 -13.4787 1.2
    endloop
  endfacet
  facet normal 0 -1 0
    outer loop
      vertex -20 -12.6 1.2
      vertex 20 -12.6 2.4
      vertex -20 -12.6 2.4
    endloop
  endfacet
  facet normal 0 -1 -0
    outer loop
      vertex 20 -12.6 2.4
      vertex -20 -12.6 1.2
      vertex 20 -12.6 1.2
    endloop
  endfacet
  facet normal -0.671607 0.740908 0
    outer loop
      vertex 22.1213 -53.7213 1.2
      vertex 21.9032 -53.919 2.4
      vertex 22.1213 -53.7213 2.4
    endloop
  endfacet
  facet normal -0.671607 0.740908 0
    outer loop
      vertex 21.9032 -53.919 2.4
      vertex 22.1213 -53.7213 1.2
      vertex 21.9032 -53.919 1.2
    endloop
  endfacet
  facet normal -0.146696 -0.989182 0
    outer loop
      vertex 20.294 -12.6144 1.2
      vertex 20.5853 -12.6576 2.4
      vertex 20.294 -12.6144 2.4
    endloop
  endfacet
  facet normal -0.146696 -0.989182 -0
    outer loop
      vertex 20.5853 -12.6576 2.4
      vertex 20.294 -12.6144 1.2
      vertex 20.5853 -12.6576 1.2
    endloop
  endfacet
  facet normal 0.336939 0.941527 -0
    outer loop
      vertex -20.8708 -54.4708 1.2
      vertex -21.148 -54.3716 2.4
      vertex -20.8708 -54.4708 2.4
    endloop
  endfacet
  facet normal 0.336939 0.941527 0
    outer loop
      vertex -21.148 -54.3716 2.4
      vertex -20.8708 -54.4708 1.2
      vertex -21.148 -54.3716 1.2
    endloop
  endfacet
  facet normal 0.0492599 0.998786 -0
    outer loop
      vertex -20 -54.6 1.2
      vertex -20.294 -54.5855 2.4
      vertex -20 -54.6 2.4
    endloop
  endfacet
  facet normal 0.0492599 0.998786 0
    outer loop
      vertex -20.294 -54.5855 2.4
      vertex -20 -54.6 1.2
      vertex -20.294 -54.5855 1.2
    endloop
  endfacet
  facet normal -0.803208 -0.595699 0
    outer loop
      vertex 22.4944 -13.9333 1.2
      vertex 22.319 -13.6968 2.4
      vertex 22.319 -13.6968 1.2
    endloop
  endfacet
  facet normal -0.803208 -0.595699 0
    outer loop
      vertex 22.319 -13.6968 2.4
      vertex 22.4944 -13.9333 1.2
      vertex 22.4944 -13.9333 2.4
    endloop
  endfacet
  facet normal 0.989231 0.146364 0
    outer loop
      vertex -22.9424 -52.1853 2.4
      vertex -22.9855 -51.894 1.2
      vertex -22.9855 -51.894 2.4
    endloop
  endfacet
  facet normal 0.989231 0.146364 0
    outer loop
      vertex -22.9855 -51.894 1.2
      vertex -22.9424 -52.1853 2.4
      vertex -22.9424 -52.1853 1.2
    endloop
  endfacet
  facet normal 0.969982 -0.243175 0
    outer loop
      vertex -22.9424 -15.0147 2.4
      vertex -22.8708 -14.7291 1.2
      vertex -22.8708 -14.7291 2.4
    endloop
  endfacet
  facet normal 0.969982 -0.243175 0
    outer loop
      vertex -22.8708 -14.7291 1.2
      vertex -22.9424 -15.0147 2.4
      vertex -22.9424 -15.0147 1.2
    endloop
  endfacet
  facet normal 0.803208 -0.595699 0
    outer loop
      vertex -22.4944 -13.9333 2.4
      vertex -22.319 -13.6968 1.2
      vertex -22.319 -13.6968 2.4
    endloop
  endfacet
  facet normal 0.803208 -0.595699 0
    outer loop
      vertex -22.319 -13.6968 1.2
      vertex -22.4944 -13.9333 2.4
      vertex -22.4944 -13.9333 1.2
    endloop
  endfacet
  facet normal 0.857643 -0.514246 0
    outer loop
      vertex -22.6458 -14.1858 2.4
      vertex -22.4944 -13.9333 1.2
      vertex -22.4944 -13.9333 2.4
    endloop
  endfacet
  facet normal 0.857643 -0.514246 0
    outer loop
      vertex -22.4944 -13.9333 1.2
      vertex -22.6458 -14.1858 2.4
      vertex -22.6458 -14.1858 1.2
    endloop
  endfacet
  facet normal -0.941488 -0.337047 0
    outer loop
      vertex 22.8708 -14.7291 1.2
      vertex 22.7716 -14.452 2.4
      vertex 22.7716 -14.452 1.2
    endloop
  endfacet
  facet normal -0.941488 -0.337047 0
    outer loop
      vertex 22.7716 -14.452 2.4
      vertex 22.8708 -14.7291 1.2
      vertex 22.8708 -14.7291 2.4
    endloop
  endfacet
  facet normal 0.514246 -0.857643 0
    outer loop
      vertex -21.6667 -13.1056 1.2
      vertex -21.4142 -12.9542 2.4
      vertex -21.6667 -13.1056 2.4
    endloop
  endfacet
  facet normal 0.514246 -0.857643 0
    outer loop
      vertex -21.4142 -12.9542 2.4
      vertex -21.6667 -13.1056 1.2
      vertex -21.4142 -12.9542 1.2
    endloop
  endfacet
  facet normal -0.989231 0.146364 0
    outer loop
      vertex 22.9424 -52.1853 1.2
      vertex 22.9855 -51.894 2.4
      vertex 22.9855 -51.894 1.2
    endloop
  endfacet
  facet normal -0.989231 0.146364 0
    outer loop
      vertex 22.9855 -51.894 2.4
      vertex 22.9424 -52.1853 1.2
      vertex 22.9424 -52.1853 2.4
    endloop
  endfacet
  facet normal -0.904125 0.427269 0
    outer loop
      vertex 22.6458 -53.0142 1.2
      vertex 22.7716 -52.748 2.4
      vertex 22.7716 -52.748 1.2
    endloop
  endfacet
  facet normal -0.904125 0.427269 0
    outer loop
      vertex 22.7716 -52.748 2.4
      vertex 22.6458 -53.0142 1.2
      vertex 22.6458 -53.0142 2.4
    endloop
  endfacet
  facet normal 0.671607 -0.740908 0
    outer loop
      vertex -22.1213 -13.4787 1.2
      vertex -21.9032 -13.281 2.4
      vertex -22.1213 -13.4787 2.4
    endloop
  endfacet
  facet normal 0.671607 -0.740908 0
    outer loop
      vertex -21.9032 -13.281 2.4
      vertex -22.1213 -13.4787 1.2
      vertex -21.9032 -13.281 1.2
    endloop
  endfacet
  facet normal 0.595699 0.803208 -0
    outer loop
      vertex -21.6667 -54.0944 1.2
      vertex -21.9032 -53.919 2.4
      vertex -21.6667 -54.0944 2.4
    endloop
  endfacet
  facet normal 0.595699 0.803208 0
    outer loop
      vertex -21.9032 -53.919 2.4
      vertex -21.6667 -54.0944 1.2
      vertex -21.9032 -53.919 1.2
    endloop
  endfacet
  facet normal -0.998786 -0.0492599 0
    outer loop
      vertex 23 -15.6 1.2
      vertex 22.9855 -15.306 2.4
      vertex 22.9855 -15.306 1.2
    endloop
  endfacet
  facet normal -0.998786 -0.0492599 0
    outer loop
      vertex 22.9855 -15.306 2.4
      vertex 23 -15.6 1.2
      vertex 23 -15.6 2.4
    endloop
  endfacet
  facet normal -0.740908 -0.671607 0
    outer loop
      vertex 22.319 -13.6968 1.2
      vertex 22.1213 -13.4787 2.4
      vertex 22.1213 -13.4787 1.2
    endloop
  endfacet
  facet normal -0.740908 -0.671607 0
    outer loop
      vertex 22.1213 -13.4787 2.4
      vertex 22.319 -13.6968 1.2
      vertex 22.319 -13.6968 2.4
    endloop
  endfacet
  facet normal 0.998786 0.0492599 0
    outer loop
      vertex -22.9855 -51.894 2.4
      vertex -23 -51.6 1.2
      vertex -23 -51.6 2.4
    endloop
  endfacet
  facet normal 0.998786 0.0492599 0
    outer loop
      vertex -23 -51.6 1.2
      vertex -22.9855 -51.894 2.4
      vertex -22.9855 -51.894 1.2
    endloop
  endfacet
  facet normal -0.595699 0.803208 0
    outer loop
      vertex 21.9032 -53.919 1.2
      vertex 21.6667 -54.0944 2.4
      vertex 21.9032 -53.919 2.4
    endloop
  endfacet
  facet normal -0.595699 0.803208 0
    outer loop
      vertex 21.6667 -54.0944 2.4
      vertex 21.9032 -53.919 1.2
      vertex 21.6667 -54.0944 1.2
    endloop
  endfacet
  facet normal -0.969982 -0.243175 0
    outer loop
      vertex 22.9424 -15.0147 1.2
      vertex 22.8708 -14.7291 2.4
      vertex 22.8708 -14.7291 1.2
    endloop
  endfacet
  facet normal -0.969982 -0.243175 0
    outer loop
      vertex 22.8708 -14.7291 2.4
      vertex 22.9424 -15.0147 1.2
      vertex 22.9424 -15.0147 2.4
    endloop
  endfacet
  facet normal -0.514246 0.857643 0
    outer loop
      vertex 21.6667 -54.0944 1.2
      vertex 21.4142 -54.2458 2.4
      vertex 21.6667 -54.0944 2.4
    endloop
  endfacet
  facet normal -0.514246 0.857643 0
    outer loop
      vertex 21.4142 -54.2458 2.4
      vertex 21.6667 -54.0944 1.2
      vertex 21.4142 -54.2458 1.2
    endloop
  endfacet
  facet normal -0.243255 0.969962 0
    outer loop
      vertex 20.8708 -54.4708 1.2
      vertex 20.5853 -54.5424 2.4
      vertex 20.8708 -54.4708 2.4
    endloop
  endfacet
  facet normal -0.243255 0.969962 0
    outer loop
      vertex 20.5853 -54.5424 2.4
      vertex 20.8708 -54.4708 1.2
      vertex 20.5853 -54.5424 1.2
    endloop
  endfacet
  facet normal 0 0 1
    outer loop
      vertex 20 -12.6 1.2
      vertex 23 -15.6 1.2
      vertex 22.9855 -15.306 1.2
    endloop
  endfacet
  facet normal 0 0 1
    outer loop
      vertex 23 -15.6 1.2
      vertex 20 -12.6 1.2
      vertex 23 -51.6 1.2
    endloop
  endfacet
  facet normal 0 0 1
    outer loop
      vertex 20 -12.6 1.2
      vertex 22.9855 -15.306 1.2
      vertex 22.9424 -15.0147 1.2
    endloop
  endfacet
  facet normal 0 0 1
    outer loop
      vertex 20 -54.6 1.2
      vertex 23 -51.6 1.2
      vertex 20 -12.6 1.2
    endloop
  endfacet
  facet normal 0 0 1
    outer loop
      vertex 20 -12.6 1.2
      vertex 22.9424 -15.0147 1.2
      vertex 22.8708 -14.7291 1.2
    endloop
  endfacet
  facet normal 0 0 1
    outer loop
      vertex 23 -51.6 1.2
      vertex 20 -54.6 1.2
      vertex 22.9855 -51.894 1.2
    endloop
  endfacet
  facet normal 0 0 1
    outer loop
      vertex 20 -12.6 1.2
      vertex 22.8708 -14.7291 1.2
      vertex 22.7716 -14.452 1.2
    endloop
  endfacet
  facet normal 0 0 1
    outer loop
      vertex 22.9855 -51.894 1.2
      vertex 20 -54.6 1.2
      vertex 22.9424 -52.1853 1.2
    endloop
  endfacet
  facet normal 0 0 1
    outer loop
      vertex 20 -12.6 1.2
      vertex 22.7716 -14.452 1.2
      vertex 22.6458 -14.1858 1.2
    endloop
  endfacet
  facet normal 0 0 1
    outer loop
      vertex 22.9424 -52.1853 1.2
      vertex 20 -54.6 1.2
      vertex 22.8708 -52.4708 1.2
    endloop
  endfacet
  facet normal 0 0 1
    outer loop
      vertex 20 -12.6 1.2
      vertex 22.6458 -14.1858 1.2
      vertex 22.4944 -13.9333 1.2
    endloop
  endfacet
  facet normal 0 0 1
    outer loop
      vertex 22.8708 -52.4708 1.2
      vertex 20 -54.6 1.2
      vertex 22.7716 -52.748 1.2
    endloop
  endfacet
  facet normal 0 0 1
    outer loop
      vertex 20 -12.6 1.2
      vertex 22.4944 -13.9333 1.2
      vertex 22.319 -13.6968 1.2
    endloop
  endfacet
  facet normal 0 0 1
    outer loop
      vertex 22.7716 -52.748 1.2
      vertex 20 -54.6 1.2
      vertex 22.6458 -53.0142 1.2
    endloop
  endfacet
  facet normal 0 0 1
    outer loop
      vertex 20 -12.6 1.2
      vertex 22.319 -13.6968 1.2
      vertex 22.1213 -13.4787 1.2
    endloop
  endfacet
  facet normal 0 0 1
    outer loop
      vertex 22.6458 -53.0142 1.2
      vertex 20 -54.6 1.2
      vertex 22.4944 -53.2667 1.2
    endloop
  endfacet
  facet normal 0 0 1
    outer loop
      vertex 20 -12.6 1.2
      vertex 22.1213 -13.4787 1.2
      vertex 21.9032 -13.281 1.2
    endloop
  endfacet
  facet normal 0 0 1
    outer loop
      vertex 22.4944 -53.2667 1.2
      vertex 20 -54.6 1.2
      vertex 22.319 -53.5032 1.2
    endloop
  endfacet
  facet normal 0 0 1
    outer loop
      vertex 20 -12.6 1.2
      vertex 21.9032 -13.281 1.2
      vertex 21.6667 -13.1056 1.2
    endloop
  endfacet
  facet normal 0 0 1
    outer loop
      vertex 22.319 -53.5032 1.2
      vertex 20 -54.6 1.2
      vertex 22.1213 -53.7213 1.2
    endloop
  endfacet
  facet normal 0 0 1
    outer loop
      vertex 20 -12.6 1.2
      vertex 21.6667 -13.1056 1.2
      vertex 21.4142 -12.9542 1.2
    endloop
  endfacet
  facet normal 0 0 1
    outer loop
      vertex 22.1213 -53.7213 1.2
      vertex 20 -54.6 1.2
      vertex 21.9032 -53.919 1.2
    endloop
  endfacet
  facet normal 0 0 1
    outer loop
      vertex 20 -12.6 1.2
      vertex 21.4142 -12.9542 1.2
      vertex 21.148 -12.8284 1.2
    endloop
  endfacet
  facet normal 0 0 1
    outer loop
      vertex 21.9032 -53.919 1.2
      vertex 20 -54.6 1.2
      vertex 21.6667 -54.0944 1.2
    endloop
  endfacet
  facet normal 0 0 1
    outer loop
      vertex 20 -12.6 1.2
      vertex 21.148 -12.8284 1.2
      vertex 20.8708 -12.7292 1.2
    endloop
  endfacet
  facet normal 0 0 1
    outer loop
      vertex 21.6667 -54.0944 1.2
      vertex 20 -54.6 1.2
      vertex 21.4142 -54.2458 1.2
    endloop
  endfacet
  facet normal 0 0 1
    outer loop
      vertex 20 -12.6 1.2
      vertex 20.8708 -12.7292 1.2
      vertex 20.5853 -12.6576 1.2
    endloop
  endfacet
  facet normal 0 0 1
    outer loop
      vertex 21.4142 -54.2458 1.2
      vertex 20 -54.6 1.2
      vertex 21.148 -54.3716 1.2
    endloop
  endfacet
  facet normal 0 0 1
    outer loop
      vertex 20 -12.6 1.2
      vertex 20.5853 -12.6576 1.2
      vertex 20.294 -12.6144 1.2
    endloop
  endfacet
  facet normal 0 0 1
    outer loop
      vertex 21.148 -54.3716 1.2
      vertex 20 -54.6 1.2
      vertex 20.8708 -54.4708 1.2
    endloop
  endfacet
  facet normal 0 0 1
    outer loop
      vertex 20.8708 -54.4708 1.2
      vertex 20 -54.6 1.2
      vertex 20.5853 -54.5424 1.2
    endloop
  endfacet
  facet normal 0 0 1
    outer loop
      vertex 20.5853 -54.5424 1.2
      vertex 20 -54.6 1.2
      vertex 20.294 -54.5855 1.2
    endloop
  endfacet
  facet normal -0 0 1
    outer loop
      vertex -20 -12.6 1.2
      vertex 20 -54.6 1.2
      vertex 20 -12.6 1.2
    endloop
  endfacet
  facet normal 0 0 1
    outer loop
      vertex -20 -12.6 1.2
      vertex -20 -54.6 1.2
      vertex 20 -54.6 1.2
    endloop
  endfacet
  facet normal 0 0 1
    outer loop
      vertex -23 -15.6 1.2
      vertex -20 -12.6 1.2
      vertex -20.294 -12.6144 1.2
    endloop
  endfacet
  facet normal 0 0 1
    outer loop
      vertex -20 -12.6 1.2
      vertex -23 -15.6 1.2
      vertex -20 -54.6 1.2
    endloop
  endfacet
  facet normal 0 0 1
    outer loop
      vertex -23 -15.6 1.2
      vertex -20.294 -12.6144 1.2
      vertex -20.5853 -12.6576 1.2
    endloop
  endfacet
  facet normal -0 0 1
    outer loop
      vertex -23 -51.6 1.2
      vertex -20 -54.6 1.2
      vertex -23 -15.6 1.2
    endloop
  endfacet
  facet normal 0 0 1
    outer loop
      vertex -23 -15.6 1.2
      vertex -20.5853 -12.6576 1.2
      vertex -20.8708 -12.7292 1.2
    endloop
  endfacet
  facet normal 0 0 1
    outer loop
      vertex -20 -54.6 1.2
      vertex -23 -51.6 1.2
      vertex -20.294 -54.5855 1.2
    endloop
  endfacet
  facet normal 0 0 1
    outer loop
      vertex -23 -15.6 1.2
      vertex -20.8708 -12.7292 1.2
      vertex -21.148 -12.8284 1.2
    endloop
  endfacet
  facet normal 0 0 1
    outer loop
      vertex -20.294 -54.5855 1.2
      vertex -23 -51.6 1.2
      vertex -20.5853 -54.5424 1.2
    endloop
  endfacet
  facet normal 0 0 1
    outer loop
      vertex -23 -15.6 1.2
      vertex -21.148 -12.8284 1.2
      vertex -21.4142 -12.9542 1.2
    endloop
  endfacet
  facet normal 0 0 1
    outer loop
      vertex -20.5853 -54.5424 1.2
      vertex -23 -51.6 1.2
      vertex -20.8708 -54.4708 1.2
    endloop
  endfacet
  facet normal 0 0 1
    outer loop
      vertex -23 -15.6 1.2
      vertex -21.4142 -12.9542 1.2
      vertex -21.6667 -13.1056 1.2
    endloop
  endfacet
  facet normal 0 0 1
    outer loop
      vertex -20.8708 -54.4708 1.2
      vertex -23 -51.6 1.2
      vertex -21.148 -54.3716 1.2
    endloop
  endfacet
  facet normal 0 0 1
    outer loop
      vertex -23 -15.6 1.2
      vertex -21.6667 -13.1056 1.2
      vertex -21.9032 -13.281 1.2
    endloop
  endfacet
  facet normal 0 0 1
    outer loop
      vertex -21.148 -54.3716 1.2
      vertex -23 -51.6 1.2
      vertex -21.4142 -54.2458 1.2
    endloop
  endfacet
  facet normal 0 0 1
    outer loop
      vertex -23 -15.6 1.2
      vertex -21.9032 -13.281 1.2
      vertex -22.1213 -13.4787 1.2
    endloop
  endfacet
  facet normal 0 0 1
    outer loop
      vertex -21.4142 -54.2458 1.2
      vertex -23 -51.6 1.2
      vertex -21.6667 -54.0944 1.2
    endloop
  endfacet
  facet normal 0 0 1
    outer loop
      vertex -23 -15.6 1.2
      vertex -22.1213 -13.4787 1.2
      vertex -22.319 -13.6968 1.2
    endloop
  endfacet
  facet normal 0 0 1
    outer loop
      vertex -21.6667 -54.0944 1.2
      vertex -23 -51.6 1.2
      vertex -21.9032 -53.919 1.2
    endloop
  endfacet
  facet normal 0 0 1
    outer loop
      vertex -23 -15.6 1.2
      vertex -22.319 -13.6968 1.2
      vertex -22.4944 -13.9333 1.2
    endloop
  endfacet
  facet normal 0 0 1
    outer loop
      vertex -21.9032 -53.919 1.2
      vertex -23 -51.6 1.2
      vertex -22.1213 -53.7213 1.2
    endloop
  endfacet
  facet normal 0 0 1
    outer loop
      vertex -23 -15.6 1.2
      vertex -22.4944 -13.9333 1.2
      vertex -22.6458 -14.1858 1.2
    endloop
  endfacet
  facet normal 0 0 1
    outer loop
      vertex -22.1213 -53.7213 1.2
      vertex -23 -51.6 1.2
      vertex -22.319 -53.5032 1.2
    endloop
  endfacet
  facet normal 0 0 1
    outer loop
      vertex -23 -15.6 1.2
      vertex -22.6458 -14.1858 1.2
      vertex -22.7716 -14.452 1.2
    endloop
  endfacet
  facet normal 0 0 1
    outer loop
      vertex -22.319 -53.5032 1.2
      vertex -23 -51.6 1.2
      vertex -22.4944 -53.2667 1.2
    endloop
  endfacet
  facet normal 0 0 1
    outer loop
      vertex -23 -15.6 1.2
      vertex -22.7716 -14.452 1.2
      vertex -22.8708 -14.7291 1.2
    endloop
  endfacet
  facet normal 0 0 1
    outer loop
      vertex -22.4944 -53.2667 1.2
      vertex -23 -51.6 1.2
      vertex -22.6458 -53.0142 1.2
    endloop
  endfacet
  facet normal 0 0 1
    outer loop
      vertex -23 -15.6 1.2
      vertex -22.8708 -14.7291 1.2
      vertex -22.9424 -15.0147 1.2
    endloop
  endfacet
  facet normal 0 0 1
    outer loop
      vertex -22.6458 -53.0142 1.2
      vertex -23 -51.6 1.2
      vertex -22.7716 -52.748 1.2
    endloop
  endfacet
  facet normal 0 0 1
    outer loop
      vertex -23 -15.6 1.2
      vertex -22.9424 -15.0147 1.2
      vertex -22.9855 -15.306 1.2
    endloop
  endfacet
  facet normal 0 0 1
    outer loop
      vertex -22.7716 -52.748 1.2
      vertex -23 -51.6 1.2
      vertex -22.8708 -52.4708 1.2
    endloop
  endfacet
  facet normal 0 0 1
    outer loop
      vertex -22.8708 -52.4708 1.2
      vertex -23 -51.6 1.2
      vertex -22.9424 -52.1853 1.2
    endloop
  endfacet
  facet normal 0 0 1
    outer loop
      vertex -22.9424 -52.1853 1.2
      vertex -23 -51.6 1.2
      vertex -22.9855 -51.894 1.2
    endloop
  endfacet
  facet normal -0.904125 -0.427269 0
    outer loop
      vertex 22.7716 -14.452 1.2
      vertex 22.6458 -14.1858 2.4
      vertex 22.6458 -14.1858 1.2
    endloop
  endfacet
  facet normal -0.904125 -0.427269 0
    outer loop
      vertex 22.6458 -14.1858 2.4
      vertex 22.7716 -14.452 1.2
      vertex 22.7716 -14.452 2.4
    endloop
  endfacet
  facet normal -0.989231 -0.146364 0
    outer loop
      vertex 22.9855 -15.306 1.2
      vertex 22.9424 -15.0147 2.4
      vertex 22.9424 -15.0147 1.2
    endloop
  endfacet
  facet normal -0.989231 -0.146364 0
    outer loop
      vertex 22.9424 -15.0147 2.4
      vertex 22.9855 -15.306 1.2
      vertex 22.9855 -15.306 2.4
    endloop
  endfacet
  facet normal 0.0489209 -0.998803 0
    outer loop
      vertex -20.294 -12.6144 1.2
      vertex -20 -12.6 2.4
      vertex -20.294 -12.6144 2.4
    endloop
  endfacet
  facet normal 0.0489209 -0.998803 0
    outer loop
      vertex -20 -12.6 2.4
      vertex -20.294 -12.6144 1.2
      vertex -20 -12.6 1.2
    endloop
  endfacet
  facet normal 0.146696 -0.989182 0
    outer loop
      vertex -20.5853 -12.6576 1.2
      vertex -20.294 -12.6144 2.4
      vertex -20.5853 -12.6576 2.4
    endloop
  endfacet
  facet normal 0.146696 -0.989182 0
    outer loop
      vertex -20.294 -12.6144 2.4
      vertex -20.5853 -12.6576 1.2
      vertex -20.294 -12.6144 1.2
    endloop
  endfacet
  facet normal -0.514246 -0.857643 0
    outer loop
      vertex 21.4142 -12.9542 1.2
      vertex 21.6667 -13.1056 2.4
      vertex 21.4142 -12.9542 2.4
    endloop
  endfacet
  facet normal -0.514246 -0.857643 -0
    outer loop
      vertex 21.6667 -13.1056 2.4
      vertex 21.4142 -12.9542 1.2
      vertex 21.6667 -13.1056 1.2
    endloop
  endfacet
  facet normal 0.146364 0.989231 -0
    outer loop
      vertex -20.294 -54.5855 1.2
      vertex -20.5853 -54.5424 2.4
      vertex -20.294 -54.5855 2.4
    endloop
  endfacet
  facet normal 0.146364 0.989231 0
    outer loop
      vertex -20.5853 -54.5424 2.4
      vertex -20.294 -54.5855 1.2
      vertex -20.5853 -54.5424 1.2
    endloop
  endfacet
  facet normal 0.941488 -0.337047 0
    outer loop
      vertex -22.8708 -14.7291 2.4
      vertex -22.7716 -14.452 1.2
      vertex -22.7716 -14.452 2.4
    endloop
  endfacet
  facet normal 0.941488 -0.337047 0
    outer loop
      vertex -22.7716 -14.452 1.2
      vertex -22.8708 -14.7291 2.4
      vertex -22.8708 -14.7291 1.2
    endloop
  endfacet
  facet normal -0.427269 0.904125 0
    outer loop
      vertex 21.4142 -54.2458 1.2
      vertex 21.148 -54.3716 2.4
      vertex 21.4142 -54.2458 2.4
    endloop
  endfacet
  facet normal -0.427269 0.904125 0
    outer loop
      vertex 21.148 -54.3716 2.4
      vertex 21.4142 -54.2458 1.2
      vertex 21.148 -54.3716 1.2
    endloop
  endfacet
  facet normal 0.671607 0.740908 -0
    outer loop
      vertex -21.9032 -53.919 1.2
      vertex -22.1213 -53.7213 2.4
      vertex -21.9032 -53.919 2.4
    endloop
  endfacet
  facet normal 0.671607 0.740908 0
    outer loop
      vertex -22.1213 -53.7213 2.4
      vertex -21.9032 -53.919 1.2
      vertex -22.1213 -53.7213 1.2
    endloop
  endfacet
  facet normal -0.740908 0.671607 0
    outer loop
      vertex 22.1213 -53.7213 1.2
      vertex 22.319 -53.5032 2.4
      vertex 22.319 -53.5032 1.2
    endloop
  endfacet
  facet normal -0.740908 0.671607 0
    outer loop
      vertex 22.319 -53.5032 2.4
      vertex 22.1213 -53.7213 1.2
      vertex 22.1213 -53.7213 2.4
    endloop
  endfacet
  facet normal -0.243255 -0.969962 0
    outer loop
      vertex 20.5853 -12.6576 1.2
      vertex 20.8708 -12.7292 2.4
      vertex 20.5853 -12.6576 2.4
    endloop
  endfacet
  facet normal -0.243255 -0.969962 -0
    outer loop
      vertex 20.8708 -12.7292 2.4
      vertex 20.5853 -12.6576 1.2
      vertex 20.8708 -12.7292 1.2
    endloop
  endfacet
  facet normal -0.803208 0.595699 0
    outer loop
      vertex 22.319 -53.5032 1.2
      vertex 22.4944 -53.2667 2.4
      vertex 22.4944 -53.2667 1.2
    endloop
  endfacet
  facet normal -0.803208 0.595699 0
    outer loop
      vertex 22.4944 -53.2667 2.4
      vertex 22.319 -53.5032 1.2
      vertex 22.319 -53.5032 2.4
    endloop
  endfacet
  facet normal 0.243255 0.969962 -0
    outer loop
      vertex -20.5853 -54.5424 1.2
      vertex -20.8708 -54.4708 2.4
      vertex -20.5853 -54.5424 2.4
    endloop
  endfacet
  facet normal 0.243255 0.969962 0
    outer loop
      vertex -20.8708 -54.4708 2.4
      vertex -20.5853 -54.5424 1.2
      vertex -20.8708 -54.4708 1.2
    endloop
  endfacet
  facet normal -0.427269 -0.904125 0
    outer loop
      vertex 21.148 -12.8284 1.2
      vertex 21.4142 -12.9542 2.4
      vertex 21.148 -12.8284 2.4
    endloop
  endfacet
  facet normal -0.427269 -0.904125 -0
    outer loop
      vertex 21.4142 -12.9542 2.4
      vertex 21.148 -12.8284 1.2
      vertex 21.4142 -12.9542 1.2
    endloop
  endfacet
  facet normal 0.243255 -0.969962 0
    outer loop
      vertex -20.8708 -12.7292 1.2
      vertex -20.5853 -12.6576 2.4
      vertex -20.8708 -12.7292 2.4
    endloop
  endfacet
  facet normal 0.243255 -0.969962 0
    outer loop
      vertex -20.5853 -12.6576 2.4
      vertex -20.8708 -12.7292 1.2
      vertex -20.5853 -12.6576 1.2
    endloop
  endfacet
  facet normal 0.904125 -0.427269 0
    outer loop
      vertex -22.7716 -14.452 2.4
      vertex -22.6458 -14.1858 1.2
      vertex -22.6458 -14.1858 2.4
    endloop
  endfacet
  facet normal 0.904125 -0.427269 0
    outer loop
      vertex -22.6458 -14.1858 1.2
      vertex -22.7716 -14.452 2.4
      vertex -22.7716 -14.452 1.2
    endloop
  endfacet
  facet normal -0.336939 0.941527 0
    outer loop
      vertex 21.148 -54.3716 1.2
      vertex 20.8708 -54.4708 2.4
      vertex 21.148 -54.3716 2.4
    endloop
  endfacet
  facet normal -0.336939 0.941527 0
    outer loop
      vertex 20.8708 -54.4708 2.4
      vertex 21.148 -54.3716 1.2
      vertex 20.8708 -54.4708 1.2
    endloop
  endfacet
  facet normal -0.969962 0.243255 0
    outer loop
      vertex 22.8708 -52.4708 1.2
      vertex 22.9424 -52.1853 2.4
      vertex 22.9424 -52.1853 1.2
    endloop
  endfacet
  facet normal -0.969962 0.243255 0
    outer loop
      vertex 22.9424 -52.1853 2.4
      vertex 22.8708 -52.4708 1.2
      vertex 22.8708 -52.4708 2.4
    endloop
  endfacet
  facet normal 0.803208 0.595699 0
    outer loop
      vertex -22.319 -53.5032 2.4
      vertex -22.4944 -53.2667 1.2
      vertex -22.4944 -53.2667 2.4
    endloop
  endfacet
  facet normal 0.803208 0.595699 0
    outer loop
      vertex -22.4944 -53.2667 1.2
      vertex -22.319 -53.5032 2.4
      vertex -22.319 -53.5032 1.2
    endloop
  endfacet
  facet normal -0.0492599 0.998786 0
    outer loop
      vertex 20.294 -54.5855 1.2
      vertex 20 -54.6 2.4
      vertex 20.294 -54.5855 2.4
    endloop
  endfacet
  facet normal -0.0492599 0.998786 0
    outer loop
      vertex 20 -54.6 2.4
      vertex 20.294 -54.5855 1.2
      vertex 20 -54.6 1.2
    endloop
  endfacet
  facet normal -0.146364 0.989231 0
    outer loop
      vertex 20.5853 -54.5424 1.2
      vertex 20.294 -54.5855 2.4
      vertex 20.5853 -54.5424 2.4
    endloop
  endfacet
  facet normal -0.146364 0.989231 0
    outer loop
      vertex 20.294 -54.5855 2.4
      vertex 20.5853 -54.5424 1.2
      vertex 20.294 -54.5855 1.2
    endloop
  endfacet
  facet normal 0.336939 -0.941527 0
    outer loop
      vertex -21.148 -12.8284 1.2
      vertex -20.8708 -12.7292 2.4
      vertex -21.148 -12.8284 2.4
    endloop
  endfacet
  facet normal 0.336939 -0.941527 0
    outer loop
      vertex -20.8708 -12.7292 2.4
      vertex -21.148 -12.8284 1.2
      vertex -20.8708 -12.7292 1.2
    endloop
  endfacet
  facet normal -0.857643 0.514246 0
    outer loop
      vertex 22.4944 -53.2667 1.2
      vertex 22.6458 -53.0142 2.4
      vertex 22.6458 -53.0142 1.2
    endloop
  endfacet
  facet normal -0.857643 0.514246 0
    outer loop
      vertex 22.6458 -53.0142 2.4
      vertex 22.4944 -53.2667 1.2
      vertex 22.4944 -53.2667 2.4
    endloop
  endfacet
  facet normal -0.998786 0.0492599 0
    outer loop
      vertex 22.9855 -51.894 1.2
      vertex 23 -51.6 2.4
      vertex 23 -51.6 1.2
    endloop
  endfacet
  facet normal -0.998786 0.0492599 0
    outer loop
      vertex 23 -51.6 2.4
      vertex 22.9855 -51.894 1.2
      vertex 22.9855 -51.894 2.4
    endloop
  endfacet
  facet normal 0.740908 0.671607 0
    outer loop
      vertex -22.1213 -53.7213 2.4
      vertex -22.319 -53.5032 1.2
      vertex -22.319 -53.5032 2.4
    endloop
  endfacet
  facet normal 0.740908 0.671607 0
    outer loop
      vertex -22.319 -53.5032 1.2
      vertex -22.1213 -53.7213 2.4
      vertex -22.1213 -53.7213 1.2
    endloop
  endfacet
  facet normal -0.941527 0.336939 0
    outer loop
      vertex 22.7716 -52.748 1.2
      vertex 22.8708 -52.4708 2.4
      vertex 22.8708 -52.4708 1.2
    endloop
  endfacet
  facet normal -0.941527 0.336939 0
    outer loop
      vertex 22.8708 -52.4708 2.4
      vertex 22.7716 -52.748 1.2
      vertex 22.7716 -52.748 2.4
    endloop
  endfacet
  facet normal 0.514246 0.857643 -0
    outer loop
      vertex -21.4142 -54.2458 1.2
      vertex -21.6667 -54.0944 2.4
      vertex -21.4142 -54.2458 2.4
    endloop
  endfacet
  facet normal 0.514246 0.857643 0
    outer loop
      vertex -21.6667 -54.0944 2.4
      vertex -21.4142 -54.2458 1.2
      vertex -21.6667 -54.0944 1.2
    endloop
  endfacet
  facet normal 0.857643 0.514246 0
    outer loop
      vertex -22.4944 -53.2667 2.4
      vertex -22.6458 -53.0142 1.2
      vertex -22.6458 -53.0142 2.4
    endloop
  endfacet
  facet normal 0.857643 0.514246 0
    outer loop
      vertex -22.6458 -53.0142 1.2
      vertex -22.4944 -53.2667 2.4
      vertex -22.4944 -53.2667 1.2
    endloop
  endfacet
  facet normal 0.243191 0 -0.969978
    outer loop
      vertex -4.43542 -66 11.9354
      vertex -4.29263 -63.6 11.9712
      vertex -4.29263 -66 11.9712
    endloop
  endfacet
  facet normal 0.243191 0 -0.969978
    outer loop
      vertex -4.29263 -63.6 11.9712
      vertex -4.43542 -66 11.9354
      vertex -4.43542 -63.6 11.9354
    endloop
  endfacet
  facet normal 0.989184 0 -0.146679
    outer loop
      vertex -5.47118 -66 10.7926
      vertex -5.49277 -63.6 10.647
      vertex -5.47118 -63.6 10.7926
    endloop
  endfacet
  facet normal 0.989184 0 -0.146679
    outer loop
      vertex -5.49277 -63.6 10.647
      vertex -5.47118 -66 10.7926
      vertex -5.49277 -66 10.647
    endloop
  endfacet
  facet normal 0.989186 -0 0.146669
    outer loop
      vertex -5.49277 -66 6.35298
      vertex -5.47118 -63.6 6.20737
      vertex -5.49277 -63.6 6.35298
    endloop
  endfacet
  facet normal 0.989186 0 0.146669
    outer loop
      vertex -5.47118 -63.6 6.20737
      vertex -5.49277 -66 6.35298
      vertex -5.47118 -66 6.20737
    endloop
  endfacet
  facet normal 0.427347 0 -0.904088
    outer loop
      vertex -4.70709 -66 11.8229
      vertex -4.57402 -63.6 11.8858
      vertex -4.57402 -66 11.8858
    endloop
  endfacet
  facet normal 0.427347 0 -0.904088
    outer loop
      vertex -4.57402 -63.6 11.8858
      vertex -4.70709 -66 11.8229
      vertex -4.70709 -63.6 11.8229
    endloop
  endfacet
  facet normal 0.0491176 0 0.998793
    outer loop
      vertex -4.14702 -63.6 5.00723
      vertex -4 -66 5
      vertex -4 -63.6 5
    endloop
  endfacet
  facet normal 0.0491176 0 0.998793
    outer loop
      vertex -4 -66 5
      vertex -4.14702 -63.6 5.00723
      vertex -4.14702 -66 5.00723
    endloop
  endfacet
  facet normal -0.989186 0 0.146669
    outer loop
      vertex 5.47118 -66 6.20737
      vertex 5.49277 -63.6 6.35298
      vertex 5.47118 -63.6 6.20737
    endloop
  endfacet
  facet normal -0.989186 0 0.146669
    outer loop
      vertex 5.49277 -63.6 6.35298
      vertex 5.47118 -66 6.20737
      vertex 5.49277 -66 6.35298
    endloop
  endfacet
  facet normal 0.427569 0 0.903983
    outer loop
      vertex -4.70709 -63.6 5.17712
      vertex -4.57402 -66 5.11418
      vertex -4.57402 -63.6 5.11418
    endloop
  endfacet
  facet normal 0.427569 0 0.903983
    outer loop
      vertex -4.57402 -66 5.11418
      vertex -4.70709 -63.6 5.17712
      vertex -4.70709 -66 5.17712
    endloop
  endfacet
  facet normal -0.671353 0 -0.741138
    outer loop
      vertex 4.95158 -66 11.6595
      vertex 5.06065 -63.6 11.5607
      vertex 5.06065 -66 11.5607
    endloop
  endfacet
  facet normal -0.671353 0 -0.741138
    outer loop
      vertex 5.06065 -63.6 11.5607
      vertex 4.95158 -66 11.6595
      vertex 4.95158 -63.6 11.6595
    endloop
  endfacet
  facet normal 0.803426 0 -0.595405
    outer loop
      vertex -5.15952 -66 11.4516
      vertex -5.24719 -63.6 11.3333
      vertex -5.15952 -63.6 11.4516
    endloop
  endfacet
  facet normal 0.803426 0 -0.595405
    outer loop
      vertex -5.24719 -63.6 11.3333
      vertex -5.15952 -66 11.4516
      vertex -5.24719 -66 11.3333
    endloop
  endfacet
  facet normal 0.998793 0 -0.0491243
    outer loop
      vertex -5.49277 -66 10.647
      vertex -5.5 -63.6 10.5
      vertex -5.49277 -63.6 10.647
    endloop
  endfacet
  facet normal 0.998793 0 -0.0491243
    outer loop
      vertex -5.5 -63.6 10.5
      vertex -5.49277 -66 10.647
      vertex -5.5 -66 10.5
    endloop
  endfacet
  facet normal -0.243191 0 -0.969978
    outer loop
      vertex 4.29263 -66 11.9712
      vertex 4.43542 -63.6 11.9354
      vertex 4.43542 -66 11.9354
    endloop
  endfacet
  facet normal -0.243191 0 -0.969978
    outer loop
      vertex 4.43542 -63.6 11.9354
      vertex 4.29263 -66 11.9712
      vertex 4.29263 -63.6 11.9712
    endloop
  endfacet
  facet normal 0.242999 0 0.970027
    outer loop
      vertex -4.43542 -63.6 5.06459
      vertex -4.29263 -66 5.02882
      vertex -4.29263 -63.6 5.02882
    endloop
  endfacet
  facet normal 0.242999 0 0.970027
    outer loop
      vertex -4.29263 -66 5.02882
      vertex -4.43542 -63.6 5.06459
      vertex -4.43542 -66 5.06459
    endloop
  endfacet
  facet normal -0.998793 0 0.0491176
    outer loop
      vertex 5.49277 -66 6.35298
      vertex 5.5 -63.6 6.5
      vertex 5.49277 -63.6 6.35298
    endloop
  endfacet
  facet normal -0.998793 0 0.0491176
    outer loop
      vertex 5.5 -63.6 6.5
      vertex 5.49277 -66 6.35298
      vertex 5.5 -66 6.5
    endloop
  endfacet
  facet normal -0.989184 0 -0.146679
    outer loop
      vertex 5.49277 -66 10.647
      vertex 5.47118 -63.6 10.7926
      vertex 5.49277 -63.6 10.647
    endloop
  endfacet
  facet normal -0.989184 -0 -0.146679
    outer loop
      vertex 5.47118 -63.6 10.7926
      vertex 5.49277 -66 10.647
      vertex 5.47118 -66 10.7926
    endloop
  endfacet
  facet normal 0.857673 -0 0.514196
    outer loop
      vertex -5.32288 -66 5.79291
      vertex -5.24719 -63.6 5.66666
      vertex -5.32288 -63.6 5.79291
    endloop
  endfacet
  facet normal 0.857673 0 0.514196
    outer loop
      vertex -5.24719 -63.6 5.66666
      vertex -5.32288 -66 5.79291
      vertex -5.24719 -66 5.66666
    endloop
  endfacet
  facet normal 0.998793 -0 0.0491176
    outer loop
      vertex -5.5 -66 6.5
      vertex -5.49277 -63.6 6.35298
      vertex -5.5 -63.6 6.5
    endloop
  endfacet
  facet normal 0.998793 0 0.0491176
    outer loop
      vertex -5.49277 -63.6 6.35298
      vertex -5.5 -66 6.5
      vertex -5.49277 -66 6.35298
    endloop
  endfacet
  facet normal -1 0 0
    outer loop
      vertex 5.5 -66 6.5
      vertex 5.5 -63.6 10.5
      vertex 5.5 -63.6 6.5
    endloop
  endfacet
  facet normal -1 -0 0
    outer loop
      vertex 5.5 -63.6 10.5
      vertex 5.5 -66 6.5
      vertex 5.5 -66 10.5
    endloop
  endfacet
  facet normal -0.0491176 0 0.998793
    outer loop
      vertex 4 -63.6 5
      vertex 4.14702 -66 5.00723
      vertex 4.14702 -63.6 5.00723
    endloop
  endfacet
  facet normal -0.0491176 0 0.998793
    outer loop
      vertex 4.14702 -66 5.00723
      vertex 4 -63.6 5
      vertex 4 -66 5
    endloop
  endfacet
  facet normal 1 -0 0
    outer loop
      vertex -5.5 -66 10.5
      vertex -5.5 -63.6 6.5
      vertex -5.5 -63.6 10.5
    endloop
  endfacet
  facet normal 1 0 0
    outer loop
      vertex -5.5 -63.6 6.5
      vertex -5.5 -66 10.5
      vertex -5.5 -66 6.5
    endloop
  endfacet
  facet normal 0.740993 0 -0.671512
    outer loop
      vertex -5.06065 -66 11.5607
      vertex -5.15952 -63.6 11.4516
      vertex -5.06065 -63.6 11.5607
    endloop
  endfacet
  facet normal 0.740993 0 -0.671512
    outer loop
      vertex -5.15952 -63.6 11.4516
      vertex -5.06065 -66 11.5607
      vertex -5.15952 -66 11.4516
    endloop
  endfacet
  facet normal -0.514196 0 0.857673
    outer loop
      vertex 4.70709 -63.6 5.17712
      vertex 4.83334 -66 5.25281
      vertex 4.83334 -63.6 5.25281
    endloop
  endfacet
  facet normal -0.514196 0 0.857673
    outer loop
      vertex 4.83334 -66 5.25281
      vertex 4.70709 -63.6 5.17712
      vertex 4.70709 -66 5.17712
    endloop
  endfacet
  facet normal 0.803282 -0 0.5956
    outer loop
      vertex -5.24719 -66 5.66666
      vertex -5.15952 -63.6 5.54842
      vertex -5.24719 -63.6 5.66666
    endloop
  endfacet
  facet normal 0.803282 0 0.5956
    outer loop
      vertex -5.15952 -63.6 5.54842
      vertex -5.24719 -66 5.66666
      vertex -5.15952 -66 5.54842
    endloop
  endfacet
  facet normal 0.514196 0 0.857673
    outer loop
      vertex -4.83334 -63.6 5.25281
      vertex -4.70709 -66 5.17712
      vertex -4.70709 -63.6 5.17712
    endloop
  endfacet
  facet normal 0.514196 0 0.857673
    outer loop
      vertex -4.70709 -66 5.17712
      vertex -4.83334 -63.6 5.25281
      vertex -4.83334 -66 5.25281
    endloop
  endfacet
  facet normal 0 0 -1
    outer loop
      vertex -4 -66 12
      vertex 4 -63.6 12
      vertex 4 -66 12
    endloop
  endfacet
  facet normal -0 0 -1
    outer loop
      vertex 4 -63.6 12
      vertex -4 -66 12
      vertex -4 -63.6 12
    endloop
  endfacet
  facet normal 0.336879 0 0.941548
    outer loop
      vertex -4.57402 -63.6 5.11418
      vertex -4.43542 -66 5.06459
      vertex -4.43542 -63.6 5.06459
    endloop
  endfacet
  facet normal 0.336879 0 0.941548
    outer loop
      vertex -4.43542 -66 5.06459
      vertex -4.57402 -63.6 5.11418
      vertex -4.57402 -66 5.11418
    endloop
  endfacet
  facet normal -0.90402 0 -0.427491
    outer loop
      vertex 5.38582 -66 11.074
      vertex 5.32288 -63.6 11.2071
      vertex 5.38582 -63.6 11.074
    endloop
  endfacet
  facet normal -0.90402 -0 -0.427491
    outer loop
      vertex 5.32288 -63.6 11.2071
      vertex 5.38582 -66 11.074
      vertex 5.32288 -66 11.2071
    endloop
  endfacet
  facet normal 0.970027 -0 0.242999
    outer loop
      vertex -5.47118 -66 6.20737
      vertex -5.43541 -63.6 6.06458
      vertex -5.47118 -63.6 6.20737
    endloop
  endfacet
  facet normal 0.970027 0 0.242999
    outer loop
      vertex -5.43541 -63.6 6.06458
      vertex -5.47118 -66 6.20737
      vertex -5.43541 -66 6.06458
    endloop
  endfacet
  facet normal -0.941548 0 -0.336879
    outer loop
      vertex 5.43541 -66 10.9354
      vertex 5.38582 -63.6 11.074
      vertex 5.43541 -63.6 10.9354
    endloop
  endfacet
  facet normal -0.941548 -0 -0.336879
    outer loop
      vertex 5.38582 -63.6 11.074
      vertex 5.43541 -66 10.9354
      vertex 5.38582 -66 11.074
    endloop
  endfacet
  facet normal 0.336939 0 -0.941527
    outer loop
      vertex -4.57402 -66 11.8858
      vertex -4.43542 -63.6 11.9354
      vertex -4.43542 -66 11.9354
    endloop
  endfacet
  facet normal 0.336939 0 -0.941527
    outer loop
      vertex -4.43542 -63.6 11.9354
      vertex -4.57402 -66 11.8858
      vertex -4.57402 -63.6 11.8858
    endloop
  endfacet
  facet normal 0.903983 -0 0.427569
    outer loop
      vertex -5.38582 -66 5.92598
      vertex -5.32288 -63.6 5.79291
      vertex -5.38582 -63.6 5.92598
    endloop
  endfacet
  facet normal 0.903983 0 0.427569
    outer loop
      vertex -5.32288 -63.6 5.79291
      vertex -5.38582 -66 5.92598
      vertex -5.32288 -66 5.79291
    endloop
  endfacet
  facet normal -0 0 1
    outer loop
      vertex -4 -63.6 5
      vertex 4 -66 5
      vertex 4 -63.6 5
    endloop
  endfacet
  facet normal 0 0 1
    outer loop
      vertex 4 -66 5
      vertex -4 -63.6 5
      vertex -4 -66 5
    endloop
  endfacet
  facet normal -0.740901 0 0.671614
    outer loop
      vertex 5.06065 -66 5.43935
      vertex 5.15952 -63.6 5.54842
      vertex 5.06065 -63.6 5.43935
    endloop
  endfacet
  facet normal -0.740901 0 0.671614
    outer loop
      vertex 5.15952 -63.6 5.54842
      vertex 5.06065 -66 5.43935
      vertex 5.15952 -66 5.54842
    endloop
  endfacet
  facet normal 0.970031 0 -0.242983
    outer loop
      vertex -5.43541 -66 10.9354
      vertex -5.47118 -63.6 10.7926
      vertex -5.43541 -63.6 10.9354
    endloop
  endfacet
  facet normal 0.970031 0 -0.242983
    outer loop
      vertex -5.47118 -63.6 10.7926
      vertex -5.43541 -66 10.9354
      vertex -5.47118 -66 10.7926
    endloop
  endfacet
  facet normal 0.146669 0 0.989186
    outer loop
      vertex -4.29263 -63.6 5.02882
      vertex -4.14702 -66 5.00723
      vertex -4.14702 -63.6 5.00723
    endloop
  endfacet
  facet normal 0.146669 0 0.989186
    outer loop
      vertex -4.14702 -66 5.00723
      vertex -4.29263 -63.6 5.02882
      vertex -4.29263 -66 5.02882
    endloop
  endfacet
  facet normal 0.146736 0 -0.989176
    outer loop
      vertex -4.29263 -66 11.9712
      vertex -4.14702 -63.6 11.9928
      vertex -4.14702 -66 11.9928
    endloop
  endfacet
  facet normal 0.146736 0 -0.989176
    outer loop
      vertex -4.14702 -63.6 11.9928
      vertex -4.29263 -66 11.9712
      vertex -4.29263 -63.6 11.9712
    endloop
  endfacet
  facet normal 0.90402 0 -0.427491
    outer loop
      vertex -5.32288 -66 11.2071
      vertex -5.38582 -63.6 11.074
      vertex -5.32288 -63.6 11.2071
    endloop
  endfacet
  facet normal 0.90402 0 -0.427491
    outer loop
      vertex -5.38582 -63.6 11.074
      vertex -5.32288 -66 11.2071
      vertex -5.38582 -66 11.074
    endloop
  endfacet
  facet normal 0.941548 -0 0.336879
    outer loop
      vertex -5.43541 -66 6.06458
      vertex -5.38582 -63.6 5.92598
      vertex -5.43541 -63.6 6.06458
    endloop
  endfacet
  facet normal 0.941548 0 0.336879
    outer loop
      vertex -5.38582 -63.6 5.92598
      vertex -5.43541 -66 6.06458
      vertex -5.38582 -66 5.92598
    endloop
  endfacet
  facet normal 0.671353 0 -0.741138
    outer loop
      vertex -5.06065 -66 11.5607
      vertex -4.95158 -63.6 11.6595
      vertex -4.95158 -66 11.6595
    endloop
  endfacet
  facet normal 0.671353 0 -0.741138
    outer loop
      vertex -4.95158 -63.6 11.6595
      vertex -5.06065 -66 11.5607
      vertex -5.06065 -63.6 11.5607
    endloop
  endfacet
  facet normal -0.671614 0 0.740901
    outer loop
      vertex 4.95158 -63.6 5.34048
      vertex 5.06065 -66 5.43935
      vertex 5.06065 -63.6 5.43935
    endloop
  endfacet
  facet normal -0.671614 0 0.740901
    outer loop
      vertex 5.06065 -66 5.43935
      vertex 4.95158 -63.6 5.34048
      vertex 4.95158 -66 5.34048
    endloop
  endfacet
  facet normal -0.336879 0 0.941548
    outer loop
      vertex 4.43542 -63.6 5.06459
      vertex 4.57402 -66 5.11418
      vertex 4.57402 -63.6 5.11418
    endloop
  endfacet
  facet normal -0.336879 0 0.941548
    outer loop
      vertex 4.57402 -66 5.11418
      vertex 4.43542 -63.6 5.06459
      vertex 4.43542 -66 5.06459
    endloop
  endfacet
  facet normal 0.0489143 0 -0.998803
    outer loop
      vertex -4.14702 -66 11.9928
      vertex -4 -63.6 12
      vertex -4 -66 12
    endloop
  endfacet
  facet normal 0.0489143 0 -0.998803
    outer loop
      vertex -4 -63.6 12
      vertex -4.14702 -66 11.9928
      vertex -4.14702 -63.6 11.9928
    endloop
  endfacet
  facet normal 0.941548 0 -0.336879
    outer loop
      vertex -5.38582 -66 11.074
      vertex -5.43541 -63.6 10.9354
      vertex -5.38582 -63.6 11.074
    endloop
  endfacet
  facet normal 0.941548 0 -0.336879
    outer loop
      vertex -5.43541 -63.6 10.9354
      vertex -5.38582 -66 11.074
      vertex -5.43541 -66 10.9354
    endloop
  endfacet
  facet normal -0.998793 0 -0.0491243
    outer loop
      vertex 5.5 -66 10.5
      vertex 5.49277 -63.6 10.647
      vertex 5.5 -63.6 10.5
    endloop
  endfacet
  facet normal -0.998793 -0 -0.0491243
    outer loop
      vertex 5.49277 -63.6 10.647
      vertex 5.5 -66 10.5
      vertex 5.49277 -66 10.647
    endloop
  endfacet
  facet normal -0.941548 0 0.336879
    outer loop
      vertex 5.38582 -66 5.92598
      vertex 5.43541 -63.6 6.06458
      vertex 5.38582 -63.6 5.92598
    endloop
  endfacet
  facet normal -0.941548 0 0.336879
    outer loop
      vertex 5.43541 -63.6 6.06458
      vertex 5.38582 -66 5.92598
      vertex 5.43541 -66 6.06458
    endloop
  endfacet
  facet normal 0.514246 0 -0.857643
    outer loop
      vertex -4.83334 -66 11.7472
      vertex -4.70709 -63.6 11.8229
      vertex -4.70709 -66 11.8229
    endloop
  endfacet
  facet normal 0.514246 0 -0.857643
    outer loop
      vertex -4.70709 -63.6 11.8229
      vertex -4.83334 -66 11.7472
      vertex -4.83334 -63.6 11.7472
    endloop
  endfacet
  facet normal -0.336939 0 -0.941527
    outer loop
      vertex 4.43542 -66 11.9354
      vertex 4.57402 -63.6 11.8858
      vertex 4.57402 -66 11.8858
    endloop
  endfacet
  facet normal -0.336939 0 -0.941527
    outer loop
      vertex 4.57402 -63.6 11.8858
      vertex 4.43542 -66 11.9354
      vertex 4.43542 -63.6 11.9354
    endloop
  endfacet
  facet normal -0.5956 0 0.803282
    outer loop
      vertex 4.83334 -63.6 5.25281
      vertex 4.95158 -66 5.34048
      vertex 4.95158 -63.6 5.34048
    endloop
  endfacet
  facet normal -0.5956 0 0.803282
    outer loop
      vertex 4.95158 -66 5.34048
      vertex 4.83334 -63.6 5.25281
      vertex 4.83334 -66 5.25281
    endloop
  endfacet
  facet normal -0.740993 0 -0.671512
    outer loop
      vertex 5.15952 -66 11.4516
      vertex 5.06065 -63.6 11.5607
      vertex 5.15952 -63.6 11.4516
    endloop
  endfacet
  facet normal -0.740993 -0 -0.671512
    outer loop
      vertex 5.06065 -63.6 11.5607
      vertex 5.15952 -66 11.4516
      vertex 5.06065 -66 11.5607
    endloop
  endfacet
  facet normal -0.0489143 0 -0.998803
    outer loop
      vertex 4 -66 12
      vertex 4.14702 -63.6 11.9928
      vertex 4.14702 -66 11.9928
    endloop
  endfacet
  facet normal -0.0489143 0 -0.998803
    outer loop
      vertex 4.14702 -63.6 11.9928
      vertex 4 -66 12
      vertex 4 -63.6 12
    endloop
  endfacet
  facet normal -0.427347 0 -0.904088
    outer loop
      vertex 4.57402 -66 11.8858
      vertex 4.70709 -63.6 11.8229
      vertex 4.70709 -66 11.8229
    endloop
  endfacet
  facet normal -0.427347 0 -0.904088
    outer loop
      vertex 4.70709 -63.6 11.8229
      vertex 4.57402 -66 11.8858
      vertex 4.57402 -63.6 11.8858
    endloop
  endfacet
  facet normal 0.5956 0 0.803282
    outer loop
      vertex -4.95158 -63.6 5.34048
      vertex -4.83334 -66 5.25281
      vertex -4.83334 -63.6 5.25281
    endloop
  endfacet
  facet normal 0.5956 0 0.803282
    outer loop
      vertex -4.83334 -66 5.25281
      vertex -4.95158 -63.6 5.34048
      vertex -4.95158 -66 5.34048
    endloop
  endfacet
  facet normal -0.803282 0 0.5956
    outer loop
      vertex 5.15952 -66 5.54842
      vertex 5.24719 -63.6 5.66666
      vertex 5.15952 -63.6 5.54842
    endloop
  endfacet
  facet normal -0.803282 0 0.5956
    outer loop
      vertex 5.24719 -63.6 5.66666
      vertex 5.15952 -66 5.54842
      vertex 5.24719 -66 5.66666
    endloop
  endfacet
  facet normal -0.970031 0 -0.242983
    outer loop
      vertex 5.47118 -66 10.7926
      vertex 5.43541 -63.6 10.9354
      vertex 5.47118 -63.6 10.7926
    endloop
  endfacet
  facet normal -0.970031 -0 -0.242983
    outer loop
      vertex 5.43541 -63.6 10.9354
      vertex 5.47118 -66 10.7926
      vertex 5.43541 -66 10.9354
    endloop
  endfacet
  facet normal -0.857583 0 -0.514346
    outer loop
      vertex 5.32288 -66 11.2071
      vertex 5.24719 -63.6 11.3333
      vertex 5.32288 -63.6 11.2071
    endloop
  endfacet
  facet normal -0.857583 -0 -0.514346
    outer loop
      vertex 5.24719 -63.6 11.3333
      vertex 5.32288 -66 11.2071
      vertex 5.24719 -66 11.3333
    endloop
  endfacet
  facet normal -0.146669 0 0.989186
    outer loop
      vertex 4.14702 -63.6 5.00723
      vertex 4.29263 -66 5.02882
      vertex 4.29263 -63.6 5.02882
    endloop
  endfacet
  facet normal -0.146669 0 0.989186
    outer loop
      vertex 4.29263 -66 5.02882
      vertex 4.14702 -63.6 5.00723
      vertex 4.14702 -66 5.00723
    endloop
  endfacet
  facet normal -0.242999 0 0.970027
    outer loop
      vertex 4.29263 -63.6 5.02882
      vertex 4.43542 -66 5.06459
      vertex 4.43542 -63.6 5.06459
    endloop
  endfacet
  facet normal -0.242999 0 0.970027
    outer loop
      vertex 4.43542 -66 5.06459
      vertex 4.29263 -63.6 5.02882
      vertex 4.29263 -66 5.02882
    endloop
  endfacet
  facet normal -0.903983 0 0.427569
    outer loop
      vertex 5.32288 -66 5.79291
      vertex 5.38582 -63.6 5.92598
      vertex 5.32288 -63.6 5.79291
    endloop
  endfacet
  facet normal -0.903983 0 0.427569
    outer loop
      vertex 5.38582 -63.6 5.92598
      vertex 5.32288 -66 5.79291
      vertex 5.38582 -66 5.92598
    endloop
  endfacet
  facet normal -0.146736 0 -0.989176
    outer loop
      vertex 4.14702 -66 11.9928
      vertex 4.29263 -63.6 11.9712
      vertex 4.29263 -66 11.9712
    endloop
  endfacet
  facet normal -0.146736 0 -0.989176
    outer loop
      vertex 4.29263 -63.6 11.9712
      vertex 4.14702 -66 11.9928
      vertex 4.14702 -63.6 11.9928
    endloop
  endfacet
  facet normal 0.671614 0 0.740901
    outer loop
      vertex -5.06065 -63.6 5.43935
      vertex -4.95158 -66 5.34048
      vertex -4.95158 -63.6 5.34048
    endloop
  endfacet
  facet normal 0.671614 0 0.740901
    outer loop
      vertex -4.95158 -66 5.34048
      vertex -5.06065 -63.6 5.43935
      vertex -5.06065 -66 5.43935
    endloop
  endfacet
  facet normal 0.740901 -0 0.671614
    outer loop
      vertex -5.15952 -66 5.54842
      vertex -5.06065 -63.6 5.43935
      vertex -5.15952 -63.6 5.54842
    endloop
  endfacet
  facet normal 0.740901 0 0.671614
    outer loop
      vertex -5.06065 -63.6 5.43935
      vertex -5.15952 -66 5.54842
      vertex -5.06065 -66 5.43935
    endloop
  endfacet
  facet normal 0.857583 0 -0.514346
    outer loop
      vertex -5.24719 -66 11.3333
      vertex -5.32288 -63.6 11.2071
      vertex -5.24719 -63.6 11.3333
    endloop
  endfacet
  facet normal 0.857583 0 -0.514346
    outer loop
      vertex -5.32288 -63.6 11.2071
      vertex -5.24719 -66 11.3333
      vertex -5.32288 -66 11.2071
    endloop
  endfacet
  facet normal -0.857673 0 0.514196
    outer loop
      vertex 5.24719 -66 5.66666
      vertex 5.32288 -63.6 5.79291
      vertex 5.24719 -63.6 5.66666
    endloop
  endfacet
  facet normal -0.857673 0 0.514196
    outer loop
      vertex 5.32288 -63.6 5.79291
      vertex 5.24719 -66 5.66666
      vertex 5.32288 -66 5.79291
    endloop
  endfacet
  facet normal -0.803426 0 -0.595405
    outer loop
      vertex 5.24719 -66 11.3333
      vertex 5.15952 -63.6 11.4516
      vertex 5.24719 -63.6 11.3333
    endloop
  endfacet
  facet normal -0.803426 -0 -0.595405
    outer loop
      vertex 5.15952 -63.6 11.4516
      vertex 5.24719 -66 11.3333
      vertex 5.15952 -66 11.4516
    endloop
  endfacet
  facet normal -0.970027 0 0.242999
    outer loop
      vertex 5.43541 -66 6.06458
      vertex 5.47118 -63.6 6.20737
      vertex 5.43541 -63.6 6.06458
    endloop
  endfacet
  facet normal -0.970027 0 0.242999
    outer loop
      vertex 5.47118 -63.6 6.20737
      vertex 5.43541 -66 6.06458
      vertex 5.47118 -66 6.20737
    endloop
  endfacet
  facet normal 0.595731 0 -0.803184
    outer loop
      vertex -4.95158 -66 11.6595
      vertex -4.83334 -63.6 11.7472
      vertex -4.83334 -66 11.7472
    endloop
  endfacet
  facet normal 0.595731 0 -0.803184
    outer loop
      vertex -4.83334 -63.6 11.7472
      vertex -4.95158 -66 11.6595
      vertex -4.95158 -63.6 11.6595
    endloop
  endfacet
  facet normal -0.595731 0 -0.803184
    outer loop
      vertex 4.83334 -66 11.7472
      vertex 4.95158 -63.6 11.6595
      vertex 4.95158 -66 11.6595
    endloop
  endfacet
  facet normal -0.595731 0 -0.803184
    outer loop
      vertex 4.95158 -63.6 11.6595
      vertex 4.83334 -66 11.7472
      vertex 4.83334 -63.6 11.7472
    endloop
  endfacet
  facet normal -0.514246 0 -0.857643
    outer loop
      vertex 4.70709 -66 11.8229
      vertex 4.83334 -63.6 11.7472
      vertex 4.83334 -66 11.7472
    endloop
  endfacet
  facet normal -0.514246 0 -0.857643
    outer loop
      vertex 4.83334 -63.6 11.7472
      vertex 4.70709 -66 11.8229
      vertex 4.70709 -63.6 11.8229
    endloop
  endfacet
  facet normal -0.427569 0 0.903983
    outer loop
      vertex 4.57402 -63.6 5.11418
      vertex 4.70709 -66 5.17712
      vertex 4.70709 -63.6 5.17712
    endloop
  endfacet
  facet normal -0.427569 0 0.903983
    outer loop
      vertex 4.70709 -66 5.17712
      vertex 4.57402 -63.6 5.11418
      vertex 4.57402 -66 5.11418
    endloop
  endfacet
  facet normal 0 1 -0
    outer loop
      vertex 37 35.5 8
      vertex 34.6 35.5 9
      vertex 37 35.5 9
    endloop
  endfacet
  facet normal 0 1 0
    outer loop
      vertex 34.6 35.5 9
      vertex 37 35.5 8
      vertex 34.6 35.5 8
    endloop
  endfacet
  facet normal 0 0.671719 -0.740806
    outer loop
      vertex 34.6 35.7929 9.70709
      vertex 37 35.8656 9.77301
      vertex 37 35.7929 9.70709
    endloop
  endfacet
  facet normal 0 0.671719 -0.740806
    outer loop
      vertex 37 35.8656 9.77301
      vertex 34.6 35.7929 9.70709
      vertex 34.6 35.8656 9.77301
    endloop
  endfacet
  facet normal 0 0.242823 -0.970071
    outer loop
      vertex 34.6 36.2097 9.95694
      vertex 37 36.3049 9.98077
      vertex 37 36.2097 9.95694
    endloop
  endfacet
  facet normal 0 0.242823 -0.970071
    outer loop
      vertex 37 36.3049 9.98077
      vertex 34.6 36.2097 9.95694
      vertex 34.6 36.3049 9.98077
    endloop
  endfacet
  facet normal 0 0.595817 -0.80312
    outer loop
      vertex 34.6 35.8656 9.77301
      vertex 37 35.9444 9.83147
      vertex 37 35.8656 9.77301
    endloop
  endfacet
  facet normal 0 0.595817 -0.80312
    outer loop
      vertex 37 35.9444 9.83147
      vertex 34.6 35.8656 9.77301
      vertex 34.6 35.9444 9.83147
    endloop
  endfacet
  facet normal -0 0.0491243 0.998793
    outer loop
      vertex 34.6 36.5 7
      vertex 37 36.402 7.00482
      vertex 37 36.5 7
    endloop
  endfacet
  facet normal 0 0.0491243 0.998793
    outer loop
      vertex 37 36.402 7.00482
      vertex 34.6 36.5 7
      vertex 34.6 36.402 7.00482
    endloop
  endfacet
  facet normal 0 -0.336969 -0.941516
    outer loop
      vertex 34.6 47.7903 9.95694
      vertex 37 47.8827 9.92387
      vertex 37 47.7903 9.95694
    endloop
  endfacet
  facet normal -0 -0.336969 -0.941516
    outer loop
      vertex 37 47.8827 9.92387
      vertex 34.6 47.7903 9.95694
      vertex 34.6 47.8827 9.92387
    endloop
  endfacet
  facet normal 0 -0.242823 0.970071
    outer loop
      vertex 34.6 47.7903 7.04306
      vertex 37 47.6951 7.01923
      vertex 37 47.7903 7.04306
    endloop
  endfacet
  facet normal 0 -0.242823 0.970071
    outer loop
      vertex 37 47.6951 7.01923
      vertex 34.6 47.7903 7.04306
      vertex 34.6 47.6951 7.01923
    endloop
  endfacet
  facet normal -0 0.513896 0.857852
    outer loop
      vertex 34.6 36.0286 7.11809
      vertex 37 35.9444 7.16853
      vertex 37 36.0286 7.11809
    endloop
  endfacet
  facet normal 0 0.513896 0.857852
    outer loop
      vertex 37 35.9444 7.16853
      vertex 34.6 36.0286 7.11809
      vertex 34.6 35.9444 7.16853
    endloop
  endfacet
  facet normal 0 -0.989175 -0.146741
    outer loop
      vertex 34.6 48.4952 9.09801
      vertex 37 48.4808 9.19508
      vertex 34.6 48.4808 9.19508
    endloop
  endfacet
  facet normal 0 -0.989175 -0.146741
    outer loop
      vertex 37 48.4808 9.19508
      vertex 34.6 48.4952 9.09801
      vertex 37 48.4952 9.09801
    endloop
  endfacet
  facet normal 0 0.336969 -0.941516
    outer loop
      vertex 34.6 36.1173 9.92387
      vertex 37 36.2097 9.95694
      vertex 37 36.1173 9.92387
    endloop
  endfacet
  facet normal 0 0.336969 -0.941516
    outer loop
      vertex 37 36.2097 9.95694
      vertex 34.6 36.1173 9.92387
      vertex 34.6 36.2097 9.95694
    endloop
  endfacet
  facet normal 0 0 -1
    outer loop
      vertex 34.6 36.5 10
      vertex 37 47.5 10
      vertex 37 36.5 10
    endloop
  endfacet
  facet normal -0 0 -1
    outer loop
      vertex 37 47.5 10
      vertex 34.6 36.5 10
      vertex 34.6 47.5 10
    endloop
  endfacet
  facet normal 0 0.513896 -0.857852
    outer loop
      vertex 34.6 35.9444 9.83147
      vertex 37 36.0286 9.88191
      vertex 37 35.9444 9.83147
    endloop
  endfacet
  facet normal 0 0.513896 -0.857852
    outer loop
      vertex 37 36.0286 9.88191
      vertex 34.6 35.9444 9.83147
      vertex 34.6 36.0286 9.88191
    endloop
  endfacet
  facet normal -0 0.336969 0.941516
    outer loop
      vertex 34.6 36.2097 7.04306
      vertex 37 36.1173 7.07613
      vertex 37 36.2097 7.04306
    endloop
  endfacet
  facet normal 0 0.336969 0.941516
    outer loop
      vertex 37 36.1173 7.07613
      vertex 34.6 36.2097 7.04306
      vertex 34.6 36.1173 7.07613
    endloop
  endfacet
  facet normal 0 -0.740954 0.671556
    outer loop
      vertex 34.6 48.2071 7.29291
      vertex 37 48.273 7.36562
      vertex 34.6 48.273 7.36562
    endloop
  endfacet
  facet normal 0 -0.740954 0.671556
    outer loop
      vertex 37 48.273 7.36562
      vertex 34.6 48.2071 7.29291
      vertex 37 48.2071 7.29291
    endloop
  endfacet
  facet normal 0 -0.146796 0.989167
    outer loop
      vertex 34.6 47.6951 7.01923
      vertex 37 47.598 7.00482
      vertex 37 47.6951 7.01923
    endloop
  endfacet
  facet normal 0 -0.146796 0.989167
    outer loop
      vertex 37 47.598 7.00482
      vertex 34.6 47.6951 7.01923
      vertex 34.6 47.598 7.00482
    endloop
  endfacet
  facet normal 0 -0.671719 0.740806
    outer loop
      vertex 34.6 48.2071 7.29291
      vertex 37 48.1344 7.22699
      vertex 37 48.2071 7.29291
    endloop
  endfacet
  facet normal 0 -0.671719 0.740806
    outer loop
      vertex 37 48.1344 7.22699
      vertex 34.6 48.2071 7.29291
      vertex 34.6 48.1344 7.22699
    endloop
  endfacet
  facet normal -0 0.242823 0.970071
    outer loop
      vertex 34.6 36.3049 7.01923
      vertex 37 36.2097 7.04306
      vertex 37 36.3049 7.01923
    endloop
  endfacet
  facet normal 0 0.242823 0.970071
    outer loop
      vertex 37 36.2097 7.04306
      vertex 34.6 36.3049 7.01923
      vertex 34.6 36.2097 7.04306
    endloop
  endfacet
  facet normal 0 0.0491243 -0.998793
    outer loop
      vertex 34.6 36.402 9.99518
      vertex 37 36.5 10
      vertex 37 36.402 9.99518
    endloop
  endfacet
  facet normal 0 0.0491243 -0.998793
    outer loop
      vertex 37 36.5 10
      vertex 34.6 36.402 9.99518
      vertex 34.6 36.5 10
    endloop
  endfacet
  facet normal 0 -0.595817 0.80312
    outer loop
      vertex 34.6 48.1344 7.22699
      vertex 37 48.0556 7.16853
      vertex 37 48.1344 7.22699
    endloop
  endfacet
  facet normal 0 -0.595817 0.80312
    outer loop
      vertex 37 48.0556 7.16853
      vertex 34.6 48.1344 7.22699
      vertex 34.6 48.0556 7.16853
    endloop
  endfacet
  facet normal 0 -0.242823 -0.970071
    outer loop
      vertex 34.6 47.6951 9.98077
      vertex 37 47.7903 9.95694
      vertex 37 47.6951 9.98077
    endloop
  endfacet
  facet normal -0 -0.242823 -0.970071
    outer loop
      vertex 37 47.7903 9.95694
      vertex 34.6 47.6951 9.98077
      vertex 34.6 47.7903 9.95694
    endloop
  endfacet
  facet normal 0 -0.989175 0.146741
    outer loop
      vertex 34.6 48.4808 7.80492
      vertex 37 48.4952 7.90199
      vertex 34.6 48.4952 7.90199
    endloop
  endfacet
  facet normal 0 -0.989175 0.146741
    outer loop
      vertex 37 48.4952 7.90199
      vertex 34.6 48.4808 7.80492
      vertex 37 48.4808 7.80492
    endloop
  endfacet
  facet normal 0 -0.146796 -0.989167
    outer loop
      vertex 34.6 47.598 9.99518
      vertex 37 47.6951 9.98077
      vertex 37 47.598 9.99518
    endloop
  endfacet
  facet normal -0 -0.146796 -0.989167
    outer loop
      vertex 37 47.6951 9.98077
      vertex 34.6 47.598 9.99518
      vertex 34.6 47.6951 9.98077
    endloop
  endfacet
  facet normal 0 -0.0491243 -0.998793
    outer loop
      vertex 34.6 47.5 10
      vertex 37 47.598 9.99518
      vertex 37 47.5 10
    endloop
  endfacet
  facet normal -0 -0.0491243 -0.998793
    outer loop
      vertex 37 47.598 9.99518
      vertex 34.6 47.5 10
      vertex 34.6 47.598 9.99518
    endloop
  endfacet
  facet normal 0 0.427622 -0.903958
    outer loop
      vertex 34.6 36.0286 9.88191
      vertex 37 36.1173 9.92387
      vertex 37 36.0286 9.88191
    endloop
  endfacet
  facet normal 0 0.427622 -0.903958
    outer loop
      vertex 37 36.1173 9.92387
      vertex 34.6 36.0286 9.88191
      vertex 34.6 36.1173 9.92387
    endloop
  endfacet
  facet normal 0 0.740954 0.671556
    outer loop
      vertex 37 35.7929 7.29291
      vertex 34.6 35.727 7.36562
      vertex 37 35.727 7.36562
    endloop
  endfacet
  facet normal 0 0.740954 0.671556
    outer loop
      vertex 34.6 35.727 7.36562
      vertex 37 35.7929 7.29291
      vertex 34.6 35.7929 7.29291
    endloop
  endfacet
  facet normal 0 -0.802997 0.595983
    outer loop
      vertex 34.6 48.273 7.36562
      vertex 37 48.3315 7.44444
      vertex 34.6 48.3315 7.44444
    endloop
  endfacet
  facet normal 0 -0.802997 0.595983
    outer loop
      vertex 37 48.3315 7.44444
      vertex 34.6 48.273 7.36562
      vertex 37 48.273 7.36562
    endloop
  endfacet
  facet normal 0 0.998803 -0.048916
    outer loop
      vertex 37 35.5 9
      vertex 34.6 35.5048 9.09801
      vertex 37 35.5048 9.09801
    endloop
  endfacet
  facet normal 0 0.998803 -0.048916
    outer loop
      vertex 34.6 35.5048 9.09801
      vertex 37 35.5 9
      vertex 34.6 35.5 9
    endloop
  endfacet
  facet normal 0 0.146796 -0.989167
    outer loop
      vertex 34.6 36.3049 9.98077
      vertex 37 36.402 9.99518
      vertex 37 36.3049 9.98077
    endloop
  endfacet
  facet normal 0 0.146796 -0.989167
    outer loop
      vertex 37 36.402 9.99518
      vertex 34.6 36.3049 9.98077
      vertex 34.6 36.402 9.99518
    endloop
  endfacet
  facet normal 0 -0.857951 -0.513731
    outer loop
      vertex 34.6 48.3819 9.47139
      vertex 37 48.3315 9.55556
      vertex 34.6 48.3315 9.55556
    endloop
  endfacet
  facet normal 0 -0.857951 -0.513731
    outer loop
      vertex 37 48.3315 9.55556
      vertex 34.6 48.3819 9.47139
      vertex 37 48.3819 9.47139
    endloop
  endfacet
  facet normal -0 0 1
    outer loop
      vertex 34.6 47.5 7
      vertex 37 36.5 7
      vertex 37 47.5 7
    endloop
  endfacet
  facet normal 0 0 1
    outer loop
      vertex 37 36.5 7
      vertex 34.6 47.5 7
      vertex 34.6 36.5 7
    endloop
  endfacet
  facet normal -0 0.595817 0.80312
    outer loop
      vertex 34.6 35.9444 7.16853
      vertex 37 35.8656 7.22699
      vertex 37 35.9444 7.16853
    endloop
  endfacet
  facet normal 0 0.595817 0.80312
    outer loop
      vertex 37 35.8656 7.22699
      vertex 34.6 35.9444 7.16853
      vertex 34.6 35.8656 7.22699
    endloop
  endfacet
  facet normal 0 -0.595817 -0.80312
    outer loop
      vertex 34.6 48.0556 9.83147
      vertex 37 48.1344 9.77301
      vertex 37 48.0556 9.83147
    endloop
  endfacet
  facet normal -0 -0.595817 -0.80312
    outer loop
      vertex 37 48.1344 9.77301
      vertex 34.6 48.0556 9.83147
      vertex 34.6 48.1344 9.77301
    endloop
  endfacet
  facet normal 0 -0.941742 -0.336336
    outer loop
      vertex 34.6 48.4569 9.29028
      vertex 37 48.4239 9.38268
      vertex 34.6 48.4239 9.38268
    endloop
  endfacet
  facet normal 0 -0.941742 -0.336336
    outer loop
      vertex 37 48.4239 9.38268
      vertex 34.6 48.4569 9.29028
      vertex 37 48.4569 9.29028
    endloop
  endfacet
  facet normal 0 -0.336969 0.941516
    outer loop
      vertex 34.6 47.8827 7.07613
      vertex 37 47.7903 7.04306
      vertex 37 47.8827 7.07613
    endloop
  endfacet
  facet normal 0 -0.336969 0.941516
    outer loop
      vertex 37 47.7903 7.04306
      vertex 34.6 47.8827 7.07613
      vertex 34.6 47.7903 7.04306
    endloop
  endfacet
  facet normal 0 0.969902 0.243494
    outer loop
      vertex 37 35.5431 7.70972
      vertex 34.6 35.5192 7.80492
      vertex 37 35.5192 7.80492
    endloop
  endfacet
  facet normal 0 0.969902 0.243494
    outer loop
      vertex 34.6 35.5192 7.80492
      vertex 37 35.5431 7.70972
      vertex 34.6 35.5431 7.70972
    endloop
  endfacet
  facet normal 0 -0.969902 0.243494
    outer loop
      vertex 34.6 48.4569 7.70972
      vertex 37 48.4808 7.80492
      vertex 34.6 48.4808 7.80492
    endloop
  endfacet
  facet normal 0 -0.969902 0.243494
    outer loop
      vertex 37 48.4808 7.80492
      vertex 34.6 48.4569 7.70972
      vertex 37 48.4569 7.70972
    endloop
  endfacet
  facet normal 0 -0.969902 -0.243494
    outer loop
      vertex 34.6 48.4808 9.19508
      vertex 37 48.4569 9.29028
      vertex 34.6 48.4569 9.29028
    endloop
  endfacet
  facet normal 0 -0.969902 -0.243494
    outer loop
      vertex 37 48.4569 9.29028
      vertex 34.6 48.4808 9.19508
      vertex 37 48.4808 9.19508
    endloop
  endfacet
  facet normal 0 -0.0491243 0.998793
    outer loop
      vertex 34.6 47.598 7.00482
      vertex 37 47.5 7
      vertex 37 47.598 7.00482
    endloop
  endfacet
  facet normal 0 -0.0491243 0.998793
    outer loop
      vertex 37 47.5 7
      vertex 34.6 47.598 7.00482
      vertex 34.6 47.5 7
    endloop
  endfacet
  facet normal 0 -0.941742 0.336336
    outer loop
      vertex 34.6 48.4239 7.61732
      vertex 37 48.4569 7.70972
      vertex 34.6 48.4569 7.70972
    endloop
  endfacet
  facet normal 0 -0.941742 0.336336
    outer loop
      vertex 37 48.4569 7.70972
      vertex 34.6 48.4239 7.61732
      vertex 37 48.4239 7.61732
    endloop
  endfacet
  facet normal -0 0.427622 0.903958
    outer loop
      vertex 34.6 36.1173 7.07613
      vertex 37 36.0286 7.11809
      vertex 37 36.1173 7.07613
    endloop
  endfacet
  facet normal 0 0.427622 0.903958
    outer loop
      vertex 37 36.0286 7.11809
      vertex 34.6 36.1173 7.07613
      vertex 34.6 36.0286 7.11809
    endloop
  endfacet
  facet normal 0 -0.903819 0.427916
    outer loop
      vertex 34.6 48.3819 7.52861
      vertex 37 48.4239 7.61732
      vertex 34.6 48.4239 7.61732
    endloop
  endfacet
  facet normal 0 -0.903819 0.427916
    outer loop
      vertex 37 48.4239 7.61732
      vertex 34.6 48.3819 7.52861
      vertex 37 48.3819 7.52861
    endloop
  endfacet
  facet normal 0 -0.857951 0.513731
    outer loop
      vertex 34.6 48.3315 7.44444
      vertex 37 48.3819 7.52861
      vertex 34.6 48.3819 7.52861
    endloop
  endfacet
  facet normal 0 -0.857951 0.513731
    outer loop
      vertex 37 48.3819 7.52861
      vertex 34.6 48.3315 7.44444
      vertex 37 48.3315 7.44444
    endloop
  endfacet
  facet normal 0 -0.740954 -0.671556
    outer loop
      vertex 34.6 48.273 9.63438
      vertex 37 48.2071 9.70709
      vertex 34.6 48.2071 9.70709
    endloop
  endfacet
  facet normal 0 -0.740954 -0.671556
    outer loop
      vertex 37 48.2071 9.70709
      vertex 34.6 48.273 9.63438
      vertex 37 48.273 9.63438
    endloop
  endfacet
  facet normal 0 -0.671719 -0.740806
    outer loop
      vertex 34.6 48.1344 9.77301
      vertex 37 48.2071 9.70709
      vertex 37 48.1344 9.77301
    endloop
  endfacet
  facet normal -0 -0.671719 -0.740806
    outer loop
      vertex 37 48.2071 9.70709
      vertex 34.6 48.1344 9.77301
      vertex 34.6 48.2071 9.70709
    endloop
  endfacet
  facet normal 0 -0.998803 0.048916
    outer loop
      vertex 34.6 48.4952 7.90199
      vertex 37 48.5 8
      vertex 34.6 48.5 8
    endloop
  endfacet
  facet normal 0 -0.998803 0.048916
    outer loop
      vertex 37 48.5 8
      vertex 34.6 48.4952 7.90199
      vertex 37 48.4952 7.90199
    endloop
  endfacet
  facet normal 0 0.903819 -0.427916
    outer loop
      vertex 37 35.5761 9.38268
      vertex 34.6 35.6181 9.47139
      vertex 37 35.6181 9.47139
    endloop
  endfacet
  facet normal 0 0.903819 -0.427916
    outer loop
      vertex 34.6 35.6181 9.47139
      vertex 37 35.5761 9.38268
      vertex 34.6 35.5761 9.38268
    endloop
  endfacet
  facet normal -0 0.671719 0.740806
    outer loop
      vertex 34.6 35.8656 7.22699
      vertex 37 35.7929 7.29291
      vertex 37 35.8656 7.22699
    endloop
  endfacet
  facet normal 0 0.671719 0.740806
    outer loop
      vertex 37 35.7929 7.29291
      vertex 34.6 35.8656 7.22699
      vertex 34.6 35.7929 7.29291
    endloop
  endfacet
  facet normal 0 0.989175 -0.146741
    outer loop
      vertex 37 35.5048 9.09801
      vertex 34.6 35.5192 9.19508
      vertex 37 35.5192 9.19508
    endloop
  endfacet
  facet normal 0 0.989175 -0.146741
    outer loop
      vertex 34.6 35.5192 9.19508
      vertex 37 35.5048 9.09801
      vertex 34.6 35.5048 9.09801
    endloop
  endfacet
  facet normal 0 -0.802997 -0.595983
    outer loop
      vertex 34.6 48.3315 9.55556
      vertex 37 48.273 9.63438
      vertex 34.6 48.273 9.63438
    endloop
  endfacet
  facet normal 0 -0.802997 -0.595983
    outer loop
      vertex 37 48.273 9.63438
      vertex 34.6 48.3315 9.55556
      vertex 37 48.3315 9.55556
    endloop
  endfacet
  facet normal -0 0.146796 0.989167
    outer loop
      vertex 34.6 36.402 7.00482
      vertex 37 36.3049 7.01923
      vertex 37 36.402 7.00482
    endloop
  endfacet
  facet normal 0 0.146796 0.989167
    outer loop
      vertex 37 36.3049 7.01923
      vertex 34.6 36.402 7.00482
      vertex 34.6 36.3049 7.01923
    endloop
  endfacet
  facet normal 0 -0.998803 -0.048916
    outer loop
      vertex 34.6 48.5 9
      vertex 37 48.4952 9.09801
      vertex 34.6 48.4952 9.09801
    endloop
  endfacet
  facet normal 0 -0.998803 -0.048916
    outer loop
      vertex 37 48.4952 9.09801
      vertex 34.6 48.5 9
      vertex 37 48.5 9
    endloop
  endfacet
  facet normal 0 -0.513896 0.857852
    outer loop
      vertex 34.6 48.0556 7.16853
      vertex 37 47.9714 7.11809
      vertex 37 48.0556 7.16853
    endloop
  endfacet
  facet normal 0 -0.513896 0.857852
    outer loop
      vertex 37 47.9714 7.11809
      vertex 34.6 48.0556 7.16853
      vertex 34.6 47.9714 7.11809
    endloop
  endfacet
  facet normal 0 -0.427622 0.903958
    outer loop
      vertex 34.6 47.9714 7.11809
      vertex 37 47.8827 7.07613
      vertex 37 47.9714 7.11809
    endloop
  endfacet
  facet normal 0 -0.427622 0.903958
    outer loop
      vertex 37 47.8827 7.07613
      vertex 34.6 47.9714 7.11809
      vertex 34.6 47.8827 7.07613
    endloop
  endfacet
  facet normal 0 0.941742 -0.336336
    outer loop
      vertex 37 35.5431 9.29028
      vertex 34.6 35.5761 9.38268
      vertex 37 35.5761 9.38268
    endloop
  endfacet
  facet normal 0 0.941742 -0.336336
    outer loop
      vertex 34.6 35.5761 9.38268
      vertex 37 35.5431 9.29028
      vertex 34.6 35.5431 9.29028
    endloop
  endfacet
  facet normal 0 0.998803 0.048916
    outer loop
      vertex 37 35.5048 7.90199
      vertex 34.6 35.5 8
      vertex 37 35.5 8
    endloop
  endfacet
  facet normal 0 0.998803 0.048916
    outer loop
      vertex 34.6 35.5 8
      vertex 37 35.5048 7.90199
      vertex 34.6 35.5048 7.90199
    endloop
  endfacet
  facet normal 0 -1 0
    outer loop
      vertex 34.6 48.5 8
      vertex 37 48.5 9
      vertex 34.6 48.5 9
    endloop
  endfacet
  facet normal 0 -1 -0
    outer loop
      vertex 37 48.5 9
      vertex 34.6 48.5 8
      vertex 37 48.5 8
    endloop
  endfacet
  facet normal 0 -0.427622 -0.903958
    outer loop
      vertex 34.6 47.8827 9.92387
      vertex 37 47.9714 9.88191
      vertex 37 47.8827 9.92387
    endloop
  endfacet
  facet normal -0 -0.427622 -0.903958
    outer loop
      vertex 37 47.9714 9.88191
      vertex 34.6 47.8827 9.92387
      vertex 34.6 47.9714 9.88191
    endloop
  endfacet
  facet normal 0 0.802997 0.595983
    outer loop
      vertex 37 35.727 7.36562
      vertex 34.6 35.6685 7.44444
      vertex 37 35.6685 7.44444
    endloop
  endfacet
  facet normal 0 0.802997 0.595983
    outer loop
      vertex 34.6 35.6685 7.44444
      vertex 37 35.727 7.36562
      vertex 34.6 35.727 7.36562
    endloop
  endfacet
  facet normal 0 -0.903819 -0.427916
    outer loop
      vertex 34.6 48.4239 9.38268
      vertex 37 48.3819 9.47139
      vertex 34.6 48.3819 9.47139
    endloop
  endfacet
  facet normal 0 -0.903819 -0.427916
    outer loop
      vertex 37 48.3819 9.47139
      vertex 34.6 48.4239 9.38268
      vertex 37 48.4239 9.38268
    endloop
  endfacet
  facet normal 0 0.857951 0.513731
    outer loop
      vertex 37 35.6685 7.44444
      vertex 34.6 35.6181 7.52861
      vertex 37 35.6181 7.52861
    endloop
  endfacet
  facet normal 0 0.857951 0.513731
    outer loop
      vertex 34.6 35.6181 7.52861
      vertex 37 35.6685 7.44444
      vertex 34.6 35.6685 7.44444
    endloop
  endfacet
  facet normal 0 0.857951 -0.513731
    outer loop
      vertex 37 35.6181 9.47139
      vertex 34.6 35.6685 9.55556
      vertex 37 35.6685 9.55556
    endloop
  endfacet
  facet normal 0 0.857951 -0.513731
    outer loop
      vertex 34.6 35.6685 9.55556
      vertex 37 35.6181 9.47139
      vertex 34.6 35.6181 9.47139
    endloop
  endfacet
  facet normal 0 -0.513896 -0.857852
    outer loop
      vertex 34.6 47.9714 9.88191
      vertex 37 48.0556 9.83147
      vertex 37 47.9714 9.88191
    endloop
  endfacet
  facet normal -0 -0.513896 -0.857852
    outer loop
      vertex 37 48.0556 9.83147
      vertex 34.6 47.9714 9.88191
      vertex 34.6 48.0556 9.83147
    endloop
  endfacet
  facet normal 0 0.941742 0.336336
    outer loop
      vertex 37 35.5761 7.61732
      vertex 34.6 35.5431 7.70972
      vertex 37 35.5431 7.70972
    endloop
  endfacet
  facet normal 0 0.941742 0.336336
    outer loop
      vertex 34.6 35.5431 7.70972
      vertex 37 35.5761 7.61732
      vertex 34.6 35.5761 7.61732
    endloop
  endfacet
  facet normal 0 0.903819 0.427916
    outer loop
      vertex 37 35.6181 7.52861
      vertex 34.6 35.5761 7.61732
      vertex 37 35.5761 7.61732
    endloop
  endfacet
  facet normal 0 0.903819 0.427916
    outer loop
      vertex 34.6 35.5761 7.61732
      vertex 37 35.6181 7.52861
      vertex 34.6 35.6181 7.52861
    endloop
  endfacet
  facet normal 0 0.989175 0.146741
    outer loop
      vertex 37 35.5192 7.80492
      vertex 34.6 35.5048 7.90199
      vertex 37 35.5048 7.90199
    endloop
  endfacet
  facet normal 0 0.989175 0.146741
    outer loop
      vertex 34.6 35.5048 7.90199
      vertex 37 35.5192 7.80492
      vertex 34.6 35.5192 7.80492
    endloop
  endfacet
  facet normal 0 0.969902 -0.243494
    outer loop
      vertex 37 35.5192 9.19508
      vertex 34.6 35.5431 9.29028
      vertex 37 35.5431 9.29028
    endloop
  endfacet
  facet normal 0 0.969902 -0.243494
    outer loop
      vertex 34.6 35.5431 9.29028
      vertex 37 35.5192 9.19508
      vertex 34.6 35.5192 9.19508
    endloop
  endfacet
  facet normal 0 0.740954 -0.671556
    outer loop
      vertex 37 35.727 9.63438
      vertex 34.6 35.7929 9.70709
      vertex 37 35.7929 9.70709
    endloop
  endfacet
  facet normal 0 0.740954 -0.671556
    outer loop
      vertex 34.6 35.7929 9.70709
      vertex 37 35.727 9.63438
      vertex 34.6 35.727 9.63438
    endloop
  endfacet
  facet normal 0 0.802997 -0.595983
    outer loop
      vertex 37 35.6685 9.55556
      vertex 34.6 35.727 9.63438
      vertex 37 35.727 9.63438
    endloop
  endfacet
  facet normal 0 0.802997 -0.595983
    outer loop
      vertex 34.6 35.727 9.63438
      vertex 37 35.6685 9.55556
      vertex 34.6 35.6685 9.55556
    endloop
  endfacet
  facet normal 0 -0.802997 0.595983
    outer loop
      vertex -37 50.273 6.36562
      vertex -34.6 50.3315 6.44444
      vertex -37 50.3315 6.44444
    endloop
  endfacet
  facet normal 0 -0.802997 0.595983
    outer loop
      vertex -34.6 50.3315 6.44444
      vertex -37 50.273 6.36562
      vertex -34.6 50.273 6.36562
    endloop
  endfacet
  facet normal -0 0.671719 0.740806
    outer loop
      vertex -37 41.8656 6.22699
      vertex -34.6 41.7929 6.29291
      vertex -34.6 41.8656 6.22699
    endloop
  endfacet
  facet normal 0 0.671719 0.740806
    outer loop
      vertex -34.6 41.7929 6.29291
      vertex -37 41.8656 6.22699
      vertex -37 41.7929 6.29291
    endloop
  endfacet
  facet normal -0 0.595817 0.80312
    outer loop
      vertex -37 41.9444 6.16853
      vertex -34.6 41.8656 6.22699
      vertex -34.6 41.9444 6.16853
    endloop
  endfacet
  facet normal 0 0.595817 0.80312
    outer loop
      vertex -34.6 41.8656 6.22699
      vertex -37 41.9444 6.16853
      vertex -37 41.8656 6.22699
    endloop
  endfacet
  facet normal -0 0 1
    outer loop
      vertex -37 49.5 6
      vertex -34.6 42.5 6
      vertex -34.6 49.5 6
    endloop
  endfacet
  facet normal 0 0 1
    outer loop
      vertex -34.6 42.5 6
      vertex -37 49.5 6
      vertex -37 42.5 6
    endloop
  endfacet
  facet normal 0 -0.989175 0.146741
    outer loop
      vertex -37 50.4808 6.80492
      vertex -34.6 50.4952 6.90199
      vertex -37 50.4952 6.90199
    endloop
  endfacet
  facet normal 0 -0.989175 0.146741
    outer loop
      vertex -34.6 50.4952 6.90199
      vertex -37 50.4808 6.80492
      vertex -34.6 50.4808 6.80492
    endloop
  endfacet
  facet normal -0 0.336969 0.941516
    outer loop
      vertex -37 42.2097 6.04306
      vertex -34.6 42.1173 6.07613
      vertex -34.6 42.2097 6.04306
    endloop
  endfacet
  facet normal 0 0.336969 0.941516
    outer loop
      vertex -34.6 42.1173 6.07613
      vertex -37 42.2097 6.04306
      vertex -37 42.1173 6.07613
    endloop
  endfacet
  facet normal -0 0.513896 0.857852
    outer loop
      vertex -37 42.0286 6.11809
      vertex -34.6 41.9444 6.16853
      vertex -34.6 42.0286 6.11809
    endloop
  endfacet
  facet normal 0 0.513896 0.857852
    outer loop
      vertex -34.6 41.9444 6.16853
      vertex -37 42.0286 6.11809
      vertex -37 41.9444 6.16853
    endloop
  endfacet
  facet normal -0 0.427622 0.903958
    outer loop
      vertex -37 42.1173 6.07613
      vertex -34.6 42.0286 6.11809
      vertex -34.6 42.1173 6.07613
    endloop
  endfacet
  facet normal 0 0.427622 0.903958
    outer loop
      vertex -34.6 42.0286 6.11809
      vertex -37 42.1173 6.07613
      vertex -37 42.0286 6.11809
    endloop
  endfacet
  facet normal 0 -0.969902 -0.243494
    outer loop
      vertex -37 50.4808 10.1951
      vertex -34.6 50.4569 10.2903
      vertex -37 50.4569 10.2903
    endloop
  endfacet
  facet normal 0 -0.969902 -0.243494
    outer loop
      vertex -34.6 50.4569 10.2903
      vertex -37 50.4808 10.1951
      vertex -34.6 50.4808 10.1951
    endloop
  endfacet
  facet normal 0 -0.998803 -0.0489209
    outer loop
      vertex -37 50.5 10
      vertex -34.6 50.4952 10.098
      vertex -37 50.4952 10.098
    endloop
  endfacet
  facet normal 0 -0.998803 -0.0489209
    outer loop
      vertex -34.6 50.4952 10.098
      vertex -37 50.5 10
      vertex -34.6 50.5 10
    endloop
  endfacet
  facet normal 0 -0.336969 0.941516
    outer loop
      vertex -37 49.8827 6.07613
      vertex -34.6 49.7903 6.04306
      vertex -34.6 49.8827 6.07613
    endloop
  endfacet
  facet normal 0 -0.336969 0.941516
    outer loop
      vertex -34.6 49.7903 6.04306
      vertex -37 49.8827 6.07613
      vertex -37 49.7903 6.04306
    endloop
  endfacet
  facet normal 0 -0.740908 -0.671607
    outer loop
      vertex -37 50.273 10.6344
      vertex -34.6 50.2071 10.7071
      vertex -37 50.2071 10.7071
    endloop
  endfacet
  facet normal 0 -0.740908 -0.671607
    outer loop
      vertex -34.6 50.2071 10.7071
      vertex -37 50.273 10.6344
      vertex -34.6 50.273 10.6344
    endloop
  endfacet
  facet normal 0 -1 0
    outer loop
      vertex -37 50.5 7
      vertex -34.6 50.5 10
      vertex -37 50.5 10
    endloop
  endfacet
  facet normal 0 -1 -0
    outer loop
      vertex -34.6 50.5 10
      vertex -37 50.5 7
      vertex -34.6 50.5 7
    endloop
  endfacet
  facet normal 0 -0.671607 -0.740908
    outer loop
      vertex -37 50.1344 10.773
      vertex -34.6 50.2071 10.7071
      vertex -34.6 50.1344 10.773
    endloop
  endfacet
  facet normal -0 -0.671607 -0.740908
    outer loop
      vertex -34.6 50.2071 10.7071
      vertex -37 50.1344 10.773
      vertex -37 50.2071 10.7071
    endloop
  endfacet
  facet normal -0 0.0491243 0.998793
    outer loop
      vertex -37 42.5 6
      vertex -34.6 42.402 6.00482
      vertex -34.6 42.5 6
    endloop
  endfacet
  facet normal 0 0.0491243 0.998793
    outer loop
      vertex -34.6 42.402 6.00482
      vertex -37 42.5 6
      vertex -37 42.402 6.00482
    endloop
  endfacet
  facet normal 0 0.146696 -0.989182
    outer loop
      vertex -37 42.3049 10.9808
      vertex -34.6 42.402 10.9952
      vertex -34.6 42.3049 10.9808
    endloop
  endfacet
  facet normal 0 0.146696 -0.989182
    outer loop
      vertex -34.6 42.402 10.9952
      vertex -37 42.3049 10.9808
      vertex -37 42.402 10.9952
    endloop
  endfacet
  facet normal -0 0.242823 0.970071
    outer loop
      vertex -37 42.3049 6.01923
      vertex -34.6 42.2097 6.04306
      vertex -34.6 42.3049 6.01923
    endloop
  endfacet
  facet normal 0 0.242823 0.970071
    outer loop
      vertex -34.6 42.2097 6.04306
      vertex -37 42.3049 6.01923
      vertex -37 42.2097 6.04306
    endloop
  endfacet
  facet normal 0 -0.998803 0.048916
    outer loop
      vertex -37 50.4952 6.90199
      vertex -34.6 50.5 7
      vertex -37 50.5 7
    endloop
  endfacet
  facet normal 0 -0.998803 0.048916
    outer loop
      vertex -34.6 50.5 7
      vertex -37 50.4952 6.90199
      vertex -34.6 50.4952 6.90199
    endloop
  endfacet
  facet normal 0 -0.146796 0.989167
    outer loop
      vertex -37 49.6951 6.01923
      vertex -34.6 49.598 6.00482
      vertex -34.6 49.6951 6.01923
    endloop
  endfacet
  facet normal 0 -0.146796 0.989167
    outer loop
      vertex -34.6 49.598 6.00482
      vertex -37 49.6951 6.01923
      vertex -37 49.598 6.00482
    endloop
  endfacet
  facet normal 0 -0.427622 0.903958
    outer loop
      vertex -37 49.9714 6.11809
      vertex -34.6 49.8827 6.07613
      vertex -34.6 49.9714 6.11809
    endloop
  endfacet
  facet normal 0 -0.427622 0.903958
    outer loop
      vertex -34.6 49.8827 6.07613
      vertex -37 49.9714 6.11809
      vertex -37 49.8827 6.07613
    endloop
  endfacet
  facet normal 0 -0.336336 -0.941742
    outer loop
      vertex -37 49.7903 10.9569
      vertex -34.6 49.8827 10.9239
      vertex -34.6 49.7903 10.9569
    endloop
  endfacet
  facet normal -0 -0.336336 -0.941742
    outer loop
      vertex -34.6 49.8827 10.9239
      vertex -37 49.7903 10.9569
      vertex -37 49.8827 10.9239
    endloop
  endfacet
  facet normal 0 0.0489209 -0.998803
    outer loop
      vertex -37 42.402 10.9952
      vertex -34.6 42.5 11
      vertex -34.6 42.402 10.9952
    endloop
  endfacet
  facet normal 0 0.0489209 -0.998803
    outer loop
      vertex -34.6 42.5 11
      vertex -37 42.402 10.9952
      vertex -37 42.5 11
    endloop
  endfacet
  facet normal 0 0.9038 -0.427955
    outer loop
      vertex -34.6 41.5761 10.3827
      vertex -37 41.6181 10.4714
      vertex -34.6 41.6181 10.4714
    endloop
  endfacet
  facet normal 0 0.9038 -0.427955
    outer loop
      vertex -37 41.6181 10.4714
      vertex -34.6 41.5761 10.3827
      vertex -37 41.5761 10.3827
    endloop
  endfacet
  facet normal 0 0.989182 -0.146696
    outer loop
      vertex -34.6 41.5048 10.098
      vertex -37 41.5192 10.1951
      vertex -34.6 41.5192 10.1951
    endloop
  endfacet
  facet normal 0 0.989182 -0.146696
    outer loop
      vertex -37 41.5192 10.1951
      vertex -34.6 41.5048 10.098
      vertex -37 41.5048 10.098
    endloop
  endfacet
  facet normal -0 0.146796 0.989167
    outer loop
      vertex -37 42.402 6.00482
      vertex -34.6 42.3049 6.01923
      vertex -34.6 42.402 6.00482
    endloop
  endfacet
  facet normal 0 0.146796 0.989167
    outer loop
      vertex -34.6 42.3049 6.01923
      vertex -37 42.402 6.00482
      vertex -37 42.3049 6.01923
    endloop
  endfacet
  facet normal 0 0.802925 -0.59608
    outer loop
      vertex -34.6 41.6685 10.5556
      vertex -37 41.727 10.6344
      vertex -34.6 41.727 10.6344
    endloop
  endfacet
  facet normal 0 0.802925 -0.59608
    outer loop
      vertex -37 41.727 10.6344
      vertex -34.6 41.6685 10.5556
      vertex -37 41.6685 10.5556
    endloop
  endfacet
  facet normal 0 0.903819 0.427916
    outer loop
      vertex -34.6 41.6181 6.52861
      vertex -37 41.5761 6.61732
      vertex -34.6 41.5761 6.61732
    endloop
  endfacet
  facet normal 0 0.903819 0.427916
    outer loop
      vertex -37 41.5761 6.61732
      vertex -34.6 41.6181 6.52861
      vertex -37 41.6181 6.52861
    endloop
  endfacet
  facet normal 0 0 -1
    outer loop
      vertex -37 42.5 11
      vertex -34.6 49.5 11
      vertex -34.6 42.5 11
    endloop
  endfacet
  facet normal -0 0 -1
    outer loop
      vertex -34.6 49.5 11
      vertex -37 42.5 11
      vertex -37 49.5 11
    endloop
  endfacet
  facet normal 0 -0.595817 0.80312
    outer loop
      vertex -37 50.1344 6.22699
      vertex -34.6 50.0556 6.16853
      vertex -34.6 50.1344 6.22699
    endloop
  endfacet
  facet normal 0 -0.595817 0.80312
    outer loop
      vertex -34.6 50.0556 6.16853
      vertex -37 50.1344 6.22699
      vertex -37 50.0556 6.16853
    endloop
  endfacet
  facet normal 0 -0.858032 -0.513596
    outer loop
      vertex -37 50.3819 10.4714
      vertex -34.6 50.3315 10.5556
      vertex -37 50.3315 10.5556
    endloop
  endfacet
  facet normal 0 -0.858032 -0.513596
    outer loop
      vertex -34.6 50.3315 10.5556
      vertex -37 50.3819 10.4714
      vertex -34.6 50.3819 10.4714
    endloop
  endfacet
  facet normal 0 0.243494 -0.969902
    outer loop
      vertex -37 42.2097 10.9569
      vertex -34.6 42.3049 10.9808
      vertex -34.6 42.2097 10.9569
    endloop
  endfacet
  facet normal 0 0.243494 -0.969902
    outer loop
      vertex -34.6 42.3049 10.9808
      vertex -37 42.2097 10.9569
      vertex -37 42.3049 10.9808
    endloop
  endfacet
  facet normal 0 -0.243494 -0.969902
    outer loop
      vertex -37 49.6951 10.9808
      vertex -34.6 49.7903 10.9569
      vertex -34.6 49.6951 10.9808
    endloop
  endfacet
  facet normal -0 -0.243494 -0.969902
    outer loop
      vertex -34.6 49.7903 10.9569
      vertex -37 49.6951 10.9808
      vertex -37 49.7903 10.9569
    endloop
  endfacet
  facet normal 0 0.969902 -0.243494
    outer loop
      vertex -34.6 41.5192 10.1951
      vertex -37 41.5431 10.2903
      vertex -34.6 41.5431 10.2903
    endloop
  endfacet
  facet normal 0 0.969902 -0.243494
    outer loop
      vertex -37 41.5431 10.2903
      vertex -34.6 41.5192 10.1951
      vertex -37 41.5192 10.1951
    endloop
  endfacet
  facet normal 0 1 -0
    outer loop
      vertex -34.6 41.5 7
      vertex -37 41.5 10
      vertex -34.6 41.5 10
    endloop
  endfacet
  facet normal 0 1 0
    outer loop
      vertex -37 41.5 10
      vertex -34.6 41.5 7
      vertex -37 41.5 7
    endloop
  endfacet
  facet normal 0 -0.0489209 -0.998803
    outer loop
      vertex -37 49.5 11
      vertex -34.6 49.598 10.9952
      vertex -34.6 49.5 11
    endloop
  endfacet
  facet normal -0 -0.0489209 -0.998803
    outer loop
      vertex -34.6 49.598 10.9952
      vertex -37 49.5 11
      vertex -37 49.598 10.9952
    endloop
  endfacet
  facet normal 0 0.59608 -0.802925
    outer loop
      vertex -37 41.8656 10.773
      vertex -34.6 41.9444 10.8315
      vertex -34.6 41.8656 10.773
    endloop
  endfacet
  facet normal 0 0.59608 -0.802925
    outer loop
      vertex -34.6 41.9444 10.8315
      vertex -37 41.8656 10.773
      vertex -37 41.9444 10.8315
    endloop
  endfacet
  facet normal 0 -0.671719 0.740806
    outer loop
      vertex -37 50.2071 6.29291
      vertex -34.6 50.1344 6.22699
      vertex -34.6 50.2071 6.29291
    endloop
  endfacet
  facet normal 0 -0.671719 0.740806
    outer loop
      vertex -34.6 50.1344 6.22699
      vertex -37 50.2071 6.29291
      vertex -37 50.1344 6.22699
    endloop
  endfacet
  facet normal 0 -0.740954 0.671556
    outer loop
      vertex -37 50.2071 6.29291
      vertex -34.6 50.273 6.36562
      vertex -37 50.273 6.36562
    endloop
  endfacet
  facet normal 0 -0.740954 0.671556
    outer loop
      vertex -34.6 50.273 6.36562
      vertex -37 50.2071 6.29291
      vertex -34.6 50.2071 6.29291
    endloop
  endfacet
  facet normal 0 -0.513596 -0.858032
    outer loop
      vertex -37 49.9714 10.8819
      vertex -34.6 50.0556 10.8315
      vertex -34.6 49.9714 10.8819
    endloop
  endfacet
  facet normal -0 -0.513596 -0.858032
    outer loop
      vertex -34.6 50.0556 10.8315
      vertex -37 49.9714 10.8819
      vertex -37 50.0556 10.8315
    endloop
  endfacet
  facet normal 0 -0.0491243 0.998793
    outer loop
      vertex -37 49.598 6.00482
      vertex -34.6 49.5 6
      vertex -34.6 49.598 6.00482
    endloop
  endfacet
  facet normal 0 -0.0491243 0.998793
    outer loop
      vertex -34.6 49.5 6
      vertex -37 49.598 6.00482
      vertex -37 49.5 6
    endloop
  endfacet
  facet normal 0 -0.903819 0.427916
    outer loop
      vertex -37 50.3819 6.52861
      vertex -34.6 50.4239 6.61732
      vertex -37 50.4239 6.61732
    endloop
  endfacet
  facet normal 0 -0.903819 0.427916
    outer loop
      vertex -34.6 50.4239 6.61732
      vertex -37 50.3819 6.52861
      vertex -34.6 50.3819 6.52861
    endloop
  endfacet
  facet normal 0 0.989175 0.146741
    outer loop
      vertex -34.6 41.5192 6.80492
      vertex -37 41.5048 6.90199
      vertex -34.6 41.5048 6.90199
    endloop
  endfacet
  facet normal 0 0.989175 0.146741
    outer loop
      vertex -37 41.5048 6.90199
      vertex -34.6 41.5192 6.80492
      vertex -37 41.5192 6.80492
    endloop
  endfacet
  facet normal 0 -0.941742 0.336336
    outer loop
      vertex -37 50.4239 6.61732
      vertex -34.6 50.4569 6.70972
      vertex -37 50.4569 6.70972
    endloop
  endfacet
  facet normal 0 -0.941742 0.336336
    outer loop
      vertex -34.6 50.4569 6.70972
      vertex -37 50.4239 6.61732
      vertex -34.6 50.4239 6.61732
    endloop
  endfacet
  facet normal 0 0.998803 -0.0489209
    outer loop
      vertex -34.6 41.5 10
      vertex -37 41.5048 10.098
      vertex -34.6 41.5048 10.098
    endloop
  endfacet
  facet normal 0 0.998803 -0.0489209
    outer loop
      vertex -37 41.5048 10.098
      vertex -34.6 41.5 10
      vertex -37 41.5 10
    endloop
  endfacet
  facet normal 0 0.740908 -0.671607
    outer loop
      vertex -34.6 41.727 10.6344
      vertex -37 41.7929 10.7071
      vertex -34.6 41.7929 10.7071
    endloop
  endfacet
  facet normal 0 0.740908 -0.671607
    outer loop
      vertex -37 41.7929 10.7071
      vertex -34.6 41.727 10.6344
      vertex -37 41.727 10.6344
    endloop
  endfacet
  facet normal 0 -0.513896 0.857852
    outer loop
      vertex -37 50.0556 6.16853
      vertex -34.6 49.9714 6.11809
      vertex -34.6 50.0556 6.16853
    endloop
  endfacet
  facet normal 0 -0.513896 0.857852
    outer loop
      vertex -34.6 49.9714 6.11809
      vertex -37 50.0556 6.16853
      vertex -37 49.9714 6.11809
    endloop
  endfacet
  facet normal 0 -0.969902 0.243494
    outer loop
      vertex -37 50.4569 6.70972
      vertex -34.6 50.4808 6.80492
      vertex -37 50.4808 6.80492
    endloop
  endfacet
  facet normal 0 -0.969902 0.243494
    outer loop
      vertex -34.6 50.4808 6.80492
      vertex -37 50.4569 6.70972
      vertex -34.6 50.4569 6.70972
    endloop
  endfacet
  facet normal 0 -0.146696 -0.989182
    outer loop
      vertex -37 49.598 10.9952
      vertex -34.6 49.6951 10.9808
      vertex -34.6 49.598 10.9952
    endloop
  endfacet
  facet normal -0 -0.146696 -0.989182
    outer loop
      vertex -34.6 49.6951 10.9808
      vertex -37 49.598 10.9952
      vertex -37 49.6951 10.9808
    endloop
  endfacet
  facet normal 0 0.941742 0.336336
    outer loop
      vertex -34.6 41.5761 6.61732
      vertex -37 41.5431 6.70972
      vertex -34.6 41.5431 6.70972
    endloop
  endfacet
  facet normal 0 0.941742 0.336336
    outer loop
      vertex -37 41.5431 6.70972
      vertex -34.6 41.5761 6.61732
      vertex -37 41.5761 6.61732
    endloop
  endfacet
  facet normal 0 0.513596 -0.858032
    outer loop
      vertex -37 41.9444 10.8315
      vertex -34.6 42.0286 10.8819
      vertex -34.6 41.9444 10.8315
    endloop
  endfacet
  facet normal 0 0.513596 -0.858032
    outer loop
      vertex -34.6 42.0286 10.8819
      vertex -37 41.9444 10.8315
      vertex -37 42.0286 10.8819
    endloop
  endfacet
  facet normal 0 0.941742 -0.336336
    outer loop
      vertex -34.6 41.5431 10.2903
      vertex -37 41.5761 10.3827
      vertex -34.6 41.5761 10.3827
    endloop
  endfacet
  facet normal 0 0.941742 -0.336336
    outer loop
      vertex -37 41.5761 10.3827
      vertex -34.6 41.5431 10.2903
      vertex -37 41.5431 10.2903
    endloop
  endfacet
  facet normal 0 -0.989182 -0.146696
    outer loop
      vertex -37 50.4952 10.098
      vertex -34.6 50.4808 10.1951
      vertex -37 50.4808 10.1951
    endloop
  endfacet
  facet normal 0 -0.989182 -0.146696
    outer loop
      vertex -34.6 50.4808 10.1951
      vertex -37 50.4952 10.098
      vertex -34.6 50.4952 10.098
    endloop
  endfacet
  facet normal 0 -0.802925 -0.59608
    outer loop
      vertex -37 50.3315 10.5556
      vertex -34.6 50.273 10.6344
      vertex -37 50.273 10.6344
    endloop
  endfacet
  facet normal 0 -0.802925 -0.59608
    outer loop
      vertex -34.6 50.273 10.6344
      vertex -37 50.3315 10.5556
      vertex -34.6 50.3315 10.5556
    endloop
  endfacet
  facet normal 0 -0.941742 -0.336336
    outer loop
      vertex -37 50.4569 10.2903
      vertex -34.6 50.4239 10.3827
      vertex -37 50.4239 10.3827
    endloop
  endfacet
  facet normal 0 -0.941742 -0.336336
    outer loop
      vertex -34.6 50.4239 10.3827
      vertex -37 50.4569 10.2903
      vertex -34.6 50.4569 10.2903
    endloop
  endfacet
  facet normal 0 -0.9038 -0.427955
    outer loop
      vertex -37 50.4239 10.3827
      vertex -34.6 50.3819 10.4714
      vertex -37 50.3819 10.4714
    endloop
  endfacet
  facet normal 0 -0.9038 -0.427955
    outer loop
      vertex -34.6 50.3819 10.4714
      vertex -37 50.4239 10.3827
      vertex -34.6 50.4239 10.3827
    endloop
  endfacet
  facet normal 0 -0.427955 -0.9038
    outer loop
      vertex -37 49.8827 10.9239
      vertex -34.6 49.9714 10.8819
      vertex -34.6 49.8827 10.9239
    endloop
  endfacet
  facet normal -0 -0.427955 -0.9038
    outer loop
      vertex -34.6 49.9714 10.8819
      vertex -37 49.8827 10.9239
      vertex -37 49.9714 10.8819
    endloop
  endfacet
  facet normal 0 0.427955 -0.9038
    outer loop
      vertex -37 42.0286 10.8819
      vertex -34.6 42.1173 10.9239
      vertex -34.6 42.0286 10.8819
    endloop
  endfacet
  facet normal 0 0.427955 -0.9038
    outer loop
      vertex -34.6 42.1173 10.9239
      vertex -37 42.0286 10.8819
      vertex -37 42.1173 10.9239
    endloop
  endfacet
  facet normal 0 -0.59608 -0.802925
    outer loop
      vertex -37 50.0556 10.8315
      vertex -34.6 50.1344 10.773
      vertex -34.6 50.0556 10.8315
    endloop
  endfacet
  facet normal -0 -0.59608 -0.802925
    outer loop
      vertex -34.6 50.1344 10.773
      vertex -37 50.0556 10.8315
      vertex -37 50.1344 10.773
    endloop
  endfacet
  facet normal 0 0.969902 0.243494
    outer loop
      vertex -34.6 41.5431 6.70972
      vertex -37 41.5192 6.80492
      vertex -34.6 41.5192 6.80492
    endloop
  endfacet
  facet normal 0 0.969902 0.243494
    outer loop
      vertex -37 41.5192 6.80492
      vertex -34.6 41.5431 6.70972
      vertex -37 41.5431 6.70972
    endloop
  endfacet
  facet normal 0 -0.857951 0.513731
    outer loop
      vertex -37 50.3315 6.44444
      vertex -34.6 50.3819 6.52861
      vertex -37 50.3819 6.52861
    endloop
  endfacet
  facet normal 0 -0.857951 0.513731
    outer loop
      vertex -34.6 50.3819 6.52861
      vertex -37 50.3315 6.44444
      vertex -34.6 50.3315 6.44444
    endloop
  endfacet
  facet normal 0 -0.242823 0.970071
    outer loop
      vertex -37 49.7903 6.04306
      vertex -34.6 49.6951 6.01923
      vertex -34.6 49.7903 6.04306
    endloop
  endfacet
  facet normal 0 -0.242823 0.970071
    outer loop
      vertex -34.6 49.6951 6.01923
      vertex -37 49.7903 6.04306
      vertex -37 49.6951 6.01923
    endloop
  endfacet
  facet normal 0 0.998803 0.048916
    outer loop
      vertex -34.6 41.5048 6.90199
      vertex -37 41.5 7
      vertex -34.6 41.5 7
    endloop
  endfacet
  facet normal 0 0.998803 0.048916
    outer loop
      vertex -37 41.5 7
      vertex -34.6 41.5048 6.90199
      vertex -37 41.5048 6.90199
    endloop
  endfacet
  facet normal 0 0.336336 -0.941742
    outer loop
      vertex -37 42.1173 10.9239
      vertex -34.6 42.2097 10.9569
      vertex -34.6 42.1173 10.9239
    endloop
  endfacet
  facet normal 0 0.336336 -0.941742
    outer loop
      vertex -34.6 42.2097 10.9569
      vertex -37 42.1173 10.9239
      vertex -37 42.2097 10.9569
    endloop
  endfacet
  facet normal 0 0.857951 0.513731
    outer loop
      vertex -34.6 41.6685 6.44444
      vertex -37 41.6181 6.52861
      vertex -34.6 41.6181 6.52861
    endloop
  endfacet
  facet normal 0 0.857951 0.513731
    outer loop
      vertex -37 41.6181 6.52861
      vertex -34.6 41.6685 6.44444
      vertex -37 41.6685 6.44444
    endloop
  endfacet
  facet normal 0 0.671607 -0.740908
    outer loop
      vertex -37 41.7929 10.7071
      vertex -34.6 41.8656 10.773
      vertex -34.6 41.7929 10.7071
    endloop
  endfacet
  facet normal 0 0.671607 -0.740908
    outer loop
      vertex -34.6 41.8656 10.773
      vertex -37 41.7929 10.7071
      vertex -37 41.8656 10.773
    endloop
  endfacet
  facet normal 0 0.802997 0.595983
    outer loop
      vertex -34.6 41.727 6.36562
      vertex -37 41.6685 6.44444
      vertex -34.6 41.6685 6.44444
    endloop
  endfacet
  facet normal 0 0.802997 0.595983
    outer loop
      vertex -37 41.6685 6.44444
      vertex -34.6 41.727 6.36562
      vertex -37 41.727 6.36562
    endloop
  endfacet
  facet normal 0 0.858032 -0.513596
    outer loop
      vertex -34.6 41.6181 10.4714
      vertex -37 41.6685 10.5556
      vertex -34.6 41.6685 10.5556
    endloop
  endfacet
  facet normal 0 0.858032 -0.513596
    outer loop
      vertex -37 41.6685 10.5556
      vertex -34.6 41.6181 10.4714
      vertex -37 41.6181 10.4714
    endloop
  endfacet
  facet normal 0 0.740954 0.671556
    outer loop
      vertex -34.6 41.7929 6.29291
      vertex -37 41.727 6.36562
      vertex -34.6 41.727 6.36562
    endloop
  endfacet
  facet normal 0 0.740954 0.671556
    outer loop
      vertex -37 41.727 6.36562
      vertex -34.6 41.7929 6.29291
      vertex -37 41.7929 6.29291
    endloop
  endfacet
endsolid OpenSCAD_Model
