solid OpenSCAD_Model
  facet normal -0.989173 -0.146755 0
    outer loop
      vertex -36.9039 -61.9754 0
      vertex -36.9759 -61.4901 13
      vertex -36.9759 -61.4901 0
    endloop
  endfacet
  facet normal -0.989173 -0.146755 0
    outer loop
      vertex -36.9759 -61.4901 13
      vertex -36.9039 -61.9754 0
      vertex -36.9039 -61.9754 13
    endloop
  endfacet
  facet normal -0.146755 -0.989173 0
    outer loop
      vertex -32.9754 -65.9039 0
      vertex -32.4901 -65.9759 13
      vertex -32.9754 -65.9039 13
    endloop
  endfacet
  facet normal -0.146755 -0.989173 -0
    outer loop
      vertex -32.4901 -65.9759 13
      vertex -32.9754 -65.9039 0
      vertex -32.4901 -65.9759 0
    endloop
  endfacet
  facet normal -1 0 0
    outer loop
      vertex -37 -61 0
      vertex -37 61 13
      vertex -37 61 0
    endloop
  endfacet
  facet normal -1 -0 0
    outer loop
      vertex -37 61 13
      vertex -37 -61 0
      vertex -37 -61 13
    endloop
  endfacet
  facet normal -0.998793 -0.0491143 0
    outer loop
      vertex -36.9759 -61.4901 0
      vertex -37 -61 13
      vertex -37 -61 0
    endloop
  endfacet
  facet normal -0.998793 -0.0491143 0
    outer loop
      vertex -37 -61 13
      vertex -36.9759 -61.4901 0
      vertex -36.9759 -61.4901 13
    endloop
  endfacet
  facet normal -0.941548 -0.336879 0
    outer loop
      vertex -36.6194 -62.9134 0
      vertex -36.7847 -62.4514 13
      vertex -36.7847 -62.4514 0
    endloop
  endfacet
  facet normal -0.941548 -0.336879 0
    outer loop
      vertex -36.7847 -62.4514 13
      vertex -36.6194 -62.9134 0
      vertex -36.6194 -62.9134 13
    endloop
  endfacet
  facet normal -0.0491143 0.998793 0
    outer loop
      vertex -32 66 0
      vertex -32.4901 65.9759 13
      vertex -32 66 13
    endloop
  endfacet
  facet normal -0.0491143 0.998793 0
    outer loop
      vertex -32.4901 65.9759 13
      vertex -32 66 0
      vertex -32.4901 65.9759 0
    endloop
  endfacet
  facet normal -0.998793 0.0491143 0
    outer loop
      vertex -37 61 0
      vertex -36.9759 61.4901 13
      vertex -36.9759 61.4901 0
    endloop
  endfacet
  facet normal -0.998793 0.0491143 0
    outer loop
      vertex -36.9759 61.4901 13
      vertex -37 61 0
      vertex -37 61 13
    endloop
  endfacet
  facet normal -0.803362 -0.595491 0
    outer loop
      vertex -35.8651 -64.172 0
      vertex -36.1573 -63.7778 13
      vertex -36.1573 -63.7778 0
    endloop
  endfacet
  facet normal -0.803362 -0.595491 0
    outer loop
      vertex -36.1573 -63.7778 13
      vertex -35.8651 -64.172 0
      vertex -35.8651 -64.172 13
    endloop
  endfacet
  facet normal 0 1 -0
    outer loop
      vertex 32 66 0
      vertex -32 66 13
      vertex 32 66 13
    endloop
  endfacet
  facet normal 0 1 0
    outer loop
      vertex -32 66 13
      vertex 32 66 0
      vertex -32 66 0
    endloop
  endfacet
  facet normal -0.857655 0.514226 0
    outer loop
      vertex -36.4096 63.357 0
      vertex -36.1573 63.7778 13
      vertex -36.1573 63.7778 0
    endloop
  endfacet
  facet normal -0.857655 0.514226 0
    outer loop
      vertex -36.1573 63.7778 13
      vertex -36.4096 63.357 0
      vertex -36.4096 63.357 13
    endloop
  endfacet
  facet normal 0 -1 0
    outer loop
      vertex -32 -66 0
      vertex 32 -66 13
      vertex -32 -66 13
    endloop
  endfacet
  facet normal 0 -1 -0
    outer loop
      vertex 32 -66 13
      vertex -32 -66 0
      vertex 32 -66 0
    endloop
  endfacet
  facet normal 0.998793 0.0491143 0
    outer loop
      vertex 37 61 13
      vertex 36.9759 61.4901 0
      vertex 36.9759 61.4901 13
    endloop
  endfacet
  facet normal 0.998793 0.0491143 0
    outer loop
      vertex 36.9759 61.4901 0
      vertex 37 61 13
      vertex 37 61 0
    endloop
  endfacet
  facet normal -0.336879 0.941548 0
    outer loop
      vertex -33.4514 65.7847 0
      vertex -33.9134 65.6194 13
      vertex -33.4514 65.7847 13
    endloop
  endfacet
  facet normal -0.336879 0.941548 0
    outer loop
      vertex -33.9134 65.6194 13
      vertex -33.4514 65.7847 0
      vertex -33.9134 65.6194 0
    endloop
  endfacet
  facet normal 0.336879 0.941548 -0
    outer loop
      vertex 33.9134 65.6194 0
      vertex 33.4514 65.7847 13
      vertex 33.9134 65.6194 13
    endloop
  endfacet
  facet normal 0.336879 0.941548 0
    outer loop
      vertex 33.4514 65.7847 13
      vertex 33.9134 65.6194 0
      vertex 33.4514 65.7847 0
    endloop
  endfacet
  facet normal 0.941548 -0.336879 0
    outer loop
      vertex 36.6194 -62.9134 13
      vertex 36.7847 -62.4514 0
      vertex 36.7847 -62.4514 13
    endloop
  endfacet
  facet normal 0.941548 -0.336879 0
    outer loop
      vertex 36.7847 -62.4514 0
      vertex 36.6194 -62.9134 13
      vertex 36.6194 -62.9134 0
    endloop
  endfacet
  facet normal 0.740806 0.671719 0
    outer loop
      vertex 35.8651 64.172 13
      vertex 35.5355 64.5355 0
      vertex 35.5355 64.5355 13
    endloop
  endfacet
  facet normal 0.740806 0.671719 0
    outer loop
      vertex 35.5355 64.5355 0
      vertex 35.8651 64.172 13
      vertex 35.8651 64.172 0
    endloop
  endfacet
  facet normal 0.903995 -0.427543 0
    outer loop
      vertex 36.4096 -63.357 13
      vertex 36.6194 -62.9134 0
      vertex 36.6194 -62.9134 13
    endloop
  endfacet
  facet normal 0.903995 -0.427543 0
    outer loop
      vertex 36.6194 -62.9134 0
      vertex 36.4096 -63.357 13
      vertex 36.4096 -63.357 0
    endloop
  endfacet
  facet normal 0.740806 -0.671719 0
    outer loop
      vertex 35.5355 -64.5355 13
      vertex 35.8651 -64.172 0
      vertex 35.8651 -64.172 13
    endloop
  endfacet
  facet normal 0.740806 -0.671719 0
    outer loop
      vertex 35.8651 -64.172 0
      vertex 35.5355 -64.5355 13
      vertex 35.5355 -64.5355 0
    endloop
  endfacet
  facet normal 0.970047 -0.242919 0
    outer loop
      vertex 36.7847 -62.4514 13
      vertex 36.9039 -61.9754 0
      vertex 36.9039 -61.9754 13
    endloop
  endfacet
  facet normal 0.970047 -0.242919 0
    outer loop
      vertex 36.9039 -61.9754 0
      vertex 36.7847 -62.4514 13
      vertex 36.7847 -62.4514 0
    endloop
  endfacet
  facet normal 1 -0 0
    outer loop
      vertex 37 -61 13
      vertex 37 61 0
      vertex 37 61 13
    endloop
  endfacet
  facet normal 1 0 0
    outer loop
      vertex 37 61 0
      vertex 37 -61 13
      vertex 37 -61 0
    endloop
  endfacet
  facet normal -0.427543 0.903995 0
    outer loop
      vertex -33.9134 65.6194 0
      vertex -34.357 65.4096 13
      vertex -33.9134 65.6194 13
    endloop
  endfacet
  facet normal -0.427543 0.903995 0
    outer loop
      vertex -34.357 65.4096 13
      vertex -33.9134 65.6194 0
      vertex -34.357 65.4096 0
    endloop
  endfacet
  facet normal -0.970047 0.242919 0
    outer loop
      vertex -36.9039 61.9754 0
      vertex -36.7847 62.4514 13
      vertex -36.7847 62.4514 0
    endloop
  endfacet
  facet normal -0.970047 0.242919 0
    outer loop
      vertex -36.7847 62.4514 13
      vertex -36.9039 61.9754 0
      vertex -36.9039 61.9754 13
    endloop
  endfacet
  facet normal -0.0491143 -0.998793 0
    outer loop
      vertex -32.4901 -65.9759 0
      vertex -32 -66 13
      vertex -32.4901 -65.9759 13
    endloop
  endfacet
  facet normal -0.0491143 -0.998793 -0
    outer loop
      vertex -32 -66 13
      vertex -32.4901 -65.9759 0
      vertex -32 -66 0
    endloop
  endfacet
  facet normal -0.857655 -0.514226 0
    outer loop
      vertex -36.1573 -63.7778 0
      vertex -36.4096 -63.357 13
      vertex -36.4096 -63.357 0
    endloop
  endfacet
  facet normal -0.857655 -0.514226 0
    outer loop
      vertex -36.4096 -63.357 13
      vertex -36.1573 -63.7778 0
      vertex -36.1573 -63.7778 13
    endloop
  endfacet
  facet normal 0.146755 -0.989173 0
    outer loop
      vertex 32.4901 -65.9759 0
      vertex 32.9754 -65.9039 13
      vertex 32.4901 -65.9759 13
    endloop
  endfacet
  facet normal 0.146755 -0.989173 0
    outer loop
      vertex 32.9754 -65.9039 13
      vertex 32.4901 -65.9759 0
      vertex 32.9754 -65.9039 0
    endloop
  endfacet
  facet normal -0.740806 0.671719 0
    outer loop
      vertex -35.8651 64.172 0
      vertex -35.5355 64.5355 13
      vertex -35.5355 64.5355 0
    endloop
  endfacet
  facet normal -0.740806 0.671719 0
    outer loop
      vertex -35.5355 64.5355 13
      vertex -35.8651 64.172 0
      vertex -35.8651 64.172 13
    endloop
  endfacet
  facet normal 0.941548 0.336879 0
    outer loop
      vertex 36.7847 62.4514 13
      vertex 36.6194 62.9134 0
      vertex 36.6194 62.9134 13
    endloop
  endfacet
  facet normal 0.941548 0.336879 0
    outer loop
      vertex 36.6194 62.9134 0
      vertex 36.7847 62.4514 13
      vertex 36.7847 62.4514 0
    endloop
  endfacet
  facet normal -0.989173 0.146755 0
    outer loop
      vertex -36.9759 61.4901 0
      vertex -36.9039 61.9754 13
      vertex -36.9039 61.9754 0
    endloop
  endfacet
  facet normal -0.989173 0.146755 0
    outer loop
      vertex -36.9039 61.9754 13
      vertex -36.9759 61.4901 0
      vertex -36.9759 61.4901 13
    endloop
  endfacet
  facet normal 0.903995 0.427543 0
    outer loop
      vertex 36.6194 62.9134 13
      vertex 36.4096 63.357 0
      vertex 36.4096 63.357 13
    endloop
  endfacet
  facet normal 0.903995 0.427543 0
    outer loop
      vertex 36.4096 63.357 0
      vertex 36.6194 62.9134 13
      vertex 36.6194 62.9134 0
    endloop
  endfacet
  facet normal -0.903995 0.427543 0
    outer loop
      vertex -36.6194 62.9134 0
      vertex -36.4096 63.357 13
      vertex -36.4096 63.357 0
    endloop
  endfacet
  facet normal -0.903995 0.427543 0
    outer loop
      vertex -36.4096 63.357 13
      vertex -36.6194 62.9134 0
      vertex -36.6194 62.9134 13
    endloop
  endfacet
  facet normal -0.941548 0.336879 0
    outer loop
      vertex -36.7847 62.4514 0
      vertex -36.6194 62.9134 13
      vertex -36.6194 62.9134 0
    endloop
  endfacet
  facet normal -0.941548 0.336879 0
    outer loop
      vertex -36.6194 62.9134 13
      vertex -36.7847 62.4514 0
      vertex -36.7847 62.4514 13
    endloop
  endfacet
  facet normal -0.970047 -0.242919 0
    outer loop
      vertex -36.7847 -62.4514 0
      vertex -36.9039 -61.9754 13
      vertex -36.9039 -61.9754 0
    endloop
  endfacet
  facet normal -0.970047 -0.242919 0
    outer loop
      vertex -36.9039 -61.9754 13
      vertex -36.7847 -62.4514 0
      vertex -36.7847 -62.4514 13
    endloop
  endfacet
  facet normal -0.740806 -0.671719 0
    outer loop
      vertex -35.5355 -64.5355 0
      vertex -35.8651 -64.172 13
      vertex -35.8651 -64.172 0
    endloop
  endfacet
  facet normal -0.740806 -0.671719 0
    outer loop
      vertex -35.8651 -64.172 13
      vertex -35.5355 -64.5355 0
      vertex -35.5355 -64.5355 13
    endloop
  endfacet
  facet normal 0.427543 -0.903995 0
    outer loop
      vertex 33.9134 -65.6194 0
      vertex 34.357 -65.4096 13
      vertex 33.9134 -65.6194 13
    endloop
  endfacet
  facet normal 0.427543 -0.903995 0
    outer loop
      vertex 34.357 -65.4096 13
      vertex 33.9134 -65.6194 0
      vertex 34.357 -65.4096 0
    endloop
  endfacet
  facet normal -0.903995 -0.427543 0
    outer loop
      vertex -36.4096 -63.357 0
      vertex -36.6194 -62.9134 13
      vertex -36.6194 -62.9134 0
    endloop
  endfacet
  facet normal -0.903995 -0.427543 0
    outer loop
      vertex -36.6194 -62.9134 13
      vertex -36.4096 -63.357 0
      vertex -36.4096 -63.357 13
    endloop
  endfacet
  facet normal 0.0491143 0.998793 -0
    outer loop
      vertex 32.4901 65.9759 0
      vertex 32 66 13
      vertex 32.4901 65.9759 13
    endloop
  endfacet
  facet normal 0.0491143 0.998793 0
    outer loop
      vertex 32 66 13
      vertex 32.4901 65.9759 0
      vertex 32 66 0
    endloop
  endfacet
  facet normal 0.595491 -0.803362 0
    outer loop
      vertex 34.7778 -65.1573 0
      vertex 35.172 -64.8651 13
      vertex 34.7778 -65.1573 13
    endloop
  endfacet
  facet normal 0.595491 -0.803362 0
    outer loop
      vertex 35.172 -64.8651 13
      vertex 34.7778 -65.1573 0
      vertex 35.172 -64.8651 0
    endloop
  endfacet
  facet normal 0.595491 0.803362 -0
    outer loop
      vertex 35.172 64.8651 0
      vertex 34.7778 65.1573 13
      vertex 35.172 64.8651 13
    endloop
  endfacet
  facet normal 0.595491 0.803362 0
    outer loop
      vertex 34.7778 65.1573 13
      vertex 35.172 64.8651 0
      vertex 34.7778 65.1573 0
    endloop
  endfacet
  facet normal -0.595491 -0.803362 0
    outer loop
      vertex -35.172 -64.8651 0
      vertex -34.7778 -65.1573 13
      vertex -35.172 -64.8651 13
    endloop
  endfacet
  facet normal -0.595491 -0.803362 -0
    outer loop
      vertex -34.7778 -65.1573 13
      vertex -35.172 -64.8651 0
      vertex -34.7778 -65.1573 0
    endloop
  endfacet
  facet normal 0.857655 0.514226 0
    outer loop
      vertex 36.4096 63.357 13
      vertex 36.1573 63.7778 0
      vertex 36.1573 63.7778 13
    endloop
  endfacet
  facet normal 0.857655 0.514226 0
    outer loop
      vertex 36.1573 63.7778 0
      vertex 36.4096 63.357 13
      vertex 36.4096 63.357 0
    endloop
  endfacet
  facet normal -0.514226 -0.857655 0
    outer loop
      vertex -34.7778 -65.1573 0
      vertex -34.357 -65.4096 13
      vertex -34.7778 -65.1573 13
    endloop
  endfacet
  facet normal -0.514226 -0.857655 -0
    outer loop
      vertex -34.357 -65.4096 13
      vertex -34.7778 -65.1573 0
      vertex -34.357 -65.4096 0
    endloop
  endfacet
  facet normal 0.857655 -0.514226 0
    outer loop
      vertex 36.1573 -63.7778 13
      vertex 36.4096 -63.357 0
      vertex 36.4096 -63.357 13
    endloop
  endfacet
  facet normal 0.857655 -0.514226 0
    outer loop
      vertex 36.4096 -63.357 0
      vertex 36.1573 -63.7778 13
      vertex 36.1573 -63.7778 0
    endloop
  endfacet
  facet normal 0.242919 0.970047 -0
    outer loop
      vertex 33.4514 65.7847 0
      vertex 32.9754 65.9039 13
      vertex 33.4514 65.7847 13
    endloop
  endfacet
  facet normal 0.242919 0.970047 0
    outer loop
      vertex 32.9754 65.9039 13
      vertex 33.4514 65.7847 0
      vertex 32.9754 65.9039 0
    endloop
  endfacet
  facet normal 0.514226 0.857655 -0
    outer loop
      vertex 34.7778 65.1573 0
      vertex 34.357 65.4096 13
      vertex 34.7778 65.1573 13
    endloop
  endfacet
  facet normal 0.514226 0.857655 0
    outer loop
      vertex 34.357 65.4096 13
      vertex 34.7778 65.1573 0
      vertex 34.357 65.4096 0
    endloop
  endfacet
  facet normal 0.803362 -0.595491 0
    outer loop
      vertex 35.8651 -64.172 13
      vertex 36.1573 -63.7778 0
      vertex 36.1573 -63.7778 13
    endloop
  endfacet
  facet normal 0.803362 -0.595491 0
    outer loop
      vertex 36.1573 -63.7778 0
      vertex 35.8651 -64.172 13
      vertex 35.8651 -64.172 0
    endloop
  endfacet
  facet normal -0.514226 0.857655 0
    outer loop
      vertex -34.357 65.4096 0
      vertex -34.7778 65.1573 13
      vertex -34.357 65.4096 13
    endloop
  endfacet
  facet normal -0.514226 0.857655 0
    outer loop
      vertex -34.7778 65.1573 13
      vertex -34.357 65.4096 0
      vertex -34.7778 65.1573 0
    endloop
  endfacet
  facet normal 0.671719 0.740806 -0
    outer loop
      vertex 35.5355 64.5355 0
      vertex 35.172 64.8651 13
      vertex 35.5355 64.5355 13
    endloop
  endfacet
  facet normal 0.671719 0.740806 0
    outer loop
      vertex 35.172 64.8651 13
      vertex 35.5355 64.5355 0
      vertex 35.172 64.8651 0
    endloop
  endfacet
  facet normal 0.0491143 -0.998793 0
    outer loop
      vertex 32 -66 0
      vertex 32.4901 -65.9759 13
      vertex 32 -66 13
    endloop
  endfacet
  facet normal 0.0491143 -0.998793 0
    outer loop
      vertex 32.4901 -65.9759 13
      vertex 32 -66 0
      vertex 32.4901 -65.9759 0
    endloop
  endfacet
  facet normal -0.595491 0.803362 0
    outer loop
      vertex -34.7778 65.1573 0
      vertex -35.172 64.8651 13
      vertex -34.7778 65.1573 13
    endloop
  endfacet
  facet normal -0.595491 0.803362 0
    outer loop
      vertex -35.172 64.8651 13
      vertex -34.7778 65.1573 0
      vertex -35.172 64.8651 0
    endloop
  endfacet
  facet normal 0.989173 -0.146755 0
    outer loop
      vertex 36.9039 -61.9754 13
      vertex 36.9759 -61.4901 0
      vertex 36.9759 -61.4901 13
    endloop
  endfacet
  facet normal 0.989173 -0.146755 0
    outer loop
      vertex 36.9759 -61.4901 0
      vertex 36.9039 -61.9754 13
      vertex 36.9039 -61.9754 0
    endloop
  endfacet
  facet normal 0.998793 -0.0491143 0
    outer loop
      vertex 36.9759 -61.4901 13
      vertex 37 -61 0
      vertex 37 -61 13
    endloop
  endfacet
  facet normal 0.998793 -0.0491143 0
    outer loop
      vertex 37 -61 0
      vertex 36.9759 -61.4901 13
      vertex 36.9759 -61.4901 0
    endloop
  endfacet
  facet normal 0.427543 0.903995 -0
    outer loop
      vertex 34.357 65.4096 0
      vertex 33.9134 65.6194 13
      vertex 34.357 65.4096 13
    endloop
  endfacet
  facet normal 0.427543 0.903995 0
    outer loop
      vertex 33.9134 65.6194 13
      vertex 34.357 65.4096 0
      vertex 33.9134 65.6194 0
    endloop
  endfacet
  facet normal 0.146755 0.989173 -0
    outer loop
      vertex 32.9754 65.9039 0
      vertex 32.4901 65.9759 13
      vertex 32.9754 65.9039 13
    endloop
  endfacet
  facet normal 0.146755 0.989173 0
    outer loop
      vertex 32.4901 65.9759 13
      vertex 32.9754 65.9039 0
      vertex 32.4901 65.9759 0
    endloop
  endfacet
  facet normal 0.989173 0.146755 0
    outer loop
      vertex 36.9759 61.4901 13
      vertex 36.9039 61.9754 0
      vertex 36.9039 61.9754 13
    endloop
  endfacet
  facet normal 0.989173 0.146755 0
    outer loop
      vertex 36.9039 61.9754 0
      vertex 36.9759 61.4901 13
      vertex 36.9759 61.4901 0
    endloop
  endfacet
  facet normal 0.970047 0.242919 0
    outer loop
      vertex 36.9039 61.9754 13
      vertex 36.7847 62.4514 0
      vertex 36.7847 62.4514 13
    endloop
  endfacet
  facet normal 0.970047 0.242919 0
    outer loop
      vertex 36.7847 62.4514 0
      vertex 36.9039 61.9754 13
      vertex 36.9039 61.9754 0
    endloop
  endfacet
  facet normal 0.803362 0.595491 0
    outer loop
      vertex 36.1573 63.7778 13
      vertex 35.8651 64.172 0
      vertex 35.8651 64.172 13
    endloop
  endfacet
  facet normal 0.803362 0.595491 0
    outer loop
      vertex 35.8651 64.172 0
      vertex 36.1573 63.7778 13
      vertex 36.1573 63.7778 0
    endloop
  endfacet
  facet normal -0.427543 -0.903995 0
    outer loop
      vertex -34.357 -65.4096 0
      vertex -33.9134 -65.6194 13
      vertex -34.357 -65.4096 13
    endloop
  endfacet
  facet normal -0.427543 -0.903995 -0
    outer loop
      vertex -33.9134 -65.6194 13
      vertex -34.357 -65.4096 0
      vertex -33.9134 -65.6194 0
    endloop
  endfacet
  facet normal -0.146755 0.989173 0
    outer loop
      vertex -32.4901 65.9759 0
      vertex -32.9754 65.9039 13
      vertex -32.4901 65.9759 13
    endloop
  endfacet
  facet normal -0.146755 0.989173 0
    outer loop
      vertex -32.9754 65.9039 13
      vertex -32.4901 65.9759 0
      vertex -32.9754 65.9039 0
    endloop
  endfacet
  facet normal 0 0 -1
    outer loop
      vertex 9.76642 -33.0606 0
      vertex 3.23358 -33.0606 0
      vertex 9.91327 -32.7501 0
    endloop
  endfacet
  facet normal 0 0 -1
    outer loop
      vertex 10.2945 -32.1796 0
      vertex 3.48315 -21.7431 0
      vertex 3.5 -21.4 0
    endloop
  endfacet
  facet normal 0 0 -1
    outer loop
      vertex 3.08672 -32.7501 0
      vertex 9.91327 -32.7501 0
      vertex 3.23358 -33.0606 0
    endloop
  endfacet
  facet normal 0 0 -1
    outer loop
      vertex 10.2945 -32.1796 0
      vertex 3.43275 -22.0828 0
      vertex 3.48315 -21.7431 0
    endloop
  endfacet
  facet normal 0 0 -1
    outer loop
      vertex 9.91327 -32.7501 0
      vertex 3.08672 -32.7501 0
      vertex 10.0899 -32.4555 0
    endloop
  endfacet
  facet normal 0 0 -1
    outer loop
      vertex 10.2945 -32.1796 0
      vertex 3.34929 -22.416 0
      vertex 3.43275 -22.0828 0
    endloop
  endfacet
  facet normal 0 0 -1
    outer loop
      vertex 2.91014 -32.4555 0
      vertex 10.0899 -32.4555 0
      vertex 3.08672 -32.7501 0
    endloop
  endfacet
  facet normal 0 0 -1
    outer loop
      vertex 10.2945 -32.1796 0
      vertex 3.23358 -22.7394 0
      vertex 3.34929 -22.416 0
    endloop
  endfacet
  facet normal 0 0 -1
    outer loop
      vertex 10.0899 -32.4555 0
      vertex 2.91014 -32.4555 0
      vertex 10.2945 -32.1796 0
    endloop
  endfacet
  facet normal 0 0 -1
    outer loop
      vertex 10.2945 -32.1796 0
      vertex 3.08672 -23.0499 0
      vertex 3.23358 -22.7394 0
    endloop
  endfacet
  facet normal 0 0 -1
    outer loop
      vertex 2.70554 -32.1796 0
      vertex 10.2945 -32.1796 0
      vertex 2.91014 -32.4555 0
    endloop
  endfacet
  facet normal 0 0 -1
    outer loop
      vertex 10.2945 -32.1796 0
      vertex 2.91014 -23.3445 0
      vertex 3.08672 -23.0499 0
    endloop
  endfacet
  facet normal 0 0 -1
    outer loop
      vertex 2.47487 -31.9251 0
      vertex 10.2945 -32.1796 0
      vertex 2.70554 -32.1796 0
    endloop
  endfacet
  facet normal 0 0 -1
    outer loop
      vertex 10.2945 -32.1796 0
      vertex 2.70554 -23.6204 0
      vertex 2.91014 -23.3445 0
    endloop
  endfacet
  facet normal 0 0 -1
    outer loop
      vertex 2.47487 -23.8749 0
      vertex 10.2945 -32.1796 0
      vertex 2.47487 -31.9251 0
    endloop
  endfacet
  facet normal 0 0 -1
    outer loop
      vertex 10.2945 -32.1796 0
      vertex 2.47487 -23.8749 0
      vertex 2.70554 -23.6204 0
    endloop
  endfacet
  facet normal 0 0 -1
    outer loop
      vertex 2.22038 -31.6945 0
      vertex 2.47487 -23.8749 0
      vertex 2.47487 -31.9251 0
    endloop
  endfacet
  facet normal 0 0 -1
    outer loop
      vertex 2.22038 -31.6945 0
      vertex 2.22038 -24.1055 0
      vertex 2.47487 -23.8749 0
    endloop
  endfacet
  facet normal 0 0 -1
    outer loop
      vertex 1.9445 -31.4899 0
      vertex 2.22038 -24.1055 0
      vertex 2.22038 -31.6945 0
    endloop
  endfacet
  facet normal 0 0 -1
    outer loop
      vertex 1.9445 -31.4899 0
      vertex 1.9445 -24.3101 0
      vertex 2.22038 -24.1055 0
    endloop
  endfacet
  facet normal 0 0 -1
    outer loop
      vertex 1.64989 -31.3133 0
      vertex 1.9445 -24.3101 0
      vertex 1.9445 -31.4899 0
    endloop
  endfacet
  facet normal 0 0 -1
    outer loop
      vertex 1.64989 -31.3133 0
      vertex 1.64989 -24.4867 0
      vertex 1.9445 -24.3101 0
    endloop
  endfacet
  facet normal 0 0 -1
    outer loop
      vertex 1.33939 -31.1664 0
      vertex 1.64989 -24.4867 0
      vertex 1.64989 -31.3133 0
    endloop
  endfacet
  facet normal 0 0 -1
    outer loop
      vertex 1.33939 -31.1664 0
      vertex 1.33939 -24.6336 0
      vertex 1.64989 -24.4867 0
    endloop
  endfacet
  facet normal 0 0 -1
    outer loop
      vertex 1.016 -31.0507 0
      vertex 1.33939 -24.6336 0
      vertex 1.33939 -31.1664 0
    endloop
  endfacet
  facet normal 0 0 -1
    outer loop
      vertex 1.016 -31.0507 0
      vertex 1.016 -24.7493 0
      vertex 1.33939 -24.6336 0
    endloop
  endfacet
  facet normal 0 0 -1
    outer loop
      vertex 0.682816 -30.9673 0
      vertex 1.016 -24.7493 0
      vertex 1.016 -31.0507 0
    endloop
  endfacet
  facet normal 0 0 -1
    outer loop
      vertex 0.682816 -30.9673 0
      vertex 0.682816 -24.8327 0
      vertex 1.016 -24.7493 0
    endloop
  endfacet
  facet normal 0 0 -1
    outer loop
      vertex 0.34306 -30.9169 0
      vertex 0.682816 -24.8327 0
      vertex 0.682816 -30.9673 0
    endloop
  endfacet
  facet normal 0 0 -1
    outer loop
      vertex 0.34306 -30.9169 0
      vertex 0.34306 -24.8831 0
      vertex 0.682816 -24.8327 0
    endloop
  endfacet
  facet normal 0 0 -1
    outer loop
      vertex 0 -30.9 0
      vertex 0.34306 -24.8831 0
      vertex 0.34306 -30.9169 0
    endloop
  endfacet
  facet normal 0 0 -1
    outer loop
      vertex 0 -30.9 0
      vertex 0 -24.9 0
      vertex 0.34306 -24.8831 0
    endloop
  endfacet
  facet normal 0 0 -1
    outer loop
      vertex -0.34306 -30.9169 0
      vertex 0 -24.9 0
      vertex 0 -30.9 0
    endloop
  endfacet
  facet normal 0 0 -1
    outer loop
      vertex -0.34306 -30.9169 0
      vertex -0.34306 -24.8831 0
      vertex 0 -24.9 0
    endloop
  endfacet
  facet normal 0 0 -1
    outer loop
      vertex -0.682816 -30.9673 0
      vertex -0.34306 -24.8831 0
      vertex -0.34306 -30.9169 0
    endloop
  endfacet
  facet normal 0 0 -1
    outer loop
      vertex -0.682816 -30.9673 0
      vertex -0.682816 -24.8327 0
      vertex -0.34306 -24.8831 0
    endloop
  endfacet
  facet normal 0 0 -1
    outer loop
      vertex -1.016 -31.0507 0
      vertex -0.682816 -24.8327 0
      vertex -0.682816 -30.9673 0
    endloop
  endfacet
  facet normal 0 0 -1
    outer loop
      vertex -1.016 -31.0507 0
      vertex -1.016 -24.7493 0
      vertex -0.682816 -24.8327 0
    endloop
  endfacet
  facet normal 0 0 -1
    outer loop
      vertex -1.33939 -31.1664 0
      vertex -1.016 -24.7493 0
      vertex -1.016 -31.0507 0
    endloop
  endfacet
  facet normal 0 0 -1
    outer loop
      vertex -1.33939 -31.1664 0
      vertex -1.33939 -24.6336 0
      vertex -1.016 -24.7493 0
    endloop
  endfacet
  facet normal 0 0 -1
    outer loop
      vertex -1.64989 -31.3133 0
      vertex -1.33939 -24.6336 0
      vertex -1.33939 -31.1664 0
    endloop
  endfacet
  facet normal 0 0 -1
    outer loop
      vertex -1.64989 -31.3133 0
      vertex -1.64989 -24.4867 0
      vertex -1.33939 -24.6336 0
    endloop
  endfacet
  facet normal 0 0 -1
    outer loop
      vertex -1.9445 -31.4899 0
      vertex -1.64989 -24.4867 0
      vertex -1.64989 -31.3133 0
    endloop
  endfacet
  facet normal 0 0 -1
    outer loop
      vertex -1.9445 -31.4899 0
      vertex -1.9445 -24.3101 0
      vertex -1.64989 -24.4867 0
    endloop
  endfacet
  facet normal 0 0 -1
    outer loop
      vertex -2.22038 -31.6945 0
      vertex -1.9445 -24.3101 0
      vertex -1.9445 -31.4899 0
    endloop
  endfacet
  facet normal 0 0 -1
    outer loop
      vertex -2.22038 -31.6945 0
      vertex -2.22038 -24.1055 0
      vertex -1.9445 -24.3101 0
    endloop
  endfacet
  facet normal 0 0 -1
    outer loop
      vertex -2.47487 -31.9251 0
      vertex -2.22038 -24.1055 0
      vertex -2.22038 -31.6945 0
    endloop
  endfacet
  facet normal 0 0 -1
    outer loop
      vertex -2.47487 -31.9251 0
      vertex -2.47487 -23.8749 0
      vertex -2.22038 -24.1055 0
    endloop
  endfacet
  facet normal 0 0 -1
    outer loop
      vertex -10.5251 -31.9251 0
      vertex -2.47487 -31.9251 0
      vertex -2.70554 -32.1796 0
    endloop
  endfacet
  facet normal 0 0 -1
    outer loop
      vertex -2.47487 -31.9251 0
      vertex -10.5251 -31.9251 0
      vertex -2.47487 -23.8749 0
    endloop
  endfacet
  facet normal 0 0 -1
    outer loop
      vertex -10.2945 -32.1796 0
      vertex -2.70554 -32.1796 0
      vertex -2.91014 -32.4555 0
    endloop
  endfacet
  facet normal -0 0 -1
    outer loop
      vertex -2.47487 -23.8749 0
      vertex -10.5251 -31.9251 0
      vertex -2.70554 -23.6204 0
    endloop
  endfacet
  facet normal 0 0 -1
    outer loop
      vertex -10.0899 -32.4555 0
      vertex -2.91014 -32.4555 0
      vertex -3.08672 -32.7501 0
    endloop
  endfacet
  facet normal 0 0 -1
    outer loop
      vertex -10.7796 -31.6945 0
      vertex -2.70554 -23.6204 0
      vertex -10.5251 -31.9251 0
    endloop
  endfacet
  facet normal 0 0 -1
    outer loop
      vertex -9.91327 -32.7501 0
      vertex -3.08672 -32.7501 0
      vertex -3.23358 -33.0606 0
    endloop
  endfacet
  facet normal -0 0 -1
    outer loop
      vertex -2.70554 -23.6204 0
      vertex -10.7796 -31.6945 0
      vertex -2.91014 -23.3445 0
    endloop
  endfacet
  facet normal 0 0 -1
    outer loop
      vertex -9.76642 -33.0606 0
      vertex -3.23358 -33.0606 0
      vertex -3.34929 -33.384 0
    endloop
  endfacet
  facet normal 0 0 -1
    outer loop
      vertex -11.0555 -31.4899 0
      vertex -2.91014 -23.3445 0
      vertex -10.7796 -31.6945 0
    endloop
  endfacet
  facet normal 0 0 -1
    outer loop
      vertex -9.65071 -33.384 0
      vertex -3.34929 -33.384 0
      vertex -3.43275 -33.7172 0
    endloop
  endfacet
  facet normal 0 0 -1
    outer loop
      vertex -2.70554 -32.1796 0
      vertex -10.2945 -32.1796 0
      vertex -10.5251 -31.9251 0
    endloop
  endfacet
  facet normal 0 0 -1
    outer loop
      vertex -9.56725 -33.7172 0
      vertex -3.43275 -33.7172 0
      vertex -3.48315 -34.0569 0
    endloop
  endfacet
  facet normal -0 0 -1
    outer loop
      vertex -2.91014 -23.3445 0
      vertex -11.0555 -31.4899 0
      vertex -3.08672 -23.0499 0
    endloop
  endfacet
  facet normal 0 0 -1
    outer loop
      vertex -9.51685 -34.0569 0
      vertex -3.48315 -34.0569 0
      vertex -3.5 -34.4 0
    endloop
  endfacet
  facet normal 0 0 -1
    outer loop
      vertex -11.3501 -31.3133 0
      vertex -3.08672 -23.0499 0
      vertex -11.0555 -31.4899 0
    endloop
  endfacet
  facet normal -0 0 -1
    outer loop
      vertex 11.3501 -37.4867 0
      vertex 3.08672 -45.7501 0
      vertex 11.0555 -37.3101 0
    endloop
  endfacet
  facet normal 0 0 -1
    outer loop
      vertex 10.2945 -36.6204 0
      vertex 3.48315 -34.7431 0
      vertex 3.5 -34.4 0
    endloop
  endfacet
  facet normal 0 0 -1
    outer loop
      vertex 2.91014 -45.4555 0
      vertex 11.0555 -37.3101 0
      vertex 3.08672 -45.7501 0
    endloop
  endfacet
  facet normal 0 0 -1
    outer loop
      vertex 10.2945 -36.6204 0
      vertex 3.43275 -35.0828 0
      vertex 3.48315 -34.7431 0
    endloop
  endfacet
  facet normal -0 0 -1
    outer loop
      vertex 11.0555 -37.3101 0
      vertex 2.91014 -45.4555 0
      vertex 10.7796 -37.1055 0
    endloop
  endfacet
  facet normal 0 0 -1
    outer loop
      vertex 10.2945 -36.6204 0
      vertex 3.34929 -35.416 0
      vertex 3.43275 -35.0828 0
    endloop
  endfacet
  facet normal 0 0 -1
    outer loop
      vertex 2.70554 -45.1796 0
      vertex 10.7796 -37.1055 0
      vertex 2.91014 -45.4555 0
    endloop
  endfacet
  facet normal 0 0 -1
    outer loop
      vertex 10.2945 -36.6204 0
      vertex 3.23358 -35.7394 0
      vertex 3.34929 -35.416 0
    endloop
  endfacet
  facet normal -0 0 -1
    outer loop
      vertex 10.7796 -37.1055 0
      vertex 2.70554 -45.1796 0
      vertex 10.5251 -36.8749 0
    endloop
  endfacet
  facet normal 0 0 -1
    outer loop
      vertex 10.2945 -36.6204 0
      vertex 3.08672 -36.0499 0
      vertex 3.23358 -35.7394 0
    endloop
  endfacet
  facet normal 0 0 -1
    outer loop
      vertex 2.47487 -44.9251 0
      vertex 10.5251 -36.8749 0
      vertex 2.70554 -45.1796 0
    endloop
  endfacet
  facet normal 0 0 -1
    outer loop
      vertex 10.2945 -36.6204 0
      vertex 2.91014 -36.3445 0
      vertex 3.08672 -36.0499 0
    endloop
  endfacet
  facet normal 0 0 -1
    outer loop
      vertex 2.47487 -36.8749 0
      vertex 10.5251 -36.8749 0
      vertex 2.47487 -44.9251 0
    endloop
  endfacet
  facet normal 0 0 -1
    outer loop
      vertex 10.2945 -36.6204 0
      vertex 2.70554 -36.6204 0
      vertex 2.91014 -36.3445 0
    endloop
  endfacet
  facet normal 0 0 -1
    outer loop
      vertex 10.5251 -36.8749 0
      vertex 2.47487 -36.8749 0
      vertex 10.2945 -36.6204 0
    endloop
  endfacet
  facet normal -0 0 -1
    outer loop
      vertex 10.2945 -36.6204 0
      vertex 2.47487 -36.8749 0
      vertex 2.70554 -36.6204 0
    endloop
  endfacet
  facet normal 0 0 -1
    outer loop
      vertex 2.22038 -44.6945 0
      vertex 2.47487 -36.8749 0
      vertex 2.47487 -44.9251 0
    endloop
  endfacet
  facet normal 0 0 -1
    outer loop
      vertex 2.22038 -44.6945 0
      vertex 2.22038 -37.1055 0
      vertex 2.47487 -36.8749 0
    endloop
  endfacet
  facet normal 0 0 -1
    outer loop
      vertex 1.9445 -44.4899 0
      vertex 2.22038 -37.1055 0
      vertex 2.22038 -44.6945 0
    endloop
  endfacet
  facet normal 0 0 -1
    outer loop
      vertex 1.9445 -44.4899 0
      vertex 1.9445 -37.3101 0
      vertex 2.22038 -37.1055 0
    endloop
  endfacet
  facet normal 0 0 -1
    outer loop
      vertex 1.64989 -44.3133 0
      vertex 1.9445 -37.3101 0
      vertex 1.9445 -44.4899 0
    endloop
  endfacet
  facet normal 0 0 -1
    outer loop
      vertex 1.64989 -44.3133 0
      vertex 1.64989 -37.4867 0
      vertex 1.9445 -37.3101 0
    endloop
  endfacet
  facet normal 0 0 -1
    outer loop
      vertex 1.33939 -44.1664 0
      vertex 1.64989 -37.4867 0
      vertex 1.64989 -44.3133 0
    endloop
  endfacet
  facet normal 0 0 -1
    outer loop
      vertex 1.33939 -44.1664 0
      vertex 1.33939 -37.6336 0
      vertex 1.64989 -37.4867 0
    endloop
  endfacet
  facet normal 0 0 -1
    outer loop
      vertex 1.016 -44.0507 0
      vertex 1.33939 -37.6336 0
      vertex 1.33939 -44.1664 0
    endloop
  endfacet
  facet normal 0 0 -1
    outer loop
      vertex 1.016 -44.0507 0
      vertex 1.016 -37.7493 0
      vertex 1.33939 -37.6336 0
    endloop
  endfacet
  facet normal 0 0 -1
    outer loop
      vertex 0.682816 -43.9673 0
      vertex 1.016 -37.7493 0
      vertex 1.016 -44.0507 0
    endloop
  endfacet
  facet normal 0 0 -1
    outer loop
      vertex 0.682816 -43.9673 0
      vertex 0.682816 -37.8327 0
      vertex 1.016 -37.7493 0
    endloop
  endfacet
  facet normal 0 0 -1
    outer loop
      vertex 0.34306 -43.9169 0
      vertex 0.682816 -37.8327 0
      vertex 0.682816 -43.9673 0
    endloop
  endfacet
  facet normal 0 0 -1
    outer loop
      vertex 0.34306 -43.9169 0
      vertex 0.34306 -37.8831 0
      vertex 0.682816 -37.8327 0
    endloop
  endfacet
  facet normal 0 0 -1
    outer loop
      vertex 0 -43.9 0
      vertex 0.34306 -37.8831 0
      vertex 0.34306 -43.9169 0
    endloop
  endfacet
  facet normal 0 0 -1
    outer loop
      vertex 0 -43.9 0
      vertex 0 -37.9 0
      vertex 0.34306 -37.8831 0
    endloop
  endfacet
  facet normal 0 0 -1
    outer loop
      vertex -0.34306 -43.9169 0
      vertex 0 -37.9 0
      vertex 0 -43.9 0
    endloop
  endfacet
  facet normal 0 0 -1
    outer loop
      vertex -0.34306 -43.9169 0
      vertex -0.34306 -37.8831 0
      vertex 0 -37.9 0
    endloop
  endfacet
  facet normal 0 0 -1
    outer loop
      vertex -0.682816 -43.9673 0
      vertex -0.34306 -37.8831 0
      vertex -0.34306 -43.9169 0
    endloop
  endfacet
  facet normal 0 0 -1
    outer loop
      vertex -0.682816 -43.9673 0
      vertex -0.682816 -37.8327 0
      vertex -0.34306 -37.8831 0
    endloop
  endfacet
  facet normal 0 0 -1
    outer loop
      vertex -1.016 -44.0507 0
      vertex -0.682816 -37.8327 0
      vertex -0.682816 -43.9673 0
    endloop
  endfacet
  facet normal 0 0 -1
    outer loop
      vertex -1.016 -44.0507 0
      vertex -1.016 -37.7493 0
      vertex -0.682816 -37.8327 0
    endloop
  endfacet
  facet normal 0 0 -1
    outer loop
      vertex -1.33939 -44.1664 0
      vertex -1.016 -37.7493 0
      vertex -1.016 -44.0507 0
    endloop
  endfacet
  facet normal 0 0 -1
    outer loop
      vertex -1.33939 -44.1664 0
      vertex -1.33939 -37.6336 0
      vertex -1.016 -37.7493 0
    endloop
  endfacet
  facet normal 0 0 -1
    outer loop
      vertex -1.64989 -44.3133 0
      vertex -1.33939 -37.6336 0
      vertex -1.33939 -44.1664 0
    endloop
  endfacet
  facet normal 0 0 -1
    outer loop
      vertex -1.64989 -44.3133 0
      vertex -1.64989 -37.4867 0
      vertex -1.33939 -37.6336 0
    endloop
  endfacet
  facet normal 0 0 -1
    outer loop
      vertex -1.9445 -44.4899 0
      vertex -1.64989 -37.4867 0
      vertex -1.64989 -44.3133 0
    endloop
  endfacet
  facet normal 0 0 -1
    outer loop
      vertex -1.9445 -44.4899 0
      vertex -1.9445 -37.3101 0
      vertex -1.64989 -37.4867 0
    endloop
  endfacet
  facet normal 0 0 -1
    outer loop
      vertex -2.22038 -44.6945 0
      vertex -1.9445 -37.3101 0
      vertex -1.9445 -44.4899 0
    endloop
  endfacet
  facet normal 0 0 -1
    outer loop
      vertex -2.22038 -44.6945 0
      vertex -2.22038 -37.1055 0
      vertex -1.9445 -37.3101 0
    endloop
  endfacet
  facet normal 0 0 -1
    outer loop
      vertex -2.47487 -44.9251 0
      vertex -2.22038 -37.1055 0
      vertex -2.22038 -44.6945 0
    endloop
  endfacet
  facet normal 0 0 -1
    outer loop
      vertex -2.47487 -44.9251 0
      vertex -2.47487 -36.8749 0
      vertex -2.22038 -37.1055 0
    endloop
  endfacet
  facet normal 0 0 -1
    outer loop
      vertex -10.5251 -36.8749 0
      vertex -2.47487 -44.9251 0
      vertex -2.70554 -45.1796 0
    endloop
  endfacet
  facet normal 0 0 -1
    outer loop
      vertex -2.47487 -44.9251 0
      vertex -10.5251 -36.8749 0
      vertex -2.47487 -36.8749 0
    endloop
  endfacet
  facet normal 0 0 -1
    outer loop
      vertex -10.7796 -37.1055 0
      vertex -2.70554 -45.1796 0
      vertex -2.91014 -45.4555 0
    endloop
  endfacet
  facet normal 0 0 -1
    outer loop
      vertex -2.47487 -36.8749 0
      vertex -10.5251 -36.8749 0
      vertex -2.70554 -36.6204 0
    endloop
  endfacet
  facet normal 0 0 -1
    outer loop
      vertex -11.0555 -37.3101 0
      vertex -2.91014 -45.4555 0
      vertex -3.08672 -45.7501 0
    endloop
  endfacet
  facet normal 0 -0 -1
    outer loop
      vertex -10.2945 -36.6204 0
      vertex -2.70554 -36.6204 0
      vertex -10.5251 -36.8749 0
    endloop
  endfacet
  facet normal 0 0 -1
    outer loop
      vertex -11.3501 -37.4867 0
      vertex -3.08672 -45.7501 0
      vertex -3.23358 -46.0606 0
    endloop
  endfacet
  facet normal 0 0 -1
    outer loop
      vertex -2.70554 -36.6204 0
      vertex -10.2945 -36.6204 0
      vertex -2.91014 -36.3445 0
    endloop
  endfacet
  facet normal 0 0 -1
    outer loop
      vertex -11.6606 -37.6336 0
      vertex -3.23358 -46.0606 0
      vertex -3.34929 -46.384 0
    endloop
  endfacet
  facet normal 0 -0 -1
    outer loop
      vertex -10.0899 -36.3445 0
      vertex -2.91014 -36.3445 0
      vertex -10.2945 -36.6204 0
    endloop
  endfacet
  facet normal 0 0 -1
    outer loop
      vertex -11.984 -37.7493 0
      vertex -3.34929 -46.384 0
      vertex -3.43275 -46.7172 0
    endloop
  endfacet
  facet normal 0 0 -1
    outer loop
      vertex -2.91014 -36.3445 0
      vertex -10.0899 -36.3445 0
      vertex -3.08672 -36.0499 0
    endloop
  endfacet
  facet normal 0 0 -1
    outer loop
      vertex -12.3172 -37.8327 0
      vertex -3.43275 -46.7172 0
      vertex -3.48315 -47.0569 0
    endloop
  endfacet
  facet normal 0 0 -1
    outer loop
      vertex -3.08672 -36.0499 0
      vertex -9.91327 -36.0499 0
      vertex -3.23358 -35.7394 0
    endloop
  endfacet
  facet normal 0 0 -1
    outer loop
      vertex -12.6569 -37.8831 0
      vertex -3.48315 -47.0569 0
      vertex -3.5 -47.4 0
    endloop
  endfacet
  facet normal 0 -0 -1
    outer loop
      vertex -9.76642 -35.7394 0
      vertex -3.23358 -35.7394 0
      vertex -9.91327 -36.0499 0
    endloop
  endfacet
  facet normal 0 0 -1
    outer loop
      vertex 32 -66 0
      vertex 37 -61 0
      vertex 36.9759 -61.4901 0
    endloop
  endfacet
  facet normal 0 0 -1
    outer loop
      vertex 37 -61 0
      vertex 23 -6.4 0
      vertex 37 61 0
    endloop
  endfacet
  facet normal 0 0 -1
    outer loop
      vertex 32 -66 0
      vertex 36.9759 -61.4901 0
      vertex 36.9039 -61.9754 0
    endloop
  endfacet
  facet normal 0 0 -1
    outer loop
      vertex 23 50.6 0
      vertex 37 61 0
      vertex 23 -6.4 0
    endloop
  endfacet
  facet normal 0 0 -1
    outer loop
      vertex 32 -66 0
      vertex 36.9039 -61.9754 0
      vertex 36.7847 -62.4514 0
    endloop
  endfacet
  facet normal 0 0 -1
    outer loop
      vertex 22.9904 50.796 0
      vertex 37 61 0
      vertex 23 50.6 0
    endloop
  endfacet
  facet normal 0 0 -1
    outer loop
      vertex 32 -66 0
      vertex 36.7847 -62.4514 0
      vertex 36.6194 -62.9134 0
    endloop
  endfacet
  facet normal 0 0 -1
    outer loop
      vertex 22.9616 50.9902 0
      vertex 37 61 0
      vertex 22.9904 50.796 0
    endloop
  endfacet
  facet normal 0 0 -1
    outer loop
      vertex 32 -66 0
      vertex 36.6194 -62.9134 0
      vertex 36.4096 -63.357 0
    endloop
  endfacet
  facet normal 0 0 -1
    outer loop
      vertex 22.9139 51.1806 0
      vertex 37 61 0
      vertex 22.9616 50.9902 0
    endloop
  endfacet
  facet normal 0 0 -1
    outer loop
      vertex 32 -66 0
      vertex 36.4096 -63.357 0
      vertex 36.1573 -63.7778 0
    endloop
  endfacet
  facet normal 0 0 -1
    outer loop
      vertex 22.8477 51.3654 0
      vertex 37 61 0
      vertex 22.9139 51.1806 0
    endloop
  endfacet
  facet normal 0 0 -1
    outer loop
      vertex 32 -66 0
      vertex 36.1573 -63.7778 0
      vertex 35.8651 -64.172 0
    endloop
  endfacet
  facet normal 0 0 -1
    outer loop
      vertex 22.7638 51.5428 0
      vertex 37 61 0
      vertex 22.8477 51.3654 0
    endloop
  endfacet
  facet normal 0 0 -1
    outer loop
      vertex 32 -66 0
      vertex 35.8651 -64.172 0
      vertex 35.5355 -64.5355 0
    endloop
  endfacet
  facet normal 0 0 -1
    outer loop
      vertex 22.6629 51.7111 0
      vertex 37 61 0
      vertex 22.7638 51.5428 0
    endloop
  endfacet
  facet normal 0 0 -1
    outer loop
      vertex 32 -66 0
      vertex 35.5355 -64.5355 0
      vertex 35.172 -64.8651 0
    endloop
  endfacet
  facet normal 0 0 -1
    outer loop
      vertex 22.546 51.8688 0
      vertex 37 61 0
      vertex 22.6629 51.7111 0
    endloop
  endfacet
  facet normal 0 0 -1
    outer loop
      vertex 32 -66 0
      vertex 35.172 -64.8651 0
      vertex 34.7778 -65.1573 0
    endloop
  endfacet
  facet normal 0 0 -1
    outer loop
      vertex 22.4142 52.0142 0
      vertex 37 61 0
      vertex 22.546 51.8688 0
    endloop
  endfacet
  facet normal 0 0 -1
    outer loop
      vertex 32 -66 0
      vertex 34.7778 -65.1573 0
      vertex 34.357 -65.4096 0
    endloop
  endfacet
  facet normal 0 0 -1
    outer loop
      vertex 37 61 0
      vertex 32 66 0
      vertex 36.9759 61.4901 0
    endloop
  endfacet
  facet normal 0 0 -1
    outer loop
      vertex 32 -66 0
      vertex 34.357 -65.4096 0
      vertex 33.9134 -65.6194 0
    endloop
  endfacet
  facet normal 0 0 -1
    outer loop
      vertex 36.9759 61.4901 0
      vertex 32 66 0
      vertex 36.9039 61.9754 0
    endloop
  endfacet
  facet normal 0 0 -1
    outer loop
      vertex 32 -66 0
      vertex 33.9134 -65.6194 0
      vertex 33.4514 -65.7847 0
    endloop
  endfacet
  facet normal 0 0 -1
    outer loop
      vertex 36.9039 61.9754 0
      vertex 32 66 0
      vertex 36.7847 62.4514 0
    endloop
  endfacet
  facet normal 0 0 -1
    outer loop
      vertex 32 -66 0
      vertex 33.4514 -65.7847 0
      vertex 32.9754 -65.9039 0
    endloop
  endfacet
  facet normal 0 0 -1
    outer loop
      vertex 36.7847 62.4514 0
      vertex 32 66 0
      vertex 36.6194 62.9134 0
    endloop
  endfacet
  facet normal 0 0 -1
    outer loop
      vertex 32 -66 0
      vertex 32.9754 -65.9039 0
      vertex 32.4901 -65.9759 0
    endloop
  endfacet
  facet normal 0 0 -1
    outer loop
      vertex 36.4096 63.357 0
      vertex 32 66 0
      vertex 36.1573 63.7778 0
    endloop
  endfacet
  facet normal 0 0 -1
    outer loop
      vertex 14.6499 -37.4867 0
      vertex 37 -61 0
      vertex 32 -66 0
    endloop
  endfacet
  facet normal 0 0 -1
    outer loop
      vertex 36.1573 63.7778 0
      vertex 32 66 0
      vertex 35.8651 64.172 0
    endloop
  endfacet
  facet normal 0 0 -1
    outer loop
      vertex 35.8651 64.172 0
      vertex 32 66 0
      vertex 35.5355 64.5355 0
    endloop
  endfacet
  facet normal 0 0 -1
    outer loop
      vertex 37 -61 0
      vertex 22.9904 -6.59603 0
      vertex 23 -6.4 0
    endloop
  endfacet
  facet normal 0 0 -1
    outer loop
      vertex 37 -61 0
      vertex 22.9616 -6.79017 0
      vertex 22.9904 -6.59603 0
    endloop
  endfacet
  facet normal 0 0 -1
    outer loop
      vertex 37 -61 0
      vertex 22.9139 -6.98057 0
      vertex 22.9616 -6.79017 0
    endloop
  endfacet
  facet normal 0 0 -1
    outer loop
      vertex 37 -61 0
      vertex 22.8477 -7.16537 0
      vertex 22.9139 -6.98057 0
    endloop
  endfacet
  facet normal 0 0 -1
    outer loop
      vertex 37 -61 0
      vertex 22.7638 -7.34278 0
      vertex 22.8477 -7.16537 0
    endloop
  endfacet
  facet normal 0 0 -1
    outer loop
      vertex 37 -61 0
      vertex 16.4831 -34.0569 0
      vertex 22.6629 -7.51113 0
    endloop
  endfacet
  facet normal 0 0 -1
    outer loop
      vertex 37 -61 0
      vertex 22.6629 -7.51113 0
      vertex 22.7638 -7.34278 0
    endloop
  endfacet
  facet normal 0 0 -1
    outer loop
      vertex 16.4327 -33.7172 0
      vertex 22.6629 -7.51113 0
      vertex 16.4831 -34.0569 0
    endloop
  endfacet
  facet normal 0 0 -1
    outer loop
      vertex 22.6629 -7.51113 0
      vertex 16.4327 -33.7172 0
      vertex 22.546 -7.66878 0
    endloop
  endfacet
  facet normal 0 0 -1
    outer loop
      vertex 16.3493 -33.384 0
      vertex 22.546 -7.66878 0
      vertex 16.4327 -33.7172 0
    endloop
  endfacet
  facet normal 0 0 -1
    outer loop
      vertex 22.546 -7.66878 0
      vertex 16.3493 -33.384 0
      vertex 22.4142 -7.8142 0
    endloop
  endfacet
  facet normal 0 0 -1
    outer loop
      vertex 16.2336 -33.0606 0
      vertex 22.4142 -7.8142 0
      vertex 16.3493 -33.384 0
    endloop
  endfacet
  facet normal 0 0 -1
    outer loop
      vertex 22.4142 -7.8142 0
      vertex 16.2336 -33.0606 0
      vertex 22.2688 -7.94602 0
    endloop
  endfacet
  facet normal 0 0 -1
    outer loop
      vertex 16.0867 -32.7501 0
      vertex 22.2688 -7.94602 0
      vertex 16.2336 -33.0606 0
    endloop
  endfacet
  facet normal 0 0 -1
    outer loop
      vertex 22.2688 -7.94602 0
      vertex 16.0867 -32.7501 0
      vertex 22.1111 -8.06293 0
    endloop
  endfacet
  facet normal 0 0 -1
    outer loop
      vertex 22.1111 -8.06293 0
      vertex 16.0867 -32.7501 0
      vertex 21.9428 -8.16384 0
    endloop
  endfacet
  facet normal 0 0 -1
    outer loop
      vertex 37 -61 0
      vertex 16.5 -34.4 0
      vertex 16.4831 -34.0569 0
    endloop
  endfacet
  facet normal 0 0 -1
    outer loop
      vertex 37 -61 0
      vertex 16.4831 -34.7431 0
      vertex 16.5 -34.4 0
    endloop
  endfacet
  facet normal 0 0 -1
    outer loop
      vertex 37 -61 0
      vertex 16.4327 -35.0828 0
      vertex 16.4831 -34.7431 0
    endloop
  endfacet
  facet normal 0 0 -1
    outer loop
      vertex 37 -61 0
      vertex 16.3493 -35.416 0
      vertex 16.4327 -35.0828 0
    endloop
  endfacet
  facet normal 0 0 -1
    outer loop
      vertex 37 -61 0
      vertex 16.2336 -35.7394 0
      vertex 16.3493 -35.416 0
    endloop
  endfacet
  facet normal 0 0 -1
    outer loop
      vertex 37 -61 0
      vertex 16.0867 -36.0499 0
      vertex 16.2336 -35.7394 0
    endloop
  endfacet
  facet normal 0 0 -1
    outer loop
      vertex 37 -61 0
      vertex 15.9101 -36.3445 0
      vertex 16.0867 -36.0499 0
    endloop
  endfacet
  facet normal 0 0 -1
    outer loop
      vertex 37 -61 0
      vertex 15.7055 -36.6204 0
      vertex 15.9101 -36.3445 0
    endloop
  endfacet
  facet normal 0 0 -1
    outer loop
      vertex 37 -61 0
      vertex 15.4749 -36.8749 0
      vertex 15.7055 -36.6204 0
    endloop
  endfacet
  facet normal 0 0 -1
    outer loop
      vertex 37 -61 0
      vertex 15.2204 -37.1055 0
      vertex 15.4749 -36.8749 0
    endloop
  endfacet
  facet normal 0 0 -1
    outer loop
      vertex 37 -61 0
      vertex 14.9445 -37.3101 0
      vertex 15.2204 -37.1055 0
    endloop
  endfacet
  facet normal 0 0 -1
    outer loop
      vertex 37 -61 0
      vertex 14.6499 -37.4867 0
      vertex 14.9445 -37.3101 0
    endloop
  endfacet
  facet normal 0 0 -1
    outer loop
      vertex 32 -66 0
      vertex 14.3394 -37.6336 0
      vertex 14.6499 -37.4867 0
    endloop
  endfacet
  facet normal 0 0 -1
    outer loop
      vertex 32 -66 0
      vertex 14.016 -37.7493 0
      vertex 14.3394 -37.6336 0
    endloop
  endfacet
  facet normal 0 0 -1
    outer loop
      vertex 3.34929 -48.416 0
      vertex 14.016 -37.7493 0
      vertex 32 -66 0
    endloop
  endfacet
  facet normal 0 0 -1
    outer loop
      vertex 14.016 -37.7493 0
      vertex 3.34929 -48.416 0
      vertex 13.6828 -37.8327 0
    endloop
  endfacet
  facet normal 0 -0 -1
    outer loop
      vertex 3.43275 -48.0828 0
      vertex 13.6828 -37.8327 0
      vertex 3.34929 -48.416 0
    endloop
  endfacet
  facet normal 0 0 -1
    outer loop
      vertex 13.6828 -37.8327 0
      vertex 3.43275 -48.0828 0
      vertex 13.3431 -37.8831 0
    endloop
  endfacet
  facet normal 0 -0 -1
    outer loop
      vertex 3.48315 -47.7431 0
      vertex 13.3431 -37.8831 0
      vertex 3.43275 -48.0828 0
    endloop
  endfacet
  facet normal 0 0 -1
    outer loop
      vertex 13.3431 -37.8831 0
      vertex 3.48315 -47.7431 0
      vertex 13 -37.9 0
    endloop
  endfacet
  facet normal 0 -0 -1
    outer loop
      vertex 3.5 -47.4 0
      vertex 13 -37.9 0
      vertex 3.48315 -47.7431 0
    endloop
  endfacet
  facet normal -0 0 -1
    outer loop
      vertex 13 -37.9 0
      vertex 3.5 -47.4 0
      vertex 12.6569 -37.8831 0
    endloop
  endfacet
  facet normal -0 0 -1
    outer loop
      vertex 12.6569 -37.8831 0
      vertex 3.48315 -47.0569 0
      vertex 12.3172 -37.8327 0
    endloop
  endfacet
  facet normal 0 0 -1
    outer loop
      vertex 3.43275 -46.7172 0
      vertex 12.3172 -37.8327 0
      vertex 3.48315 -47.0569 0
    endloop
  endfacet
  facet normal -0 0 -1
    outer loop
      vertex 12.3172 -37.8327 0
      vertex 3.43275 -46.7172 0
      vertex 11.984 -37.7493 0
    endloop
  endfacet
  facet normal 0 0 -1
    outer loop
      vertex 3.34929 -46.384 0
      vertex 11.984 -37.7493 0
      vertex 3.43275 -46.7172 0
    endloop
  endfacet
  facet normal -0 0 -1
    outer loop
      vertex 11.984 -37.7493 0
      vertex 3.34929 -46.384 0
      vertex 11.6606 -37.6336 0
    endloop
  endfacet
  facet normal 0 0 -1
    outer loop
      vertex 9.56725 -35.0828 0
      vertex 3.5 -34.4 0
      vertex 9.51685 -34.7431 0
    endloop
  endfacet
  facet normal 0 0 -1
    outer loop
      vertex 9.65071 -35.416 0
      vertex 3.5 -34.4 0
      vertex 9.56725 -35.0828 0
    endloop
  endfacet
  facet normal 0 0 -1
    outer loop
      vertex 9.76642 -35.7394 0
      vertex 3.5 -34.4 0
      vertex 9.65071 -35.416 0
    endloop
  endfacet
  facet normal 0 0 -1
    outer loop
      vertex 9.91327 -36.0499 0
      vertex 3.5 -34.4 0
      vertex 9.76642 -35.7394 0
    endloop
  endfacet
  facet normal 0 0 -1
    outer loop
      vertex 10.0899 -36.3445 0
      vertex 3.5 -34.4 0
      vertex 9.91327 -36.0499 0
    endloop
  endfacet
  facet normal 0 0 -1
    outer loop
      vertex 10.2945 -36.6204 0
      vertex 3.5 -34.4 0
      vertex 10.0899 -36.3445 0
    endloop
  endfacet
  facet normal -0 0 -1
    outer loop
      vertex 11.6606 -37.6336 0
      vertex 3.23358 -46.0606 0
      vertex 11.3501 -37.4867 0
    endloop
  endfacet
  facet normal 0 0 -1
    outer loop
      vertex 3.08672 -45.7501 0
      vertex 11.3501 -37.4867 0
      vertex 3.23358 -46.0606 0
    endloop
  endfacet
  facet normal 0 0 -1
    outer loop
      vertex 3.23358 -46.0606 0
      vertex 11.6606 -37.6336 0
      vertex 3.34929 -46.384 0
    endloop
  endfacet
  facet normal 0 0 -1
    outer loop
      vertex 3.48315 -47.0569 0
      vertex 12.6569 -37.8831 0
      vertex 3.5 -47.4 0
    endloop
  endfacet
  facet normal 0 0 -1
    outer loop
      vertex 32 -66 0
      vertex 3.23358 -48.7394 0
      vertex 3.34929 -48.416 0
    endloop
  endfacet
  facet normal 0 0 -1
    outer loop
      vertex 32 -66 0
      vertex 3.08672 -49.0499 0
      vertex 3.23358 -48.7394 0
    endloop
  endfacet
  facet normal 0 0 -1
    outer loop
      vertex 32 -66 0
      vertex 2.91014 -49.3445 0
      vertex 3.08672 -49.0499 0
    endloop
  endfacet
  facet normal 0 0 -1
    outer loop
      vertex 32 -66 0
      vertex 2.70554 -49.6204 0
      vertex 2.91014 -49.3445 0
    endloop
  endfacet
  facet normal 0 0 -1
    outer loop
      vertex 32 -66 0
      vertex 2.47487 -49.8749 0
      vertex 2.70554 -49.6204 0
    endloop
  endfacet
  facet normal 0 0 -1
    outer loop
      vertex 32 -66 0
      vertex 2.22038 -50.1055 0
      vertex 2.47487 -49.8749 0
    endloop
  endfacet
  facet normal 0 0 -1
    outer loop
      vertex 32 -66 0
      vertex 1.9445 -50.3101 0
      vertex 2.22038 -50.1055 0
    endloop
  endfacet
  facet normal 0 0 -1
    outer loop
      vertex 32 -66 0
      vertex 1.64989 -50.4867 0
      vertex 1.9445 -50.3101 0
    endloop
  endfacet
  facet normal 0 0 -1
    outer loop
      vertex 32 -66 0
      vertex 1.33939 -50.6336 0
      vertex 1.64989 -50.4867 0
    endloop
  endfacet
  facet normal 0 0 -1
    outer loop
      vertex 32 -66 0
      vertex 1.016 -50.7493 0
      vertex 1.33939 -50.6336 0
    endloop
  endfacet
  facet normal 0 0 -1
    outer loop
      vertex 32 -66 0
      vertex 0.682816 -50.8327 0
      vertex 1.016 -50.7493 0
    endloop
  endfacet
  facet normal 0 0 -1
    outer loop
      vertex 32 -66 0
      vertex 0.34306 -50.8831 0
      vertex 0.682816 -50.8327 0
    endloop
  endfacet
  facet normal 0 0 -1
    outer loop
      vertex 32 -66 0
      vertex 0 -50.9 0
      vertex 0.34306 -50.8831 0
    endloop
  endfacet
  facet normal 0 0 -1
    outer loop
      vertex -32 -66 0
      vertex 0 -50.9 0
      vertex 32 -66 0
    endloop
  endfacet
  facet normal -0 0 -1
    outer loop
      vertex 0 -50.9 0
      vertex -32 -66 0
      vertex -0.34306 -50.8831 0
    endloop
  endfacet
  facet normal -0 0 -1
    outer loop
      vertex -0.34306 -50.8831 0
      vertex -32 -66 0
      vertex -0.682816 -50.8327 0
    endloop
  endfacet
  facet normal -0 0 -1
    outer loop
      vertex -0.682816 -50.8327 0
      vertex -32 -66 0
      vertex -1.016 -50.7493 0
    endloop
  endfacet
  facet normal 0 0 -1
    outer loop
      vertex -3.23358 -35.7394 0
      vertex -9.76642 -35.7394 0
      vertex -3.34929 -35.416 0
    endloop
  endfacet
  facet normal 0 0 -1
    outer loop
      vertex -9.51685 -34.0569 0
      vertex -3.5 -34.4 0
      vertex -9.5 -34.4 0
    endloop
  endfacet
  facet normal 0 0 -1
    outer loop
      vertex -13 -37.9 0
      vertex -3.5 -47.4 0
      vertex -3.48315 -47.7431 0
    endloop
  endfacet
  facet normal 0 0 -1
    outer loop
      vertex -13.3431 -37.8831 0
      vertex -3.48315 -47.7431 0
      vertex -3.43275 -48.0828 0
    endloop
  endfacet
  facet normal 0 0 -1
    outer loop
      vertex -13.6828 -37.8327 0
      vertex -3.43275 -48.0828 0
      vertex -3.34929 -48.416 0
    endloop
  endfacet
  facet normal 0 0 -1
    outer loop
      vertex -32 -66 0
      vertex -3.34929 -48.416 0
      vertex -3.23358 -48.7394 0
    endloop
  endfacet
  facet normal -0 0 -1
    outer loop
      vertex -3.5 -34.4 0
      vertex -9.51685 -34.7431 0
      vertex -9.5 -34.4 0
    endloop
  endfacet
  facet normal 0 0 -1
    outer loop
      vertex -3.48315 -34.7431 0
      vertex -9.51685 -34.7431 0
      vertex -3.5 -34.4 0
    endloop
  endfacet
  facet normal 0 -0 -1
    outer loop
      vertex -9.51685 -34.7431 0
      vertex -3.48315 -34.7431 0
      vertex -9.56725 -35.0828 0
    endloop
  endfacet
  facet normal 0 0 -1
    outer loop
      vertex -32 -66 0
      vertex -3.23358 -48.7394 0
      vertex -3.08672 -49.0499 0
    endloop
  endfacet
  facet normal 0 0 -1
    outer loop
      vertex -3.43275 -35.0828 0
      vertex -9.56725 -35.0828 0
      vertex -3.48315 -34.7431 0
    endloop
  endfacet
  facet normal 0 -0 -1
    outer loop
      vertex -9.56725 -35.0828 0
      vertex -3.43275 -35.0828 0
      vertex -9.65071 -35.416 0
    endloop
  endfacet
  facet normal 0 0 -1
    outer loop
      vertex -3.34929 -35.416 0
      vertex -9.65071 -35.416 0
      vertex -3.43275 -35.0828 0
    endloop
  endfacet
  facet normal 0 -0 -1
    outer loop
      vertex -9.65071 -35.416 0
      vertex -3.34929 -35.416 0
      vertex -9.76642 -35.7394 0
    endloop
  endfacet
  facet normal 0 -0 -1
    outer loop
      vertex -9.91327 -36.0499 0
      vertex -3.08672 -36.0499 0
      vertex -10.0899 -36.3445 0
    endloop
  endfacet
  facet normal 0 0 -1
    outer loop
      vertex -32 -66 0
      vertex -3.08672 -49.0499 0
      vertex -2.91014 -49.3445 0
    endloop
  endfacet
  facet normal 0 0 -1
    outer loop
      vertex -2.70554 -45.1796 0
      vertex -10.7796 -37.1055 0
      vertex -10.5251 -36.8749 0
    endloop
  endfacet
  facet normal 0 0 -1
    outer loop
      vertex -2.91014 -45.4555 0
      vertex -11.0555 -37.3101 0
      vertex -10.7796 -37.1055 0
    endloop
  endfacet
  facet normal 0 0 -1
    outer loop
      vertex -3.08672 -45.7501 0
      vertex -11.3501 -37.4867 0
      vertex -11.0555 -37.3101 0
    endloop
  endfacet
  facet normal 0 0 -1
    outer loop
      vertex -3.23358 -46.0606 0
      vertex -11.6606 -37.6336 0
      vertex -11.3501 -37.4867 0
    endloop
  endfacet
  facet normal 0 0 -1
    outer loop
      vertex -32 -66 0
      vertex -2.91014 -49.3445 0
      vertex -2.70554 -49.6204 0
    endloop
  endfacet
  facet normal 0 0 -1
    outer loop
      vertex -3.34929 -46.384 0
      vertex -11.984 -37.7493 0
      vertex -11.6606 -37.6336 0
    endloop
  endfacet
  facet normal 0 0 -1
    outer loop
      vertex -3.43275 -46.7172 0
      vertex -12.3172 -37.8327 0
      vertex -11.984 -37.7493 0
    endloop
  endfacet
  facet normal 0 0 -1
    outer loop
      vertex -3.48315 -47.0569 0
      vertex -12.6569 -37.8831 0
      vertex -12.3172 -37.8327 0
    endloop
  endfacet
  facet normal 0 0 -1
    outer loop
      vertex -3.5 -47.4 0
      vertex -13 -37.9 0
      vertex -12.6569 -37.8831 0
    endloop
  endfacet
  facet normal 0 0 -1
    outer loop
      vertex -3.48315 -47.7431 0
      vertex -13.3431 -37.8831 0
      vertex -13 -37.9 0
    endloop
  endfacet
  facet normal 0 0 -1
    outer loop
      vertex -3.43275 -48.0828 0
      vertex -13.6828 -37.8327 0
      vertex -13.3431 -37.8831 0
    endloop
  endfacet
  facet normal 0 0 -1
    outer loop
      vertex -32 -66 0
      vertex -2.70554 -49.6204 0
      vertex -2.47487 -49.8749 0
    endloop
  endfacet
  facet normal 0 0 -1
    outer loop
      vertex -3.34929 -48.416 0
      vertex -14.016 -37.7493 0
      vertex -13.6828 -37.8327 0
    endloop
  endfacet
  facet normal -0 0 -1
    outer loop
      vertex -3.34929 -48.416 0
      vertex -32 -66 0
      vertex -14.016 -37.7493 0
    endloop
  endfacet
  facet normal -0 0 -1
    outer loop
      vertex -14.016 -37.7493 0
      vertex -32 -66 0
      vertex -14.3394 -37.6336 0
    endloop
  endfacet
  facet normal -0 0 -1
    outer loop
      vertex -14.3394 -37.6336 0
      vertex -32 -66 0
      vertex -14.6499 -37.4867 0
    endloop
  endfacet
  facet normal 0 0 -1
    outer loop
      vertex -37 -61 0
      vertex -14.6499 -37.4867 0
      vertex -32 -66 0
    endloop
  endfacet
  facet normal -0 0 -1
    outer loop
      vertex -14.6499 -37.4867 0
      vertex -37 -61 0
      vertex -14.9445 -37.3101 0
    endloop
  endfacet
  facet normal 0 0 -1
    outer loop
      vertex -37 -61 0
      vertex -16.5 -34.4 0
      vertex -16.4831 -34.7431 0
    endloop
  endfacet
  facet normal 0 0 -1
    outer loop
      vertex -37 -61 0
      vertex -16.4831 -34.7431 0
      vertex -16.4327 -35.0828 0
    endloop
  endfacet
  facet normal 0 0 -1
    outer loop
      vertex -16.5 -34.4 0
      vertex -21.196 -8.39036 0
      vertex -21 -8.4 0
    endloop
  endfacet
  facet normal 0 0 -1
    outer loop
      vertex -16.5 -34.4 0
      vertex -21.3902 -8.36156 0
      vertex -21.196 -8.39036 0
    endloop
  endfacet
  facet normal 0 0 -1
    outer loop
      vertex -16.5 -34.4 0
      vertex -21.5806 -8.31388 0
      vertex -21.3902 -8.36156 0
    endloop
  endfacet
  facet normal 0 0 -1
    outer loop
      vertex -16.5 -34.4 0
      vertex -21.7654 -8.24775 0
      vertex -21.5806 -8.31388 0
    endloop
  endfacet
  facet normal 0 0 -1
    outer loop
      vertex -16.5 -34.4 0
      vertex -21.9428 -8.16384 0
      vertex -21.7654 -8.24775 0
    endloop
  endfacet
  facet normal 0 0 -1
    outer loop
      vertex -16.5 -34.4 0
      vertex -22.1111 -8.06293 0
      vertex -21.9428 -8.16384 0
    endloop
  endfacet
  facet normal 0 0 -1
    outer loop
      vertex -16.5 -34.4 0
      vertex -22.2688 -7.94602 0
      vertex -22.1111 -8.06293 0
    endloop
  endfacet
  facet normal 0 0 -1
    outer loop
      vertex -16.5 -34.4 0
      vertex -22.4142 -7.8142 0
      vertex -22.2688 -7.94602 0
    endloop
  endfacet
  facet normal 0 0 -1
    outer loop
      vertex -16.5 -34.4 0
      vertex -22.546 -7.66878 0
      vertex -22.4142 -7.8142 0
    endloop
  endfacet
  facet normal 0 0 -1
    outer loop
      vertex -16.5 -34.4 0
      vertex -22.6629 -7.51113 0
      vertex -22.546 -7.66878 0
    endloop
  endfacet
  facet normal -0 0 -1
    outer loop
      vertex -16.5 -34.4 0
      vertex -37 -61 0
      vertex -22.6629 -7.51113 0
    endloop
  endfacet
  facet normal -0 0 -1
    outer loop
      vertex -22.6629 -7.51113 0
      vertex -37 -61 0
      vertex -22.7638 -7.34278 0
    endloop
  endfacet
  facet normal -0 0 -1
    outer loop
      vertex -22.7638 -7.34278 0
      vertex -37 -61 0
      vertex -22.8477 -7.16537 0
    endloop
  endfacet
  facet normal -0 0 -1
    outer loop
      vertex -22.8477 -7.16537 0
      vertex -37 -61 0
      vertex -22.9139 -6.98057 0
    endloop
  endfacet
  facet normal -0 0 -1
    outer loop
      vertex -22.9904 -6.59603 0
      vertex -37 -61 0
      vertex -23 -6.4 0
    endloop
  endfacet
  facet normal -0 0 -1
    outer loop
      vertex -22.9616 -6.79017 0
      vertex -37 -61 0
      vertex -22.9904 -6.59603 0
    endloop
  endfacet
  facet normal -0 0 -1
    outer loop
      vertex -22.9139 -6.98057 0
      vertex -37 -61 0
      vertex -22.9616 -6.79017 0
    endloop
  endfacet
  facet normal -0 0 -1
    outer loop
      vertex -16.3493 -35.416 0
      vertex -37 -61 0
      vertex -16.4327 -35.0828 0
    endloop
  endfacet
  facet normal -0 0 -1
    outer loop
      vertex -16.2336 -35.7394 0
      vertex -37 -61 0
      vertex -16.3493 -35.416 0
    endloop
  endfacet
  facet normal -0 0 -1
    outer loop
      vertex -16.0867 -36.0499 0
      vertex -37 -61 0
      vertex -16.2336 -35.7394 0
    endloop
  endfacet
  facet normal -0 0 -1
    outer loop
      vertex -15.9101 -36.3445 0
      vertex -37 -61 0
      vertex -16.0867 -36.0499 0
    endloop
  endfacet
  facet normal -0 0 -1
    outer loop
      vertex -15.7055 -36.6204 0
      vertex -37 -61 0
      vertex -15.9101 -36.3445 0
    endloop
  endfacet
  facet normal -0 0 -1
    outer loop
      vertex -15.4749 -36.8749 0
      vertex -37 -61 0
      vertex -15.7055 -36.6204 0
    endloop
  endfacet
  facet normal -0 0 -1
    outer loop
      vertex -15.2204 -37.1055 0
      vertex -37 -61 0
      vertex -15.4749 -36.8749 0
    endloop
  endfacet
  facet normal -0 0 -1
    outer loop
      vertex -14.9445 -37.3101 0
      vertex -37 -61 0
      vertex -15.2204 -37.1055 0
    endloop
  endfacet
  facet normal -0 0 -1
    outer loop
      vertex -2.22038 -50.1055 0
      vertex -32 -66 0
      vertex -2.47487 -49.8749 0
    endloop
  endfacet
  facet normal -0 0 -1
    outer loop
      vertex -1.9445 -50.3101 0
      vertex -32 -66 0
      vertex -2.22038 -50.1055 0
    endloop
  endfacet
  facet normal -0 0 -1
    outer loop
      vertex -1.64989 -50.4867 0
      vertex -32 -66 0
      vertex -1.9445 -50.3101 0
    endloop
  endfacet
  facet normal -0 0 -1
    outer loop
      vertex -1.33939 -50.6336 0
      vertex -32 -66 0
      vertex -1.64989 -50.4867 0
    endloop
  endfacet
  facet normal -0 0 -1
    outer loop
      vertex -1.016 -50.7493 0
      vertex -32 -66 0
      vertex -1.33939 -50.6336 0
    endloop
  endfacet
  facet normal 0 0 -1
    outer loop
      vertex 35.5355 64.5355 0
      vertex 32 66 0
      vertex 35.172 64.8651 0
    endloop
  endfacet
  facet normal 0 0 -1
    outer loop
      vertex 34.7778 65.1573 0
      vertex 32 66 0
      vertex 34.357 65.4096 0
    endloop
  endfacet
  facet normal 0 0 -1
    outer loop
      vertex 34.357 65.4096 0
      vertex 32 66 0
      vertex 33.9134 65.6194 0
    endloop
  endfacet
  facet normal 0 0 -1
    outer loop
      vertex 33.9134 65.6194 0
      vertex 32 66 0
      vertex 33.4514 65.7847 0
    endloop
  endfacet
  facet normal 0 0 -1
    outer loop
      vertex 33.4514 65.7847 0
      vertex 32 66 0
      vertex 32.9754 65.9039 0
    endloop
  endfacet
  facet normal 0 0 -1
    outer loop
      vertex 32.9754 65.9039 0
      vertex 32 66 0
      vertex 32.4901 65.9759 0
    endloop
  endfacet
  facet normal 0 0 -1
    outer loop
      vertex 35.172 64.8651 0
      vertex 32 66 0
      vertex 34.7778 65.1573 0
    endloop
  endfacet
  facet normal 0 0 -1
    outer loop
      vertex 36.6194 62.9134 0
      vertex 32 66 0
      vertex 36.4096 63.357 0
    endloop
  endfacet
  facet normal -0 0 -1
    outer loop
      vertex 37 61 0
      vertex 22.4142 52.0142 0
      vertex 32 66 0
    endloop
  endfacet
  facet normal 0 0 -1
    outer loop
      vertex 22.2688 52.146 0
      vertex 32 66 0
      vertex 22.4142 52.0142 0
    endloop
  endfacet
  facet normal 0 0 -1
    outer loop
      vertex 22.1111 52.2629 0
      vertex 32 66 0
      vertex 22.2688 52.146 0
    endloop
  endfacet
  facet normal 0 0 -1
    outer loop
      vertex 21.9428 52.3638 0
      vertex 32 66 0
      vertex 22.1111 52.2629 0
    endloop
  endfacet
  facet normal 0 0 -1
    outer loop
      vertex 21.7654 52.4477 0
      vertex 32 66 0
      vertex 21.9428 52.3638 0
    endloop
  endfacet
  facet normal 0 0 -1
    outer loop
      vertex 21.5806 52.5139 0
      vertex 32 66 0
      vertex 21.7654 52.4477 0
    endloop
  endfacet
  facet normal 0 0 -1
    outer loop
      vertex 21.3902 52.5616 0
      vertex 32 66 0
      vertex 21.5806 52.5139 0
    endloop
  endfacet
  facet normal 0 0 -1
    outer loop
      vertex 21.196 52.5904 0
      vertex 32 66 0
      vertex 21.3902 52.5616 0
    endloop
  endfacet
  facet normal 0 0 -1
    outer loop
      vertex 21 52.6 0
      vertex 32 66 0
      vertex 21.196 52.5904 0
    endloop
  endfacet
  facet normal 0 0 -1
    outer loop
      vertex -21 52.6 0
      vertex 32 66 0
      vertex 21 52.6 0
    endloop
  endfacet
  facet normal 0 0 -1
    outer loop
      vertex -32 66 0
      vertex -21 52.6 0
      vertex -21.196 52.5904 0
    endloop
  endfacet
  facet normal 0 0 -1
    outer loop
      vertex -32 66 0
      vertex -21.196 52.5904 0
      vertex -21.3902 52.5616 0
    endloop
  endfacet
  facet normal 0 0 -1
    outer loop
      vertex -32 66 0
      vertex -21.3902 52.5616 0
      vertex -21.5806 52.5139 0
    endloop
  endfacet
  facet normal 0 0 -1
    outer loop
      vertex -37 61 0
      vertex -23 -6.4 0
      vertex -37 -61 0
    endloop
  endfacet
  facet normal 0 0 -1
    outer loop
      vertex -21 52.6 0
      vertex -32 66 0
      vertex 32 66 0
    endloop
  endfacet
  facet normal 0 0 -1
    outer loop
      vertex -21.7654 52.4477 0
      vertex -32 66 0
      vertex -21.5806 52.5139 0
    endloop
  endfacet
  facet normal 0 0 -1
    outer loop
      vertex -21.9428 52.3638 0
      vertex -32 66 0
      vertex -21.7654 52.4477 0
    endloop
  endfacet
  facet normal 0 0 -1
    outer loop
      vertex -22.1111 52.2629 0
      vertex -32 66 0
      vertex -21.9428 52.3638 0
    endloop
  endfacet
  facet normal 0 0 -1
    outer loop
      vertex -22.2688 52.146 0
      vertex -32 66 0
      vertex -22.1111 52.2629 0
    endloop
  endfacet
  facet normal 0 0 -1
    outer loop
      vertex -22.4142 52.0142 0
      vertex -32 66 0
      vertex -22.2688 52.146 0
    endloop
  endfacet
  facet normal 0 0 -1
    outer loop
      vertex -37 61 0
      vertex -22.4142 52.0142 0
      vertex -22.546 51.8688 0
    endloop
  endfacet
  facet normal 0 0 -1
    outer loop
      vertex -37 61 0
      vertex -22.546 51.8688 0
      vertex -22.6629 51.7111 0
    endloop
  endfacet
  facet normal 0 0 -1
    outer loop
      vertex -37 61 0
      vertex -22.6629 51.7111 0
      vertex -22.7638 51.5428 0
    endloop
  endfacet
  facet normal 0 0 -1
    outer loop
      vertex -37 61 0
      vertex -22.7638 51.5428 0
      vertex -22.8477 51.3654 0
    endloop
  endfacet
  facet normal 0 0 -1
    outer loop
      vertex -37 61 0
      vertex -22.8477 51.3654 0
      vertex -22.9139 51.1806 0
    endloop
  endfacet
  facet normal 0 0 -1
    outer loop
      vertex -37 61 0
      vertex -22.9139 51.1806 0
      vertex -22.9616 50.9902 0
    endloop
  endfacet
  facet normal 0 0 -1
    outer loop
      vertex -37 61 0
      vertex -22.9616 50.9902 0
      vertex -22.9904 50.796 0
    endloop
  endfacet
  facet normal 0 0 -1
    outer loop
      vertex -23 -6.4 0
      vertex -37 61 0
      vertex -23 50.6 0
    endloop
  endfacet
  facet normal 0 0 -1
    outer loop
      vertex -37 -61 0
      vertex -32 -66 0
      vertex -32.4901 -65.9759 0
    endloop
  endfacet
  facet normal 0 0 -1
    outer loop
      vertex -23 50.6 0
      vertex -37 61 0
      vertex -22.9904 50.796 0
    endloop
  endfacet
  facet normal 0 0 -1
    outer loop
      vertex -37 -61 0
      vertex -32.4901 -65.9759 0
      vertex -32.9754 -65.9039 0
    endloop
  endfacet
  facet normal 0 0 -1
    outer loop
      vertex -22.4142 52.0142 0
      vertex -37 61 0
      vertex -32 66 0
    endloop
  endfacet
  facet normal 0 0 -1
    outer loop
      vertex -37 -61 0
      vertex -32.9754 -65.9039 0
      vertex -33.4514 -65.7847 0
    endloop
  endfacet
  facet normal 0 0 -1
    outer loop
      vertex -32 66 0
      vertex -37 61 0
      vertex -32.4901 65.9759 0
    endloop
  endfacet
  facet normal 0 0 -1
    outer loop
      vertex -37 -61 0
      vertex -33.4514 -65.7847 0
      vertex -33.9134 -65.6194 0
    endloop
  endfacet
  facet normal 0 0 -1
    outer loop
      vertex -32.4901 65.9759 0
      vertex -37 61 0
      vertex -32.9754 65.9039 0
    endloop
  endfacet
  facet normal 0 0 -1
    outer loop
      vertex -37 -61 0
      vertex -33.9134 -65.6194 0
      vertex -34.357 -65.4096 0
    endloop
  endfacet
  facet normal 0 0 -1
    outer loop
      vertex -32.9754 65.9039 0
      vertex -37 61 0
      vertex -33.4514 65.7847 0
    endloop
  endfacet
  facet normal 0 0 -1
    outer loop
      vertex -37 -61 0
      vertex -34.357 -65.4096 0
      vertex -34.7778 -65.1573 0
    endloop
  endfacet
  facet normal 0 0 -1
    outer loop
      vertex -33.4514 65.7847 0
      vertex -37 61 0
      vertex -33.9134 65.6194 0
    endloop
  endfacet
  facet normal 0 0 -1
    outer loop
      vertex -37 -61 0
      vertex -34.7778 -65.1573 0
      vertex -35.172 -64.8651 0
    endloop
  endfacet
  facet normal 0 0 -1
    outer loop
      vertex -33.9134 65.6194 0
      vertex -37 61 0
      vertex -34.357 65.4096 0
    endloop
  endfacet
  facet normal 0 0 -1
    outer loop
      vertex -37 -61 0
      vertex -35.172 -64.8651 0
      vertex -35.5355 -64.5355 0
    endloop
  endfacet
  facet normal 0 0 -1
    outer loop
      vertex -34.357 65.4096 0
      vertex -37 61 0
      vertex -34.7778 65.1573 0
    endloop
  endfacet
  facet normal 0 0 -1
    outer loop
      vertex -37 -61 0
      vertex -35.5355 -64.5355 0
      vertex -35.8651 -64.172 0
    endloop
  endfacet
  facet normal 0 0 -1
    outer loop
      vertex -34.7778 65.1573 0
      vertex -37 61 0
      vertex -35.172 64.8651 0
    endloop
  endfacet
  facet normal 0 0 -1
    outer loop
      vertex -37 -61 0
      vertex -35.8651 -64.172 0
      vertex -36.1573 -63.7778 0
    endloop
  endfacet
  facet normal 0 0 -1
    outer loop
      vertex -35.172 64.8651 0
      vertex -37 61 0
      vertex -35.5355 64.5355 0
    endloop
  endfacet
  facet normal 0 0 -1
    outer loop
      vertex -37 -61 0
      vertex -36.1573 -63.7778 0
      vertex -36.4096 -63.357 0
    endloop
  endfacet
  facet normal 0 0 -1
    outer loop
      vertex -35.5355 64.5355 0
      vertex -37 61 0
      vertex -35.8651 64.172 0
    endloop
  endfacet
  facet normal 0 0 -1
    outer loop
      vertex -37 -61 0
      vertex -36.4096 -63.357 0
      vertex -36.6194 -62.9134 0
    endloop
  endfacet
  facet normal 0 0 -1
    outer loop
      vertex -35.8651 64.172 0
      vertex -37 61 0
      vertex -36.1573 63.7778 0
    endloop
  endfacet
  facet normal 0 0 -1
    outer loop
      vertex -37 -61 0
      vertex -36.6194 -62.9134 0
      vertex -36.7847 -62.4514 0
    endloop
  endfacet
  facet normal 0 0 -1
    outer loop
      vertex -36.1573 63.7778 0
      vertex -37 61 0
      vertex -36.4096 63.357 0
    endloop
  endfacet
  facet normal 0 0 -1
    outer loop
      vertex -37 -61 0
      vertex -36.7847 -62.4514 0
      vertex -36.9039 -61.9754 0
    endloop
  endfacet
  facet normal 0 0 -1
    outer loop
      vertex -36.4096 63.357 0
      vertex -37 61 0
      vertex -36.6194 62.9134 0
    endloop
  endfacet
  facet normal 0 0 -1
    outer loop
      vertex -37 -61 0
      vertex -36.9039 -61.9754 0
      vertex -36.9759 -61.4901 0
    endloop
  endfacet
  facet normal 0 0 -1
    outer loop
      vertex -36.6194 62.9134 0
      vertex -37 61 0
      vertex -36.7847 62.4514 0
    endloop
  endfacet
  facet normal 0 0 -1
    outer loop
      vertex -36.7847 62.4514 0
      vertex -37 61 0
      vertex -36.9039 61.9754 0
    endloop
  endfacet
  facet normal 0 0 -1
    outer loop
      vertex -36.9039 61.9754 0
      vertex -37 61 0
      vertex -36.9759 61.4901 0
    endloop
  endfacet
  facet normal 0 0 -1
    outer loop
      vertex 15.9101 -32.4555 0
      vertex 21.9428 -8.16384 0
      vertex 16.0867 -32.7501 0
    endloop
  endfacet
  facet normal 0 0 -1
    outer loop
      vertex 21.9428 -8.16384 0
      vertex 15.9101 -32.4555 0
      vertex 21.7654 -8.24775 0
    endloop
  endfacet
  facet normal 0 0 -1
    outer loop
      vertex 15.7055 -32.1796 0
      vertex 21.7654 -8.24775 0
      vertex 15.9101 -32.4555 0
    endloop
  endfacet
  facet normal 0 0 -1
    outer loop
      vertex 21.7654 -8.24775 0
      vertex 15.7055 -32.1796 0
      vertex 21.5806 -8.31388 0
    endloop
  endfacet
  facet normal 0 0 -1
    outer loop
      vertex 15.4749 -31.9251 0
      vertex 21.5806 -8.31388 0
      vertex 15.7055 -32.1796 0
    endloop
  endfacet
  facet normal 0 0 -1
    outer loop
      vertex 21.5806 -8.31388 0
      vertex 15.4749 -31.9251 0
      vertex 21.3902 -8.36156 0
    endloop
  endfacet
  facet normal 0 0 -1
    outer loop
      vertex 15.2204 -31.6945 0
      vertex 21.3902 -8.36156 0
      vertex 15.4749 -31.9251 0
    endloop
  endfacet
  facet normal 0 0 -1
    outer loop
      vertex 21.3902 -8.36156 0
      vertex 15.2204 -31.6945 0
      vertex 21.196 -8.39036 0
    endloop
  endfacet
  facet normal 0 0 -1
    outer loop
      vertex 14.9445 -31.4899 0
      vertex 21.196 -8.39036 0
      vertex 15.2204 -31.6945 0
    endloop
  endfacet
  facet normal 0 0 -1
    outer loop
      vertex 21.196 -8.39036 0
      vertex 14.9445 -31.4899 0
      vertex 21 -8.4 0
    endloop
  endfacet
  facet normal 0 0 -1
    outer loop
      vertex 14.6499 -31.3133 0
      vertex 21 -8.4 0
      vertex 14.9445 -31.4899 0
    endloop
  endfacet
  facet normal 0 0 -1
    outer loop
      vertex 14.3394 -31.1664 0
      vertex 21 -8.4 0
      vertex 14.6499 -31.3133 0
    endloop
  endfacet
  facet normal 0 0 -1
    outer loop
      vertex 14.016 -31.0507 0
      vertex 21 -8.4 0
      vertex 14.3394 -31.1664 0
    endloop
  endfacet
  facet normal 0 0 -1
    outer loop
      vertex 13.6828 -30.9673 0
      vertex 21 -8.4 0
      vertex 14.016 -31.0507 0
    endloop
  endfacet
  facet normal 0 0 -1
    outer loop
      vertex 13.3431 -30.9169 0
      vertex 21 -8.4 0
      vertex 13.6828 -30.9673 0
    endloop
  endfacet
  facet normal 0 0 -1
    outer loop
      vertex 3.48315 -21.0569 0
      vertex 13.3431 -30.9169 0
      vertex 13 -30.9 0
    endloop
  endfacet
  facet normal 0 0 -1
    outer loop
      vertex 3.5 -21.4 0
      vertex 13 -30.9 0
      vertex 12.6569 -30.9169 0
    endloop
  endfacet
  facet normal 0 0 -1
    outer loop
      vertex 3.5 -21.4 0
      vertex 12.6569 -30.9169 0
      vertex 12.3172 -30.9673 0
    endloop
  endfacet
  facet normal 0 0 -1
    outer loop
      vertex 3.5 -21.4 0
      vertex 12.3172 -30.9673 0
      vertex 11.984 -31.0507 0
    endloop
  endfacet
  facet normal 0 0 -1
    outer loop
      vertex 3.5 -21.4 0
      vertex 11.984 -31.0507 0
      vertex 11.6606 -31.1664 0
    endloop
  endfacet
  facet normal 0 0 -1
    outer loop
      vertex 3.5 -21.4 0
      vertex 11.6606 -31.1664 0
      vertex 11.3501 -31.3133 0
    endloop
  endfacet
  facet normal 0 0 -1
    outer loop
      vertex 3.5 -21.4 0
      vertex 11.3501 -31.3133 0
      vertex 11.0555 -31.4899 0
    endloop
  endfacet
  facet normal 0 0 -1
    outer loop
      vertex 3.5 -21.4 0
      vertex 11.0555 -31.4899 0
      vertex 10.7796 -31.6945 0
    endloop
  endfacet
  facet normal 0 0 -1
    outer loop
      vertex 3.5 -21.4 0
      vertex 10.7796 -31.6945 0
      vertex 10.5251 -31.9251 0
    endloop
  endfacet
  facet normal 0 0 -1
    outer loop
      vertex 3.5 -21.4 0
      vertex 10.5251 -31.9251 0
      vertex 10.2945 -32.1796 0
    endloop
  endfacet
  facet normal 0 0 -1
    outer loop
      vertex 9.65071 -33.384 0
      vertex 3.34929 -33.384 0
      vertex 9.76642 -33.0606 0
    endloop
  endfacet
  facet normal 0 0 -1
    outer loop
      vertex 3.34929 -33.384 0
      vertex 9.65071 -33.384 0
      vertex 3.43275 -33.7172 0
    endloop
  endfacet
  facet normal 0 0 -1
    outer loop
      vertex 9.56725 -33.7172 0
      vertex 3.43275 -33.7172 0
      vertex 9.65071 -33.384 0
    endloop
  endfacet
  facet normal 0 0 -1
    outer loop
      vertex 9.51685 -34.7431 0
      vertex 3.5 -34.4 0
      vertex 9.5 -34.4 0
    endloop
  endfacet
  facet normal 0 0 -1
    outer loop
      vertex 9.5 -34.4 0
      vertex 3.5 -34.4 0
      vertex 9.51685 -34.0569 0
    endloop
  endfacet
  facet normal 0 0 -1
    outer loop
      vertex 3.48315 -34.0569 0
      vertex 9.51685 -34.0569 0
      vertex 3.5 -34.4 0
    endloop
  endfacet
  facet normal 0 0 -1
    outer loop
      vertex 9.51685 -34.0569 0
      vertex 3.48315 -34.0569 0
      vertex 9.56725 -33.7172 0
    endloop
  endfacet
  facet normal 0 0 -1
    outer loop
      vertex 3.43275 -33.7172 0
      vertex 9.56725 -33.7172 0
      vertex 3.48315 -34.0569 0
    endloop
  endfacet
  facet normal 0 0 -1
    outer loop
      vertex 3.23358 -33.0606 0
      vertex 9.76642 -33.0606 0
      vertex 3.34929 -33.384 0
    endloop
  endfacet
  facet normal 0 0 -1
    outer loop
      vertex 13 -30.9 0
      vertex 3.5 -21.4 0
      vertex 3.48315 -21.0569 0
    endloop
  endfacet
  facet normal 0 0 -1
    outer loop
      vertex 13.3431 -30.9169 0
      vertex 3.48315 -21.0569 0
      vertex 21 -8.4 0
    endloop
  endfacet
  facet normal 0 0 -1
    outer loop
      vertex 3.43275 -20.7172 0
      vertex 21 -8.4 0
      vertex 3.48315 -21.0569 0
    endloop
  endfacet
  facet normal 0 0 -1
    outer loop
      vertex 3.34929 -20.384 0
      vertex 21 -8.4 0
      vertex 3.43275 -20.7172 0
    endloop
  endfacet
  facet normal 0 0 -1
    outer loop
      vertex 3.23358 -20.0606 0
      vertex 21 -8.4 0
      vertex 3.34929 -20.384 0
    endloop
  endfacet
  facet normal 0 0 -1
    outer loop
      vertex 3.08672 -19.7501 0
      vertex 21 -8.4 0
      vertex 3.23358 -20.0606 0
    endloop
  endfacet
  facet normal 0 0 -1
    outer loop
      vertex 2.91014 -19.4555 0
      vertex 21 -8.4 0
      vertex 3.08672 -19.7501 0
    endloop
  endfacet
  facet normal 0 0 -1
    outer loop
      vertex 2.70554 -19.1796 0
      vertex 21 -8.4 0
      vertex 2.91014 -19.4555 0
    endloop
  endfacet
  facet normal 0 0 -1
    outer loop
      vertex 2.47487 -18.9251 0
      vertex 21 -8.4 0
      vertex 2.70554 -19.1796 0
    endloop
  endfacet
  facet normal 0 0 -1
    outer loop
      vertex 2.22038 -18.6945 0
      vertex 21 -8.4 0
      vertex 2.47487 -18.9251 0
    endloop
  endfacet
  facet normal 0 0 -1
    outer loop
      vertex 1.9445 -18.4899 0
      vertex 21 -8.4 0
      vertex 2.22038 -18.6945 0
    endloop
  endfacet
  facet normal 0 0 -1
    outer loop
      vertex 1.64989 -18.3133 0
      vertex 21 -8.4 0
      vertex 1.9445 -18.4899 0
    endloop
  endfacet
  facet normal 0 0 -1
    outer loop
      vertex 1.33939 -18.1664 0
      vertex 21 -8.4 0
      vertex 1.64989 -18.3133 0
    endloop
  endfacet
  facet normal 0 0 -1
    outer loop
      vertex 1.016 -18.0507 0
      vertex 21 -8.4 0
      vertex 1.33939 -18.1664 0
    endloop
  endfacet
  facet normal 0 0 -1
    outer loop
      vertex 0.682816 -17.9673 0
      vertex 21 -8.4 0
      vertex 1.016 -18.0507 0
    endloop
  endfacet
  facet normal 0 0 -1
    outer loop
      vertex 0.34306 -17.9169 0
      vertex 21 -8.4 0
      vertex 0.682816 -17.9673 0
    endloop
  endfacet
  facet normal 0 0 -1
    outer loop
      vertex 0 -17.9 0
      vertex 21 -8.4 0
      vertex 0.34306 -17.9169 0
    endloop
  endfacet
  facet normal 0 0 -1
    outer loop
      vertex -21 -8.4 0
      vertex 0 -17.9 0
      vertex -0.34306 -17.9169 0
    endloop
  endfacet
  facet normal 0 0 -1
    outer loop
      vertex -21 -8.4 0
      vertex -0.34306 -17.9169 0
      vertex -0.682816 -17.9673 0
    endloop
  endfacet
  facet normal 0 0 -1
    outer loop
      vertex -21 -8.4 0
      vertex -0.682816 -17.9673 0
      vertex -1.016 -18.0507 0
    endloop
  endfacet
  facet normal 0 0 -1
    outer loop
      vertex -21 -8.4 0
      vertex -1.016 -18.0507 0
      vertex -1.33939 -18.1664 0
    endloop
  endfacet
  facet normal 0 0 -1
    outer loop
      vertex -3.48315 -34.0569 0
      vertex -9.51685 -34.0569 0
      vertex -9.56725 -33.7172 0
    endloop
  endfacet
  facet normal 0 0 -1
    outer loop
      vertex -3.43275 -33.7172 0
      vertex -9.56725 -33.7172 0
      vertex -9.65071 -33.384 0
    endloop
  endfacet
  facet normal 0 0 -1
    outer loop
      vertex -3.34929 -33.384 0
      vertex -9.65071 -33.384 0
      vertex -9.76642 -33.0606 0
    endloop
  endfacet
  facet normal 0 0 -1
    outer loop
      vertex -3.23358 -33.0606 0
      vertex -9.76642 -33.0606 0
      vertex -9.91327 -32.7501 0
    endloop
  endfacet
  facet normal 0 0 -1
    outer loop
      vertex -3.08672 -32.7501 0
      vertex -9.91327 -32.7501 0
      vertex -10.0899 -32.4555 0
    endloop
  endfacet
  facet normal 0 0 -1
    outer loop
      vertex -2.91014 -32.4555 0
      vertex -10.0899 -32.4555 0
      vertex -10.2945 -32.1796 0
    endloop
  endfacet
  facet normal -0 0 -1
    outer loop
      vertex -3.08672 -23.0499 0
      vertex -11.3501 -31.3133 0
      vertex -3.23358 -22.7394 0
    endloop
  endfacet
  facet normal 0 0 -1
    outer loop
      vertex -11.6606 -31.1664 0
      vertex -3.23358 -22.7394 0
      vertex -11.3501 -31.3133 0
    endloop
  endfacet
  facet normal -0 0 -1
    outer loop
      vertex -3.23358 -22.7394 0
      vertex -11.6606 -31.1664 0
      vertex -3.34929 -22.416 0
    endloop
  endfacet
  facet normal 0 0 -1
    outer loop
      vertex -11.984 -31.0507 0
      vertex -3.34929 -22.416 0
      vertex -11.6606 -31.1664 0
    endloop
  endfacet
  facet normal -0 0 -1
    outer loop
      vertex -3.34929 -22.416 0
      vertex -11.984 -31.0507 0
      vertex -3.43275 -22.0828 0
    endloop
  endfacet
  facet normal 0 0 -1
    outer loop
      vertex -12.3172 -30.9673 0
      vertex -3.43275 -22.0828 0
      vertex -11.984 -31.0507 0
    endloop
  endfacet
  facet normal -0 0 -1
    outer loop
      vertex -3.43275 -22.0828 0
      vertex -12.3172 -30.9673 0
      vertex -3.48315 -21.7431 0
    endloop
  endfacet
  facet normal 0 0 -1
    outer loop
      vertex -12.6569 -30.9169 0
      vertex -3.48315 -21.7431 0
      vertex -12.3172 -30.9673 0
    endloop
  endfacet
  facet normal -0 0 -1
    outer loop
      vertex -3.48315 -21.7431 0
      vertex -12.6569 -30.9169 0
      vertex -3.5 -21.4 0
    endloop
  endfacet
  facet normal 0 0 -1
    outer loop
      vertex -13 -30.9 0
      vertex -3.5 -21.4 0
      vertex -12.6569 -30.9169 0
    endloop
  endfacet
  facet normal -0 0 -1
    outer loop
      vertex -3.5 -21.4 0
      vertex -13 -30.9 0
      vertex -3.48315 -21.0569 0
    endloop
  endfacet
  facet normal 0 0 -1
    outer loop
      vertex -13.3431 -30.9169 0
      vertex -3.48315 -21.0569 0
      vertex -13 -30.9 0
    endloop
  endfacet
  facet normal -0 0 -1
    outer loop
      vertex -3.48315 -21.0569 0
      vertex -13.3431 -30.9169 0
      vertex -3.43275 -20.7172 0
    endloop
  endfacet
  facet normal 0 0 -1
    outer loop
      vertex -21 -8.4 0
      vertex -3.43275 -20.7172 0
      vertex -13.3431 -30.9169 0
    endloop
  endfacet
  facet normal 0 0 -1
    outer loop
      vertex -3.43275 -20.7172 0
      vertex -21 -8.4 0
      vertex -3.34929 -20.384 0
    endloop
  endfacet
  facet normal 0 0 -1
    outer loop
      vertex -3.34929 -20.384 0
      vertex -21 -8.4 0
      vertex -3.23358 -20.0606 0
    endloop
  endfacet
  facet normal 0 0 -1
    outer loop
      vertex -3.23358 -20.0606 0
      vertex -21 -8.4 0
      vertex -3.08672 -19.7501 0
    endloop
  endfacet
  facet normal 0 0 -1
    outer loop
      vertex -3.08672 -19.7501 0
      vertex -21 -8.4 0
      vertex -2.91014 -19.4555 0
    endloop
  endfacet
  facet normal 0 0 -1
    outer loop
      vertex -21 -8.4 0
      vertex -13.3431 -30.9169 0
      vertex -13.6828 -30.9673 0
    endloop
  endfacet
  facet normal 0 0 -1
    outer loop
      vertex -2.91014 -19.4555 0
      vertex -21 -8.4 0
      vertex -2.70554 -19.1796 0
    endloop
  endfacet
  facet normal 0 0 -1
    outer loop
      vertex -21 -8.4 0
      vertex -13.6828 -30.9673 0
      vertex -14.016 -31.0507 0
    endloop
  endfacet
  facet normal 0 0 -1
    outer loop
      vertex -21 -8.4 0
      vertex -14.016 -31.0507 0
      vertex -14.3394 -31.1664 0
    endloop
  endfacet
  facet normal 0 0 -1
    outer loop
      vertex -21 -8.4 0
      vertex -14.3394 -31.1664 0
      vertex -14.6499 -31.3133 0
    endloop
  endfacet
  facet normal 0 0 -1
    outer loop
      vertex -21 -8.4 0
      vertex -14.6499 -31.3133 0
      vertex -14.9445 -31.4899 0
    endloop
  endfacet
  facet normal 0 0 -1
    outer loop
      vertex -21 -8.4 0
      vertex -14.9445 -31.4899 0
      vertex -15.2204 -31.6945 0
    endloop
  endfacet
  facet normal 0 0 -1
    outer loop
      vertex -21 -8.4 0
      vertex -15.2204 -31.6945 0
      vertex -15.4749 -31.9251 0
    endloop
  endfacet
  facet normal 0 0 -1
    outer loop
      vertex 0 -17.9 0
      vertex -21 -8.4 0
      vertex 21 -8.4 0
    endloop
  endfacet
  facet normal 0 0 -1
    outer loop
      vertex -1.64989 -18.3133 0
      vertex -21 -8.4 0
      vertex -1.33939 -18.1664 0
    endloop
  endfacet
  facet normal 0 0 -1
    outer loop
      vertex -1.9445 -18.4899 0
      vertex -21 -8.4 0
      vertex -1.64989 -18.3133 0
    endloop
  endfacet
  facet normal 0 0 -1
    outer loop
      vertex -2.22038 -18.6945 0
      vertex -21 -8.4 0
      vertex -1.9445 -18.4899 0
    endloop
  endfacet
  facet normal 0 0 -1
    outer loop
      vertex -2.47487 -18.9251 0
      vertex -21 -8.4 0
      vertex -2.22038 -18.6945 0
    endloop
  endfacet
  facet normal 0 0 -1
    outer loop
      vertex -2.70554 -19.1796 0
      vertex -21 -8.4 0
      vertex -2.47487 -18.9251 0
    endloop
  endfacet
  facet normal 0 0 -1
    outer loop
      vertex -15.7055 -32.1796 0
      vertex -21 -8.4 0
      vertex -15.4749 -31.9251 0
    endloop
  endfacet
  facet normal 0 0 -1
    outer loop
      vertex -15.9101 -32.4555 0
      vertex -21 -8.4 0
      vertex -15.7055 -32.1796 0
    endloop
  endfacet
  facet normal 0 0 -1
    outer loop
      vertex -16.0867 -32.7501 0
      vertex -21 -8.4 0
      vertex -15.9101 -32.4555 0
    endloop
  endfacet
  facet normal 0 0 -1
    outer loop
      vertex -16.2336 -33.0606 0
      vertex -21 -8.4 0
      vertex -16.0867 -32.7501 0
    endloop
  endfacet
  facet normal 0 0 -1
    outer loop
      vertex -16.3493 -33.384 0
      vertex -21 -8.4 0
      vertex -16.2336 -33.0606 0
    endloop
  endfacet
  facet normal 0 0 -1
    outer loop
      vertex -16.4327 -33.7172 0
      vertex -21 -8.4 0
      vertex -16.3493 -33.384 0
    endloop
  endfacet
  facet normal 0 0 -1
    outer loop
      vertex -16.4831 -34.0569 0
      vertex -21 -8.4 0
      vertex -16.4327 -33.7172 0
    endloop
  endfacet
  facet normal 0 0 -1
    outer loop
      vertex -21 -8.4 0
      vertex -16.4831 -34.0569 0
      vertex -16.5 -34.4 0
    endloop
  endfacet
  facet normal -0.803362 0.595491 0
    outer loop
      vertex -36.1573 63.7778 0
      vertex -35.8651 64.172 13
      vertex -35.8651 64.172 0
    endloop
  endfacet
  facet normal -0.803362 0.595491 0
    outer loop
      vertex -35.8651 64.172 13
      vertex -36.1573 63.7778 0
      vertex -36.1573 63.7778 13
    endloop
  endfacet
  facet normal 0 0 1
    outer loop
      vertex 34.6 61 13
      vertex 37 61 13
      vertex 36.9759 61.4901 13
    endloop
  endfacet
  facet normal 0 0 1
    outer loop
      vertex 37 61 13
      vertex 34.6 61 13
      vertex 37 -61 13
    endloop
  endfacet
  facet normal 0 0 1
    outer loop
      vertex 34.5875 61.2548 13
      vertex 36.9759 61.4901 13
      vertex 36.9039 61.9754 13
    endloop
  endfacet
  facet normal 0 0 1
    outer loop
      vertex 34.6 -61 13
      vertex 37 -61 13
      vertex 34.6 61 13
    endloop
  endfacet
  facet normal 0 0 1
    outer loop
      vertex 34.55 61.5072 13
      vertex 36.9039 61.9754 13
      vertex 36.7847 62.4514 13
    endloop
  endfacet
  facet normal 0 0 1
    outer loop
      vertex 37 -61 13
      vertex 34.6 -61 13
      vertex 36.9759 -61.4901 13
    endloop
  endfacet
  facet normal 0 0 1
    outer loop
      vertex 34.488 61.7547 13
      vertex 36.7847 62.4514 13
      vertex 36.6194 62.9134 13
    endloop
  endfacet
  facet normal -0 0 1
    outer loop
      vertex 34.5875 -61.2548 13
      vertex 36.9759 -61.4901 13
      vertex 34.6 -61 13
    endloop
  endfacet
  facet normal 0 0 1
    outer loop
      vertex 34.4021 61.995 13
      vertex 36.6194 62.9134 13
      vertex 36.4096 63.357 13
    endloop
  endfacet
  facet normal 0 0 1
    outer loop
      vertex 36.9759 -61.4901 13
      vertex 34.5875 -61.2548 13
      vertex 36.9039 -61.9754 13
    endloop
  endfacet
  facet normal 0 0 1
    outer loop
      vertex 34.293 62.2256 13
      vertex 36.4096 63.357 13
      vertex 36.1573 63.7778 13
    endloop
  endfacet
  facet normal -0 0 1
    outer loop
      vertex 34.55 -61.5072 13
      vertex 36.9039 -61.9754 13
      vertex 34.5875 -61.2548 13
    endloop
  endfacet
  facet normal 0 0 1
    outer loop
      vertex 34.1618 62.4445 13
      vertex 36.1573 63.7778 13
      vertex 35.8651 64.172 13
    endloop
  endfacet
  facet normal 0 0 1
    outer loop
      vertex 36.9039 -61.9754 13
      vertex 34.55 -61.5072 13
      vertex 36.7847 -62.4514 13
    endloop
  endfacet
  facet normal 0 0 1
    outer loop
      vertex 34.0098 62.6494 13
      vertex 35.8651 64.172 13
      vertex 35.5355 64.5355 13
    endloop
  endfacet
  facet normal -0 0 1
    outer loop
      vertex 34.488 -61.7547 13
      vertex 36.7847 -62.4514 13
      vertex 34.55 -61.5072 13
    endloop
  endfacet
  facet normal 0 0 1
    outer loop
      vertex 33.8385 62.8385 13
      vertex 35.5355 64.5355 13
      vertex 35.172 64.8651 13
    endloop
  endfacet
  facet normal 0 0 1
    outer loop
      vertex 36.7847 -62.4514 13
      vertex 34.488 -61.7547 13
      vertex 36.6194 -62.9134 13
    endloop
  endfacet
  facet normal 0 0 1
    outer loop
      vertex 33.6494 63.0098 13
      vertex 35.172 64.8651 13
      vertex 34.7778 65.1573 13
    endloop
  endfacet
  facet normal -0 0 1
    outer loop
      vertex 34.4021 -61.995 13
      vertex 36.6194 -62.9134 13
      vertex 34.488 -61.7547 13
    endloop
  endfacet
  facet normal 0 0 1
    outer loop
      vertex 36.6194 -62.9134 13
      vertex 34.4021 -61.995 13
      vertex 36.4096 -63.357 13
    endloop
  endfacet
  facet normal 0 0 1
    outer loop
      vertex 36.9759 61.4901 13
      vertex 34.5875 61.2548 13
      vertex 34.6 61 13
    endloop
  endfacet
  facet normal 0 0 1
    outer loop
      vertex 36.9039 61.9754 13
      vertex 34.55 61.5072 13
      vertex 34.5875 61.2548 13
    endloop
  endfacet
  facet normal 0 0 1
    outer loop
      vertex 36.7847 62.4514 13
      vertex 34.488 61.7547 13
      vertex 34.55 61.5072 13
    endloop
  endfacet
  facet normal 0 0 1
    outer loop
      vertex 36.6194 62.9134 13
      vertex 34.4021 61.995 13
      vertex 34.488 61.7547 13
    endloop
  endfacet
  facet normal 0 0 1
    outer loop
      vertex 33.4445 63.1618 13
      vertex 34.7778 65.1573 13
      vertex 34.357 65.4096 13
    endloop
  endfacet
  facet normal 0 0 1
    outer loop
      vertex 36.4096 63.357 13
      vertex 34.293 62.2256 13
      vertex 34.4021 61.995 13
    endloop
  endfacet
  facet normal 0 0 1
    outer loop
      vertex 36.1573 63.7778 13
      vertex 34.1618 62.4445 13
      vertex 34.293 62.2256 13
    endloop
  endfacet
  facet normal 0 0 1
    outer loop
      vertex 35.8651 64.172 13
      vertex 34.0098 62.6494 13
      vertex 34.1618 62.4445 13
    endloop
  endfacet
  facet normal 0 0 1
    outer loop
      vertex 33.2256 63.293 13
      vertex 34.357 65.4096 13
      vertex 33.9134 65.6194 13
    endloop
  endfacet
  facet normal 0 0 1
    outer loop
      vertex 35.5355 64.5355 13
      vertex 33.8385 62.8385 13
      vertex 34.0098 62.6494 13
    endloop
  endfacet
  facet normal 0 0 1
    outer loop
      vertex 35.172 64.8651 13
      vertex 33.6494 63.0098 13
      vertex 33.8385 62.8385 13
    endloop
  endfacet
  facet normal 0 0 1
    outer loop
      vertex 32.995 63.4021 13
      vertex 33.9134 65.6194 13
      vertex 33.4514 65.7847 13
    endloop
  endfacet
  facet normal 0 0 1
    outer loop
      vertex 34.7778 65.1573 13
      vertex 33.4445 63.1618 13
      vertex 33.6494 63.0098 13
    endloop
  endfacet
  facet normal 0 0 1
    outer loop
      vertex 34.357 65.4096 13
      vertex 33.2256 63.293 13
      vertex 33.4445 63.1618 13
    endloop
  endfacet
  facet normal 0 0 1
    outer loop
      vertex 33.9134 65.6194 13
      vertex 32.995 63.4021 13
      vertex 33.2256 63.293 13
    endloop
  endfacet
  facet normal 0 0 1
    outer loop
      vertex 32.7547 63.488 13
      vertex 33.4514 65.7847 13
      vertex 32.9754 65.9039 13
    endloop
  endfacet
  facet normal 0 0 1
    outer loop
      vertex 33.4514 65.7847 13
      vertex 32.7547 63.488 13
      vertex 32.995 63.4021 13
    endloop
  endfacet
  facet normal 0 0 1
    outer loop
      vertex 32.9754 65.9039 13
      vertex 32.5072 63.55 13
      vertex 32.7547 63.488 13
    endloop
  endfacet
  facet normal 0 0 1
    outer loop
      vertex 32.4901 65.9759 13
      vertex 32.5072 63.55 13
      vertex 32.9754 65.9039 13
    endloop
  endfacet
  facet normal 0 0 1
    outer loop
      vertex 32.4901 65.9759 13
      vertex 32.2548 63.5875 13
      vertex 32.5072 63.55 13
    endloop
  endfacet
  facet normal 0 0 1
    outer loop
      vertex 32 66 13
      vertex 32.2548 63.5875 13
      vertex 32.4901 65.9759 13
    endloop
  endfacet
  facet normal 0 0 1
    outer loop
      vertex 32 66 13
      vertex 32 63.6 13
      vertex 32.2548 63.5875 13
    endloop
  endfacet
  facet normal -0 0 1
    outer loop
      vertex -32 66 13
      vertex 32 63.6 13
      vertex 32 66 13
    endloop
  endfacet
  facet normal 0 0 1
    outer loop
      vertex -32 66 13
      vertex -32 63.6 13
      vertex 32 63.6 13
    endloop
  endfacet
  facet normal 0 0 1
    outer loop
      vertex -32 66 13
      vertex -32.2548 63.5875 13
      vertex -32 63.6 13
    endloop
  endfacet
  facet normal -0 0 1
    outer loop
      vertex -32.4901 65.9759 13
      vertex -32.2548 63.5875 13
      vertex -32 66 13
    endloop
  endfacet
  facet normal 0 0 1
    outer loop
      vertex -32.4901 65.9759 13
      vertex -32.5072 63.55 13
      vertex -32.2548 63.5875 13
    endloop
  endfacet
  facet normal -0 0 1
    outer loop
      vertex -32.9754 65.9039 13
      vertex -32.5072 63.55 13
      vertex -32.4901 65.9759 13
    endloop
  endfacet
  facet normal 0 0 1
    outer loop
      vertex -32.5072 63.55 13
      vertex -32.9754 65.9039 13
      vertex -32.7547 63.488 13
    endloop
  endfacet
  facet normal -0 0 1
    outer loop
      vertex -33.4514 65.7847 13
      vertex -32.7547 63.488 13
      vertex -32.9754 65.9039 13
    endloop
  endfacet
  facet normal 0 0 1
    outer loop
      vertex -32.7547 63.488 13
      vertex -33.4514 65.7847 13
      vertex -32.995 63.4021 13
    endloop
  endfacet
  facet normal -0 0 1
    outer loop
      vertex -33.9134 65.6194 13
      vertex -32.995 63.4021 13
      vertex -33.4514 65.7847 13
    endloop
  endfacet
  facet normal 0 0 1
    outer loop
      vertex -32.995 63.4021 13
      vertex -33.9134 65.6194 13
      vertex -33.2256 63.293 13
    endloop
  endfacet
  facet normal -0 0 1
    outer loop
      vertex -34.357 65.4096 13
      vertex -33.2256 63.293 13
      vertex -33.9134 65.6194 13
    endloop
  endfacet
  facet normal 0 0 1
    outer loop
      vertex -33.2256 63.293 13
      vertex -34.357 65.4096 13
      vertex -33.4445 63.1618 13
    endloop
  endfacet
  facet normal -0 0 1
    outer loop
      vertex -34.7778 65.1573 13
      vertex -33.4445 63.1618 13
      vertex -34.357 65.4096 13
    endloop
  endfacet
  facet normal 0 0 1
    outer loop
      vertex -33.4445 63.1618 13
      vertex -34.7778 65.1573 13
      vertex -33.6494 63.0098 13
    endloop
  endfacet
  facet normal -0 0 1
    outer loop
      vertex -35.172 64.8651 13
      vertex -33.6494 63.0098 13
      vertex -34.7778 65.1573 13
    endloop
  endfacet
  facet normal 0 0 1
    outer loop
      vertex -33.6494 63.0098 13
      vertex -35.172 64.8651 13
      vertex -33.8385 62.8385 13
    endloop
  endfacet
  facet normal -0 0 1
    outer loop
      vertex -35.5355 64.5355 13
      vertex -33.8385 62.8385 13
      vertex -35.172 64.8651 13
    endloop
  endfacet
  facet normal 0 0 1
    outer loop
      vertex -33.8385 62.8385 13
      vertex -35.5355 64.5355 13
      vertex -34.0098 62.6494 13
    endloop
  endfacet
  facet normal -0 0 1
    outer loop
      vertex -35.8651 64.172 13
      vertex -34.0098 62.6494 13
      vertex -35.5355 64.5355 13
    endloop
  endfacet
  facet normal 0 0 1
    outer loop
      vertex -34.0098 62.6494 13
      vertex -35.8651 64.172 13
      vertex -34.1618 62.4445 13
    endloop
  endfacet
  facet normal -0 0 1
    outer loop
      vertex -36.1573 63.7778 13
      vertex -34.1618 62.4445 13
      vertex -35.8651 64.172 13
    endloop
  endfacet
  facet normal 0 0 1
    outer loop
      vertex -34.293 62.2256 13
      vertex -36.4096 63.357 13
      vertex -34.4021 61.995 13
    endloop
  endfacet
  facet normal -0 0 1
    outer loop
      vertex -36.4096 63.357 13
      vertex -34.293 62.2256 13
      vertex -36.1573 63.7778 13
    endloop
  endfacet
  facet normal 0 0 1
    outer loop
      vertex -34.1618 62.4445 13
      vertex -36.1573 63.7778 13
      vertex -34.293 62.2256 13
    endloop
  endfacet
  facet normal -0 0 1
    outer loop
      vertex 34.293 -62.2256 13
      vertex 36.4096 -63.357 13
      vertex 34.4021 -61.995 13
    endloop
  endfacet
  facet normal 0 0 1
    outer loop
      vertex 36.4096 -63.357 13
      vertex 34.293 -62.2256 13
      vertex 36.1573 -63.7778 13
    endloop
  endfacet
  facet normal -0 0 1
    outer loop
      vertex 34.1618 -62.4445 13
      vertex 36.1573 -63.7778 13
      vertex 34.293 -62.2256 13
    endloop
  endfacet
  facet normal 0 0 1
    outer loop
      vertex 36.1573 -63.7778 13
      vertex 34.1618 -62.4445 13
      vertex 35.8651 -64.172 13
    endloop
  endfacet
  facet normal -0 0 1
    outer loop
      vertex 34.0098 -62.6494 13
      vertex 35.8651 -64.172 13
      vertex 34.1618 -62.4445 13
    endloop
  endfacet
  facet normal 0 0 1
    outer loop
      vertex 35.8651 -64.172 13
      vertex 34.0098 -62.6494 13
      vertex 35.5355 -64.5355 13
    endloop
  endfacet
  facet normal -0 0 1
    outer loop
      vertex 33.8385 -62.8385 13
      vertex 35.5355 -64.5355 13
      vertex 34.0098 -62.6494 13
    endloop
  endfacet
  facet normal 0 0 1
    outer loop
      vertex 35.5355 -64.5355 13
      vertex 33.8385 -62.8385 13
      vertex 35.172 -64.8651 13
    endloop
  endfacet
  facet normal -0 0 1
    outer loop
      vertex 33.6494 -63.0098 13
      vertex 35.172 -64.8651 13
      vertex 33.8385 -62.8385 13
    endloop
  endfacet
  facet normal 0 0 1
    outer loop
      vertex 35.172 -64.8651 13
      vertex 33.6494 -63.0098 13
      vertex 34.7778 -65.1573 13
    endloop
  endfacet
  facet normal -0 0 1
    outer loop
      vertex 33.4445 -63.1618 13
      vertex 34.7778 -65.1573 13
      vertex 33.6494 -63.0098 13
    endloop
  endfacet
  facet normal 0 0 1
    outer loop
      vertex 34.7778 -65.1573 13
      vertex 33.4445 -63.1618 13
      vertex 34.357 -65.4096 13
    endloop
  endfacet
  facet normal -0 0 1
    outer loop
      vertex 33.2256 -63.293 13
      vertex 34.357 -65.4096 13
      vertex 33.4445 -63.1618 13
    endloop
  endfacet
  facet normal 0 0 1
    outer loop
      vertex 34.357 -65.4096 13
      vertex 33.2256 -63.293 13
      vertex 33.9134 -65.6194 13
    endloop
  endfacet
  facet normal -0 0 1
    outer loop
      vertex 32.995 -63.4021 13
      vertex 33.9134 -65.6194 13
      vertex 33.2256 -63.293 13
    endloop
  endfacet
  facet normal 0 0 1
    outer loop
      vertex 33.9134 -65.6194 13
      vertex 32.995 -63.4021 13
      vertex 33.4514 -65.7847 13
    endloop
  endfacet
  facet normal -0 0 1
    outer loop
      vertex 32.7547 -63.488 13
      vertex 33.4514 -65.7847 13
      vertex 32.995 -63.4021 13
    endloop
  endfacet
  facet normal 0 0 1
    outer loop
      vertex 33.4514 -65.7847 13
      vertex 32.7547 -63.488 13
      vertex 32.9754 -65.9039 13
    endloop
  endfacet
  facet normal -0 0 1
    outer loop
      vertex 32.5072 -63.55 13
      vertex 32.9754 -65.9039 13
      vertex 32.7547 -63.488 13
    endloop
  endfacet
  facet normal 0 0 1
    outer loop
      vertex 32.5072 -63.55 13
      vertex 32.4901 -65.9759 13
      vertex 32.9754 -65.9039 13
    endloop
  endfacet
  facet normal -0 0 1
    outer loop
      vertex 32.2548 -63.5875 13
      vertex 32.4901 -65.9759 13
      vertex 32.5072 -63.55 13
    endloop
  endfacet
  facet normal -0 0 1
    outer loop
      vertex 32 -63.6 13
      vertex 32.4901 -65.9759 13
      vertex 32.2548 -63.5875 13
    endloop
  endfacet
  facet normal 0 0 1
    outer loop
      vertex 32 -63.6 13
      vertex 32 -66 13
      vertex 32.4901 -65.9759 13
    endloop
  endfacet
  facet normal -0 0 1
    outer loop
      vertex -32 -63.6 13
      vertex 32 -66 13
      vertex 32 -63.6 13
    endloop
  endfacet
  facet normal 0 0 1
    outer loop
      vertex -32 -63.6 13
      vertex -32 -66 13
      vertex 32 -66 13
    endloop
  endfacet
  facet normal 0 0 1
    outer loop
      vertex -32.2548 -63.5875 13
      vertex -32 -66 13
      vertex -32 -63.6 13
    endloop
  endfacet
  facet normal 0 0 1
    outer loop
      vertex -32.2548 -63.5875 13
      vertex -32.4901 -65.9759 13
      vertex -32 -66 13
    endloop
  endfacet
  facet normal 0 0 1
    outer loop
      vertex -32.5072 -63.55 13
      vertex -32.4901 -65.9759 13
      vertex -32.2548 -63.5875 13
    endloop
  endfacet
  facet normal 0 0 1
    outer loop
      vertex -32.9754 -65.9039 13
      vertex -32.5072 -63.55 13
      vertex -32.7547 -63.488 13
    endloop
  endfacet
  facet normal 0 0 1
    outer loop
      vertex -32.5072 -63.55 13
      vertex -32.9754 -65.9039 13
      vertex -32.4901 -65.9759 13
    endloop
  endfacet
  facet normal 0 0 1
    outer loop
      vertex -33.4514 -65.7847 13
      vertex -32.7547 -63.488 13
      vertex -32.995 -63.4021 13
    endloop
  endfacet
  facet normal 0 0 1
    outer loop
      vertex -33.9134 -65.6194 13
      vertex -32.995 -63.4021 13
      vertex -33.2256 -63.293 13
    endloop
  endfacet
  facet normal 0 0 1
    outer loop
      vertex -34.357 -65.4096 13
      vertex -33.2256 -63.293 13
      vertex -33.4445 -63.1618 13
    endloop
  endfacet
  facet normal 0 0 1
    outer loop
      vertex -32.7547 -63.488 13
      vertex -33.4514 -65.7847 13
      vertex -32.9754 -65.9039 13
    endloop
  endfacet
  facet normal 0 0 1
    outer loop
      vertex -34.7778 -65.1573 13
      vertex -33.4445 -63.1618 13
      vertex -33.6494 -63.0098 13
    endloop
  endfacet
  facet normal 0 0 1
    outer loop
      vertex -35.172 -64.8651 13
      vertex -33.6494 -63.0098 13
      vertex -33.8385 -62.8385 13
    endloop
  endfacet
  facet normal 0 0 1
    outer loop
      vertex -32.995 -63.4021 13
      vertex -33.9134 -65.6194 13
      vertex -33.4514 -65.7847 13
    endloop
  endfacet
  facet normal 0 0 1
    outer loop
      vertex -35.5355 -64.5355 13
      vertex -33.8385 -62.8385 13
      vertex -34.0098 -62.6494 13
    endloop
  endfacet
  facet normal 0 0 1
    outer loop
      vertex -35.8651 -64.172 13
      vertex -34.0098 -62.6494 13
      vertex -34.1618 -62.4445 13
    endloop
  endfacet
  facet normal 0 0 1
    outer loop
      vertex -36.1573 -63.7778 13
      vertex -34.1618 -62.4445 13
      vertex -34.293 -62.2256 13
    endloop
  endfacet
  facet normal 0 0 1
    outer loop
      vertex -33.2256 -63.293 13
      vertex -34.357 -65.4096 13
      vertex -33.9134 -65.6194 13
    endloop
  endfacet
  facet normal 0 0 1
    outer loop
      vertex -36.4096 -63.357 13
      vertex -34.293 -62.2256 13
      vertex -34.4021 -61.995 13
    endloop
  endfacet
  facet normal 0 0 1
    outer loop
      vertex -36.6194 -62.9134 13
      vertex -34.4021 -61.995 13
      vertex -34.488 -61.7547 13
    endloop
  endfacet
  facet normal 0 0 1
    outer loop
      vertex -36.7847 -62.4514 13
      vertex -34.488 -61.7547 13
      vertex -34.55 -61.5072 13
    endloop
  endfacet
  facet normal 0 0 1
    outer loop
      vertex -36.9039 -61.9754 13
      vertex -34.55 -61.5072 13
      vertex -34.5875 -61.2548 13
    endloop
  endfacet
  facet normal 0 0 1
    outer loop
      vertex -33.4445 -63.1618 13
      vertex -34.7778 -65.1573 13
      vertex -34.357 -65.4096 13
    endloop
  endfacet
  facet normal 0 0 1
    outer loop
      vertex -36.9759 -61.4901 13
      vertex -34.5875 -61.2548 13
      vertex -34.6 -61 13
    endloop
  endfacet
  facet normal 0 0 1
    outer loop
      vertex -34.6 61 13
      vertex -37 61 13
      vertex -34.6 -61 13
    endloop
  endfacet
  facet normal -0 0 1
    outer loop
      vertex -36.6194 62.9134 13
      vertex -34.4021 61.995 13
      vertex -36.4096 63.357 13
    endloop
  endfacet
  facet normal 0 0 1
    outer loop
      vertex -37 -61 13
      vertex -34.6 -61 13
      vertex -37 61 13
    endloop
  endfacet
  facet normal 0 0 1
    outer loop
      vertex -34.4021 61.995 13
      vertex -36.6194 62.9134 13
      vertex -34.488 61.7547 13
    endloop
  endfacet
  facet normal 0 -0 1
    outer loop
      vertex -36.9759 -61.4901 13
      vertex -34.6 -61 13
      vertex -37 -61 13
    endloop
  endfacet
  facet normal -0 0 1
    outer loop
      vertex -36.7847 62.4514 13
      vertex -34.488 61.7547 13
      vertex -36.6194 62.9134 13
    endloop
  endfacet
  facet normal 0 0 1
    outer loop
      vertex -33.6494 -63.0098 13
      vertex -35.172 -64.8651 13
      vertex -34.7778 -65.1573 13
    endloop
  endfacet
  facet normal 0 0 1
    outer loop
      vertex -34.488 61.7547 13
      vertex -36.7847 62.4514 13
      vertex -34.55 61.5072 13
    endloop
  endfacet
  facet normal 0 0 1
    outer loop
      vertex -33.8385 -62.8385 13
      vertex -35.5355 -64.5355 13
      vertex -35.172 -64.8651 13
    endloop
  endfacet
  facet normal -0 0 1
    outer loop
      vertex -36.9039 61.9754 13
      vertex -34.55 61.5072 13
      vertex -36.7847 62.4514 13
    endloop
  endfacet
  facet normal 0 0 1
    outer loop
      vertex -34.0098 -62.6494 13
      vertex -35.8651 -64.172 13
      vertex -35.5355 -64.5355 13
    endloop
  endfacet
  facet normal 0 0 1
    outer loop
      vertex -34.55 61.5072 13
      vertex -36.9039 61.9754 13
      vertex -34.5875 61.2548 13
    endloop
  endfacet
  facet normal 0 0 1
    outer loop
      vertex -34.1618 -62.4445 13
      vertex -36.1573 -63.7778 13
      vertex -35.8651 -64.172 13
    endloop
  endfacet
  facet normal -0 0 1
    outer loop
      vertex -36.9759 61.4901 13
      vertex -34.5875 61.2548 13
      vertex -36.9039 61.9754 13
    endloop
  endfacet
  facet normal 0 0 1
    outer loop
      vertex -34.293 -62.2256 13
      vertex -36.4096 -63.357 13
      vertex -36.1573 -63.7778 13
    endloop
  endfacet
  facet normal 0 0 1
    outer loop
      vertex -34.5875 61.2548 13
      vertex -36.9759 61.4901 13
      vertex -34.6 61 13
    endloop
  endfacet
  facet normal 0 0 1
    outer loop
      vertex -34.4021 -61.995 13
      vertex -36.6194 -62.9134 13
      vertex -36.4096 -63.357 13
    endloop
  endfacet
  facet normal 0 0 1
    outer loop
      vertex -34.6 61 13
      vertex -36.9759 61.4901 13
      vertex -37 61 13
    endloop
  endfacet
  facet normal 0 0 1
    outer loop
      vertex -34.488 -61.7547 13
      vertex -36.7847 -62.4514 13
      vertex -36.6194 -62.9134 13
    endloop
  endfacet
  facet normal 0 0 1
    outer loop
      vertex -34.55 -61.5072 13
      vertex -36.9039 -61.9754 13
      vertex -36.7847 -62.4514 13
    endloop
  endfacet
  facet normal 0 0 1
    outer loop
      vertex -34.5875 -61.2548 13
      vertex -36.9759 -61.4901 13
      vertex -36.9039 -61.9754 13
    endloop
  endfacet
  facet normal -0.671719 -0.740806 0
    outer loop
      vertex -35.5355 -64.5355 0
      vertex -35.172 -64.8651 13
      vertex -35.5355 -64.5355 13
    endloop
  endfacet
  facet normal -0.671719 -0.740806 -0
    outer loop
      vertex -35.172 -64.8651 13
      vertex -35.5355 -64.5355 0
      vertex -35.172 -64.8651 0
    endloop
  endfacet
  facet normal -0.671719 0.740806 0
    outer loop
      vertex -35.172 64.8651 0
      vertex -35.5355 64.5355 13
      vertex -35.172 64.8651 13
    endloop
  endfacet
  facet normal -0.671719 0.740806 0
    outer loop
      vertex -35.5355 64.5355 13
      vertex -35.172 64.8651 0
      vertex -35.5355 64.5355 0
    endloop
  endfacet
  facet normal 0.336879 -0.941548 0
    outer loop
      vertex 33.4514 -65.7847 0
      vertex 33.9134 -65.6194 13
      vertex 33.4514 -65.7847 13
    endloop
  endfacet
  facet normal 0.336879 -0.941548 0
    outer loop
      vertex 33.9134 -65.6194 13
      vertex 33.4514 -65.7847 0
      vertex 33.9134 -65.6194 0
    endloop
  endfacet
  facet normal 0.514226 -0.857655 0
    outer loop
      vertex 34.357 -65.4096 0
      vertex 34.7778 -65.1573 13
      vertex 34.357 -65.4096 13
    endloop
  endfacet
  facet normal 0.514226 -0.857655 0
    outer loop
      vertex 34.7778 -65.1573 13
      vertex 34.357 -65.4096 0
      vertex 34.7778 -65.1573 0
    endloop
  endfacet
  facet normal 0.671719 -0.740806 0
    outer loop
      vertex 35.172 -64.8651 0
      vertex 35.5355 -64.5355 13
      vertex 35.172 -64.8651 13
    endloop
  endfacet
  facet normal 0.671719 -0.740806 0
    outer loop
      vertex 35.5355 -64.5355 13
      vertex 35.172 -64.8651 0
      vertex 35.5355 -64.5355 0
    endloop
  endfacet
  facet normal -0.336879 -0.941548 0
    outer loop
      vertex -33.9134 -65.6194 0
      vertex -33.4514 -65.7847 13
      vertex -33.9134 -65.6194 13
    endloop
  endfacet
  facet normal -0.336879 -0.941548 -0
    outer loop
      vertex -33.4514 -65.7847 13
      vertex -33.9134 -65.6194 0
      vertex -33.4514 -65.7847 0
    endloop
  endfacet
  facet normal 0.242919 -0.970047 0
    outer loop
      vertex 32.9754 -65.9039 0
      vertex 33.4514 -65.7847 13
      vertex 32.9754 -65.9039 13
    endloop
  endfacet
  facet normal 0.242919 -0.970047 0
    outer loop
      vertex 33.4514 -65.7847 13
      vertex 32.9754 -65.9039 0
      vertex 33.4514 -65.7847 0
    endloop
  endfacet
  facet normal -0.242919 -0.970047 0
    outer loop
      vertex -33.4514 -65.7847 0
      vertex -32.9754 -65.9039 13
      vertex -33.4514 -65.7847 13
    endloop
  endfacet
  facet normal -0.242919 -0.970047 -0
    outer loop
      vertex -32.9754 -65.9039 13
      vertex -33.4514 -65.7847 0
      vertex -32.9754 -65.9039 0
    endloop
  endfacet
  facet normal -0.242919 0.970047 0
    outer loop
      vertex -32.9754 65.9039 0
      vertex -33.4514 65.7847 13
      vertex -32.9754 65.9039 13
    endloop
  endfacet
  facet normal -0.242919 0.970047 0
    outer loop
      vertex -33.4514 65.7847 13
      vertex -32.9754 65.9039 0
      vertex -33.4514 65.7847 0
    endloop
  endfacet
  facet normal -0.59579 -0.80314 0
    outer loop
      vertex 33.4445 63.1618 2.4
      vertex 33.6494 63.0098 13
      vertex 33.4445 63.1618 13
    endloop
  endfacet
  facet normal -0.59579 -0.80314 -0
    outer loop
      vertex 33.6494 63.0098 13
      vertex 33.4445 63.1618 2.4
      vertex 33.6494 63.0098 2.4
    endloop
  endfacet
  facet normal 0.989142 0.146961 0
    outer loop
      vertex -34.55 -61.5072 13
      vertex -34.5875 -61.2548 2.4
      vertex -34.5875 -61.2548 13
    endloop
  endfacet
  facet normal 0.989142 0.146961 0
    outer loop
      vertex -34.5875 -61.2548 2.4
      vertex -34.55 -61.5072 13
      vertex -34.55 -61.5072 2.4
    endloop
  endfacet
  facet normal 0.989142 -0.146961 0
    outer loop
      vertex -34.5875 61.2548 13
      vertex -34.55 61.5072 2.4
      vertex -34.55 61.5072 13
    endloop
  endfacet
  facet normal 0.989142 -0.146961 0
    outer loop
      vertex -34.55 61.5072 2.4
      vertex -34.5875 61.2548 13
      vertex -34.5875 61.2548 2.4
    endloop
  endfacet
  facet normal 0.998799 0.0489992 0
    outer loop
      vertex -34.5875 -61.2548 13
      vertex -34.6 -61 2.4
      vertex -34.6 -61 13
    endloop
  endfacet
  facet normal 0.998799 0.0489992 0
    outer loop
      vertex -34.6 -61 2.4
      vertex -34.5875 -61.2548 13
      vertex -34.5875 -61.2548 2.4
    endloop
  endfacet
  facet normal -0.970027 0.242997 0
    outer loop
      vertex 34.488 -61.7547 2.4
      vertex 34.55 -61.5072 13
      vertex 34.55 -61.5072 2.4
    endloop
  endfacet
  facet normal -0.970027 0.242997 0
    outer loop
      vertex 34.55 -61.5072 13
      vertex 34.488 -61.7547 2.4
      vertex 34.488 -61.7547 13
    endloop
  endfacet
  facet normal -0.427665 -0.903937 0
    outer loop
      vertex 32.995 63.4021 2.4
      vertex 33.2256 63.293 13
      vertex 32.995 63.4021 13
    endloop
  endfacet
  facet normal -0.427665 -0.903937 -0
    outer loop
      vertex 33.2256 63.293 13
      vertex 32.995 63.4021 2.4
      vertex 33.2256 63.293 2.4
    endloop
  endfacet
  facet normal -1 0 0
    outer loop
      vertex 34.6 -61 2.4
      vertex 34.6 61 13
      vertex 34.6 61 2.4
    endloop
  endfacet
  facet normal -1 -0 0
    outer loop
      vertex 34.6 61 13
      vertex 34.6 -61 2.4
      vertex 34.6 -61 13
    endloop
  endfacet
  facet normal 0 -1 0
    outer loop
      vertex -32 63.6 2.4
      vertex 32 63.6 13
      vertex -32 63.6 13
    endloop
  endfacet
  facet normal 0 -1 -0
    outer loop
      vertex 32 63.6 13
      vertex -32 63.6 2.4
      vertex 32 63.6 2.4
    endloop
  endfacet
  facet normal 0.941644 -0.336609 0
    outer loop
      vertex -34.488 61.7547 13
      vertex -34.4021 61.995 2.4
      vertex -34.4021 61.995 13
    endloop
  endfacet
  facet normal 0.941644 -0.336609 0
    outer loop
      vertex -34.4021 61.995 2.4
      vertex -34.488 61.7547 13
      vertex -34.488 61.7547 2.4
    endloop
  endfacet
  facet normal 0.903937 -0.427665 0
    outer loop
      vertex -34.4021 61.995 13
      vertex -34.293 62.2256 2.4
      vertex -34.293 62.2256 13
    endloop
  endfacet
  facet normal 0.903937 -0.427665 0
    outer loop
      vertex -34.293 62.2256 2.4
      vertex -34.4021 61.995 13
      vertex -34.4021 61.995 2.4
    endloop
  endfacet
  facet normal -0.941644 0.336609 0
    outer loop
      vertex 34.4021 -61.995 2.4
      vertex 34.488 -61.7547 13
      vertex 34.488 -61.7547 2.4
    endloop
  endfacet
  facet normal -0.941644 0.336609 0
    outer loop
      vertex 34.488 -61.7547 13
      vertex 34.4021 -61.995 2.4
      vertex 34.4021 -61.995 13
    endloop
  endfacet
  facet normal -0.671365 0.741127 0
    outer loop
      vertex 33.8385 -62.8385 2.4
      vertex 33.6494 -63.0098 13
      vertex 33.8385 -62.8385 13
    endloop
  endfacet
  facet normal -0.671365 0.741127 0
    outer loop
      vertex 33.6494 -63.0098 13
      vertex 33.8385 -62.8385 2.4
      vertex 33.6494 -63.0098 2.4
    endloop
  endfacet
  facet normal 1 -0 0
    outer loop
      vertex -34.6 -61 13
      vertex -34.6 61 2.4
      vertex -34.6 61 13
    endloop
  endfacet
  facet normal 1 0 0
    outer loop
      vertex -34.6 61 2.4
      vertex -34.6 -61 13
      vertex -34.6 -61 2.4
    endloop
  endfacet
  facet normal 0 1 -0
    outer loop
      vertex 32 -63.6 2.4
      vertex -32 -63.6 13
      vertex 32 -63.6 13
    endloop
  endfacet
  facet normal 0 1 0
    outer loop
      vertex -32 -63.6 13
      vertex 32 -63.6 2.4
      vertex -32 -63.6 2.4
    endloop
  endfacet
  facet normal 0.80314 -0.59579 0
    outer loop
      vertex -34.1618 62.4445 13
      vertex -34.0098 62.6494 2.4
      vertex -34.0098 62.6494 13
    endloop
  endfacet
  facet normal 0.80314 -0.59579 0
    outer loop
      vertex -34.0098 62.6494 2.4
      vertex -34.1618 62.4445 13
      vertex -34.1618 62.4445 2.4
    endloop
  endfacet
  facet normal 0.998799 -0.0489992 0
    outer loop
      vertex -34.6 61 13
      vertex -34.5875 61.2548 2.4
      vertex -34.5875 61.2548 13
    endloop
  endfacet
  facet normal 0.998799 -0.0489992 0
    outer loop
      vertex -34.5875 61.2548 2.4
      vertex -34.6 61 13
      vertex -34.6 61 2.4
    endloop
  endfacet
  facet normal -0.989142 0.146961 0
    outer loop
      vertex 34.55 -61.5072 2.4
      vertex 34.5875 -61.2548 13
      vertex 34.5875 -61.2548 2.4
    endloop
  endfacet
  facet normal -0.989142 0.146961 0
    outer loop
      vertex 34.5875 -61.2548 13
      vertex 34.55 -61.5072 2.4
      vertex 34.55 -61.5072 13
    endloop
  endfacet
  facet normal 0.857735 -0.514092 0
    outer loop
      vertex -34.293 62.2256 13
      vertex -34.1618 62.4445 2.4
      vertex -34.1618 62.4445 13
    endloop
  endfacet
  facet normal 0.857735 -0.514092 0
    outer loop
      vertex -34.1618 62.4445 2.4
      vertex -34.293 62.2256 13
      vertex -34.293 62.2256 2.4
    endloop
  endfacet
  facet normal -0.59579 0.80314 0
    outer loop
      vertex 33.6494 -63.0098 2.4
      vertex 33.4445 -63.1618 13
      vertex 33.6494 -63.0098 13
    endloop
  endfacet
  facet normal -0.59579 0.80314 0
    outer loop
      vertex 33.4445 -63.1618 13
      vertex 33.6494 -63.0098 2.4
      vertex 33.4445 -63.1618 2.4
    endloop
  endfacet
  facet normal -0.903937 0.427665 0
    outer loop
      vertex 34.293 -62.2256 2.4
      vertex 34.4021 -61.995 13
      vertex 34.4021 -61.995 2.4
    endloop
  endfacet
  facet normal -0.903937 0.427665 0
    outer loop
      vertex 34.4021 -61.995 13
      vertex 34.293 -62.2256 2.4
      vertex 34.293 -62.2256 13
    endloop
  endfacet
  facet normal -0.998799 -0.0489992 0
    outer loop
      vertex 34.6 61 2.4
      vertex 34.5875 61.2548 13
      vertex 34.5875 61.2548 2.4
    endloop
  endfacet
  facet normal -0.998799 -0.0489992 0
    outer loop
      vertex 34.5875 61.2548 13
      vertex 34.6 61 2.4
      vertex 34.6 61 13
    endloop
  endfacet
  facet normal -0.741127 -0.671365 0
    outer loop
      vertex 34.0098 62.6494 2.4
      vertex 33.8385 62.8385 13
      vertex 33.8385 62.8385 2.4
    endloop
  endfacet
  facet normal -0.741127 -0.671365 0
    outer loop
      vertex 33.8385 62.8385 13
      vertex 34.0098 62.6494 2.4
      vertex 34.0098 62.6494 13
    endloop
  endfacet
  facet normal -0.80314 -0.59579 0
    outer loop
      vertex 34.1618 62.4445 2.4
      vertex 34.0098 62.6494 13
      vertex 34.0098 62.6494 2.4
    endloop
  endfacet
  facet normal -0.80314 -0.59579 0
    outer loop
      vertex 34.0098 62.6494 13
      vertex 34.1618 62.4445 2.4
      vertex 34.1618 62.4445 13
    endloop
  endfacet
  facet normal 0.514092 0.857735 -0
    outer loop
      vertex -33.2256 -63.293 2.4
      vertex -33.4445 -63.1618 13
      vertex -33.2256 -63.293 13
    endloop
  endfacet
  facet normal 0.514092 0.857735 0
    outer loop
      vertex -33.4445 -63.1618 13
      vertex -33.2256 -63.293 2.4
      vertex -33.4445 -63.1618 2.4
    endloop
  endfacet
  facet normal 0.671365 -0.741127 0
    outer loop
      vertex -33.8385 62.8385 2.4
      vertex -33.6494 63.0098 13
      vertex -33.8385 62.8385 13
    endloop
  endfacet
  facet normal 0.671365 -0.741127 0
    outer loop
      vertex -33.6494 63.0098 13
      vertex -33.8385 62.8385 2.4
      vertex -33.6494 63.0098 2.4
    endloop
  endfacet
  facet normal 0.514092 -0.857735 0
    outer loop
      vertex -33.4445 63.1618 2.4
      vertex -33.2256 63.293 13
      vertex -33.4445 63.1618 13
    endloop
  endfacet
  facet normal 0.514092 -0.857735 0
    outer loop
      vertex -33.2256 63.293 13
      vertex -33.4445 63.1618 2.4
      vertex -33.2256 63.293 2.4
    endloop
  endfacet
  facet normal -0.970027 -0.242997 0
    outer loop
      vertex 34.55 61.5072 2.4
      vertex 34.488 61.7547 13
      vertex 34.488 61.7547 2.4
    endloop
  endfacet
  facet normal -0.970027 -0.242997 0
    outer loop
      vertex 34.488 61.7547 13
      vertex 34.55 61.5072 2.4
      vertex 34.55 61.5072 13
    endloop
  endfacet
  facet normal -0.989142 -0.146961 0
    outer loop
      vertex 34.5875 61.2548 2.4
      vertex 34.55 61.5072 13
      vertex 34.55 61.5072 2.4
    endloop
  endfacet
  facet normal -0.989142 -0.146961 0
    outer loop
      vertex 34.55 61.5072 13
      vertex 34.5875 61.2548 2.4
      vertex 34.5875 61.2548 13
    endloop
  endfacet
  facet normal -0.998799 0.0489992 0
    outer loop
      vertex 34.5875 -61.2548 2.4
      vertex 34.6 -61 13
      vertex 34.6 -61 2.4
    endloop
  endfacet
  facet normal -0.998799 0.0489992 0
    outer loop
      vertex 34.6 -61 13
      vertex 34.5875 -61.2548 2.4
      vertex 34.5875 -61.2548 13
    endloop
  endfacet
  facet normal 0.970027 -0.242997 0
    outer loop
      vertex -34.55 61.5072 13
      vertex -34.488 61.7547 2.4
      vertex -34.488 61.7547 13
    endloop
  endfacet
  facet normal 0.970027 -0.242997 0
    outer loop
      vertex -34.488 61.7547 2.4
      vertex -34.55 61.5072 13
      vertex -34.55 61.5072 2.4
    endloop
  endfacet
  facet normal -0.336609 -0.941644 0
    outer loop
      vertex 32.7547 63.488 2.4
      vertex 32.995 63.4021 13
      vertex 32.7547 63.488 13
    endloop
  endfacet
  facet normal -0.336609 -0.941644 -0
    outer loop
      vertex 32.995 63.4021 13
      vertex 32.7547 63.488 2.4
      vertex 32.995 63.4021 2.4
    endloop
  endfacet
  facet normal -0.146961 -0.989142 0
    outer loop
      vertex 32.2548 63.5875 2.4
      vertex 32.5072 63.55 13
      vertex 32.2548 63.5875 13
    endloop
  endfacet
  facet normal -0.146961 -0.989142 -0
    outer loop
      vertex 32.5072 63.55 13
      vertex 32.2548 63.5875 2.4
      vertex 32.5072 63.55 2.4
    endloop
  endfacet
  facet normal -0.903937 -0.427665 0
    outer loop
      vertex 34.4021 61.995 2.4
      vertex 34.293 62.2256 13
      vertex 34.293 62.2256 2.4
    endloop
  endfacet
  facet normal -0.903937 -0.427665 0
    outer loop
      vertex 34.293 62.2256 13
      vertex 34.4021 61.995 2.4
      vertex 34.4021 61.995 13
    endloop
  endfacet
  facet normal 0.146961 0.989142 -0
    outer loop
      vertex -32.2548 -63.5875 2.4
      vertex -32.5072 -63.55 13
      vertex -32.2548 -63.5875 13
    endloop
  endfacet
  facet normal 0.146961 0.989142 0
    outer loop
      vertex -32.5072 -63.55 13
      vertex -32.2548 -63.5875 2.4
      vertex -32.5072 -63.55 2.4
    endloop
  endfacet
  facet normal 0.242997 0.970027 -0
    outer loop
      vertex -32.5072 -63.55 2.4
      vertex -32.7547 -63.488 13
      vertex -32.5072 -63.55 13
    endloop
  endfacet
  facet normal 0.242997 0.970027 0
    outer loop
      vertex -32.7547 -63.488 13
      vertex -32.5072 -63.55 2.4
      vertex -32.7547 -63.488 2.4
    endloop
  endfacet
  facet normal 0.336609 0.941644 -0
    outer loop
      vertex -32.7547 -63.488 2.4
      vertex -32.995 -63.4021 13
      vertex -32.7547 -63.488 13
    endloop
  endfacet
  facet normal 0.336609 0.941644 0
    outer loop
      vertex -32.995 -63.4021 13
      vertex -32.7547 -63.488 2.4
      vertex -32.995 -63.4021 2.4
    endloop
  endfacet
  facet normal -0.514092 -0.857735 0
    outer loop
      vertex 33.2256 63.293 2.4
      vertex 33.4445 63.1618 13
      vertex 33.2256 63.293 13
    endloop
  endfacet
  facet normal -0.514092 -0.857735 -0
    outer loop
      vertex 33.4445 63.1618 13
      vertex 33.2256 63.293 2.4
      vertex 33.4445 63.1618 2.4
    endloop
  endfacet
  facet normal -0.941644 -0.336609 0
    outer loop
      vertex 34.488 61.7547 2.4
      vertex 34.4021 61.995 13
      vertex 34.4021 61.995 2.4
    endloop
  endfacet
  facet normal -0.941644 -0.336609 0
    outer loop
      vertex 34.4021 61.995 13
      vertex 34.488 61.7547 2.4
      vertex 34.488 61.7547 13
    endloop
  endfacet
  facet normal -0.857735 -0.514092 0
    outer loop
      vertex 34.293 62.2256 2.4
      vertex 34.1618 62.4445 13
      vertex 34.1618 62.4445 2.4
    endloop
  endfacet
  facet normal -0.857735 -0.514092 0
    outer loop
      vertex 34.1618 62.4445 13
      vertex 34.293 62.2256 2.4
      vertex 34.293 62.2256 13
    endloop
  endfacet
  facet normal 0.80314 0.59579 0
    outer loop
      vertex -34.0098 -62.6494 13
      vertex -34.1618 -62.4445 2.4
      vertex -34.1618 -62.4445 13
    endloop
  endfacet
  facet normal 0.80314 0.59579 0
    outer loop
      vertex -34.1618 -62.4445 2.4
      vertex -34.0098 -62.6494 13
      vertex -34.0098 -62.6494 2.4
    endloop
  endfacet
  facet normal -0.741127 0.671365 0
    outer loop
      vertex 33.8385 -62.8385 2.4
      vertex 34.0098 -62.6494 13
      vertex 34.0098 -62.6494 2.4
    endloop
  endfacet
  facet normal -0.741127 0.671365 0
    outer loop
      vertex 34.0098 -62.6494 13
      vertex 33.8385 -62.8385 2.4
      vertex 33.8385 -62.8385 13
    endloop
  endfacet
  facet normal -0.242997 -0.970027 0
    outer loop
      vertex 32.5072 63.55 2.4
      vertex 32.7547 63.488 13
      vertex 32.5072 63.55 13
    endloop
  endfacet
  facet normal -0.242997 -0.970027 -0
    outer loop
      vertex 32.7547 63.488 13
      vertex 32.5072 63.55 2.4
      vertex 32.7547 63.488 2.4
    endloop
  endfacet
  facet normal 0.741127 0.671365 0
    outer loop
      vertex -33.8385 -62.8385 13
      vertex -34.0098 -62.6494 2.4
      vertex -34.0098 -62.6494 13
    endloop
  endfacet
  facet normal 0.741127 0.671365 0
    outer loop
      vertex -34.0098 -62.6494 2.4
      vertex -33.8385 -62.8385 13
      vertex -33.8385 -62.8385 2.4
    endloop
  endfacet
  facet normal -0.80314 0.59579 0
    outer loop
      vertex 34.0098 -62.6494 2.4
      vertex 34.1618 -62.4445 13
      vertex 34.1618 -62.4445 2.4
    endloop
  endfacet
  facet normal -0.80314 0.59579 0
    outer loop
      vertex 34.1618 -62.4445 13
      vertex 34.0098 -62.6494 2.4
      vertex 34.0098 -62.6494 13
    endloop
  endfacet
  facet normal -0.146961 0.989142 0
    outer loop
      vertex 32.5072 -63.55 2.4
      vertex 32.2548 -63.5875 13
      vertex 32.5072 -63.55 13
    endloop
  endfacet
  facet normal -0.146961 0.989142 0
    outer loop
      vertex 32.2548 -63.5875 13
      vertex 32.5072 -63.55 2.4
      vertex 32.2548 -63.5875 2.4
    endloop
  endfacet
  facet normal 0.242997 -0.970027 0
    outer loop
      vertex -32.7547 63.488 2.4
      vertex -32.5072 63.55 13
      vertex -32.7547 63.488 13
    endloop
  endfacet
  facet normal 0.242997 -0.970027 0
    outer loop
      vertex -32.5072 63.55 13
      vertex -32.7547 63.488 2.4
      vertex -32.5072 63.55 2.4
    endloop
  endfacet
  facet normal 0.741127 -0.671365 0
    outer loop
      vertex -34.0098 62.6494 13
      vertex -33.8385 62.8385 2.4
      vertex -33.8385 62.8385 13
    endloop
  endfacet
  facet normal 0.741127 -0.671365 0
    outer loop
      vertex -33.8385 62.8385 2.4
      vertex -34.0098 62.6494 13
      vertex -34.0098 62.6494 2.4
    endloop
  endfacet
  facet normal 0.903937 0.427665 0
    outer loop
      vertex -34.293 -62.2256 13
      vertex -34.4021 -61.995 2.4
      vertex -34.4021 -61.995 13
    endloop
  endfacet
  facet normal 0.903937 0.427665 0
    outer loop
      vertex -34.4021 -61.995 2.4
      vertex -34.293 -62.2256 13
      vertex -34.293 -62.2256 2.4
    endloop
  endfacet
  facet normal 0.0489992 -0.998799 0
    outer loop
      vertex -32.2548 63.5875 2.4
      vertex -32 63.6 13
      vertex -32.2548 63.5875 13
    endloop
  endfacet
  facet normal 0.0489992 -0.998799 0
    outer loop
      vertex -32 63.6 13
      vertex -32.2548 63.5875 2.4
      vertex -32 63.6 2.4
    endloop
  endfacet
  facet normal -0.242997 0.970027 0
    outer loop
      vertex 32.7547 -63.488 2.4
      vertex 32.5072 -63.55 13
      vertex 32.7547 -63.488 13
    endloop
  endfacet
  facet normal -0.242997 0.970027 0
    outer loop
      vertex 32.5072 -63.55 13
      vertex 32.7547 -63.488 2.4
      vertex 32.5072 -63.55 2.4
    endloop
  endfacet
  facet normal -0.857735 0.514092 0
    outer loop
      vertex 34.1618 -62.4445 2.4
      vertex 34.293 -62.2256 13
      vertex 34.293 -62.2256 2.4
    endloop
  endfacet
  facet normal -0.857735 0.514092 0
    outer loop
      vertex 34.293 -62.2256 13
      vertex 34.1618 -62.4445 2.4
      vertex 34.1618 -62.4445 13
    endloop
  endfacet
  facet normal -0.671365 -0.741127 0
    outer loop
      vertex 33.6494 63.0098 2.4
      vertex 33.8385 62.8385 13
      vertex 33.6494 63.0098 13
    endloop
  endfacet
  facet normal -0.671365 -0.741127 -0
    outer loop
      vertex 33.8385 62.8385 13
      vertex 33.6494 63.0098 2.4
      vertex 33.8385 62.8385 2.4
    endloop
  endfacet
  facet normal 0.970027 0.242997 0
    outer loop
      vertex -34.488 -61.7547 13
      vertex -34.55 -61.5072 2.4
      vertex -34.55 -61.5072 13
    endloop
  endfacet
  facet normal 0.970027 0.242997 0
    outer loop
      vertex -34.55 -61.5072 2.4
      vertex -34.488 -61.7547 13
      vertex -34.488 -61.7547 2.4
    endloop
  endfacet
  facet normal -0.336609 0.941644 0
    outer loop
      vertex 32.995 -63.4021 2.4
      vertex 32.7547 -63.488 13
      vertex 32.995 -63.4021 13
    endloop
  endfacet
  facet normal -0.336609 0.941644 0
    outer loop
      vertex 32.7547 -63.488 13
      vertex 32.995 -63.4021 2.4
      vertex 32.7547 -63.488 2.4
    endloop
  endfacet
  facet normal -0.0489992 0.998799 0
    outer loop
      vertex 32.2548 -63.5875 2.4
      vertex 32 -63.6 13
      vertex 32.2548 -63.5875 13
    endloop
  endfacet
  facet normal -0.0489992 0.998799 0
    outer loop
      vertex 32 -63.6 13
      vertex 32.2548 -63.5875 2.4
      vertex 32 -63.6 2.4
    endloop
  endfacet
  facet normal 0.59579 -0.80314 0
    outer loop
      vertex -33.6494 63.0098 2.4
      vertex -33.4445 63.1618 13
      vertex -33.6494 63.0098 13
    endloop
  endfacet
  facet normal 0.59579 -0.80314 0
    outer loop
      vertex -33.4445 63.1618 13
      vertex -33.6494 63.0098 2.4
      vertex -33.4445 63.1618 2.4
    endloop
  endfacet
  facet normal 0.427665 -0.903937 0
    outer loop
      vertex -33.2256 63.293 2.4
      vertex -32.995 63.4021 13
      vertex -33.2256 63.293 13
    endloop
  endfacet
  facet normal 0.427665 -0.903937 0
    outer loop
      vertex -32.995 63.4021 13
      vertex -33.2256 63.293 2.4
      vertex -32.995 63.4021 2.4
    endloop
  endfacet
  facet normal -0.0489992 -0.998799 0
    outer loop
      vertex 32 63.6 2.4
      vertex 32.2548 63.5875 13
      vertex 32 63.6 13
    endloop
  endfacet
  facet normal -0.0489992 -0.998799 -0
    outer loop
      vertex 32.2548 63.5875 13
      vertex 32 63.6 2.4
      vertex 32.2548 63.5875 2.4
    endloop
  endfacet
  facet normal 0.671365 0.741127 -0
    outer loop
      vertex -33.6494 -63.0098 2.4
      vertex -33.8385 -62.8385 13
      vertex -33.6494 -63.0098 13
    endloop
  endfacet
  facet normal 0.671365 0.741127 0
    outer loop
      vertex -33.8385 -62.8385 13
      vertex -33.6494 -63.0098 2.4
      vertex -33.8385 -62.8385 2.4
    endloop
  endfacet
  facet normal -0.427665 0.903937 0
    outer loop
      vertex 33.2256 -63.293 2.4
      vertex 32.995 -63.4021 13
      vertex 33.2256 -63.293 13
    endloop
  endfacet
  facet normal -0.427665 0.903937 0
    outer loop
      vertex 32.995 -63.4021 13
      vertex 33.2256 -63.293 2.4
      vertex 32.995 -63.4021 2.4
    endloop
  endfacet
  facet normal 0.59579 0.80314 -0
    outer loop
      vertex -33.4445 -63.1618 2.4
      vertex -33.6494 -63.0098 13
      vertex -33.4445 -63.1618 13
    endloop
  endfacet
  facet normal 0.59579 0.80314 0
    outer loop
      vertex -33.6494 -63.0098 13
      vertex -33.4445 -63.1618 2.4
      vertex -33.6494 -63.0098 2.4
    endloop
  endfacet
  facet normal -0.514092 0.857735 0
    outer loop
      vertex 33.4445 -63.1618 2.4
      vertex 33.2256 -63.293 13
      vertex 33.4445 -63.1618 13
    endloop
  endfacet
  facet normal -0.514092 0.857735 0
    outer loop
      vertex 33.2256 -63.293 13
      vertex 33.4445 -63.1618 2.4
      vertex 33.2256 -63.293 2.4
    endloop
  endfacet
  facet normal 0.0489992 0.998799 -0
    outer loop
      vertex -32 -63.6 2.4
      vertex -32.2548 -63.5875 13
      vertex -32 -63.6 13
    endloop
  endfacet
  facet normal 0.0489992 0.998799 0
    outer loop
      vertex -32.2548 -63.5875 13
      vertex -32 -63.6 2.4
      vertex -32.2548 -63.5875 2.4
    endloop
  endfacet
  facet normal 0.336609 -0.941644 0
    outer loop
      vertex -32.995 63.4021 2.4
      vertex -32.7547 63.488 13
      vertex -32.995 63.4021 13
    endloop
  endfacet
  facet normal 0.336609 -0.941644 0
    outer loop
      vertex -32.7547 63.488 13
      vertex -32.995 63.4021 2.4
      vertex -32.7547 63.488 2.4
    endloop
  endfacet
  facet normal 0.427665 0.903937 -0
    outer loop
      vertex -32.995 -63.4021 2.4
      vertex -33.2256 -63.293 13
      vertex -32.995 -63.4021 13
    endloop
  endfacet
  facet normal 0.427665 0.903937 0
    outer loop
      vertex -33.2256 -63.293 13
      vertex -32.995 -63.4021 2.4
      vertex -33.2256 -63.293 2.4
    endloop
  endfacet
  facet normal -0 0 1
    outer loop
      vertex -27.4624 55.908 2.4
      vertex -22.6629 51.7111 2.4
      vertex -27.1716 56.1716 2.4
    endloop
  endfacet
  facet normal 0 0 1
    outer loop
      vertex -23 -6.4 2.4
      vertex -26.0193 -58.6079 2.4
      vertex -26 -59 2.4
    endloop
  endfacet
  facet normal 0 0 1
    outer loop
      vertex -22.6629 51.7111 2.4
      vertex -27.4624 55.908 2.4
      vertex -22.7638 51.5428 2.4
    endloop
  endfacet
  facet normal 0 0 1
    outer loop
      vertex -23 -6.4 2.4
      vertex -26.0769 -58.2196 2.4
      vertex -26.0193 -58.6079 2.4
    endloop
  endfacet
  facet normal -0 0 1
    outer loop
      vertex -27.7777 55.6741 2.4
      vertex -22.7638 51.5428 2.4
      vertex -27.4624 55.908 2.4
    endloop
  endfacet
  facet normal 0 0 1
    outer loop
      vertex -23 -6.4 2.4
      vertex -26.1722 -57.8389 2.4
      vertex -26.0769 -58.2196 2.4
    endloop
  endfacet
  facet normal 0 0 1
    outer loop
      vertex -22.7638 51.5428 2.4
      vertex -27.7777 55.6741 2.4
      vertex -22.8477 51.3654 2.4
    endloop
  endfacet
  facet normal 0 0 1
    outer loop
      vertex -23 -6.4 2.4
      vertex -26.3045 -57.4693 2.4
      vertex -26.1722 -57.8389 2.4
    endloop
  endfacet
  facet normal -0 0 1
    outer loop
      vertex -28.1144 55.4723 2.4
      vertex -22.8477 51.3654 2.4
      vertex -27.7777 55.6741 2.4
    endloop
  endfacet
  facet normal 0 0 1
    outer loop
      vertex -23 -6.4 2.4
      vertex -26.4723 -57.1144 2.4
      vertex -26.3045 -57.4693 2.4
    endloop
  endfacet
  facet normal 0 0 1
    outer loop
      vertex -22.8477 51.3654 2.4
      vertex -28.1144 55.4723 2.4
      vertex -22.9139 51.1806 2.4
    endloop
  endfacet
  facet normal 0 0 1
    outer loop
      vertex -23 -6.4 2.4
      vertex -26.6741 -56.7777 2.4
      vertex -26.4723 -57.1144 2.4
    endloop
  endfacet
  facet normal 0 0 1
    outer loop
      vertex -22.9139 51.1806 2.4
      vertex -28.1144 55.4723 2.4
      vertex -22.9616 50.9902 2.4
    endloop
  endfacet
  facet normal 0 0 1
    outer loop
      vertex -23 -6.4 2.4
      vertex -26.908 -56.4624 2.4
      vertex -26.6741 -56.7777 2.4
    endloop
  endfacet
  facet normal -0 0 1
    outer loop
      vertex -28.4693 55.3045 2.4
      vertex -22.9616 50.9902 2.4
      vertex -28.1144 55.4723 2.4
    endloop
  endfacet
  facet normal 0 0 1
    outer loop
      vertex -23 -6.4 2.4
      vertex -27.1716 -56.1716 2.4
      vertex -26.908 -56.4624 2.4
    endloop
  endfacet
  facet normal 0 0 1
    outer loop
      vertex -22.9616 50.9902 2.4
      vertex -28.4693 55.3045 2.4
      vertex -22.9904 50.796 2.4
    endloop
  endfacet
  facet normal 0 0 1
    outer loop
      vertex -23 -6.4 2.4
      vertex -27.4624 -55.908 2.4
      vertex -27.1716 -56.1716 2.4
    endloop
  endfacet
  facet normal -0 0 1
    outer loop
      vertex -28.8389 55.1722 2.4
      vertex -22.9904 50.796 2.4
      vertex -28.4693 55.3045 2.4
    endloop
  endfacet
  facet normal 0 0 1
    outer loop
      vertex -23 -6.4 2.4
      vertex -27.7777 -55.6741 2.4
      vertex -27.4624 -55.908 2.4
    endloop
  endfacet
  facet normal 0 0 1
    outer loop
      vertex -22.9904 50.796 2.4
      vertex -28.8389 55.1722 2.4
      vertex -23 50.6 2.4
    endloop
  endfacet
  facet normal 0 0 1
    outer loop
      vertex -23 -6.4 2.4
      vertex -28.1144 -55.4723 2.4
      vertex -27.7777 -55.6741 2.4
    endloop
  endfacet
  facet normal -0 0 1
    outer loop
      vertex -29.2196 55.0769 2.4
      vertex -23 50.6 2.4
      vertex -28.8389 55.1722 2.4
    endloop
  endfacet
  facet normal 0 0 1
    outer loop
      vertex -23 -6.4 2.4
      vertex -28.4693 -55.3045 2.4
      vertex -28.1144 -55.4723 2.4
    endloop
  endfacet
  facet normal -0 0 1
    outer loop
      vertex -29.6079 55.0193 2.4
      vertex -23 50.6 2.4
      vertex -29.2196 55.0769 2.4
    endloop
  endfacet
  facet normal 0 0 1
    outer loop
      vertex -23 -6.4 2.4
      vertex -28.8389 -55.1722 2.4
      vertex -28.4693 -55.3045 2.4
    endloop
  endfacet
  facet normal -0 0 1
    outer loop
      vertex -30 55 2.4
      vertex -23 50.6 2.4
      vertex -29.6079 55.0193 2.4
    endloop
  endfacet
  facet normal 0 0 1
    outer loop
      vertex -23 -6.4 2.4
      vertex -29.2196 -55.0769 2.4
      vertex -28.8389 -55.1722 2.4
    endloop
  endfacet
  facet normal 0 0 1
    outer loop
      vertex -30.3921 55.0193 2.4
      vertex -23 50.6 2.4
      vertex -30 55 2.4
    endloop
  endfacet
  facet normal 0 0 1
    outer loop
      vertex -23 -6.4 2.4
      vertex -29.6079 -55.0193 2.4
      vertex -29.2196 -55.0769 2.4
    endloop
  endfacet
  facet normal 0 0 1
    outer loop
      vertex -30.7804 55.0769 2.4
      vertex -23 50.6 2.4
      vertex -30.3921 55.0193 2.4
    endloop
  endfacet
  facet normal 0 0 1
    outer loop
      vertex -23 -6.4 2.4
      vertex -30 -55 2.4
      vertex -29.6079 -55.0193 2.4
    endloop
  endfacet
  facet normal 0 0 1
    outer loop
      vertex -31.1611 55.1722 2.4
      vertex -23 50.6 2.4
      vertex -30.7804 55.0769 2.4
    endloop
  endfacet
  facet normal 0 0 1
    outer loop
      vertex -23 -6.4 2.4
      vertex -30.3921 -55.0193 2.4
      vertex -30 -55 2.4
    endloop
  endfacet
  facet normal 0 0 1
    outer loop
      vertex -31.5307 55.3045 2.4
      vertex -23 50.6 2.4
      vertex -31.1611 55.1722 2.4
    endloop
  endfacet
  facet normal 0 0 1
    outer loop
      vertex -23 -6.4 2.4
      vertex -30.7804 -55.0769 2.4
      vertex -30.3921 -55.0193 2.4
    endloop
  endfacet
  facet normal 0 0 1
    outer loop
      vertex -23 50.6 2.4
      vertex -31.5307 55.3045 2.4
      vertex -23 -6.4 2.4
    endloop
  endfacet
  facet normal 0 0 1
    outer loop
      vertex -23 -6.4 2.4
      vertex -31.1611 -55.1722 2.4
      vertex -30.7804 -55.0769 2.4
    endloop
  endfacet
  facet normal 0 0 1
    outer loop
      vertex -31.8856 55.4723 2.4
      vertex -23 -6.4 2.4
      vertex -31.5307 55.3045 2.4
    endloop
  endfacet
  facet normal 0 0 1
    outer loop
      vertex -23 -6.4 2.4
      vertex -31.5307 -55.3045 2.4
      vertex -31.1611 -55.1722 2.4
    endloop
  endfacet
  facet normal 0 0 1
    outer loop
      vertex -32.2223 55.6741 2.4
      vertex -23 -6.4 2.4
      vertex -31.8856 55.4723 2.4
    endloop
  endfacet
  facet normal 0 0 1
    outer loop
      vertex -23 -6.4 2.4
      vertex -31.8856 -55.4723 2.4
      vertex -31.5307 -55.3045 2.4
    endloop
  endfacet
  facet normal 0 0 1
    outer loop
      vertex -32.5376 55.908 2.4
      vertex -23 -6.4 2.4
      vertex -32.2223 55.6741 2.4
    endloop
  endfacet
  facet normal 0 0 1
    outer loop
      vertex -23 -6.4 2.4
      vertex -32.2223 -55.6741 2.4
      vertex -31.8856 -55.4723 2.4
    endloop
  endfacet
  facet normal 0 0 1
    outer loop
      vertex -32.8284 56.1716 2.4
      vertex -23 -6.4 2.4
      vertex -32.5376 55.908 2.4
    endloop
  endfacet
  facet normal 0 0 1
    outer loop
      vertex -23 -6.4 2.4
      vertex -32.5376 -55.908 2.4
      vertex -32.2223 -55.6741 2.4
    endloop
  endfacet
  facet normal 0 0 1
    outer loop
      vertex -33.092 56.4624 2.4
      vertex -23 -6.4 2.4
      vertex -32.8284 56.1716 2.4
    endloop
  endfacet
  facet normal 0 0 1
    outer loop
      vertex -23 -6.4 2.4
      vertex -32.8284 -56.1716 2.4
      vertex -32.5376 -55.908 2.4
    endloop
  endfacet
  facet normal 0 0 1
    outer loop
      vertex -33.3259 56.7777 2.4
      vertex -23 -6.4 2.4
      vertex -33.092 56.4624 2.4
    endloop
  endfacet
  facet normal 0 0 1
    outer loop
      vertex -23 -6.4 2.4
      vertex -33.092 -56.4624 2.4
      vertex -32.8284 -56.1716 2.4
    endloop
  endfacet
  facet normal 0 0 1
    outer loop
      vertex -33.5277 57.1144 2.4
      vertex -23 -6.4 2.4
      vertex -33.3259 56.7777 2.4
    endloop
  endfacet
  facet normal 0 0 1
    outer loop
      vertex -23 -6.4 2.4
      vertex -33.3259 -56.7777 2.4
      vertex -33.092 -56.4624 2.4
    endloop
  endfacet
  facet normal 0 0 1
    outer loop
      vertex -33.6955 57.4693 2.4
      vertex -23 -6.4 2.4
      vertex -33.5277 57.1144 2.4
    endloop
  endfacet
  facet normal 0 0 1
    outer loop
      vertex -23 -6.4 2.4
      vertex -33.5277 -57.1144 2.4
      vertex -33.3259 -56.7777 2.4
    endloop
  endfacet
  facet normal 0 0 1
    outer loop
      vertex -33.6955 -57.4693 2.4
      vertex -23 -6.4 2.4
      vertex -33.6955 57.4693 2.4
    endloop
  endfacet
  facet normal 0 0 1
    outer loop
      vertex -23 -6.4 2.4
      vertex -33.6955 -57.4693 2.4
      vertex -33.5277 -57.1144 2.4
    endloop
  endfacet
  facet normal 0 0 1
    outer loop
      vertex -33.8278 57.8389 2.4
      vertex -33.6955 -57.4693 2.4
      vertex -33.6955 57.4693 2.4
    endloop
  endfacet
  facet normal 0 0 1
    outer loop
      vertex -33.8278 57.8389 2.4
      vertex -33.8278 -57.8389 2.4
      vertex -33.6955 -57.4693 2.4
    endloop
  endfacet
  facet normal 0 0 1
    outer loop
      vertex -33.9231 58.2196 2.4
      vertex -33.8278 -57.8389 2.4
      vertex -33.8278 57.8389 2.4
    endloop
  endfacet
  facet normal 0 0 1
    outer loop
      vertex -33.9231 58.2196 2.4
      vertex -33.9231 -58.2196 2.4
      vertex -33.8278 -57.8389 2.4
    endloop
  endfacet
  facet normal 0 0 1
    outer loop
      vertex -34.6 61 2.4
      vertex -33.9231 58.2196 2.4
      vertex -33.9807 58.6079 2.4
    endloop
  endfacet
  facet normal 0 0 1
    outer loop
      vertex -33.9231 58.2196 2.4
      vertex -34.6 61 2.4
      vertex -33.9231 -58.2196 2.4
    endloop
  endfacet
  facet normal 0 0 1
    outer loop
      vertex -34.6 61 2.4
      vertex -33.9807 58.6079 2.4
      vertex -34 59 2.4
    endloop
  endfacet
  facet normal 0 0 1
    outer loop
      vertex -34.6 -61 2.4
      vertex -33.9231 -58.2196 2.4
      vertex -34.6 61 2.4
    endloop
  endfacet
  facet normal 0 0 1
    outer loop
      vertex 9.76642 -35.7394 2.4
      vertex 3.23358 -35.7394 2.4
      vertex 9.91327 -36.0499 2.4
    endloop
  endfacet
  facet normal 0 0 1
    outer loop
      vertex 10.2945 -36.6204 2.4
      vertex 3.48315 -47.0569 2.4
      vertex 3.5 -47.4 2.4
    endloop
  endfacet
  facet normal 0 0 1
    outer loop
      vertex 3.08672 -36.0499 2.4
      vertex 9.91327 -36.0499 2.4
      vertex 3.23358 -35.7394 2.4
    endloop
  endfacet
  facet normal 0 0 1
    outer loop
      vertex 10.2945 -36.6204 2.4
      vertex 3.43275 -46.7172 2.4
      vertex 3.48315 -47.0569 2.4
    endloop
  endfacet
  facet normal 0 0 1
    outer loop
      vertex 9.91327 -36.0499 2.4
      vertex 3.08672 -36.0499 2.4
      vertex 10.0899 -36.3445 2.4
    endloop
  endfacet
  facet normal 0 0 1
    outer loop
      vertex 10.2945 -36.6204 2.4
      vertex 3.34929 -46.384 2.4
      vertex 3.43275 -46.7172 2.4
    endloop
  endfacet
  facet normal 0 0 1
    outer loop
      vertex 2.91014 -36.3445 2.4
      vertex 10.0899 -36.3445 2.4
      vertex 3.08672 -36.0499 2.4
    endloop
  endfacet
  facet normal 0 0 1
    outer loop
      vertex 10.2945 -36.6204 2.4
      vertex 3.23358 -46.0606 2.4
      vertex 3.34929 -46.384 2.4
    endloop
  endfacet
  facet normal 0 0 1
    outer loop
      vertex 10.0899 -36.3445 2.4
      vertex 2.91014 -36.3445 2.4
      vertex 10.2945 -36.6204 2.4
    endloop
  endfacet
  facet normal 0 0 1
    outer loop
      vertex 10.2945 -36.6204 2.4
      vertex 3.08672 -45.7501 2.4
      vertex 3.23358 -46.0606 2.4
    endloop
  endfacet
  facet normal 0 0 1
    outer loop
      vertex 2.70554 -36.6204 2.4
      vertex 10.2945 -36.6204 2.4
      vertex 2.91014 -36.3445 2.4
    endloop
  endfacet
  facet normal 0 0 1
    outer loop
      vertex 10.2945 -36.6204 2.4
      vertex 2.91014 -45.4555 2.4
      vertex 3.08672 -45.7501 2.4
    endloop
  endfacet
  facet normal 0 0 1
    outer loop
      vertex 2.47487 -36.8749 2.4
      vertex 10.2945 -36.6204 2.4
      vertex 2.70554 -36.6204 2.4
    endloop
  endfacet
  facet normal 0 0 1
    outer loop
      vertex 10.2945 -36.6204 2.4
      vertex 2.70554 -45.1796 2.4
      vertex 2.91014 -45.4555 2.4
    endloop
  endfacet
  facet normal 0 0 1
    outer loop
      vertex 2.47487 -44.9251 2.4
      vertex 10.2945 -36.6204 2.4
      vertex 2.47487 -36.8749 2.4
    endloop
  endfacet
  facet normal 0 0 1
    outer loop
      vertex 10.2945 -36.6204 2.4
      vertex 2.47487 -44.9251 2.4
      vertex 2.70554 -45.1796 2.4
    endloop
  endfacet
  facet normal -0 0 1
    outer loop
      vertex 2.22038 -37.1055 2.4
      vertex 2.47487 -44.9251 2.4
      vertex 2.47487 -36.8749 2.4
    endloop
  endfacet
  facet normal 0 0 1
    outer loop
      vertex 2.22038 -37.1055 2.4
      vertex 2.22038 -44.6945 2.4
      vertex 2.47487 -44.9251 2.4
    endloop
  endfacet
  facet normal -0 0 1
    outer loop
      vertex 1.9445 -37.3101 2.4
      vertex 2.22038 -44.6945 2.4
      vertex 2.22038 -37.1055 2.4
    endloop
  endfacet
  facet normal 0 0 1
    outer loop
      vertex 1.9445 -37.3101 2.4
      vertex 1.9445 -44.4899 2.4
      vertex 2.22038 -44.6945 2.4
    endloop
  endfacet
  facet normal -0 0 1
    outer loop
      vertex 1.64989 -37.4867 2.4
      vertex 1.9445 -44.4899 2.4
      vertex 1.9445 -37.3101 2.4
    endloop
  endfacet
  facet normal 0 0 1
    outer loop
      vertex 1.64989 -37.4867 2.4
      vertex 1.64989 -44.3133 2.4
      vertex 1.9445 -44.4899 2.4
    endloop
  endfacet
  facet normal -0 0 1
    outer loop
      vertex 1.33939 -37.6336 2.4
      vertex 1.64989 -44.3133 2.4
      vertex 1.64989 -37.4867 2.4
    endloop
  endfacet
  facet normal 0 0 1
    outer loop
      vertex 1.33939 -37.6336 2.4
      vertex 1.33939 -44.1664 2.4
      vertex 1.64989 -44.3133 2.4
    endloop
  endfacet
  facet normal -0 0 1
    outer loop
      vertex 1.016 -37.7493 2.4
      vertex 1.33939 -44.1664 2.4
      vertex 1.33939 -37.6336 2.4
    endloop
  endfacet
  facet normal 0 0 1
    outer loop
      vertex 1.016 -37.7493 2.4
      vertex 1.016 -44.0507 2.4
      vertex 1.33939 -44.1664 2.4
    endloop
  endfacet
  facet normal -0 0 1
    outer loop
      vertex 0.682816 -37.8327 2.4
      vertex 1.016 -44.0507 2.4
      vertex 1.016 -37.7493 2.4
    endloop
  endfacet
  facet normal 0 0 1
    outer loop
      vertex 0.682816 -37.8327 2.4
      vertex 0.682816 -43.9673 2.4
      vertex 1.016 -44.0507 2.4
    endloop
  endfacet
  facet normal -0 0 1
    outer loop
      vertex 0.34306 -37.8831 2.4
      vertex 0.682816 -43.9673 2.4
      vertex 0.682816 -37.8327 2.4
    endloop
  endfacet
  facet normal 0 0 1
    outer loop
      vertex 0.34306 -37.8831 2.4
      vertex 0.34306 -43.9169 2.4
      vertex 0.682816 -43.9673 2.4
    endloop
  endfacet
  facet normal -0 0 1
    outer loop
      vertex 0 -37.9 2.4
      vertex 0.34306 -43.9169 2.4
      vertex 0.34306 -37.8831 2.4
    endloop
  endfacet
  facet normal 0 0 1
    outer loop
      vertex 0 -37.9 2.4
      vertex 0 -43.9 2.4
      vertex 0.34306 -43.9169 2.4
    endloop
  endfacet
  facet normal 0 0 1
    outer loop
      vertex -0.34306 -37.8831 2.4
      vertex 0 -43.9 2.4
      vertex 0 -37.9 2.4
    endloop
  endfacet
  facet normal 0 0 1
    outer loop
      vertex -0.34306 -37.8831 2.4
      vertex -0.34306 -43.9169 2.4
      vertex 0 -43.9 2.4
    endloop
  endfacet
  facet normal 0 0 1
    outer loop
      vertex -0.682816 -37.8327 2.4
      vertex -0.34306 -43.9169 2.4
      vertex -0.34306 -37.8831 2.4
    endloop
  endfacet
  facet normal 0 0 1
    outer loop
      vertex -0.682816 -37.8327 2.4
      vertex -0.682816 -43.9673 2.4
      vertex -0.34306 -43.9169 2.4
    endloop
  endfacet
  facet normal 0 0 1
    outer loop
      vertex -1.016 -37.7493 2.4
      vertex -0.682816 -43.9673 2.4
      vertex -0.682816 -37.8327 2.4
    endloop
  endfacet
  facet normal 0 0 1
    outer loop
      vertex -1.016 -37.7493 2.4
      vertex -1.016 -44.0507 2.4
      vertex -0.682816 -43.9673 2.4
    endloop
  endfacet
  facet normal 0 0 1
    outer loop
      vertex -1.33939 -37.6336 2.4
      vertex -1.016 -44.0507 2.4
      vertex -1.016 -37.7493 2.4
    endloop
  endfacet
  facet normal 0 0 1
    outer loop
      vertex -1.33939 -37.6336 2.4
      vertex -1.33939 -44.1664 2.4
      vertex -1.016 -44.0507 2.4
    endloop
  endfacet
  facet normal 0 0 1
    outer loop
      vertex -1.64989 -37.4867 2.4
      vertex -1.33939 -44.1664 2.4
      vertex -1.33939 -37.6336 2.4
    endloop
  endfacet
  facet normal 0 0 1
    outer loop
      vertex -1.64989 -37.4867 2.4
      vertex -1.64989 -44.3133 2.4
      vertex -1.33939 -44.1664 2.4
    endloop
  endfacet
  facet normal 0 0 1
    outer loop
      vertex -1.9445 -37.3101 2.4
      vertex -1.64989 -44.3133 2.4
      vertex -1.64989 -37.4867 2.4
    endloop
  endfacet
  facet normal 0 0 1
    outer loop
      vertex -1.9445 -37.3101 2.4
      vertex -1.9445 -44.4899 2.4
      vertex -1.64989 -44.3133 2.4
    endloop
  endfacet
  facet normal 0 0 1
    outer loop
      vertex -2.22038 -37.1055 2.4
      vertex -1.9445 -44.4899 2.4
      vertex -1.9445 -37.3101 2.4
    endloop
  endfacet
  facet normal 0 0 1
    outer loop
      vertex -2.22038 -37.1055 2.4
      vertex -2.22038 -44.6945 2.4
      vertex -1.9445 -44.4899 2.4
    endloop
  endfacet
  facet normal 0 0 1
    outer loop
      vertex -2.47487 -36.8749 2.4
      vertex -2.22038 -44.6945 2.4
      vertex -2.22038 -37.1055 2.4
    endloop
  endfacet
  facet normal 0 0 1
    outer loop
      vertex -2.47487 -36.8749 2.4
      vertex -2.47487 -44.9251 2.4
      vertex -2.22038 -44.6945 2.4
    endloop
  endfacet
  facet normal 0 0 1
    outer loop
      vertex -10.5251 -36.8749 2.4
      vertex -2.47487 -36.8749 2.4
      vertex -2.70554 -36.6204 2.4
    endloop
  endfacet
  facet normal 0 0 1
    outer loop
      vertex -2.47487 -36.8749 2.4
      vertex -10.5251 -36.8749 2.4
      vertex -2.47487 -44.9251 2.4
    endloop
  endfacet
  facet normal 0 0 1
    outer loop
      vertex -10.2945 -36.6204 2.4
      vertex -2.70554 -36.6204 2.4
      vertex -2.91014 -36.3445 2.4
    endloop
  endfacet
  facet normal 0 0 1
    outer loop
      vertex -2.47487 -44.9251 2.4
      vertex -10.5251 -36.8749 2.4
      vertex -2.70554 -45.1796 2.4
    endloop
  endfacet
  facet normal 0 0 1
    outer loop
      vertex -10.0899 -36.3445 2.4
      vertex -2.91014 -36.3445 2.4
      vertex -3.08672 -36.0499 2.4
    endloop
  endfacet
  facet normal -0 0 1
    outer loop
      vertex -10.7796 -37.1055 2.4
      vertex -2.70554 -45.1796 2.4
      vertex -10.5251 -36.8749 2.4
    endloop
  endfacet
  facet normal 0 0 1
    outer loop
      vertex -9.91327 -36.0499 2.4
      vertex -3.08672 -36.0499 2.4
      vertex -3.23358 -35.7394 2.4
    endloop
  endfacet
  facet normal 0 0 1
    outer loop
      vertex -2.70554 -45.1796 2.4
      vertex -10.7796 -37.1055 2.4
      vertex -2.91014 -45.4555 2.4
    endloop
  endfacet
  facet normal 0 0 1
    outer loop
      vertex -9.76642 -35.7394 2.4
      vertex -3.23358 -35.7394 2.4
      vertex -3.34929 -35.416 2.4
    endloop
  endfacet
  facet normal -0 0 1
    outer loop
      vertex -11.0555 -37.3101 2.4
      vertex -2.91014 -45.4555 2.4
      vertex -10.7796 -37.1055 2.4
    endloop
  endfacet
  facet normal 0 0 1
    outer loop
      vertex -9.65071 -35.416 2.4
      vertex -3.34929 -35.416 2.4
      vertex -3.43275 -35.0828 2.4
    endloop
  endfacet
  facet normal 0 0 1
    outer loop
      vertex -2.70554 -36.6204 2.4
      vertex -10.2945 -36.6204 2.4
      vertex -10.5251 -36.8749 2.4
    endloop
  endfacet
  facet normal 0 0 1
    outer loop
      vertex -9.56725 -35.0828 2.4
      vertex -3.43275 -35.0828 2.4
      vertex -3.48315 -34.7431 2.4
    endloop
  endfacet
  facet normal 0 0 1
    outer loop
      vertex -2.91014 -45.4555 2.4
      vertex -11.0555 -37.3101 2.4
      vertex -3.08672 -45.7501 2.4
    endloop
  endfacet
  facet normal 0 0 1
    outer loop
      vertex -9.51685 -34.7431 2.4
      vertex -3.48315 -34.7431 2.4
      vertex -3.5 -34.4 2.4
    endloop
  endfacet
  facet normal -0 0 1
    outer loop
      vertex -11.3501 -37.4867 2.4
      vertex -3.08672 -45.7501 2.4
      vertex -11.0555 -37.3101 2.4
    endloop
  endfacet
  facet normal 0 0 1
    outer loop
      vertex 11.3501 -31.3133 2.4
      vertex 3.08672 -23.0499 2.4
      vertex 11.0555 -31.4899 2.4
    endloop
  endfacet
  facet normal 0 0 1
    outer loop
      vertex 10.2945 -32.1796 2.4
      vertex 3.48315 -34.0569 2.4
      vertex 3.5 -34.4 2.4
    endloop
  endfacet
  facet normal -0 0 1
    outer loop
      vertex 2.91014 -23.3445 2.4
      vertex 11.0555 -31.4899 2.4
      vertex 3.08672 -23.0499 2.4
    endloop
  endfacet
  facet normal 0 0 1
    outer loop
      vertex 10.2945 -32.1796 2.4
      vertex 3.43275 -33.7172 2.4
      vertex 3.48315 -34.0569 2.4
    endloop
  endfacet
  facet normal 0 0 1
    outer loop
      vertex 11.0555 -31.4899 2.4
      vertex 2.91014 -23.3445 2.4
      vertex 10.7796 -31.6945 2.4
    endloop
  endfacet
  facet normal 0 0 1
    outer loop
      vertex 10.2945 -32.1796 2.4
      vertex 3.34929 -33.384 2.4
      vertex 3.43275 -33.7172 2.4
    endloop
  endfacet
  facet normal -0 0 1
    outer loop
      vertex 2.70554 -23.6204 2.4
      vertex 10.7796 -31.6945 2.4
      vertex 2.91014 -23.3445 2.4
    endloop
  endfacet
  facet normal 0 0 1
    outer loop
      vertex 10.2945 -32.1796 2.4
      vertex 3.23358 -33.0606 2.4
      vertex 3.34929 -33.384 2.4
    endloop
  endfacet
  facet normal 0 0 1
    outer loop
      vertex 10.7796 -31.6945 2.4
      vertex 2.70554 -23.6204 2.4
      vertex 10.5251 -31.9251 2.4
    endloop
  endfacet
  facet normal 0 0 1
    outer loop
      vertex 10.2945 -32.1796 2.4
      vertex 3.08672 -32.7501 2.4
      vertex 3.23358 -33.0606 2.4
    endloop
  endfacet
  facet normal -0 0 1
    outer loop
      vertex 2.47487 -23.8749 2.4
      vertex 10.5251 -31.9251 2.4
      vertex 2.70554 -23.6204 2.4
    endloop
  endfacet
  facet normal 0 0 1
    outer loop
      vertex 10.2945 -32.1796 2.4
      vertex 2.91014 -32.4555 2.4
      vertex 3.08672 -32.7501 2.4
    endloop
  endfacet
  facet normal 0 0 1
    outer loop
      vertex 2.47487 -31.9251 2.4
      vertex 10.5251 -31.9251 2.4
      vertex 2.47487 -23.8749 2.4
    endloop
  endfacet
  facet normal 0 0 1
    outer loop
      vertex 10.2945 -32.1796 2.4
      vertex 2.70554 -32.1796 2.4
      vertex 2.91014 -32.4555 2.4
    endloop
  endfacet
  facet normal 0 0 1
    outer loop
      vertex 10.5251 -31.9251 2.4
      vertex 2.47487 -31.9251 2.4
      vertex 10.2945 -32.1796 2.4
    endloop
  endfacet
  facet normal 0 0 1
    outer loop
      vertex 10.2945 -32.1796 2.4
      vertex 2.47487 -31.9251 2.4
      vertex 2.70554 -32.1796 2.4
    endloop
  endfacet
  facet normal -0 0 1
    outer loop
      vertex 2.22038 -24.1055 2.4
      vertex 2.47487 -31.9251 2.4
      vertex 2.47487 -23.8749 2.4
    endloop
  endfacet
  facet normal 0 0 1
    outer loop
      vertex 2.22038 -24.1055 2.4
      vertex 2.22038 -31.6945 2.4
      vertex 2.47487 -31.9251 2.4
    endloop
  endfacet
  facet normal -0 0 1
    outer loop
      vertex 1.9445 -24.3101 2.4
      vertex 2.22038 -31.6945 2.4
      vertex 2.22038 -24.1055 2.4
    endloop
  endfacet
  facet normal 0 0 1
    outer loop
      vertex 1.9445 -24.3101 2.4
      vertex 1.9445 -31.4899 2.4
      vertex 2.22038 -31.6945 2.4
    endloop
  endfacet
  facet normal -0 0 1
    outer loop
      vertex 1.64989 -24.4867 2.4
      vertex 1.9445 -31.4899 2.4
      vertex 1.9445 -24.3101 2.4
    endloop
  endfacet
  facet normal 0 0 1
    outer loop
      vertex 1.64989 -24.4867 2.4
      vertex 1.64989 -31.3133 2.4
      vertex 1.9445 -31.4899 2.4
    endloop
  endfacet
  facet normal -0 0 1
    outer loop
      vertex 1.33939 -24.6336 2.4
      vertex 1.64989 -31.3133 2.4
      vertex 1.64989 -24.4867 2.4
    endloop
  endfacet
  facet normal 0 0 1
    outer loop
      vertex 1.33939 -24.6336 2.4
      vertex 1.33939 -31.1664 2.4
      vertex 1.64989 -31.3133 2.4
    endloop
  endfacet
  facet normal -0 0 1
    outer loop
      vertex 1.016 -24.7493 2.4
      vertex 1.33939 -31.1664 2.4
      vertex 1.33939 -24.6336 2.4
    endloop
  endfacet
  facet normal 0 0 1
    outer loop
      vertex 1.016 -24.7493 2.4
      vertex 1.016 -31.0507 2.4
      vertex 1.33939 -31.1664 2.4
    endloop
  endfacet
  facet normal -0 0 1
    outer loop
      vertex 0.682816 -24.8327 2.4
      vertex 1.016 -31.0507 2.4
      vertex 1.016 -24.7493 2.4
    endloop
  endfacet
  facet normal 0 0 1
    outer loop
      vertex 0.682816 -24.8327 2.4
      vertex 0.682816 -30.9673 2.4
      vertex 1.016 -31.0507 2.4
    endloop
  endfacet
  facet normal -0 0 1
    outer loop
      vertex 0.34306 -24.8831 2.4
      vertex 0.682816 -30.9673 2.4
      vertex 0.682816 -24.8327 2.4
    endloop
  endfacet
  facet normal 0 0 1
    outer loop
      vertex 0.34306 -24.8831 2.4
      vertex 0.34306 -30.9169 2.4
      vertex 0.682816 -30.9673 2.4
    endloop
  endfacet
  facet normal -0 0 1
    outer loop
      vertex 0 -24.9 2.4
      vertex 0.34306 -30.9169 2.4
      vertex 0.34306 -24.8831 2.4
    endloop
  endfacet
  facet normal 0 0 1
    outer loop
      vertex 0 -24.9 2.4
      vertex 0 -30.9 2.4
      vertex 0.34306 -30.9169 2.4
    endloop
  endfacet
  facet normal 0 0 1
    outer loop
      vertex -0.34306 -24.8831 2.4
      vertex 0 -30.9 2.4
      vertex 0 -24.9 2.4
    endloop
  endfacet
  facet normal 0 0 1
    outer loop
      vertex -0.34306 -24.8831 2.4
      vertex -0.34306 -30.9169 2.4
      vertex 0 -30.9 2.4
    endloop
  endfacet
  facet normal 0 0 1
    outer loop
      vertex -0.682816 -24.8327 2.4
      vertex -0.34306 -30.9169 2.4
      vertex -0.34306 -24.8831 2.4
    endloop
  endfacet
  facet normal 0 0 1
    outer loop
      vertex -0.682816 -24.8327 2.4
      vertex -0.682816 -30.9673 2.4
      vertex -0.34306 -30.9169 2.4
    endloop
  endfacet
  facet normal 0 0 1
    outer loop
      vertex -1.016 -24.7493 2.4
      vertex -0.682816 -30.9673 2.4
      vertex -0.682816 -24.8327 2.4
    endloop
  endfacet
  facet normal 0 0 1
    outer loop
      vertex -1.016 -24.7493 2.4
      vertex -1.016 -31.0507 2.4
      vertex -0.682816 -30.9673 2.4
    endloop
  endfacet
  facet normal 0 0 1
    outer loop
      vertex -1.33939 -24.6336 2.4
      vertex -1.016 -31.0507 2.4
      vertex -1.016 -24.7493 2.4
    endloop
  endfacet
  facet normal 0 0 1
    outer loop
      vertex -1.33939 -24.6336 2.4
      vertex -1.33939 -31.1664 2.4
      vertex -1.016 -31.0507 2.4
    endloop
  endfacet
  facet normal 0 0 1
    outer loop
      vertex -1.64989 -24.4867 2.4
      vertex -1.33939 -31.1664 2.4
      vertex -1.33939 -24.6336 2.4
    endloop
  endfacet
  facet normal 0 0 1
    outer loop
      vertex -1.64989 -24.4867 2.4
      vertex -1.64989 -31.3133 2.4
      vertex -1.33939 -31.1664 2.4
    endloop
  endfacet
  facet normal 0 0 1
    outer loop
      vertex -1.9445 -24.3101 2.4
      vertex -1.64989 -31.3133 2.4
      vertex -1.64989 -24.4867 2.4
    endloop
  endfacet
  facet normal 0 0 1
    outer loop
      vertex -1.9445 -24.3101 2.4
      vertex -1.9445 -31.4899 2.4
      vertex -1.64989 -31.3133 2.4
    endloop
  endfacet
  facet normal 0 0 1
    outer loop
      vertex -2.22038 -24.1055 2.4
      vertex -1.9445 -31.4899 2.4
      vertex -1.9445 -24.3101 2.4
    endloop
  endfacet
  facet normal 0 0 1
    outer loop
      vertex -2.22038 -24.1055 2.4
      vertex -2.22038 -31.6945 2.4
      vertex -1.9445 -31.4899 2.4
    endloop
  endfacet
  facet normal 0 0 1
    outer loop
      vertex -2.47487 -23.8749 2.4
      vertex -2.22038 -31.6945 2.4
      vertex -2.22038 -24.1055 2.4
    endloop
  endfacet
  facet normal 0 0 1
    outer loop
      vertex -2.47487 -23.8749 2.4
      vertex -2.47487 -31.9251 2.4
      vertex -2.22038 -31.6945 2.4
    endloop
  endfacet
  facet normal 0 0 1
    outer loop
      vertex -10.5251 -31.9251 2.4
      vertex -2.47487 -23.8749 2.4
      vertex -2.70554 -23.6204 2.4
    endloop
  endfacet
  facet normal 0 0 1
    outer loop
      vertex -2.47487 -23.8749 2.4
      vertex -10.5251 -31.9251 2.4
      vertex -2.47487 -31.9251 2.4
    endloop
  endfacet
  facet normal 0 0 1
    outer loop
      vertex -10.7796 -31.6945 2.4
      vertex -2.70554 -23.6204 2.4
      vertex -2.91014 -23.3445 2.4
    endloop
  endfacet
  facet normal 0 0 1
    outer loop
      vertex -2.47487 -31.9251 2.4
      vertex -10.5251 -31.9251 2.4
      vertex -2.70554 -32.1796 2.4
    endloop
  endfacet
  facet normal 0 0 1
    outer loop
      vertex -11.0555 -31.4899 2.4
      vertex -2.91014 -23.3445 2.4
      vertex -3.08672 -23.0499 2.4
    endloop
  endfacet
  facet normal 0 -0 1
    outer loop
      vertex -10.2945 -32.1796 2.4
      vertex -2.70554 -32.1796 2.4
      vertex -10.5251 -31.9251 2.4
    endloop
  endfacet
  facet normal 0 0 1
    outer loop
      vertex -11.3501 -31.3133 2.4
      vertex -3.08672 -23.0499 2.4
      vertex -3.23358 -22.7394 2.4
    endloop
  endfacet
  facet normal 0 0 1
    outer loop
      vertex -2.70554 -32.1796 2.4
      vertex -10.2945 -32.1796 2.4
      vertex -2.91014 -32.4555 2.4
    endloop
  endfacet
  facet normal 0 0 1
    outer loop
      vertex -11.6606 -31.1664 2.4
      vertex -3.23358 -22.7394 2.4
      vertex -3.34929 -22.416 2.4
    endloop
  endfacet
  facet normal 0 -0 1
    outer loop
      vertex -10.0899 -32.4555 2.4
      vertex -2.91014 -32.4555 2.4
      vertex -10.2945 -32.1796 2.4
    endloop
  endfacet
  facet normal 0 0 1
    outer loop
      vertex -11.984 -31.0507 2.4
      vertex -3.34929 -22.416 2.4
      vertex -3.43275 -22.0828 2.4
    endloop
  endfacet
  facet normal 0 0 1
    outer loop
      vertex -2.91014 -32.4555 2.4
      vertex -10.0899 -32.4555 2.4
      vertex -3.08672 -32.7501 2.4
    endloop
  endfacet
  facet normal 0 0 1
    outer loop
      vertex -12.3172 -30.9673 2.4
      vertex -3.43275 -22.0828 2.4
      vertex -3.48315 -21.7431 2.4
    endloop
  endfacet
  facet normal 0 0 1
    outer loop
      vertex -3.08672 -32.7501 2.4
      vertex -9.91327 -32.7501 2.4
      vertex -3.23358 -33.0606 2.4
    endloop
  endfacet
  facet normal 0 0 1
    outer loop
      vertex -12.6569 -30.9169 2.4
      vertex -3.48315 -21.7431 2.4
      vertex -3.5 -21.4 2.4
    endloop
  endfacet
  facet normal 0 -0 1
    outer loop
      vertex -9.76642 -33.0606 2.4
      vertex -3.23358 -33.0606 2.4
      vertex -9.91327 -32.7501 2.4
    endloop
  endfacet
  facet normal 0 0 1
    outer loop
      vertex 31.5307 -55.3045 2.4
      vertex 16.4831 -34.0569 2.4
      vertex 16.5 -34.4 2.4
    endloop
  endfacet
  facet normal 0 0 1
    outer loop
      vertex 21.196 -8.39036 2.4
      vertex 16.4327 -33.7172 2.4
      vertex 16.4831 -34.0569 2.4
    endloop
  endfacet
  facet normal 0 0 1
    outer loop
      vertex 21.196 -8.39036 2.4
      vertex 16.3493 -33.384 2.4
      vertex 16.4327 -33.7172 2.4
    endloop
  endfacet
  facet normal 0 0 1
    outer loop
      vertex 21.196 -8.39036 2.4
      vertex 16.2336 -33.0606 2.4
      vertex 16.3493 -33.384 2.4
    endloop
  endfacet
  facet normal 0 0 1
    outer loop
      vertex 21.196 -8.39036 2.4
      vertex 16.0867 -32.7501 2.4
      vertex 16.2336 -33.0606 2.4
    endloop
  endfacet
  facet normal 0 0 1
    outer loop
      vertex 21.196 -8.39036 2.4
      vertex 15.9101 -32.4555 2.4
      vertex 16.0867 -32.7501 2.4
    endloop
  endfacet
  facet normal 0 0 1
    outer loop
      vertex 21.196 -8.39036 2.4
      vertex 15.7055 -32.1796 2.4
      vertex 15.9101 -32.4555 2.4
    endloop
  endfacet
  facet normal 0 0 1
    outer loop
      vertex 21.196 -8.39036 2.4
      vertex 15.4749 -31.9251 2.4
      vertex 15.7055 -32.1796 2.4
    endloop
  endfacet
  facet normal 0 0 1
    outer loop
      vertex 21.196 -8.39036 2.4
      vertex 15.2204 -31.6945 2.4
      vertex 15.4749 -31.9251 2.4
    endloop
  endfacet
  facet normal 0 0 1
    outer loop
      vertex 21.196 -8.39036 2.4
      vertex 14.9445 -31.4899 2.4
      vertex 15.2204 -31.6945 2.4
    endloop
  endfacet
  facet normal 0 0 1
    outer loop
      vertex 21 -8.4 2.4
      vertex 14.6499 -31.3133 2.4
      vertex 14.9445 -31.4899 2.4
    endloop
  endfacet
  facet normal 0 0 1
    outer loop
      vertex 21 -8.4 2.4
      vertex 14.3394 -31.1664 2.4
      vertex 14.6499 -31.3133 2.4
    endloop
  endfacet
  facet normal 0 0 1
    outer loop
      vertex 21 -8.4 2.4
      vertex 14.016 -31.0507 2.4
      vertex 14.3394 -31.1664 2.4
    endloop
  endfacet
  facet normal 0 0 1
    outer loop
      vertex 21 -8.4 2.4
      vertex 13.6828 -30.9673 2.4
      vertex 14.016 -31.0507 2.4
    endloop
  endfacet
  facet normal 0 0 1
    outer loop
      vertex 21 -8.4 2.4
      vertex 13.3431 -30.9169 2.4
      vertex 13.6828 -30.9673 2.4
    endloop
  endfacet
  facet normal -0 0 1
    outer loop
      vertex 3.48315 -21.0569 2.4
      vertex 13.3431 -30.9169 2.4
      vertex 21 -8.4 2.4
    endloop
  endfacet
  facet normal 0 0 1
    outer loop
      vertex 13.3431 -30.9169 2.4
      vertex 3.48315 -21.0569 2.4
      vertex 13 -30.9 2.4
    endloop
  endfacet
  facet normal -0 -0 1
    outer loop
      vertex 3.5 -21.4 2.4
      vertex 13 -30.9 2.4
      vertex 3.48315 -21.0569 2.4
    endloop
  endfacet
  facet normal 0 0 1
    outer loop
      vertex 13 -30.9 2.4
      vertex 3.5 -21.4 2.4
      vertex 12.6569 -30.9169 2.4
    endloop
  endfacet
  facet normal -0 0 1
    outer loop
      vertex 3.48315 -21.7431 2.4
      vertex 12.6569 -30.9169 2.4
      vertex 3.5 -21.4 2.4
    endloop
  endfacet
  facet normal 0 0 1
    outer loop
      vertex 12.6569 -30.9169 2.4
      vertex 3.48315 -21.7431 2.4
      vertex 12.3172 -30.9673 2.4
    endloop
  endfacet
  facet normal -0 0 1
    outer loop
      vertex 3.43275 -22.0828 2.4
      vertex 12.3172 -30.9673 2.4
      vertex 3.48315 -21.7431 2.4
    endloop
  endfacet
  facet normal 0 0 1
    outer loop
      vertex 12.3172 -30.9673 2.4
      vertex 3.43275 -22.0828 2.4
      vertex 11.984 -31.0507 2.4
    endloop
  endfacet
  facet normal -0 0 1
    outer loop
      vertex 3.34929 -22.416 2.4
      vertex 11.984 -31.0507 2.4
      vertex 3.43275 -22.0828 2.4
    endloop
  endfacet
  facet normal 0 0 1
    outer loop
      vertex 11.984 -31.0507 2.4
      vertex 3.34929 -22.416 2.4
      vertex 11.6606 -31.1664 2.4
    endloop
  endfacet
  facet normal 0 0 1
    outer loop
      vertex 11.6606 -31.1664 2.4
      vertex 3.23358 -22.7394 2.4
      vertex 11.3501 -31.3133 2.4
    endloop
  endfacet
  facet normal -0 0 1
    outer loop
      vertex 3.08672 -23.0499 2.4
      vertex 11.3501 -31.3133 2.4
      vertex 3.23358 -22.7394 2.4
    endloop
  endfacet
  facet normal 0 0 1
    outer loop
      vertex 10.2945 -32.1796 2.4
      vertex 3.5 -34.4 2.4
      vertex 10.0899 -32.4555 2.4
    endloop
  endfacet
  facet normal 0 0 1
    outer loop
      vertex 9.56725 -33.7172 2.4
      vertex 3.5 -34.4 2.4
      vertex 9.51685 -34.0569 2.4
    endloop
  endfacet
  facet normal 0 0 1
    outer loop
      vertex 9.65071 -33.384 2.4
      vertex 3.5 -34.4 2.4
      vertex 9.56725 -33.7172 2.4
    endloop
  endfacet
  facet normal 0 0 1
    outer loop
      vertex 9.76642 -33.0606 2.4
      vertex 3.5 -34.4 2.4
      vertex 9.65071 -33.384 2.4
    endloop
  endfacet
  facet normal 0 0 1
    outer loop
      vertex 9.91327 -32.7501 2.4
      vertex 3.5 -34.4 2.4
      vertex 9.76642 -33.0606 2.4
    endloop
  endfacet
  facet normal 0 0 1
    outer loop
      vertex 10.0899 -32.4555 2.4
      vertex 3.5 -34.4 2.4
      vertex 9.91327 -32.7501 2.4
    endloop
  endfacet
  facet normal -0 0 1
    outer loop
      vertex 3.23358 -22.7394 2.4
      vertex 11.6606 -31.1664 2.4
      vertex 3.34929 -22.416 2.4
    endloop
  endfacet
  facet normal 0 0 1
    outer loop
      vertex 21 -8.4 2.4
      vertex 3.43275 -20.7172 2.4
      vertex 3.48315 -21.0569 2.4
    endloop
  endfacet
  facet normal 0 0 1
    outer loop
      vertex 21 -8.4 2.4
      vertex 3.34929 -20.384 2.4
      vertex 3.43275 -20.7172 2.4
    endloop
  endfacet
  facet normal 0 0 1
    outer loop
      vertex 21 -8.4 2.4
      vertex 3.23358 -20.0606 2.4
      vertex 3.34929 -20.384 2.4
    endloop
  endfacet
  facet normal 0 0 1
    outer loop
      vertex 21 -8.4 2.4
      vertex 3.08672 -19.7501 2.4
      vertex 3.23358 -20.0606 2.4
    endloop
  endfacet
  facet normal 0 0 1
    outer loop
      vertex 21 -8.4 2.4
      vertex 2.91014 -19.4555 2.4
      vertex 3.08672 -19.7501 2.4
    endloop
  endfacet
  facet normal 0 0 1
    outer loop
      vertex 21 -8.4 2.4
      vertex 2.70554 -19.1796 2.4
      vertex 2.91014 -19.4555 2.4
    endloop
  endfacet
  facet normal 0 0 1
    outer loop
      vertex 21 -8.4 2.4
      vertex 2.47487 -18.9251 2.4
      vertex 2.70554 -19.1796 2.4
    endloop
  endfacet
  facet normal 0 0 1
    outer loop
      vertex 21 -8.4 2.4
      vertex 2.22038 -18.6945 2.4
      vertex 2.47487 -18.9251 2.4
    endloop
  endfacet
  facet normal 0 0 1
    outer loop
      vertex 21 -8.4 2.4
      vertex 1.9445 -18.4899 2.4
      vertex 2.22038 -18.6945 2.4
    endloop
  endfacet
  facet normal 0 0 1
    outer loop
      vertex 21 -8.4 2.4
      vertex 1.64989 -18.3133 2.4
      vertex 1.9445 -18.4899 2.4
    endloop
  endfacet
  facet normal 0 0 1
    outer loop
      vertex 21 -8.4 2.4
      vertex 1.33939 -18.1664 2.4
      vertex 1.64989 -18.3133 2.4
    endloop
  endfacet
  facet normal 0 0 1
    outer loop
      vertex 21 -8.4 2.4
      vertex 1.016 -18.0507 2.4
      vertex 1.33939 -18.1664 2.4
    endloop
  endfacet
  facet normal 0 0 1
    outer loop
      vertex 21 -8.4 2.4
      vertex 0.682816 -17.9673 2.4
      vertex 1.016 -18.0507 2.4
    endloop
  endfacet
  facet normal 0 0 1
    outer loop
      vertex 21 -8.4 2.4
      vertex 0.34306 -17.9169 2.4
      vertex 0.682816 -17.9673 2.4
    endloop
  endfacet
  facet normal 0 0 1
    outer loop
      vertex 21 -8.4 2.4
      vertex 0 -17.9 2.4
      vertex 0.34306 -17.9169 2.4
    endloop
  endfacet
  facet normal -0 0 1
    outer loop
      vertex -21 -8.4 2.4
      vertex 0 -17.9 2.4
      vertex 21 -8.4 2.4
    endloop
  endfacet
  facet normal 0 0 1
    outer loop
      vertex 0 -17.9 2.4
      vertex -21 -8.4 2.4
      vertex -0.34306 -17.9169 2.4
    endloop
  endfacet
  facet normal 0 0 1
    outer loop
      vertex -0.34306 -17.9169 2.4
      vertex -21 -8.4 2.4
      vertex -0.682816 -17.9673 2.4
    endloop
  endfacet
  facet normal 0 0 1
    outer loop
      vertex -0.682816 -17.9673 2.4
      vertex -21 -8.4 2.4
      vertex -1.016 -18.0507 2.4
    endloop
  endfacet
  facet normal 0 0 1
    outer loop
      vertex -3.23358 -33.0606 2.4
      vertex -9.76642 -33.0606 2.4
      vertex -3.34929 -33.384 2.4
    endloop
  endfacet
  facet normal 0 0 1
    outer loop
      vertex -9.51685 -34.7431 2.4
      vertex -3.5 -34.4 2.4
      vertex -9.5 -34.4 2.4
    endloop
  endfacet
  facet normal 0 0 1
    outer loop
      vertex -13 -30.9 2.4
      vertex -3.5 -21.4 2.4
      vertex -3.48315 -21.0569 2.4
    endloop
  endfacet
  facet normal 0 0 1
    outer loop
      vertex -13.3431 -30.9169 2.4
      vertex -3.48315 -21.0569 2.4
      vertex -3.43275 -20.7172 2.4
    endloop
  endfacet
  facet normal 0 0 1
    outer loop
      vertex -21 -8.4 2.4
      vertex -3.43275 -20.7172 2.4
      vertex -3.34929 -20.384 2.4
    endloop
  endfacet
  facet normal 0 0 1
    outer loop
      vertex -21 -8.4 2.4
      vertex -3.34929 -20.384 2.4
      vertex -3.23358 -20.0606 2.4
    endloop
  endfacet
  facet normal 0 0 1
    outer loop
      vertex -3.5 -34.4 2.4
      vertex -9.51685 -34.0569 2.4
      vertex -9.5 -34.4 2.4
    endloop
  endfacet
  facet normal 0 0 1
    outer loop
      vertex -3.48315 -34.0569 2.4
      vertex -9.51685 -34.0569 2.4
      vertex -3.5 -34.4 2.4
    endloop
  endfacet
  facet normal 0 -0 1
    outer loop
      vertex -9.51685 -34.0569 2.4
      vertex -3.48315 -34.0569 2.4
      vertex -9.56725 -33.7172 2.4
    endloop
  endfacet
  facet normal 0 0 1
    outer loop
      vertex -21 -8.4 2.4
      vertex -3.23358 -20.0606 2.4
      vertex -3.08672 -19.7501 2.4
    endloop
  endfacet
  facet normal 0 0 1
    outer loop
      vertex -3.43275 -33.7172 2.4
      vertex -9.56725 -33.7172 2.4
      vertex -3.48315 -34.0569 2.4
    endloop
  endfacet
  facet normal 0 -0 1
    outer loop
      vertex -9.56725 -33.7172 2.4
      vertex -3.43275 -33.7172 2.4
      vertex -9.65071 -33.384 2.4
    endloop
  endfacet
  facet normal 0 0 1
    outer loop
      vertex -3.34929 -33.384 2.4
      vertex -9.65071 -33.384 2.4
      vertex -3.43275 -33.7172 2.4
    endloop
  endfacet
  facet normal 0 -0 1
    outer loop
      vertex -9.65071 -33.384 2.4
      vertex -3.34929 -33.384 2.4
      vertex -9.76642 -33.0606 2.4
    endloop
  endfacet
  facet normal 0 -0 1
    outer loop
      vertex -9.91327 -32.7501 2.4
      vertex -3.08672 -32.7501 2.4
      vertex -10.0899 -32.4555 2.4
    endloop
  endfacet
  facet normal 0 0 1
    outer loop
      vertex -21 -8.4 2.4
      vertex -3.08672 -19.7501 2.4
      vertex -2.91014 -19.4555 2.4
    endloop
  endfacet
  facet normal 0 0 1
    outer loop
      vertex -2.70554 -23.6204 2.4
      vertex -10.7796 -31.6945 2.4
      vertex -10.5251 -31.9251 2.4
    endloop
  endfacet
  facet normal 0 0 1
    outer loop
      vertex -2.91014 -23.3445 2.4
      vertex -11.0555 -31.4899 2.4
      vertex -10.7796 -31.6945 2.4
    endloop
  endfacet
  facet normal 0 0 1
    outer loop
      vertex -3.08672 -23.0499 2.4
      vertex -11.3501 -31.3133 2.4
      vertex -11.0555 -31.4899 2.4
    endloop
  endfacet
  facet normal 0 0 1
    outer loop
      vertex -3.23358 -22.7394 2.4
      vertex -11.6606 -31.1664 2.4
      vertex -11.3501 -31.3133 2.4
    endloop
  endfacet
  facet normal 0 0 1
    outer loop
      vertex -21 -8.4 2.4
      vertex -2.91014 -19.4555 2.4
      vertex -2.70554 -19.1796 2.4
    endloop
  endfacet
  facet normal 0 0 1
    outer loop
      vertex -3.34929 -22.416 2.4
      vertex -11.984 -31.0507 2.4
      vertex -11.6606 -31.1664 2.4
    endloop
  endfacet
  facet normal 0 0 1
    outer loop
      vertex -3.43275 -22.0828 2.4
      vertex -12.3172 -30.9673 2.4
      vertex -11.984 -31.0507 2.4
    endloop
  endfacet
  facet normal 0 0 1
    outer loop
      vertex -3.48315 -21.7431 2.4
      vertex -12.6569 -30.9169 2.4
      vertex -12.3172 -30.9673 2.4
    endloop
  endfacet
  facet normal 0 0 1
    outer loop
      vertex -3.5 -21.4 2.4
      vertex -13 -30.9 2.4
      vertex -12.6569 -30.9169 2.4
    endloop
  endfacet
  facet normal 0 0 1
    outer loop
      vertex -3.48315 -21.0569 2.4
      vertex -13.3431 -30.9169 2.4
      vertex -13 -30.9 2.4
    endloop
  endfacet
  facet normal 0 0 1
    outer loop
      vertex -3.43275 -20.7172 2.4
      vertex -21 -8.4 2.4
      vertex -13.3431 -30.9169 2.4
    endloop
  endfacet
  facet normal 0 0 1
    outer loop
      vertex -21 -8.4 2.4
      vertex -2.70554 -19.1796 2.4
      vertex -2.47487 -18.9251 2.4
    endloop
  endfacet
  facet normal 0 0 1
    outer loop
      vertex -13.3431 -30.9169 2.4
      vertex -21 -8.4 2.4
      vertex -13.6828 -30.9673 2.4
    endloop
  endfacet
  facet normal 0 0 1
    outer loop
      vertex -13.6828 -30.9673 2.4
      vertex -21 -8.4 2.4
      vertex -14.016 -31.0507 2.4
    endloop
  endfacet
  facet normal 0 0 1
    outer loop
      vertex -14.016 -31.0507 2.4
      vertex -21 -8.4 2.4
      vertex -14.3394 -31.1664 2.4
    endloop
  endfacet
  facet normal 0 0 1
    outer loop
      vertex -14.3394 -31.1664 2.4
      vertex -21 -8.4 2.4
      vertex -14.6499 -31.3133 2.4
    endloop
  endfacet
  facet normal 0 0 1
    outer loop
      vertex -14.6499 -31.3133 2.4
      vertex -21 -8.4 2.4
      vertex -14.9445 -31.4899 2.4
    endloop
  endfacet
  facet normal 0 0 1
    outer loop
      vertex -21.196 -8.39036 2.4
      vertex -14.9445 -31.4899 2.4
      vertex -21 -8.4 2.4
    endloop
  endfacet
  facet normal 0 0 1
    outer loop
      vertex -15.9101 -32.4555 2.4
      vertex -21.9428 -8.16384 2.4
      vertex -16.0867 -32.7501 2.4
    endloop
  endfacet
  facet normal 0 0 1
    outer loop
      vertex -21.9428 -8.16384 2.4
      vertex -15.9101 -32.4555 2.4
      vertex -21.7654 -8.24775 2.4
    endloop
  endfacet
  facet normal 0 0 1
    outer loop
      vertex -15.7055 -32.1796 2.4
      vertex -21.7654 -8.24775 2.4
      vertex -15.9101 -32.4555 2.4
    endloop
  endfacet
  facet normal 0 0 1
    outer loop
      vertex -21.7654 -8.24775 2.4
      vertex -15.7055 -32.1796 2.4
      vertex -21.5806 -8.31388 2.4
    endloop
  endfacet
  facet normal 0 0 1
    outer loop
      vertex -15.4749 -31.9251 2.4
      vertex -21.5806 -8.31388 2.4
      vertex -15.7055 -32.1796 2.4
    endloop
  endfacet
  facet normal 0 0 1
    outer loop
      vertex -21.5806 -8.31388 2.4
      vertex -15.4749 -31.9251 2.4
      vertex -21.3902 -8.36156 2.4
    endloop
  endfacet
  facet normal 0 0 1
    outer loop
      vertex -15.2204 -31.6945 2.4
      vertex -21.3902 -8.36156 2.4
      vertex -15.4749 -31.9251 2.4
    endloop
  endfacet
  facet normal 0 0 1
    outer loop
      vertex -21.3902 -8.36156 2.4
      vertex -15.2204 -31.6945 2.4
      vertex -21.196 -8.39036 2.4
    endloop
  endfacet
  facet normal 0 0 1
    outer loop
      vertex -14.9445 -31.4899 2.4
      vertex -21.196 -8.39036 2.4
      vertex -15.2204 -31.6945 2.4
    endloop
  endfacet
  facet normal 0 0 1
    outer loop
      vertex -2.22038 -18.6945 2.4
      vertex -21 -8.4 2.4
      vertex -2.47487 -18.9251 2.4
    endloop
  endfacet
  facet normal 0 0 1
    outer loop
      vertex -1.9445 -18.4899 2.4
      vertex -21 -8.4 2.4
      vertex -2.22038 -18.6945 2.4
    endloop
  endfacet
  facet normal 0 0 1
    outer loop
      vertex -1.64989 -18.3133 2.4
      vertex -21 -8.4 2.4
      vertex -1.9445 -18.4899 2.4
    endloop
  endfacet
  facet normal 0 0 1
    outer loop
      vertex -1.33939 -18.1664 2.4
      vertex -21 -8.4 2.4
      vertex -1.64989 -18.3133 2.4
    endloop
  endfacet
  facet normal 0 0 1
    outer loop
      vertex -1.016 -18.0507 2.4
      vertex -21 -8.4 2.4
      vertex -1.33939 -18.1664 2.4
    endloop
  endfacet
  facet normal 0 0 1
    outer loop
      vertex 34.6 61 2.4
      vertex 33.9231 58.2196 2.4
      vertex 34.6 -61 2.4
    endloop
  endfacet
  facet normal 0 0 1
    outer loop
      vertex 34.6 -61 2.4
      vertex 33.9807 -58.6079 2.4
      vertex 34 -59 2.4
    endloop
  endfacet
  facet normal -0 0 1
    outer loop
      vertex 33.9231 -58.2196 2.4
      vertex 34.6 -61 2.4
      vertex 33.9231 58.2196 2.4
    endloop
  endfacet
  facet normal 0 0 1
    outer loop
      vertex 34.6 -61 2.4
      vertex 33.9231 -58.2196 2.4
      vertex 33.9807 -58.6079 2.4
    endloop
  endfacet
  facet normal -0 0 1
    outer loop
      vertex 33.8278 57.8389 2.4
      vertex 33.9231 -58.2196 2.4
      vertex 33.9231 58.2196 2.4
    endloop
  endfacet
  facet normal 0 0 1
    outer loop
      vertex 33.8278 57.8389 2.4
      vertex 33.8278 -57.8389 2.4
      vertex 33.9231 -58.2196 2.4
    endloop
  endfacet
  facet normal -0 0 1
    outer loop
      vertex 33.6955 57.4693 2.4
      vertex 33.8278 -57.8389 2.4
      vertex 33.8278 57.8389 2.4
    endloop
  endfacet
  facet normal 0 0 1
    outer loop
      vertex 33.6955 57.4693 2.4
      vertex 33.6955 -57.4693 2.4
      vertex 33.8278 -57.8389 2.4
    endloop
  endfacet
  facet normal 0 0 1
    outer loop
      vertex 23 -6.4 2.4
      vertex 33.6955 57.4693 2.4
      vertex 33.5277 57.1144 2.4
    endloop
  endfacet
  facet normal 0 0 1
    outer loop
      vertex 33.6955 57.4693 2.4
      vertex 23 -6.4 2.4
      vertex 33.6955 -57.4693 2.4
    endloop
  endfacet
  facet normal 0 0 1
    outer loop
      vertex 23 -6.4 2.4
      vertex 33.5277 57.1144 2.4
      vertex 33.3259 56.7777 2.4
    endloop
  endfacet
  facet normal 0 0 1
    outer loop
      vertex 33.6955 -57.4693 2.4
      vertex 23 -6.4 2.4
      vertex 33.5277 -57.1144 2.4
    endloop
  endfacet
  facet normal 0 0 1
    outer loop
      vertex 23 -6.4 2.4
      vertex 33.3259 56.7777 2.4
      vertex 33.092 56.4624 2.4
    endloop
  endfacet
  facet normal -0 0 1
    outer loop
      vertex 22.9904 -6.59603 2.4
      vertex 33.5277 -57.1144 2.4
      vertex 23 -6.4 2.4
    endloop
  endfacet
  facet normal 0 0 1
    outer loop
      vertex 23 -6.4 2.4
      vertex 33.092 56.4624 2.4
      vertex 32.8284 56.1716 2.4
    endloop
  endfacet
  facet normal 0 0 1
    outer loop
      vertex 33.5277 -57.1144 2.4
      vertex 22.9904 -6.59603 2.4
      vertex 33.3259 -56.7777 2.4
    endloop
  endfacet
  facet normal 0 0 1
    outer loop
      vertex 23 -6.4 2.4
      vertex 32.8284 56.1716 2.4
      vertex 32.5376 55.908 2.4
    endloop
  endfacet
  facet normal -0 0 1
    outer loop
      vertex 22.9616 -6.79017 2.4
      vertex 33.3259 -56.7777 2.4
      vertex 22.9904 -6.59603 2.4
    endloop
  endfacet
  facet normal 0 0 1
    outer loop
      vertex 23 -6.4 2.4
      vertex 32.5376 55.908 2.4
      vertex 32.2223 55.6741 2.4
    endloop
  endfacet
  facet normal 0 0 1
    outer loop
      vertex 33.3259 -56.7777 2.4
      vertex 22.9616 -6.79017 2.4
      vertex 33.092 -56.4624 2.4
    endloop
  endfacet
  facet normal 0 0 1
    outer loop
      vertex 23 -6.4 2.4
      vertex 32.2223 55.6741 2.4
      vertex 31.8856 55.4723 2.4
    endloop
  endfacet
  facet normal -0 0 1
    outer loop
      vertex 22.9139 -6.98057 2.4
      vertex 33.092 -56.4624 2.4
      vertex 22.9616 -6.79017 2.4
    endloop
  endfacet
  facet normal 0 0 1
    outer loop
      vertex 23 -6.4 2.4
      vertex 31.8856 55.4723 2.4
      vertex 31.5307 55.3045 2.4
    endloop
  endfacet
  facet normal 0 0 1
    outer loop
      vertex 33.092 -56.4624 2.4
      vertex 22.9139 -6.98057 2.4
      vertex 32.8284 -56.1716 2.4
    endloop
  endfacet
  facet normal 0 0 1
    outer loop
      vertex 23 50.6 2.4
      vertex 31.5307 55.3045 2.4
      vertex 31.1611 55.1722 2.4
    endloop
  endfacet
  facet normal -0 0 1
    outer loop
      vertex 22.8477 -7.16537 2.4
      vertex 32.8284 -56.1716 2.4
      vertex 22.9139 -6.98057 2.4
    endloop
  endfacet
  facet normal 0 0 1
    outer loop
      vertex 23 50.6 2.4
      vertex 31.1611 55.1722 2.4
      vertex 30.7804 55.0769 2.4
    endloop
  endfacet
  facet normal 0 0 1
    outer loop
      vertex 32.8284 -56.1716 2.4
      vertex 22.8477 -7.16537 2.4
      vertex 32.5376 -55.908 2.4
    endloop
  endfacet
  facet normal 0 0 1
    outer loop
      vertex 23 50.6 2.4
      vertex 30.7804 55.0769 2.4
      vertex 30.3921 55.0193 2.4
    endloop
  endfacet
  facet normal -0 0 1
    outer loop
      vertex 22.7638 -7.34278 2.4
      vertex 32.5376 -55.908 2.4
      vertex 22.8477 -7.16537 2.4
    endloop
  endfacet
  facet normal 0 0 1
    outer loop
      vertex 23 50.6 2.4
      vertex 30.3921 55.0193 2.4
      vertex 30 55 2.4
    endloop
  endfacet
  facet normal 0 0 1
    outer loop
      vertex 32.5376 -55.908 2.4
      vertex 22.7638 -7.34278 2.4
      vertex 32.2223 -55.6741 2.4
    endloop
  endfacet
  facet normal 0 0 1
    outer loop
      vertex 23 50.6 2.4
      vertex 30 55 2.4
      vertex 29.6079 55.0193 2.4
    endloop
  endfacet
  facet normal -0 0 1
    outer loop
      vertex 22.6629 -7.51113 2.4
      vertex 32.2223 -55.6741 2.4
      vertex 22.7638 -7.34278 2.4
    endloop
  endfacet
  facet normal 0 0 1
    outer loop
      vertex 23 50.6 2.4
      vertex 29.6079 55.0193 2.4
      vertex 29.2196 55.0769 2.4
    endloop
  endfacet
  facet normal 0 0 1
    outer loop
      vertex 32.2223 -55.6741 2.4
      vertex 22.6629 -7.51113 2.4
      vertex 31.8856 -55.4723 2.4
    endloop
  endfacet
  facet normal 0 0 1
    outer loop
      vertex 23 50.6 2.4
      vertex 29.2196 55.0769 2.4
      vertex 28.8389 55.1722 2.4
    endloop
  endfacet
  facet normal -0 0 1
    outer loop
      vertex 22.546 -7.66878 2.4
      vertex 31.8856 -55.4723 2.4
      vertex 22.6629 -7.51113 2.4
    endloop
  endfacet
  facet normal 0 0 1
    outer loop
      vertex 22.9904 50.796 2.4
      vertex 28.8389 55.1722 2.4
      vertex 28.4693 55.3045 2.4
    endloop
  endfacet
  facet normal -0 0 1
    outer loop
      vertex 16.4831 -34.0569 2.4
      vertex 31.8856 -55.4723 2.4
      vertex 22.546 -7.66878 2.4
    endloop
  endfacet
  facet normal 0 0 1
    outer loop
      vertex 22.9616 50.9902 2.4
      vertex 28.4693 55.3045 2.4
      vertex 28.1144 55.4723 2.4
    endloop
  endfacet
  facet normal 0 0 1
    outer loop
      vertex 16.4831 -34.0569 2.4
      vertex 31.5307 -55.3045 2.4
      vertex 31.8856 -55.4723 2.4
    endloop
  endfacet
  facet normal 0 0 1
    outer loop
      vertex 22.8477 51.3654 2.4
      vertex 28.1144 55.4723 2.4
      vertex 27.7777 55.6741 2.4
    endloop
  endfacet
  facet normal 0 0 1
    outer loop
      vertex 31.5307 -55.3045 2.4
      vertex 16.5 -34.4 2.4
      vertex 31.1611 -55.1722 2.4
    endloop
  endfacet
  facet normal 0 0 1
    outer loop
      vertex 22.7638 51.5428 2.4
      vertex 27.7777 55.6741 2.4
      vertex 27.4624 55.908 2.4
    endloop
  endfacet
  facet normal -0 0 1
    outer loop
      vertex 16.4831 -34.7431 2.4
      vertex 31.1611 -55.1722 2.4
      vertex 16.5 -34.4 2.4
    endloop
  endfacet
  facet normal 0 0 1
    outer loop
      vertex 22.6629 51.7111 2.4
      vertex 27.4624 55.908 2.4
      vertex 27.1716 56.1716 2.4
    endloop
  endfacet
  facet normal 0 0 1
    outer loop
      vertex 31.1611 -55.1722 2.4
      vertex 16.4831 -34.7431 2.4
      vertex 30.7804 -55.0769 2.4
    endloop
  endfacet
  facet normal 0 0 1
    outer loop
      vertex 22.4142 52.0142 2.4
      vertex 27.1716 56.1716 2.4
      vertex 26.908 56.4624 2.4
    endloop
  endfacet
  facet normal 0 0 1
    outer loop
      vertex 30.7804 -55.0769 2.4
      vertex 16.4327 -35.0828 2.4
      vertex 30.3921 -55.0193 2.4
    endloop
  endfacet
  facet normal 0 0 1
    outer loop
      vertex 22.2688 52.146 2.4
      vertex 26.908 56.4624 2.4
      vertex 26.6741 56.7777 2.4
    endloop
  endfacet
  facet normal -0 0 1
    outer loop
      vertex 16.3493 -35.416 2.4
      vertex 30.3921 -55.0193 2.4
      vertex 16.4327 -35.0828 2.4
    endloop
  endfacet
  facet normal 0 0 1
    outer loop
      vertex 21.9428 52.3638 2.4
      vertex 26.6741 56.7777 2.4
      vertex 26.4723 57.1144 2.4
    endloop
  endfacet
  facet normal 0 0 1
    outer loop
      vertex 30.3921 -55.0193 2.4
      vertex 16.3493 -35.416 2.4
      vertex 30 -55 2.4
    endloop
  endfacet
  facet normal 0 0 1
    outer loop
      vertex 21.7654 52.4477 2.4
      vertex 26.4723 57.1144 2.4
      vertex 26.3045 57.4693 2.4
    endloop
  endfacet
  facet normal -0 0 1
    outer loop
      vertex 16.2336 -35.7394 2.4
      vertex 30 -55 2.4
      vertex 16.3493 -35.416 2.4
    endloop
  endfacet
  facet normal 0 0 1
    outer loop
      vertex 21.5806 52.5139 2.4
      vertex 26.3045 57.4693 2.4
      vertex 26.1722 57.8389 2.4
    endloop
  endfacet
  facet normal 0 0 1
    outer loop
      vertex 30 -55 2.4
      vertex 16.2336 -35.7394 2.4
      vertex 29.6079 -55.0193 2.4
    endloop
  endfacet
  facet normal 0 0 1
    outer loop
      vertex 21.196 52.5904 2.4
      vertex 26.1722 57.8389 2.4
      vertex 26.0769 58.2196 2.4
    endloop
  endfacet
  facet normal -0 0 1
    outer loop
      vertex 16.0867 -36.0499 2.4
      vertex 29.6079 -55.0193 2.4
      vertex 16.2336 -35.7394 2.4
    endloop
  endfacet
  facet normal 0 0 1
    outer loop
      vertex 21 52.6 2.4
      vertex 26.0769 58.2196 2.4
      vertex 26.0193 58.6079 2.4
    endloop
  endfacet
  facet normal 0 0 1
    outer loop
      vertex 29.6079 -55.0193 2.4
      vertex 16.0867 -36.0499 2.4
      vertex 29.2196 -55.0769 2.4
    endloop
  endfacet
  facet normal 0 0 1
    outer loop
      vertex 21 52.6 2.4
      vertex 26.0193 58.6079 2.4
      vertex 26 59 2.4
    endloop
  endfacet
  facet normal -0 0 1
    outer loop
      vertex 15.9101 -36.3445 2.4
      vertex 29.2196 -55.0769 2.4
      vertex 16.0867 -36.0499 2.4
    endloop
  endfacet
  facet normal 0 0 1
    outer loop
      vertex 33.5277 60.8856 2.4
      vertex 34.6 61 2.4
      vertex 34.5875 61.2548 2.4
    endloop
  endfacet
  facet normal 0 0 1
    outer loop
      vertex 33.9807 58.6079 2.4
      vertex 34.6 61 2.4
      vertex 34 59 2.4
    endloop
  endfacet
  facet normal 0 0 1
    outer loop
      vertex 33.5277 60.8856 2.4
      vertex 34.5875 61.2548 2.4
      vertex 34.55 61.5072 2.4
    endloop
  endfacet
  facet normal 0 0 1
    outer loop
      vertex 33.9231 58.2196 2.4
      vertex 34.6 61 2.4
      vertex 33.9807 58.6079 2.4
    endloop
  endfacet
  facet normal 0 0 1
    outer loop
      vertex 33.3259 61.2223 2.4
      vertex 34.55 61.5072 2.4
      vertex 34.488 61.7547 2.4
    endloop
  endfacet
  facet normal -0 0 1
    outer loop
      vertex 33.9807 -59.3921 2.4
      vertex 34.6 -61 2.4
      vertex 34 -59 2.4
    endloop
  endfacet
  facet normal 0 0 1
    outer loop
      vertex 33.3259 61.2223 2.4
      vertex 34.488 61.7547 2.4
      vertex 34.4021 61.995 2.4
    endloop
  endfacet
  facet normal -0 0 1
    outer loop
      vertex 33.9231 -59.7804 2.4
      vertex 34.6 -61 2.4
      vertex 33.9807 -59.3921 2.4
    endloop
  endfacet
  facet normal 0 0 1
    outer loop
      vertex 33.092 61.5376 2.4
      vertex 34.4021 61.995 2.4
      vertex 34.293 62.2256 2.4
    endloop
  endfacet
  facet normal -0 0 1
    outer loop
      vertex 33.8278 -60.1611 2.4
      vertex 34.6 -61 2.4
      vertex 33.9231 -59.7804 2.4
    endloop
  endfacet
  facet normal 0 0 1
    outer loop
      vertex 33.092 61.5376 2.4
      vertex 34.293 62.2256 2.4
      vertex 34.1618 62.4445 2.4
    endloop
  endfacet
  facet normal -0 0 1
    outer loop
      vertex 33.6955 -60.5307 2.4
      vertex 34.6 -61 2.4
      vertex 33.8278 -60.1611 2.4
    endloop
  endfacet
  facet normal 0 0 1
    outer loop
      vertex 33.092 61.5376 2.4
      vertex 34.1618 62.4445 2.4
      vertex 34.0098 62.6494 2.4
    endloop
  endfacet
  facet normal -0 0 1
    outer loop
      vertex 33.5277 -60.8856 2.4
      vertex 34.6 -61 2.4
      vertex 33.6955 -60.5307 2.4
    endloop
  endfacet
  facet normal 0 0 1
    outer loop
      vertex 34.6 -61 2.4
      vertex 33.5277 -60.8856 2.4
      vertex 34.5875 -61.2548 2.4
    endloop
  endfacet
  facet normal 0 0 1
    outer loop
      vertex 34.6 61 2.4
      vertex 33.9807 59.3921 2.4
      vertex 34 59 2.4
    endloop
  endfacet
  facet normal 0 0 1
    outer loop
      vertex 34.6 61 2.4
      vertex 33.9231 59.7804 2.4
      vertex 33.9807 59.3921 2.4
    endloop
  endfacet
  facet normal 0 0 1
    outer loop
      vertex 32.8284 61.8284 2.4
      vertex 34.0098 62.6494 2.4
      vertex 33.8385 62.8385 2.4
    endloop
  endfacet
  facet normal 0 0 1
    outer loop
      vertex 34.6 61 2.4
      vertex 33.8278 60.1611 2.4
      vertex 33.9231 59.7804 2.4
    endloop
  endfacet
  facet normal 0 0 1
    outer loop
      vertex 34.6 61 2.4
      vertex 33.6955 60.5307 2.4
      vertex 33.8278 60.1611 2.4
    endloop
  endfacet
  facet normal 0 0 1
    outer loop
      vertex 32.8284 61.8284 2.4
      vertex 33.8385 62.8385 2.4
      vertex 33.6494 63.0098 2.4
    endloop
  endfacet
  facet normal 0 0 1
    outer loop
      vertex 34.6 61 2.4
      vertex 33.5277 60.8856 2.4
      vertex 33.6955 60.5307 2.4
    endloop
  endfacet
  facet normal 0 0 1
    outer loop
      vertex 32.5376 62.092 2.4
      vertex 33.6494 63.0098 2.4
      vertex 33.4445 63.1618 2.4
    endloop
  endfacet
  facet normal 0 0 1
    outer loop
      vertex 34.55 61.5072 2.4
      vertex 33.3259 61.2223 2.4
      vertex 33.5277 60.8856 2.4
    endloop
  endfacet
  facet normal 0 0 1
    outer loop
      vertex 32.5376 62.092 2.4
      vertex 33.4445 63.1618 2.4
      vertex 33.2256 63.293 2.4
    endloop
  endfacet
  facet normal 0 0 1
    outer loop
      vertex 34.4021 61.995 2.4
      vertex 33.092 61.5376 2.4
      vertex 33.3259 61.2223 2.4
    endloop
  endfacet
  facet normal 0 0 1
    outer loop
      vertex 32.5376 62.092 2.4
      vertex 33.2256 63.293 2.4
      vertex 32.995 63.4021 2.4
    endloop
  endfacet
  facet normal 0 0 1
    outer loop
      vertex 34.0098 62.6494 2.4
      vertex 32.8284 61.8284 2.4
      vertex 33.092 61.5376 2.4
    endloop
  endfacet
  facet normal 0 0 1
    outer loop
      vertex 32.2223 62.3259 2.4
      vertex 32.995 63.4021 2.4
      vertex 32.7547 63.488 2.4
    endloop
  endfacet
  facet normal 0 0 1
    outer loop
      vertex 33.6494 63.0098 2.4
      vertex 32.5376 62.092 2.4
      vertex 32.8284 61.8284 2.4
    endloop
  endfacet
  facet normal 0 0 1
    outer loop
      vertex 32.2223 62.3259 2.4
      vertex 32.7547 63.488 2.4
      vertex 32.5072 63.55 2.4
    endloop
  endfacet
  facet normal 0 0 1
    outer loop
      vertex 31.8856 62.5277 2.4
      vertex 32.5072 63.55 2.4
      vertex 32.2548 63.5875 2.4
    endloop
  endfacet
  facet normal 0 0 1
    outer loop
      vertex 32.995 63.4021 2.4
      vertex 32.2223 62.3259 2.4
      vertex 32.5376 62.092 2.4
    endloop
  endfacet
  facet normal 0 0 1
    outer loop
      vertex 31.8856 62.5277 2.4
      vertex 32.2548 63.5875 2.4
      vertex 32 63.6 2.4
    endloop
  endfacet
  facet normal 0 0 1
    outer loop
      vertex 32.5072 63.55 2.4
      vertex 31.8856 62.5277 2.4
      vertex 32.2223 62.3259 2.4
    endloop
  endfacet
  facet normal 0 0 1
    outer loop
      vertex 32 63.6 2.4
      vertex 31.5307 62.6955 2.4
      vertex 31.8856 62.5277 2.4
    endloop
  endfacet
  facet normal 0 0 1
    outer loop
      vertex 32 63.6 2.4
      vertex 31.1611 62.8278 2.4
      vertex 31.5307 62.6955 2.4
    endloop
  endfacet
  facet normal 0 0 1
    outer loop
      vertex 32 63.6 2.4
      vertex 30.7804 62.9231 2.4
      vertex 31.1611 62.8278 2.4
    endloop
  endfacet
  facet normal 0 0 1
    outer loop
      vertex 32 63.6 2.4
      vertex 30.3921 62.9807 2.4
      vertex 30.7804 62.9231 2.4
    endloop
  endfacet
  facet normal 0 0 1
    outer loop
      vertex 32 63.6 2.4
      vertex 30 63 2.4
      vertex 30.3921 62.9807 2.4
    endloop
  endfacet
  facet normal 0 0 1
    outer loop
      vertex 32 63.6 2.4
      vertex 29.6079 62.9807 2.4
      vertex 30 63 2.4
    endloop
  endfacet
  facet normal 0 0 1
    outer loop
      vertex 32 63.6 2.4
      vertex 29.2196 62.9231 2.4
      vertex 29.6079 62.9807 2.4
    endloop
  endfacet
  facet normal 0 0 1
    outer loop
      vertex 31.5307 55.3045 2.4
      vertex 23 50.6 2.4
      vertex 23 -6.4 2.4
    endloop
  endfacet
  facet normal 0 0 1
    outer loop
      vertex 21 52.6 2.4
      vertex 26 59 2.4
      vertex 26.0193 59.3921 2.4
    endloop
  endfacet
  facet normal 0 0 1
    outer loop
      vertex 21 52.6 2.4
      vertex 26.0193 59.3921 2.4
      vertex 26.0769 59.7804 2.4
    endloop
  endfacet
  facet normal 0 0 1
    outer loop
      vertex 21 52.6 2.4
      vertex 26.0769 59.7804 2.4
      vertex 26.1722 60.1611 2.4
    endloop
  endfacet
  facet normal 0 0 1
    outer loop
      vertex 28.8389 55.1722 2.4
      vertex 22.9904 50.796 2.4
      vertex 23 50.6 2.4
    endloop
  endfacet
  facet normal 0 0 1
    outer loop
      vertex 28.4693 55.3045 2.4
      vertex 22.9616 50.9902 2.4
      vertex 22.9904 50.796 2.4
    endloop
  endfacet
  facet normal 0 0 1
    outer loop
      vertex 28.1144 55.4723 2.4
      vertex 22.9139 51.1806 2.4
      vertex 22.9616 50.9902 2.4
    endloop
  endfacet
  facet normal 0 0 1
    outer loop
      vertex 21 52.6 2.4
      vertex 26.1722 60.1611 2.4
      vertex 26.3045 60.5307 2.4
    endloop
  endfacet
  facet normal 0 0 1
    outer loop
      vertex 28.1144 55.4723 2.4
      vertex 22.8477 51.3654 2.4
      vertex 22.9139 51.1806 2.4
    endloop
  endfacet
  facet normal 0 0 1
    outer loop
      vertex 27.7777 55.6741 2.4
      vertex 22.7638 51.5428 2.4
      vertex 22.8477 51.3654 2.4
    endloop
  endfacet
  facet normal 0 0 1
    outer loop
      vertex 27.4624 55.908 2.4
      vertex 22.6629 51.7111 2.4
      vertex 22.7638 51.5428 2.4
    endloop
  endfacet
  facet normal 0 0 1
    outer loop
      vertex 27.1716 56.1716 2.4
      vertex 22.546 51.8688 2.4
      vertex 22.6629 51.7111 2.4
    endloop
  endfacet
  facet normal 0 0 1
    outer loop
      vertex 27.1716 56.1716 2.4
      vertex 22.4142 52.0142 2.4
      vertex 22.546 51.8688 2.4
    endloop
  endfacet
  facet normal 0 0 1
    outer loop
      vertex 26.908 56.4624 2.4
      vertex 22.2688 52.146 2.4
      vertex 22.4142 52.0142 2.4
    endloop
  endfacet
  facet normal 0 0 1
    outer loop
      vertex -26.3045 60.5307 2.4
      vertex 26.3045 60.5307 2.4
      vertex 26.4723 60.8856 2.4
    endloop
  endfacet
  facet normal 0 0 1
    outer loop
      vertex 26.6741 56.7777 2.4
      vertex 22.1111 52.2629 2.4
      vertex 22.2688 52.146 2.4
    endloop
  endfacet
  facet normal 0 0 1
    outer loop
      vertex 26.6741 56.7777 2.4
      vertex 21.9428 52.3638 2.4
      vertex 22.1111 52.2629 2.4
    endloop
  endfacet
  facet normal 0 0 1
    outer loop
      vertex 26.4723 57.1144 2.4
      vertex 21.7654 52.4477 2.4
      vertex 21.9428 52.3638 2.4
    endloop
  endfacet
  facet normal 0 0 1
    outer loop
      vertex 26.3045 57.4693 2.4
      vertex 21.5806 52.5139 2.4
      vertex 21.7654 52.4477 2.4
    endloop
  endfacet
  facet normal 0 0 1
    outer loop
      vertex 26.1722 57.8389 2.4
      vertex 21.3902 52.5616 2.4
      vertex 21.5806 52.5139 2.4
    endloop
  endfacet
  facet normal 0 0 1
    outer loop
      vertex -26.4723 60.8856 2.4
      vertex 26.4723 60.8856 2.4
      vertex 26.6741 61.2223 2.4
    endloop
  endfacet
  facet normal 0 0 1
    outer loop
      vertex 26.1722 57.8389 2.4
      vertex 21.196 52.5904 2.4
      vertex 21.3902 52.5616 2.4
    endloop
  endfacet
  facet normal 0 0 1
    outer loop
      vertex 26.0769 58.2196 2.4
      vertex 21 52.6 2.4
      vertex 21.196 52.5904 2.4
    endloop
  endfacet
  facet normal 0 0 1
    outer loop
      vertex 26.3045 60.5307 2.4
      vertex -21 52.6 2.4
      vertex 21 52.6 2.4
    endloop
  endfacet
  facet normal 0 0 1
    outer loop
      vertex -26.6741 61.2223 2.4
      vertex 26.6741 61.2223 2.4
      vertex 26.908 61.5376 2.4
    endloop
  endfacet
  facet normal 0 0 1
    outer loop
      vertex -26.908 61.5376 2.4
      vertex 26.908 61.5376 2.4
      vertex 27.1716 61.8284 2.4
    endloop
  endfacet
  facet normal 0 0 1
    outer loop
      vertex -27.1716 61.8284 2.4
      vertex 27.1716 61.8284 2.4
      vertex 27.4624 62.092 2.4
    endloop
  endfacet
  facet normal 0 0 1
    outer loop
      vertex -27.4624 62.092 2.4
      vertex 27.4624 62.092 2.4
      vertex 27.7777 62.3259 2.4
    endloop
  endfacet
  facet normal 0 0 1
    outer loop
      vertex -27.7777 62.3259 2.4
      vertex 27.7777 62.3259 2.4
      vertex 28.1144 62.5277 2.4
    endloop
  endfacet
  facet normal 0 0 1
    outer loop
      vertex -28.1144 62.5277 2.4
      vertex 28.1144 62.5277 2.4
      vertex 28.4693 62.6955 2.4
    endloop
  endfacet
  facet normal 0 0 1
    outer loop
      vertex -28.4693 62.6955 2.4
      vertex 28.4693 62.6955 2.4
      vertex 28.8389 62.8278 2.4
    endloop
  endfacet
  facet normal 0 0 1
    outer loop
      vertex -28.8389 62.8278 2.4
      vertex 28.8389 62.8278 2.4
      vertex 29.2196 62.9231 2.4
    endloop
  endfacet
  facet normal 0 0 1
    outer loop
      vertex -29.2196 62.9231 2.4
      vertex 29.2196 62.9231 2.4
      vertex 32 63.6 2.4
    endloop
  endfacet
  facet normal 0 0 1
    outer loop
      vertex 26.3045 60.5307 2.4
      vertex -26.3045 60.5307 2.4
      vertex -21 52.6 2.4
    endloop
  endfacet
  facet normal -0 -0 1
    outer loop
      vertex -26.1722 60.1611 2.4
      vertex -21 52.6 2.4
      vertex -26.3045 60.5307 2.4
    endloop
  endfacet
  facet normal 0 0 1
    outer loop
      vertex -22.4142 52.0142 2.4
      vertex -27.1716 56.1716 2.4
      vertex -22.546 51.8688 2.4
    endloop
  endfacet
  facet normal -0 0 1
    outer loop
      vertex -27.1716 56.1716 2.4
      vertex -22.4142 52.0142 2.4
      vertex -26.908 56.4624 2.4
    endloop
  endfacet
  facet normal 0 0 1
    outer loop
      vertex -22.2688 52.146 2.4
      vertex -26.908 56.4624 2.4
      vertex -22.4142 52.0142 2.4
    endloop
  endfacet
  facet normal -0 0 1
    outer loop
      vertex -26.908 56.4624 2.4
      vertex -22.2688 52.146 2.4
      vertex -26.6741 56.7777 2.4
    endloop
  endfacet
  facet normal 0 0 1
    outer loop
      vertex -22.1111 52.2629 2.4
      vertex -26.6741 56.7777 2.4
      vertex -22.2688 52.146 2.4
    endloop
  endfacet
  facet normal 0 0 1
    outer loop
      vertex -21.9428 52.3638 2.4
      vertex -26.6741 56.7777 2.4
      vertex -22.1111 52.2629 2.4
    endloop
  endfacet
  facet normal -0 0 1
    outer loop
      vertex -26.6741 56.7777 2.4
      vertex -21.9428 52.3638 2.4
      vertex -26.4723 57.1144 2.4
    endloop
  endfacet
  facet normal 0 0 1
    outer loop
      vertex -21.7654 52.4477 2.4
      vertex -26.4723 57.1144 2.4
      vertex -21.9428 52.3638 2.4
    endloop
  endfacet
  facet normal -0 0 1
    outer loop
      vertex -26.4723 57.1144 2.4
      vertex -21.7654 52.4477 2.4
      vertex -26.3045 57.4693 2.4
    endloop
  endfacet
  facet normal 0 0 1
    outer loop
      vertex -21.5806 52.5139 2.4
      vertex -26.3045 57.4693 2.4
      vertex -21.7654 52.4477 2.4
    endloop
  endfacet
  facet normal -0 0 1
    outer loop
      vertex -26.3045 57.4693 2.4
      vertex -21.5806 52.5139 2.4
      vertex -26.1722 57.8389 2.4
    endloop
  endfacet
  facet normal 0 0 1
    outer loop
      vertex -21.3902 52.5616 2.4
      vertex -26.1722 57.8389 2.4
      vertex -21.5806 52.5139 2.4
    endloop
  endfacet
  facet normal 0 0 1
    outer loop
      vertex -21.196 52.5904 2.4
      vertex -26.1722 57.8389 2.4
      vertex -21.3902 52.5616 2.4
    endloop
  endfacet
  facet normal -0 0 1
    outer loop
      vertex -26.1722 57.8389 2.4
      vertex -21.196 52.5904 2.4
      vertex -26.0769 58.2196 2.4
    endloop
  endfacet
  facet normal 0 0 1
    outer loop
      vertex -21 52.6 2.4
      vertex -26.0769 58.2196 2.4
      vertex -21.196 52.5904 2.4
    endloop
  endfacet
  facet normal -0 -0 1
    outer loop
      vertex -26.0769 59.7804 2.4
      vertex -21 52.6 2.4
      vertex -26.1722 60.1611 2.4
    endloop
  endfacet
  facet normal -0 0 1
    outer loop
      vertex -26.0769 58.2196 2.4
      vertex -21 52.6 2.4
      vertex -26.0193 58.6079 2.4
    endloop
  endfacet
  facet normal -0 0 1
    outer loop
      vertex -26.0193 58.6079 2.4
      vertex -21 52.6 2.4
      vertex -26 59 2.4
    endloop
  endfacet
  facet normal -0 -0 1
    outer loop
      vertex -26 59 2.4
      vertex -21 52.6 2.4
      vertex -26.0193 59.3921 2.4
    endloop
  endfacet
  facet normal -0 -0 1
    outer loop
      vertex -26.0193 59.3921 2.4
      vertex -21 52.6 2.4
      vertex -26.0769 59.7804 2.4
    endloop
  endfacet
  facet normal 0 0 1
    outer loop
      vertex 26.4723 60.8856 2.4
      vertex -26.4723 60.8856 2.4
      vertex -26.3045 60.5307 2.4
    endloop
  endfacet
  facet normal 0 0 1
    outer loop
      vertex 26.6741 61.2223 2.4
      vertex -26.6741 61.2223 2.4
      vertex -26.4723 60.8856 2.4
    endloop
  endfacet
  facet normal 0 0 1
    outer loop
      vertex 26.908 61.5376 2.4
      vertex -26.908 61.5376 2.4
      vertex -26.6741 61.2223 2.4
    endloop
  endfacet
  facet normal 0 0 1
    outer loop
      vertex 27.1716 61.8284 2.4
      vertex -27.1716 61.8284 2.4
      vertex -26.908 61.5376 2.4
    endloop
  endfacet
  facet normal 0 0 1
    outer loop
      vertex 27.4624 62.092 2.4
      vertex -27.4624 62.092 2.4
      vertex -27.1716 61.8284 2.4
    endloop
  endfacet
  facet normal 0 0 1
    outer loop
      vertex 27.7777 62.3259 2.4
      vertex -27.7777 62.3259 2.4
      vertex -27.4624 62.092 2.4
    endloop
  endfacet
  facet normal 0 0 1
    outer loop
      vertex 28.1144 62.5277 2.4
      vertex -28.1144 62.5277 2.4
      vertex -27.7777 62.3259 2.4
    endloop
  endfacet
  facet normal 0 0 1
    outer loop
      vertex 28.4693 62.6955 2.4
      vertex -28.4693 62.6955 2.4
      vertex -28.1144 62.5277 2.4
    endloop
  endfacet
  facet normal 0 0 1
    outer loop
      vertex 28.8389 62.8278 2.4
      vertex -28.8389 62.8278 2.4
      vertex -28.4693 62.6955 2.4
    endloop
  endfacet
  facet normal 0 0 1
    outer loop
      vertex 29.2196 62.9231 2.4
      vertex -29.2196 62.9231 2.4
      vertex -28.8389 62.8278 2.4
    endloop
  endfacet
  facet normal -0 0 1
    outer loop
      vertex -32 63.6 2.4
      vertex -29.2196 62.9231 2.4
      vertex 32 63.6 2.4
    endloop
  endfacet
  facet normal 0 0 1
    outer loop
      vertex -29.2196 62.9231 2.4
      vertex -32 63.6 2.4
      vertex -29.6079 62.9807 2.4
    endloop
  endfacet
  facet normal 0 0 1
    outer loop
      vertex -29.6079 62.9807 2.4
      vertex -32 63.6 2.4
      vertex -30 63 2.4
    endloop
  endfacet
  facet normal 0 0 1
    outer loop
      vertex -32 63.6 2.4
      vertex -30.3921 62.9807 2.4
      vertex -30 63 2.4
    endloop
  endfacet
  facet normal 0 0 1
    outer loop
      vertex -32 63.6 2.4
      vertex -30.7804 62.9231 2.4
      vertex -30.3921 62.9807 2.4
    endloop
  endfacet
  facet normal 0 0 1
    outer loop
      vertex -32 63.6 2.4
      vertex -31.1611 62.8278 2.4
      vertex -30.7804 62.9231 2.4
    endloop
  endfacet
  facet normal 0 0 1
    outer loop
      vertex -32 63.6 2.4
      vertex -31.5307 62.6955 2.4
      vertex -31.1611 62.8278 2.4
    endloop
  endfacet
  facet normal 0 0 1
    outer loop
      vertex -32 63.6 2.4
      vertex -31.8856 62.5277 2.4
      vertex -31.5307 62.6955 2.4
    endloop
  endfacet
  facet normal -0 0 1
    outer loop
      vertex -32.2548 63.5875 2.4
      vertex -31.8856 62.5277 2.4
      vertex -32 63.6 2.4
    endloop
  endfacet
  facet normal -0 0 1
    outer loop
      vertex -32.5072 63.55 2.4
      vertex -31.8856 62.5277 2.4
      vertex -32.2548 63.5875 2.4
    endloop
  endfacet
  facet normal 0 0 1
    outer loop
      vertex -31.8856 62.5277 2.4
      vertex -32.5072 63.55 2.4
      vertex -32.2223 62.3259 2.4
    endloop
  endfacet
  facet normal -0 0 1
    outer loop
      vertex -32.7547 63.488 2.4
      vertex -32.2223 62.3259 2.4
      vertex -32.5072 63.55 2.4
    endloop
  endfacet
  facet normal -0 0 1
    outer loop
      vertex -32.995 63.4021 2.4
      vertex -32.2223 62.3259 2.4
      vertex -32.7547 63.488 2.4
    endloop
  endfacet
  facet normal 0 0 1
    outer loop
      vertex -32.2223 62.3259 2.4
      vertex -32.995 63.4021 2.4
      vertex -32.5376 62.092 2.4
    endloop
  endfacet
  facet normal -0 0 1
    outer loop
      vertex -33.2256 63.293 2.4
      vertex -32.5376 62.092 2.4
      vertex -32.995 63.4021 2.4
    endloop
  endfacet
  facet normal -0 0 1
    outer loop
      vertex -33.4445 63.1618 2.4
      vertex -32.5376 62.092 2.4
      vertex -33.2256 63.293 2.4
    endloop
  endfacet
  facet normal -0 0 1
    outer loop
      vertex -33.6494 63.0098 2.4
      vertex -32.5376 62.092 2.4
      vertex -33.4445 63.1618 2.4
    endloop
  endfacet
  facet normal 0 0 1
    outer loop
      vertex -32.5376 62.092 2.4
      vertex -33.6494 63.0098 2.4
      vertex -32.8284 61.8284 2.4
    endloop
  endfacet
  facet normal -0 0 1
    outer loop
      vertex -33.8385 62.8385 2.4
      vertex -32.8284 61.8284 2.4
      vertex -33.6494 63.0098 2.4
    endloop
  endfacet
  facet normal -0 0 1
    outer loop
      vertex -34.0098 62.6494 2.4
      vertex -32.8284 61.8284 2.4
      vertex -33.8385 62.8385 2.4
    endloop
  endfacet
  facet normal 0 0 1
    outer loop
      vertex -32.8284 61.8284 2.4
      vertex -34.0098 62.6494 2.4
      vertex -33.092 61.5376 2.4
    endloop
  endfacet
  facet normal -0 0 1
    outer loop
      vertex -34.1618 62.4445 2.4
      vertex -33.092 61.5376 2.4
      vertex -34.0098 62.6494 2.4
    endloop
  endfacet
  facet normal -0 0 1
    outer loop
      vertex -34.293 62.2256 2.4
      vertex -33.092 61.5376 2.4
      vertex -34.1618 62.4445 2.4
    endloop
  endfacet
  facet normal -0 0 1
    outer loop
      vertex -34.4021 61.995 2.4
      vertex -33.092 61.5376 2.4
      vertex -34.293 62.2256 2.4
    endloop
  endfacet
  facet normal 0 0 1
    outer loop
      vertex -33.092 61.5376 2.4
      vertex -34.4021 61.995 2.4
      vertex -33.3259 61.2223 2.4
    endloop
  endfacet
  facet normal -0 0 1
    outer loop
      vertex -34.488 61.7547 2.4
      vertex -33.3259 61.2223 2.4
      vertex -34.4021 61.995 2.4
    endloop
  endfacet
  facet normal -0 0 1
    outer loop
      vertex -34.55 61.5072 2.4
      vertex -33.3259 61.2223 2.4
      vertex -34.488 61.7547 2.4
    endloop
  endfacet
  facet normal 0 0 1
    outer loop
      vertex -33.9807 59.3921 2.4
      vertex -34.6 61 2.4
      vertex -34 59 2.4
    endloop
  endfacet
  facet normal 0 0 1
    outer loop
      vertex -33.3259 61.2223 2.4
      vertex -34.55 61.5072 2.4
      vertex -33.5277 60.8856 2.4
    endloop
  endfacet
  facet normal 0 0 1
    outer loop
      vertex 34.5875 -61.2548 2.4
      vertex 33.5277 -60.8856 2.4
      vertex 34.55 -61.5072 2.4
    endloop
  endfacet
  facet normal -0 0 1
    outer loop
      vertex 33.3259 -61.2223 2.4
      vertex 34.55 -61.5072 2.4
      vertex 33.5277 -60.8856 2.4
    endloop
  endfacet
  facet normal 0 0 1
    outer loop
      vertex 34.55 -61.5072 2.4
      vertex 33.3259 -61.2223 2.4
      vertex 34.488 -61.7547 2.4
    endloop
  endfacet
  facet normal 0 0 1
    outer loop
      vertex 34.488 -61.7547 2.4
      vertex 33.3259 -61.2223 2.4
      vertex 34.4021 -61.995 2.4
    endloop
  endfacet
  facet normal -0 0 1
    outer loop
      vertex 33.092 -61.5376 2.4
      vertex 34.4021 -61.995 2.4
      vertex 33.3259 -61.2223 2.4
    endloop
  endfacet
  facet normal 0 0 1
    outer loop
      vertex 34.4021 -61.995 2.4
      vertex 33.092 -61.5376 2.4
      vertex 34.293 -62.2256 2.4
    endloop
  endfacet
  facet normal 0 0 1
    outer loop
      vertex 34.293 -62.2256 2.4
      vertex 33.092 -61.5376 2.4
      vertex 34.1618 -62.4445 2.4
    endloop
  endfacet
  facet normal 0 0 1
    outer loop
      vertex 34.1618 -62.4445 2.4
      vertex 33.092 -61.5376 2.4
      vertex 34.0098 -62.6494 2.4
    endloop
  endfacet
  facet normal -0 0 1
    outer loop
      vertex 32.8284 -61.8284 2.4
      vertex 34.0098 -62.6494 2.4
      vertex 33.092 -61.5376 2.4
    endloop
  endfacet
  facet normal 0 0 1
    outer loop
      vertex 34.0098 -62.6494 2.4
      vertex 32.8284 -61.8284 2.4
      vertex 33.8385 -62.8385 2.4
    endloop
  endfacet
  facet normal 0 0 1
    outer loop
      vertex 33.8385 -62.8385 2.4
      vertex 32.8284 -61.8284 2.4
      vertex 33.6494 -63.0098 2.4
    endloop
  endfacet
  facet normal -0 0 1
    outer loop
      vertex 32.5376 -62.092 2.4
      vertex 33.6494 -63.0098 2.4
      vertex 32.8284 -61.8284 2.4
    endloop
  endfacet
  facet normal 0 0 1
    outer loop
      vertex 33.6494 -63.0098 2.4
      vertex 32.5376 -62.092 2.4
      vertex 33.4445 -63.1618 2.4
    endloop
  endfacet
  facet normal 0 0 1
    outer loop
      vertex 33.4445 -63.1618 2.4
      vertex 32.5376 -62.092 2.4
      vertex 33.2256 -63.293 2.4
    endloop
  endfacet
  facet normal 0 0 1
    outer loop
      vertex 33.2256 -63.293 2.4
      vertex 32.5376 -62.092 2.4
      vertex 32.995 -63.4021 2.4
    endloop
  endfacet
  facet normal -0 0 1
    outer loop
      vertex 32.2223 -62.3259 2.4
      vertex 32.995 -63.4021 2.4
      vertex 32.5376 -62.092 2.4
    endloop
  endfacet
  facet normal 0 0 1
    outer loop
      vertex 32.995 -63.4021 2.4
      vertex 32.2223 -62.3259 2.4
      vertex 32.7547 -63.488 2.4
    endloop
  endfacet
  facet normal 0 0 1
    outer loop
      vertex 32.7547 -63.488 2.4
      vertex 32.2223 -62.3259 2.4
      vertex 32.5072 -63.55 2.4
    endloop
  endfacet
  facet normal -0 0 1
    outer loop
      vertex 31.8856 -62.5277 2.4
      vertex 32.5072 -63.55 2.4
      vertex 32.2223 -62.3259 2.4
    endloop
  endfacet
  facet normal 0 0 1
    outer loop
      vertex 32.5072 -63.55 2.4
      vertex 31.8856 -62.5277 2.4
      vertex 32.2548 -63.5875 2.4
    endloop
  endfacet
  facet normal 0 0 1
    outer loop
      vertex 32.2548 -63.5875 2.4
      vertex 31.8856 -62.5277 2.4
      vertex 32 -63.6 2.4
    endloop
  endfacet
  facet normal -0 0 1
    outer loop
      vertex 31.5307 -62.6955 2.4
      vertex 32 -63.6 2.4
      vertex 31.8856 -62.5277 2.4
    endloop
  endfacet
  facet normal -0 0 1
    outer loop
      vertex 31.1611 -62.8278 2.4
      vertex 32 -63.6 2.4
      vertex 31.5307 -62.6955 2.4
    endloop
  endfacet
  facet normal -0 0 1
    outer loop
      vertex 30.7804 -62.9231 2.4
      vertex 32 -63.6 2.4
      vertex 31.1611 -62.8278 2.4
    endloop
  endfacet
  facet normal -0 0 1
    outer loop
      vertex 30.3921 -62.9807 2.4
      vertex 32 -63.6 2.4
      vertex 30.7804 -62.9231 2.4
    endloop
  endfacet
  facet normal -0 0 1
    outer loop
      vertex 30 -63 2.4
      vertex 32 -63.6 2.4
      vertex 30.3921 -62.9807 2.4
    endloop
  endfacet
  facet normal 0 0 1
    outer loop
      vertex 29.6079 -62.9807 2.4
      vertex 32 -63.6 2.4
      vertex 30 -63 2.4
    endloop
  endfacet
  facet normal 0 0 1
    outer loop
      vertex 29.2196 -62.9231 2.4
      vertex 32 -63.6 2.4
      vertex 29.6079 -62.9807 2.4
    endloop
  endfacet
  facet normal 0 0 1
    outer loop
      vertex 29.2196 -55.0769 2.4
      vertex 15.9101 -36.3445 2.4
      vertex 28.8389 -55.1722 2.4
    endloop
  endfacet
  facet normal -0 0 1
    outer loop
      vertex 15.7055 -36.6204 2.4
      vertex 28.8389 -55.1722 2.4
      vertex 15.9101 -36.3445 2.4
    endloop
  endfacet
  facet normal 0 0 1
    outer loop
      vertex 28.8389 -55.1722 2.4
      vertex 15.7055 -36.6204 2.4
      vertex 28.4693 -55.3045 2.4
    endloop
  endfacet
  facet normal 0 0 1
    outer loop
      vertex 28.4693 -55.3045 2.4
      vertex 15.4749 -36.8749 2.4
      vertex 28.1144 -55.4723 2.4
    endloop
  endfacet
  facet normal -0 0 1
    outer loop
      vertex 15.2204 -37.1055 2.4
      vertex 28.1144 -55.4723 2.4
      vertex 15.4749 -36.8749 2.4
    endloop
  endfacet
  facet normal 0 0 1
    outer loop
      vertex 28.1144 -55.4723 2.4
      vertex 15.2204 -37.1055 2.4
      vertex 27.7777 -55.6741 2.4
    endloop
  endfacet
  facet normal -0 0 1
    outer loop
      vertex 14.9445 -37.3101 2.4
      vertex 27.7777 -55.6741 2.4
      vertex 15.2204 -37.1055 2.4
    endloop
  endfacet
  facet normal -0 0 1
    outer loop
      vertex 15.4749 -36.8749 2.4
      vertex 28.4693 -55.3045 2.4
      vertex 15.7055 -36.6204 2.4
    endloop
  endfacet
  facet normal -0 0 1
    outer loop
      vertex 16.4327 -35.0828 2.4
      vertex 30.7804 -55.0769 2.4
      vertex 16.4831 -34.7431 2.4
    endloop
  endfacet
  facet normal 0 0 1
    outer loop
      vertex 16.4831 -34.0569 2.4
      vertex 22.546 -7.66878 2.4
      vertex 22.4142 -7.8142 2.4
    endloop
  endfacet
  facet normal 0 0 1
    outer loop
      vertex 16.4831 -34.0569 2.4
      vertex 22.4142 -7.8142 2.4
      vertex 22.2688 -7.94602 2.4
    endloop
  endfacet
  facet normal 0 0 1
    outer loop
      vertex 16.4831 -34.0569 2.4
      vertex 22.2688 -7.94602 2.4
      vertex 22.1111 -8.06293 2.4
    endloop
  endfacet
  facet normal 0 0 1
    outer loop
      vertex 16.4831 -34.0569 2.4
      vertex 22.1111 -8.06293 2.4
      vertex 21.9428 -8.16384 2.4
    endloop
  endfacet
  facet normal 0 0 1
    outer loop
      vertex 16.4831 -34.0569 2.4
      vertex 21.9428 -8.16384 2.4
      vertex 21.7654 -8.24775 2.4
    endloop
  endfacet
  facet normal 0 0 1
    outer loop
      vertex 16.4831 -34.0569 2.4
      vertex 21.7654 -8.24775 2.4
      vertex 21.5806 -8.31388 2.4
    endloop
  endfacet
  facet normal 0 0 1
    outer loop
      vertex 16.4831 -34.0569 2.4
      vertex 21.5806 -8.31388 2.4
      vertex 21.3902 -8.36156 2.4
    endloop
  endfacet
  facet normal 0 0 1
    outer loop
      vertex 16.4831 -34.0569 2.4
      vertex 21.3902 -8.36156 2.4
      vertex 21.196 -8.39036 2.4
    endloop
  endfacet
  facet normal 0 0 1
    outer loop
      vertex 14.9445 -31.4899 2.4
      vertex 21.196 -8.39036 2.4
      vertex 21 -8.4 2.4
    endloop
  endfacet
  facet normal 0 0 1
    outer loop
      vertex 27.7777 -55.6741 2.4
      vertex 14.9445 -37.3101 2.4
      vertex 27.4624 -55.908 2.4
    endloop
  endfacet
  facet normal -0 0 1
    outer loop
      vertex 14.6499 -37.4867 2.4
      vertex 27.4624 -55.908 2.4
      vertex 14.9445 -37.3101 2.4
    endloop
  endfacet
  facet normal 0 0 1
    outer loop
      vertex 27.4624 -55.908 2.4
      vertex 14.6499 -37.4867 2.4
      vertex 27.1716 -56.1716 2.4
    endloop
  endfacet
  facet normal -0 0 1
    outer loop
      vertex 14.3394 -37.6336 2.4
      vertex 27.1716 -56.1716 2.4
      vertex 14.6499 -37.4867 2.4
    endloop
  endfacet
  facet normal 0 0 1
    outer loop
      vertex 27.1716 -56.1716 2.4
      vertex 14.3394 -37.6336 2.4
      vertex 26.908 -56.4624 2.4
    endloop
  endfacet
  facet normal -0 0 1
    outer loop
      vertex 14.016 -37.7493 2.4
      vertex 26.908 -56.4624 2.4
      vertex 14.3394 -37.6336 2.4
    endloop
  endfacet
  facet normal 0 0 1
    outer loop
      vertex 26.908 -56.4624 2.4
      vertex 14.016 -37.7493 2.4
      vertex 26.6741 -56.7777 2.4
    endloop
  endfacet
  facet normal -0 0 1
    outer loop
      vertex 13.6828 -37.8327 2.4
      vertex 26.6741 -56.7777 2.4
      vertex 14.016 -37.7493 2.4
    endloop
  endfacet
  facet normal -0 0 1
    outer loop
      vertex 3.43275 -48.0828 2.4
      vertex 26.6741 -56.7777 2.4
      vertex 13.6828 -37.8327 2.4
    endloop
  endfacet
  facet normal 0 0 1
    outer loop
      vertex 26.6741 -56.7777 2.4
      vertex 3.43275 -48.0828 2.4
      vertex 26.4723 -57.1144 2.4
    endloop
  endfacet
  facet normal -0 0 1
    outer loop
      vertex 3.34929 -48.416 2.4
      vertex 26.4723 -57.1144 2.4
      vertex 3.43275 -48.0828 2.4
    endloop
  endfacet
  facet normal 0 0 1
    outer loop
      vertex 26.4723 -57.1144 2.4
      vertex 3.34929 -48.416 2.4
      vertex 26.3045 -57.4693 2.4
    endloop
  endfacet
  facet normal -0 0 1
    outer loop
      vertex 3.23358 -48.7394 2.4
      vertex 26.3045 -57.4693 2.4
      vertex 3.34929 -48.416 2.4
    endloop
  endfacet
  facet normal 0 0 1
    outer loop
      vertex 26.3045 -57.4693 2.4
      vertex 3.23358 -48.7394 2.4
      vertex 26.1722 -57.8389 2.4
    endloop
  endfacet
  facet normal -0 0 1
    outer loop
      vertex 3.08672 -49.0499 2.4
      vertex 26.1722 -57.8389 2.4
      vertex 3.23358 -48.7394 2.4
    endloop
  endfacet
  facet normal 0 0 1
    outer loop
      vertex 26.1722 -57.8389 2.4
      vertex 3.08672 -49.0499 2.4
      vertex 26.0769 -58.2196 2.4
    endloop
  endfacet
  facet normal -0 0 1
    outer loop
      vertex 2.91014 -49.3445 2.4
      vertex 26.0769 -58.2196 2.4
      vertex 3.08672 -49.0499 2.4
    endloop
  endfacet
  facet normal 0 0 1
    outer loop
      vertex 26.0769 -58.2196 2.4
      vertex 2.91014 -49.3445 2.4
      vertex 26.0193 -58.6079 2.4
    endloop
  endfacet
  facet normal -0 0 1
    outer loop
      vertex 2.70554 -49.6204 2.4
      vertex 26.0193 -58.6079 2.4
      vertex 2.91014 -49.3445 2.4
    endloop
  endfacet
  facet normal 0 0 1
    outer loop
      vertex 3.43275 -48.0828 2.4
      vertex 13.6828 -37.8327 2.4
      vertex 13.3431 -37.8831 2.4
    endloop
  endfacet
  facet normal 0 0 1
    outer loop
      vertex 3.48315 -47.7431 2.4
      vertex 13.3431 -37.8831 2.4
      vertex 13 -37.9 2.4
    endloop
  endfacet
  facet normal 0 0 1
    outer loop
      vertex 3.5 -47.4 2.4
      vertex 13 -37.9 2.4
      vertex 12.6569 -37.8831 2.4
    endloop
  endfacet
  facet normal 0 0 1
    outer loop
      vertex 26.0193 -58.6079 2.4
      vertex 2.70554 -49.6204 2.4
      vertex 26 -59 2.4
    endloop
  endfacet
  facet normal 0 0 1
    outer loop
      vertex 3.5 -47.4 2.4
      vertex 12.6569 -37.8831 2.4
      vertex 12.3172 -37.8327 2.4
    endloop
  endfacet
  facet normal 0 0 1
    outer loop
      vertex 3.5 -47.4 2.4
      vertex 12.3172 -37.8327 2.4
      vertex 11.984 -37.7493 2.4
    endloop
  endfacet
  facet normal 0 0 1
    outer loop
      vertex 3.5 -47.4 2.4
      vertex 11.984 -37.7493 2.4
      vertex 11.6606 -37.6336 2.4
    endloop
  endfacet
  facet normal 0 0 1
    outer loop
      vertex 3.5 -47.4 2.4
      vertex 11.6606 -37.6336 2.4
      vertex 11.3501 -37.4867 2.4
    endloop
  endfacet
  facet normal 0 0 1
    outer loop
      vertex 3.5 -47.4 2.4
      vertex 11.3501 -37.4867 2.4
      vertex 11.0555 -37.3101 2.4
    endloop
  endfacet
  facet normal 0 0 1
    outer loop
      vertex 3.5 -47.4 2.4
      vertex 11.0555 -37.3101 2.4
      vertex 10.7796 -37.1055 2.4
    endloop
  endfacet
  facet normal 0 0 1
    outer loop
      vertex 3.5 -47.4 2.4
      vertex 10.7796 -37.1055 2.4
      vertex 10.5251 -36.8749 2.4
    endloop
  endfacet
  facet normal 0 0 1
    outer loop
      vertex 3.5 -47.4 2.4
      vertex 10.5251 -36.8749 2.4
      vertex 10.2945 -36.6204 2.4
    endloop
  endfacet
  facet normal 0 0 1
    outer loop
      vertex 9.65071 -35.416 2.4
      vertex 3.34929 -35.416 2.4
      vertex 9.76642 -35.7394 2.4
    endloop
  endfacet
  facet normal 0 0 1
    outer loop
      vertex 9.51685 -34.0569 2.4
      vertex 3.5 -34.4 2.4
      vertex 9.5 -34.4 2.4
    endloop
  endfacet
  facet normal 0 0 1
    outer loop
      vertex 9.5 -34.4 2.4
      vertex 3.5 -34.4 2.4
      vertex 9.51685 -34.7431 2.4
    endloop
  endfacet
  facet normal 0 0 1
    outer loop
      vertex 3.48315 -34.7431 2.4
      vertex 9.51685 -34.7431 2.4
      vertex 3.5 -34.4 2.4
    endloop
  endfacet
  facet normal 0 0 1
    outer loop
      vertex 9.51685 -34.7431 2.4
      vertex 3.48315 -34.7431 2.4
      vertex 9.56725 -35.0828 2.4
    endloop
  endfacet
  facet normal 0 0 1
    outer loop
      vertex 3.43275 -35.0828 2.4
      vertex 9.56725 -35.0828 2.4
      vertex 3.48315 -34.7431 2.4
    endloop
  endfacet
  facet normal 0 0 1
    outer loop
      vertex 9.56725 -35.0828 2.4
      vertex 3.43275 -35.0828 2.4
      vertex 9.65071 -35.416 2.4
    endloop
  endfacet
  facet normal 0 0 1
    outer loop
      vertex 3.34929 -35.416 2.4
      vertex 9.65071 -35.416 2.4
      vertex 3.43275 -35.0828 2.4
    endloop
  endfacet
  facet normal 0 0 1
    outer loop
      vertex 3.23358 -35.7394 2.4
      vertex 9.76642 -35.7394 2.4
      vertex 3.34929 -35.416 2.4
    endloop
  endfacet
  facet normal 0 0 1
    outer loop
      vertex 13 -37.9 2.4
      vertex 3.5 -47.4 2.4
      vertex 3.48315 -47.7431 2.4
    endloop
  endfacet
  facet normal 0 0 1
    outer loop
      vertex 13.3431 -37.8831 2.4
      vertex 3.48315 -47.7431 2.4
      vertex 3.43275 -48.0828 2.4
    endloop
  endfacet
  facet normal -0 0 1
    outer loop
      vertex 2.47487 -49.8749 2.4
      vertex 26 -59 2.4
      vertex 2.70554 -49.6204 2.4
    endloop
  endfacet
  facet normal 0 0 1
    outer loop
      vertex 26 -59 2.4
      vertex 2.47487 -49.8749 2.4
      vertex 26.0193 -59.3921 2.4
    endloop
  endfacet
  facet normal -0 0 1
    outer loop
      vertex 2.22038 -50.1055 2.4
      vertex 26.0193 -59.3921 2.4
      vertex 2.47487 -49.8749 2.4
    endloop
  endfacet
  facet normal 0 0 1
    outer loop
      vertex 26.0193 -59.3921 2.4
      vertex 2.22038 -50.1055 2.4
      vertex 26.0769 -59.7804 2.4
    endloop
  endfacet
  facet normal -0 0 1
    outer loop
      vertex 1.9445 -50.3101 2.4
      vertex 26.0769 -59.7804 2.4
      vertex 2.22038 -50.1055 2.4
    endloop
  endfacet
  facet normal 0 0 1
    outer loop
      vertex 26.0769 -59.7804 2.4
      vertex 1.9445 -50.3101 2.4
      vertex 26.1722 -60.1611 2.4
    endloop
  endfacet
  facet normal -0 0 1
    outer loop
      vertex 1.64989 -50.4867 2.4
      vertex 26.1722 -60.1611 2.4
      vertex 1.9445 -50.3101 2.4
    endloop
  endfacet
  facet normal 0 0 1
    outer loop
      vertex 26.1722 -60.1611 2.4
      vertex 1.64989 -50.4867 2.4
      vertex 26.3045 -60.5307 2.4
    endloop
  endfacet
  facet normal -0 0 1
    outer loop
      vertex 1.33939 -50.6336 2.4
      vertex 26.3045 -60.5307 2.4
      vertex 1.64989 -50.4867 2.4
    endloop
  endfacet
  facet normal 0 0 1
    outer loop
      vertex 26.3045 -60.5307 2.4
      vertex 1.33939 -50.6336 2.4
      vertex 26.4723 -60.8856 2.4
    endloop
  endfacet
  facet normal -0 0 1
    outer loop
      vertex 1.016 -50.7493 2.4
      vertex 26.4723 -60.8856 2.4
      vertex 1.33939 -50.6336 2.4
    endloop
  endfacet
  facet normal 0 0 1
    outer loop
      vertex 26.4723 -60.8856 2.4
      vertex 1.016 -50.7493 2.4
      vertex 26.6741 -61.2223 2.4
    endloop
  endfacet
  facet normal -0 0 1
    outer loop
      vertex 0.682816 -50.8327 2.4
      vertex 26.6741 -61.2223 2.4
      vertex 1.016 -50.7493 2.4
    endloop
  endfacet
  facet normal 0 0 1
    outer loop
      vertex 26.6741 -61.2223 2.4
      vertex 0.682816 -50.8327 2.4
      vertex 26.908 -61.5376 2.4
    endloop
  endfacet
  facet normal -0 0 1
    outer loop
      vertex 0.34306 -50.8831 2.4
      vertex 26.908 -61.5376 2.4
      vertex 0.682816 -50.8327 2.4
    endloop
  endfacet
  facet normal 0 0 1
    outer loop
      vertex 26.908 -61.5376 2.4
      vertex 0.34306 -50.8831 2.4
      vertex 27.1716 -61.8284 2.4
    endloop
  endfacet
  facet normal -0 0 1
    outer loop
      vertex 0 -50.9 2.4
      vertex 27.1716 -61.8284 2.4
      vertex 0.34306 -50.8831 2.4
    endloop
  endfacet
  facet normal 0 0 1
    outer loop
      vertex -27.1716 -61.8284 2.4
      vertex 27.1716 -61.8284 2.4
      vertex 0 -50.9 2.4
    endloop
  endfacet
  facet normal 0 0 1
    outer loop
      vertex 27.1716 -61.8284 2.4
      vertex -27.1716 -61.8284 2.4
      vertex 27.4624 -62.092 2.4
    endloop
  endfacet
  facet normal 0 0 1
    outer loop
      vertex -27.4624 -62.092 2.4
      vertex 27.4624 -62.092 2.4
      vertex -27.1716 -61.8284 2.4
    endloop
  endfacet
  facet normal 0 0 1
    outer loop
      vertex 27.4624 -62.092 2.4
      vertex -27.4624 -62.092 2.4
      vertex 27.7777 -62.3259 2.4
    endloop
  endfacet
  facet normal 0 0 1
    outer loop
      vertex -27.1716 -61.8284 2.4
      vertex 0 -50.9 2.4
      vertex -0.34306 -50.8831 2.4
    endloop
  endfacet
  facet normal 0 0 1
    outer loop
      vertex -26.908 -61.5376 2.4
      vertex -0.34306 -50.8831 2.4
      vertex -0.682816 -50.8327 2.4
    endloop
  endfacet
  facet normal 0 0 1
    outer loop
      vertex -26.6741 -61.2223 2.4
      vertex -0.682816 -50.8327 2.4
      vertex -1.016 -50.7493 2.4
    endloop
  endfacet
  facet normal 0 0 1
    outer loop
      vertex -26.4723 -60.8856 2.4
      vertex -1.016 -50.7493 2.4
      vertex -1.33939 -50.6336 2.4
    endloop
  endfacet
  facet normal 0 0 1
    outer loop
      vertex -3.48315 -34.7431 2.4
      vertex -9.51685 -34.7431 2.4
      vertex -9.56725 -35.0828 2.4
    endloop
  endfacet
  facet normal 0 0 1
    outer loop
      vertex -3.43275 -35.0828 2.4
      vertex -9.56725 -35.0828 2.4
      vertex -9.65071 -35.416 2.4
    endloop
  endfacet
  facet normal 0 0 1
    outer loop
      vertex -3.34929 -35.416 2.4
      vertex -9.65071 -35.416 2.4
      vertex -9.76642 -35.7394 2.4
    endloop
  endfacet
  facet normal 0 0 1
    outer loop
      vertex -3.23358 -35.7394 2.4
      vertex -9.76642 -35.7394 2.4
      vertex -9.91327 -36.0499 2.4
    endloop
  endfacet
  facet normal 0 0 1
    outer loop
      vertex -3.08672 -36.0499 2.4
      vertex -9.91327 -36.0499 2.4
      vertex -10.0899 -36.3445 2.4
    endloop
  endfacet
  facet normal 0 0 1
    outer loop
      vertex -2.91014 -36.3445 2.4
      vertex -10.0899 -36.3445 2.4
      vertex -10.2945 -36.6204 2.4
    endloop
  endfacet
  facet normal 0 0 1
    outer loop
      vertex -3.08672 -45.7501 2.4
      vertex -11.3501 -37.4867 2.4
      vertex -3.23358 -46.0606 2.4
    endloop
  endfacet
  facet normal -0 0 1
    outer loop
      vertex -11.6606 -37.6336 2.4
      vertex -3.23358 -46.0606 2.4
      vertex -11.3501 -37.4867 2.4
    endloop
  endfacet
  facet normal 0 0 1
    outer loop
      vertex -3.23358 -46.0606 2.4
      vertex -11.6606 -37.6336 2.4
      vertex -3.34929 -46.384 2.4
    endloop
  endfacet
  facet normal -0 0 1
    outer loop
      vertex -11.984 -37.7493 2.4
      vertex -3.34929 -46.384 2.4
      vertex -11.6606 -37.6336 2.4
    endloop
  endfacet
  facet normal 0 0 1
    outer loop
      vertex -3.34929 -46.384 2.4
      vertex -11.984 -37.7493 2.4
      vertex -3.43275 -46.7172 2.4
    endloop
  endfacet
  facet normal -0 0 1
    outer loop
      vertex -12.3172 -37.8327 2.4
      vertex -3.43275 -46.7172 2.4
      vertex -11.984 -37.7493 2.4
    endloop
  endfacet
  facet normal 0 0 1
    outer loop
      vertex -3.43275 -46.7172 2.4
      vertex -12.3172 -37.8327 2.4
      vertex -3.48315 -47.0569 2.4
    endloop
  endfacet
  facet normal -0 0 1
    outer loop
      vertex -12.6569 -37.8831 2.4
      vertex -3.48315 -47.0569 2.4
      vertex -12.3172 -37.8327 2.4
    endloop
  endfacet
  facet normal 0 0 1
    outer loop
      vertex -3.48315 -47.0569 2.4
      vertex -12.6569 -37.8831 2.4
      vertex -3.5 -47.4 2.4
    endloop
  endfacet
  facet normal -0 0 1
    outer loop
      vertex -13 -37.9 2.4
      vertex -3.5 -47.4 2.4
      vertex -12.6569 -37.8831 2.4
    endloop
  endfacet
  facet normal 0 0 1
    outer loop
      vertex -3.5 -47.4 2.4
      vertex -13 -37.9 2.4
      vertex -3.48315 -47.7431 2.4
    endloop
  endfacet
  facet normal 0 0 1
    outer loop
      vertex -13.3431 -37.8831 2.4
      vertex -3.48315 -47.7431 2.4
      vertex -13 -37.9 2.4
    endloop
  endfacet
  facet normal 0 0 1
    outer loop
      vertex -3.48315 -47.7431 2.4
      vertex -13.3431 -37.8831 2.4
      vertex -3.43275 -48.0828 2.4
    endloop
  endfacet
  facet normal 0 0 1
    outer loop
      vertex -13.6828 -37.8327 2.4
      vertex -3.43275 -48.0828 2.4
      vertex -13.3431 -37.8831 2.4
    endloop
  endfacet
  facet normal 0 0 1
    outer loop
      vertex -26 -59 2.4
      vertex -3.43275 -48.0828 2.4
      vertex -13.6828 -37.8327 2.4
    endloop
  endfacet
  facet normal 0 0 1
    outer loop
      vertex -3.43275 -48.0828 2.4
      vertex -26 -59 2.4
      vertex -3.34929 -48.416 2.4
    endloop
  endfacet
  facet normal 0 0 1
    outer loop
      vertex -3.34929 -48.416 2.4
      vertex -26 -59 2.4
      vertex -3.23358 -48.7394 2.4
    endloop
  endfacet
  facet normal 0 0 1
    outer loop
      vertex -3.23358 -48.7394 2.4
      vertex -26 -59 2.4
      vertex -3.08672 -49.0499 2.4
    endloop
  endfacet
  facet normal 0 0 1
    outer loop
      vertex -3.08672 -49.0499 2.4
      vertex -26 -59 2.4
      vertex -2.91014 -49.3445 2.4
    endloop
  endfacet
  facet normal 0 0 1
    outer loop
      vertex -2.91014 -49.3445 2.4
      vertex -26 -59 2.4
      vertex -2.70554 -49.6204 2.4
    endloop
  endfacet
  facet normal 0 0 1
    outer loop
      vertex -26 -59 2.4
      vertex -13.6828 -37.8327 2.4
      vertex -14.016 -37.7493 2.4
    endloop
  endfacet
  facet normal 0 0 1
    outer loop
      vertex -26 -59 2.4
      vertex -14.016 -37.7493 2.4
      vertex -14.3394 -37.6336 2.4
    endloop
  endfacet
  facet normal 0 0 1
    outer loop
      vertex -26 -59 2.4
      vertex -14.3394 -37.6336 2.4
      vertex -14.6499 -37.4867 2.4
    endloop
  endfacet
  facet normal 0 0 1
    outer loop
      vertex -26 -59 2.4
      vertex -14.6499 -37.4867 2.4
      vertex -14.9445 -37.3101 2.4
    endloop
  endfacet
  facet normal 0 0 1
    outer loop
      vertex -26 -59 2.4
      vertex -14.9445 -37.3101 2.4
      vertex -15.2204 -37.1055 2.4
    endloop
  endfacet
  facet normal 0 0 1
    outer loop
      vertex -26 -59 2.4
      vertex -15.2204 -37.1055 2.4
      vertex -15.4749 -36.8749 2.4
    endloop
  endfacet
  facet normal 0 0 1
    outer loop
      vertex -22.1111 -8.06293 2.4
      vertex -16.0867 -32.7501 2.4
      vertex -21.9428 -8.16384 2.4
    endloop
  endfacet
  facet normal 0 0 1
    outer loop
      vertex -22.2688 -7.94602 2.4
      vertex -16.0867 -32.7501 2.4
      vertex -22.1111 -8.06293 2.4
    endloop
  endfacet
  facet normal 0 0 1
    outer loop
      vertex -16.0867 -32.7501 2.4
      vertex -22.2688 -7.94602 2.4
      vertex -16.2336 -33.0606 2.4
    endloop
  endfacet
  facet normal 0 0 1
    outer loop
      vertex -22.4142 -7.8142 2.4
      vertex -16.2336 -33.0606 2.4
      vertex -22.2688 -7.94602 2.4
    endloop
  endfacet
  facet normal 0 0 1
    outer loop
      vertex -16.2336 -33.0606 2.4
      vertex -22.4142 -7.8142 2.4
      vertex -16.3493 -33.384 2.4
    endloop
  endfacet
  facet normal 0 0 1
    outer loop
      vertex -22.546 -7.66878 2.4
      vertex -16.3493 -33.384 2.4
      vertex -22.4142 -7.8142 2.4
    endloop
  endfacet
  facet normal 0 0 1
    outer loop
      vertex -16.3493 -33.384 2.4
      vertex -22.546 -7.66878 2.4
      vertex -16.4327 -33.7172 2.4
    endloop
  endfacet
  facet normal 0 0 1
    outer loop
      vertex -22.6629 -7.51113 2.4
      vertex -16.4327 -33.7172 2.4
      vertex -22.546 -7.66878 2.4
    endloop
  endfacet
  facet normal 0 0 1
    outer loop
      vertex -16.4327 -33.7172 2.4
      vertex -22.6629 -7.51113 2.4
      vertex -16.4831 -34.0569 2.4
    endloop
  endfacet
  facet normal 0 0 1
    outer loop
      vertex -22.7638 -7.34278 2.4
      vertex -16.4831 -34.0569 2.4
      vertex -22.6629 -7.51113 2.4
    endloop
  endfacet
  facet normal 0 0 1
    outer loop
      vertex -26 -59 2.4
      vertex -16.4831 -34.0569 2.4
      vertex -22.7638 -7.34278 2.4
    endloop
  endfacet
  facet normal 0 0 1
    outer loop
      vertex -16.4831 -34.0569 2.4
      vertex -26 -59 2.4
      vertex -16.5 -34.4 2.4
    endloop
  endfacet
  facet normal 0 0 1
    outer loop
      vertex -16.5 -34.4 2.4
      vertex -26 -59 2.4
      vertex -16.4831 -34.7431 2.4
    endloop
  endfacet
  facet normal 0 0 1
    outer loop
      vertex -26 -59 2.4
      vertex -22.7638 -7.34278 2.4
      vertex -22.8477 -7.16537 2.4
    endloop
  endfacet
  facet normal 0 0 1
    outer loop
      vertex -26 -59 2.4
      vertex -22.8477 -7.16537 2.4
      vertex -22.9139 -6.98057 2.4
    endloop
  endfacet
  facet normal 0 0 1
    outer loop
      vertex -26 -59 2.4
      vertex -22.9139 -6.98057 2.4
      vertex -22.9616 -6.79017 2.4
    endloop
  endfacet
  facet normal 0 0 1
    outer loop
      vertex -22.546 51.8688 2.4
      vertex -27.1716 56.1716 2.4
      vertex -22.6629 51.7111 2.4
    endloop
  endfacet
  facet normal 0 0 1
    outer loop
      vertex -26 -59 2.4
      vertex -22.9904 -6.59603 2.4
      vertex -23 -6.4 2.4
    endloop
  endfacet
  facet normal 0 0 1
    outer loop
      vertex -26 -59 2.4
      vertex -22.9616 -6.79017 2.4
      vertex -22.9904 -6.59603 2.4
    endloop
  endfacet
  facet normal 0 0 1
    outer loop
      vertex -16.4831 -34.7431 2.4
      vertex -26 -59 2.4
      vertex -16.4327 -35.0828 2.4
    endloop
  endfacet
  facet normal 0 0 1
    outer loop
      vertex -26 -59 2.4
      vertex -16.3493 -35.416 2.4
      vertex -16.4327 -35.0828 2.4
    endloop
  endfacet
  facet normal 0 0 1
    outer loop
      vertex -26 -59 2.4
      vertex -16.2336 -35.7394 2.4
      vertex -16.3493 -35.416 2.4
    endloop
  endfacet
  facet normal 0 0 1
    outer loop
      vertex -26 -59 2.4
      vertex -16.0867 -36.0499 2.4
      vertex -16.2336 -35.7394 2.4
    endloop
  endfacet
  facet normal 0 0 1
    outer loop
      vertex -26 -59 2.4
      vertex -15.9101 -36.3445 2.4
      vertex -16.0867 -36.0499 2.4
    endloop
  endfacet
  facet normal 0 0 1
    outer loop
      vertex -26 -59 2.4
      vertex -15.7055 -36.6204 2.4
      vertex -15.9101 -36.3445 2.4
    endloop
  endfacet
  facet normal 0 0 1
    outer loop
      vertex -26 -59 2.4
      vertex -15.4749 -36.8749 2.4
      vertex -15.7055 -36.6204 2.4
    endloop
  endfacet
  facet normal 0 0 1
    outer loop
      vertex -2.70554 -49.6204 2.4
      vertex -26 -59 2.4
      vertex -2.47487 -49.8749 2.4
    endloop
  endfacet
  facet normal 0 0 1
    outer loop
      vertex -26.0193 -59.3921 2.4
      vertex -2.47487 -49.8749 2.4
      vertex -26 -59 2.4
    endloop
  endfacet
  facet normal 0 0 1
    outer loop
      vertex -2.47487 -49.8749 2.4
      vertex -26.0193 -59.3921 2.4
      vertex -2.22038 -50.1055 2.4
    endloop
  endfacet
  facet normal 0 0 1
    outer loop
      vertex -26.0769 -59.7804 2.4
      vertex -2.22038 -50.1055 2.4
      vertex -26.0193 -59.3921 2.4
    endloop
  endfacet
  facet normal 0 0 1
    outer loop
      vertex -2.22038 -50.1055 2.4
      vertex -26.0769 -59.7804 2.4
      vertex -1.9445 -50.3101 2.4
    endloop
  endfacet
  facet normal 0 0 1
    outer loop
      vertex -26.1722 -60.1611 2.4
      vertex -1.9445 -50.3101 2.4
      vertex -26.0769 -59.7804 2.4
    endloop
  endfacet
  facet normal 0 0 1
    outer loop
      vertex -1.9445 -50.3101 2.4
      vertex -26.1722 -60.1611 2.4
      vertex -1.64989 -50.4867 2.4
    endloop
  endfacet
  facet normal 0 0 1
    outer loop
      vertex -26.3045 -60.5307 2.4
      vertex -1.64989 -50.4867 2.4
      vertex -26.1722 -60.1611 2.4
    endloop
  endfacet
  facet normal 0 0 1
    outer loop
      vertex -1.64989 -50.4867 2.4
      vertex -26.3045 -60.5307 2.4
      vertex -1.33939 -50.6336 2.4
    endloop
  endfacet
  facet normal 0 0 1
    outer loop
      vertex -26.4723 -60.8856 2.4
      vertex -1.33939 -50.6336 2.4
      vertex -26.3045 -60.5307 2.4
    endloop
  endfacet
  facet normal 0 0 1
    outer loop
      vertex -1.016 -50.7493 2.4
      vertex -26.4723 -60.8856 2.4
      vertex -26.6741 -61.2223 2.4
    endloop
  endfacet
  facet normal 0 0 1
    outer loop
      vertex -0.682816 -50.8327 2.4
      vertex -26.6741 -61.2223 2.4
      vertex -26.908 -61.5376 2.4
    endloop
  endfacet
  facet normal 0 0 1
    outer loop
      vertex -0.34306 -50.8831 2.4
      vertex -26.908 -61.5376 2.4
      vertex -27.1716 -61.8284 2.4
    endloop
  endfacet
  facet normal 0 0 1
    outer loop
      vertex -27.7777 -62.3259 2.4
      vertex 27.7777 -62.3259 2.4
      vertex -27.4624 -62.092 2.4
    endloop
  endfacet
  facet normal 0 0 1
    outer loop
      vertex 27.7777 -62.3259 2.4
      vertex -27.7777 -62.3259 2.4
      vertex 28.1144 -62.5277 2.4
    endloop
  endfacet
  facet normal 0 0 1
    outer loop
      vertex -28.1144 -62.5277 2.4
      vertex 28.1144 -62.5277 2.4
      vertex -27.7777 -62.3259 2.4
    endloop
  endfacet
  facet normal 0 0 1
    outer loop
      vertex 28.1144 -62.5277 2.4
      vertex -28.1144 -62.5277 2.4
      vertex 28.4693 -62.6955 2.4
    endloop
  endfacet
  facet normal 0 0 1
    outer loop
      vertex -28.4693 -62.6955 2.4
      vertex 28.4693 -62.6955 2.4
      vertex -28.1144 -62.5277 2.4
    endloop
  endfacet
  facet normal 0 0 1
    outer loop
      vertex 28.4693 -62.6955 2.4
      vertex -28.4693 -62.6955 2.4
      vertex 28.8389 -62.8278 2.4
    endloop
  endfacet
  facet normal 0 0 1
    outer loop
      vertex -28.8389 -62.8278 2.4
      vertex 28.8389 -62.8278 2.4
      vertex -28.4693 -62.6955 2.4
    endloop
  endfacet
  facet normal 0 0 1
    outer loop
      vertex 28.8389 -62.8278 2.4
      vertex -28.8389 -62.8278 2.4
      vertex 29.2196 -62.9231 2.4
    endloop
  endfacet
  facet normal 0 0 1
    outer loop
      vertex -29.2196 -62.9231 2.4
      vertex 29.2196 -62.9231 2.4
      vertex -28.8389 -62.8278 2.4
    endloop
  endfacet
  facet normal 0 0 1
    outer loop
      vertex 29.2196 -62.9231 2.4
      vertex -29.2196 -62.9231 2.4
      vertex 32 -63.6 2.4
    endloop
  endfacet
  facet normal 0 0 1
    outer loop
      vertex -32 -63.6 2.4
      vertex -29.2196 -62.9231 2.4
      vertex -29.6079 -62.9807 2.4
    endloop
  endfacet
  facet normal 0 0 1
    outer loop
      vertex -32 -63.6 2.4
      vertex -29.6079 -62.9807 2.4
      vertex -30 -63 2.4
    endloop
  endfacet
  facet normal 0 0 1
    outer loop
      vertex -29.2196 -62.9231 2.4
      vertex -32 -63.6 2.4
      vertex 32 -63.6 2.4
    endloop
  endfacet
  facet normal 0 0 1
    outer loop
      vertex -30.3921 -62.9807 2.4
      vertex -32 -63.6 2.4
      vertex -30 -63 2.4
    endloop
  endfacet
  facet normal 0 0 1
    outer loop
      vertex -30.7804 -62.9231 2.4
      vertex -32 -63.6 2.4
      vertex -30.3921 -62.9807 2.4
    endloop
  endfacet
  facet normal 0 0 1
    outer loop
      vertex -31.1611 -62.8278 2.4
      vertex -32 -63.6 2.4
      vertex -30.7804 -62.9231 2.4
    endloop
  endfacet
  facet normal 0 0 1
    outer loop
      vertex -31.5307 -62.6955 2.4
      vertex -32 -63.6 2.4
      vertex -31.1611 -62.8278 2.4
    endloop
  endfacet
  facet normal 0 0 1
    outer loop
      vertex -31.8856 -62.5277 2.4
      vertex -32 -63.6 2.4
      vertex -31.5307 -62.6955 2.4
    endloop
  endfacet
  facet normal 0 0 1
    outer loop
      vertex -32.5072 -63.55 2.4
      vertex -31.8856 -62.5277 2.4
      vertex -32.2223 -62.3259 2.4
    endloop
  endfacet
  facet normal 0 0 1
    outer loop
      vertex -31.8856 -62.5277 2.4
      vertex -32.2548 -63.5875 2.4
      vertex -32 -63.6 2.4
    endloop
  endfacet
  facet normal 0 0 1
    outer loop
      vertex -31.8856 -62.5277 2.4
      vertex -32.5072 -63.55 2.4
      vertex -32.2548 -63.5875 2.4
    endloop
  endfacet
  facet normal 0 0 1
    outer loop
      vertex -32.995 -63.4021 2.4
      vertex -32.2223 -62.3259 2.4
      vertex -32.5376 -62.092 2.4
    endloop
  endfacet
  facet normal 0 0 1
    outer loop
      vertex -32.2223 -62.3259 2.4
      vertex -32.7547 -63.488 2.4
      vertex -32.5072 -63.55 2.4
    endloop
  endfacet
  facet normal 0 0 1
    outer loop
      vertex -33.6494 -63.0098 2.4
      vertex -32.5376 -62.092 2.4
      vertex -32.8284 -61.8284 2.4
    endloop
  endfacet
  facet normal 0 0 1
    outer loop
      vertex -32.2223 -62.3259 2.4
      vertex -32.995 -63.4021 2.4
      vertex -32.7547 -63.488 2.4
    endloop
  endfacet
  facet normal 0 0 1
    outer loop
      vertex -34.0098 -62.6494 2.4
      vertex -32.8284 -61.8284 2.4
      vertex -33.092 -61.5376 2.4
    endloop
  endfacet
  facet normal 0 0 1
    outer loop
      vertex -32.5376 -62.092 2.4
      vertex -33.2256 -63.293 2.4
      vertex -32.995 -63.4021 2.4
    endloop
  endfacet
  facet normal 0 0 1
    outer loop
      vertex -34.4021 -61.995 2.4
      vertex -33.092 -61.5376 2.4
      vertex -33.3259 -61.2223 2.4
    endloop
  endfacet
  facet normal 0 0 1
    outer loop
      vertex -32.5376 -62.092 2.4
      vertex -33.4445 -63.1618 2.4
      vertex -33.2256 -63.293 2.4
    endloop
  endfacet
  facet normal 0 0 1
    outer loop
      vertex -34.55 -61.5072 2.4
      vertex -33.3259 -61.2223 2.4
      vertex -33.5277 -60.8856 2.4
    endloop
  endfacet
  facet normal 0 0 1
    outer loop
      vertex -32.5376 -62.092 2.4
      vertex -33.6494 -63.0098 2.4
      vertex -33.4445 -63.1618 2.4
    endloop
  endfacet
  facet normal 0 0 1
    outer loop
      vertex -34.6 -61 2.4
      vertex -33.5277 -60.8856 2.4
      vertex -33.6955 -60.5307 2.4
    endloop
  endfacet
  facet normal 0 0 1
    outer loop
      vertex -34.6 -61 2.4
      vertex -33.6955 -60.5307 2.4
      vertex -33.8278 -60.1611 2.4
    endloop
  endfacet
  facet normal 0 0 1
    outer loop
      vertex -32.8284 -61.8284 2.4
      vertex -33.8385 -62.8385 2.4
      vertex -33.6494 -63.0098 2.4
    endloop
  endfacet
  facet normal 0 0 1
    outer loop
      vertex -34.6 -61 2.4
      vertex -33.8278 -60.1611 2.4
      vertex -33.9231 -59.7804 2.4
    endloop
  endfacet
  facet normal 0 0 1
    outer loop
      vertex -34.6 -61 2.4
      vertex -33.9231 -59.7804 2.4
      vertex -33.9807 -59.3921 2.4
    endloop
  endfacet
  facet normal 0 0 1
    outer loop
      vertex -34.6 -61 2.4
      vertex -33.9807 -59.3921 2.4
      vertex -34 -59 2.4
    endloop
  endfacet
  facet normal 0 0 1
    outer loop
      vertex -33.5277 -60.8856 2.4
      vertex -34.6 -61 2.4
      vertex -34.5875 -61.2548 2.4
    endloop
  endfacet
  facet normal 0 0 1
    outer loop
      vertex -33.9231 -58.2196 2.4
      vertex -34.6 -61 2.4
      vertex -33.9807 -58.6079 2.4
    endloop
  endfacet
  facet normal -0 0 1
    outer loop
      vertex -34.5875 61.2548 2.4
      vertex -33.5277 60.8856 2.4
      vertex -34.55 61.5072 2.4
    endloop
  endfacet
  facet normal 0 0 1
    outer loop
      vertex -33.9807 -58.6079 2.4
      vertex -34.6 -61 2.4
      vertex -34 -59 2.4
    endloop
  endfacet
  facet normal -0 0 1
    outer loop
      vertex -34.6 61 2.4
      vertex -33.5277 60.8856 2.4
      vertex -34.5875 61.2548 2.4
    endloop
  endfacet
  facet normal 0 0 1
    outer loop
      vertex -32.8284 -61.8284 2.4
      vertex -34.0098 -62.6494 2.4
      vertex -33.8385 -62.8385 2.4
    endloop
  endfacet
  facet normal 0 0 1
    outer loop
      vertex -33.5277 60.8856 2.4
      vertex -34.6 61 2.4
      vertex -33.6955 60.5307 2.4
    endloop
  endfacet
  facet normal 0 0 1
    outer loop
      vertex -33.092 -61.5376 2.4
      vertex -34.1618 -62.4445 2.4
      vertex -34.0098 -62.6494 2.4
    endloop
  endfacet
  facet normal 0 0 1
    outer loop
      vertex -33.9231 59.7804 2.4
      vertex -34.6 61 2.4
      vertex -33.9807 59.3921 2.4
    endloop
  endfacet
  facet normal 0 0 1
    outer loop
      vertex -33.092 -61.5376 2.4
      vertex -34.293 -62.2256 2.4
      vertex -34.1618 -62.4445 2.4
    endloop
  endfacet
  facet normal 0 0 1
    outer loop
      vertex -33.6955 60.5307 2.4
      vertex -34.6 61 2.4
      vertex -33.8278 60.1611 2.4
    endloop
  endfacet
  facet normal 0 0 1
    outer loop
      vertex -33.092 -61.5376 2.4
      vertex -34.4021 -61.995 2.4
      vertex -34.293 -62.2256 2.4
    endloop
  endfacet
  facet normal 0 0 1
    outer loop
      vertex -33.8278 60.1611 2.4
      vertex -34.6 61 2.4
      vertex -33.9231 59.7804 2.4
    endloop
  endfacet
  facet normal 0 0 1
    outer loop
      vertex -33.3259 -61.2223 2.4
      vertex -34.488 -61.7547 2.4
      vertex -34.4021 -61.995 2.4
    endloop
  endfacet
  facet normal 0 0 1
    outer loop
      vertex -33.3259 -61.2223 2.4
      vertex -34.55 -61.5072 2.4
      vertex -34.488 -61.7547 2.4
    endloop
  endfacet
  facet normal 0 0 1
    outer loop
      vertex -33.5277 -60.8856 2.4
      vertex -34.5875 -61.2548 2.4
      vertex -34.55 -61.5072 2.4
    endloop
  endfacet
  facet normal 0 0 1
    outer loop
      vertex -28.5072 -58.853 2.4
      vertex -28.5072 -59.147 2.4
      vertex -28.5 -59 2.4
    endloop
  endfacet
  facet normal 0 0 1
    outer loop
      vertex -28.5288 -58.7074 2.4
      vertex -28.5072 -59.147 2.4
      vertex -28.5072 -58.853 2.4
    endloop
  endfacet
  facet normal 0 0 1
    outer loop
      vertex -28.5288 -58.7074 2.4
      vertex -28.5288 -59.2926 2.4
      vertex -28.5072 -59.147 2.4
    endloop
  endfacet
  facet normal 0 0 1
    outer loop
      vertex -28.5646 -58.5646 2.4
      vertex -28.5288 -59.2926 2.4
      vertex -28.5288 -58.7074 2.4
    endloop
  endfacet
  facet normal 0 0 1
    outer loop
      vertex -28.5646 -58.5646 2.4
      vertex -28.5646 -59.4354 2.4
      vertex -28.5288 -59.2926 2.4
    endloop
  endfacet
  facet normal 0 0 1
    outer loop
      vertex -28.6142 -58.426 2.4
      vertex -28.5646 -59.4354 2.4
      vertex -28.5646 -58.5646 2.4
    endloop
  endfacet
  facet normal 0 0 1
    outer loop
      vertex -28.6142 -58.426 2.4
      vertex -28.6142 -59.574 2.4
      vertex -28.5646 -59.4354 2.4
    endloop
  endfacet
  facet normal 0 0 1
    outer loop
      vertex -28.6771 -58.2929 2.4
      vertex -28.6142 -59.574 2.4
      vertex -28.6142 -58.426 2.4
    endloop
  endfacet
  facet normal 0 0 1
    outer loop
      vertex -28.6771 -58.2929 2.4
      vertex -28.6771 -59.7071 2.4
      vertex -28.6142 -59.574 2.4
    endloop
  endfacet
  facet normal 0 0 1
    outer loop
      vertex -28.7528 -58.1666 2.4
      vertex -28.6771 -59.7071 2.4
      vertex -28.6771 -58.2929 2.4
    endloop
  endfacet
  facet normal 0 0 1
    outer loop
      vertex -28.7528 -58.1666 2.4
      vertex -28.7528 -59.8334 2.4
      vertex -28.6771 -59.7071 2.4
    endloop
  endfacet
  facet normal 0 0 1
    outer loop
      vertex -28.8405 -58.0484 2.4
      vertex -28.7528 -59.8334 2.4
      vertex -28.7528 -58.1666 2.4
    endloop
  endfacet
  facet normal 0 0 1
    outer loop
      vertex -28.8405 -58.0484 2.4
      vertex -28.8405 -59.9516 2.4
      vertex -28.7528 -59.8334 2.4
    endloop
  endfacet
  facet normal 0 0 1
    outer loop
      vertex -28.9393 -57.9393 2.4
      vertex -28.8405 -59.9516 2.4
      vertex -28.8405 -58.0484 2.4
    endloop
  endfacet
  facet normal 0 0 1
    outer loop
      vertex -28.9393 -57.9393 2.4
      vertex -28.9393 -60.0607 2.4
      vertex -28.8405 -59.9516 2.4
    endloop
  endfacet
  facet normal 0 0 1
    outer loop
      vertex -29.0484 -57.8405 2.4
      vertex -28.9393 -60.0607 2.4
      vertex -28.9393 -57.9393 2.4
    endloop
  endfacet
  facet normal 0 0 1
    outer loop
      vertex -29.0484 -57.8405 2.4
      vertex -29.0484 -60.1595 2.4
      vertex -28.9393 -60.0607 2.4
    endloop
  endfacet
  facet normal 0 0 1
    outer loop
      vertex -29.1666 -57.7528 2.4
      vertex -29.0484 -60.1595 2.4
      vertex -29.0484 -57.8405 2.4
    endloop
  endfacet
  facet normal 0 0 1
    outer loop
      vertex -29.1666 -57.7528 2.4
      vertex -29.1666 -60.2472 2.4
      vertex -29.0484 -60.1595 2.4
    endloop
  endfacet
  facet normal 0 0 1
    outer loop
      vertex -29.2929 -57.6771 2.4
      vertex -29.1666 -60.2472 2.4
      vertex -29.1666 -57.7528 2.4
    endloop
  endfacet
  facet normal 0 0 1
    outer loop
      vertex -29.2929 -57.6771 2.4
      vertex -29.2929 -60.3229 2.4
      vertex -29.1666 -60.2472 2.4
    endloop
  endfacet
  facet normal 0 0 1
    outer loop
      vertex -29.426 -57.6142 2.4
      vertex -29.2929 -60.3229 2.4
      vertex -29.2929 -57.6771 2.4
    endloop
  endfacet
  facet normal 0 0 1
    outer loop
      vertex -29.426 -57.6142 2.4
      vertex -29.426 -60.3858 2.4
      vertex -29.2929 -60.3229 2.4
    endloop
  endfacet
  facet normal 0 0 1
    outer loop
      vertex -29.5646 -57.5646 2.4
      vertex -29.426 -60.3858 2.4
      vertex -29.426 -57.6142 2.4
    endloop
  endfacet
  facet normal 0 0 1
    outer loop
      vertex -29.5646 -57.5646 2.4
      vertex -29.5646 -60.4354 2.4
      vertex -29.426 -60.3858 2.4
    endloop
  endfacet
  facet normal 0 0 1
    outer loop
      vertex -29.7074 -57.5288 2.4
      vertex -29.5646 -60.4354 2.4
      vertex -29.5646 -57.5646 2.4
    endloop
  endfacet
  facet normal 0 0 1
    outer loop
      vertex -29.7074 -57.5288 2.4
      vertex -29.7074 -60.4712 2.4
      vertex -29.5646 -60.4354 2.4
    endloop
  endfacet
  facet normal 0 0 1
    outer loop
      vertex -29.853 -57.5072 2.4
      vertex -29.7074 -60.4712 2.4
      vertex -29.7074 -57.5288 2.4
    endloop
  endfacet
  facet normal 0 0 1
    outer loop
      vertex -29.853 -57.5072 2.4
      vertex -29.853 -60.4928 2.4
      vertex -29.7074 -60.4712 2.4
    endloop
  endfacet
  facet normal 0 0 1
    outer loop
      vertex -30 -57.5 2.4
      vertex -29.853 -60.4928 2.4
      vertex -29.853 -57.5072 2.4
    endloop
  endfacet
  facet normal 0 0 1
    outer loop
      vertex -30 -57.5 2.4
      vertex -30 -60.5 2.4
      vertex -29.853 -60.4928 2.4
    endloop
  endfacet
  facet normal -0 0 1
    outer loop
      vertex -30.147 -57.5072 2.4
      vertex -30 -60.5 2.4
      vertex -30 -57.5 2.4
    endloop
  endfacet
  facet normal 0 0 1
    outer loop
      vertex -30.147 -57.5072 2.4
      vertex -30.147 -60.4928 2.4
      vertex -30 -60.5 2.4
    endloop
  endfacet
  facet normal -0 0 1
    outer loop
      vertex -30.2926 -57.5288 2.4
      vertex -30.147 -60.4928 2.4
      vertex -30.147 -57.5072 2.4
    endloop
  endfacet
  facet normal 0 0 1
    outer loop
      vertex -30.2926 -57.5288 2.4
      vertex -30.2926 -60.4712 2.4
      vertex -30.147 -60.4928 2.4
    endloop
  endfacet
  facet normal -0 0 1
    outer loop
      vertex -30.4354 -57.5646 2.4
      vertex -30.2926 -60.4712 2.4
      vertex -30.2926 -57.5288 2.4
    endloop
  endfacet
  facet normal 0 0 1
    outer loop
      vertex -30.4354 -57.5646 2.4
      vertex -30.4354 -60.4354 2.4
      vertex -30.2926 -60.4712 2.4
    endloop
  endfacet
  facet normal -0 0 1
    outer loop
      vertex -30.574 -57.6142 2.4
      vertex -30.4354 -60.4354 2.4
      vertex -30.4354 -57.5646 2.4
    endloop
  endfacet
  facet normal 0 0 1
    outer loop
      vertex -30.574 -57.6142 2.4
      vertex -30.574 -60.3858 2.4
      vertex -30.4354 -60.4354 2.4
    endloop
  endfacet
  facet normal -0 0 1
    outer loop
      vertex -30.7071 -57.6771 2.4
      vertex -30.574 -60.3858 2.4
      vertex -30.574 -57.6142 2.4
    endloop
  endfacet
  facet normal 0 0 1
    outer loop
      vertex -30.7071 -57.6771 2.4
      vertex -30.7071 -60.3229 2.4
      vertex -30.574 -60.3858 2.4
    endloop
  endfacet
  facet normal -0 0 1
    outer loop
      vertex -30.8334 -57.7528 2.4
      vertex -30.7071 -60.3229 2.4
      vertex -30.7071 -57.6771 2.4
    endloop
  endfacet
  facet normal 0 0 1
    outer loop
      vertex -30.8334 -57.7528 2.4
      vertex -30.8334 -60.2472 2.4
      vertex -30.7071 -60.3229 2.4
    endloop
  endfacet
  facet normal -0 0 1
    outer loop
      vertex -30.9516 -57.8405 2.4
      vertex -30.8334 -60.2472 2.4
      vertex -30.8334 -57.7528 2.4
    endloop
  endfacet
  facet normal 0 0 1
    outer loop
      vertex -30.9516 -57.8405 2.4
      vertex -30.9516 -60.1595 2.4
      vertex -30.8334 -60.2472 2.4
    endloop
  endfacet
  facet normal -0 0 1
    outer loop
      vertex -31.0607 -57.9393 2.4
      vertex -30.9516 -60.1595 2.4
      vertex -30.9516 -57.8405 2.4
    endloop
  endfacet
  facet normal 0 0 1
    outer loop
      vertex -31.0607 -57.9393 2.4
      vertex -31.0607 -60.0607 2.4
      vertex -30.9516 -60.1595 2.4
    endloop
  endfacet
  facet normal -0 0 1
    outer loop
      vertex -31.1595 -58.0484 2.4
      vertex -31.0607 -60.0607 2.4
      vertex -31.0607 -57.9393 2.4
    endloop
  endfacet
  facet normal 0 0 1
    outer loop
      vertex -31.1595 -58.0484 2.4
      vertex -31.1595 -59.9516 2.4
      vertex -31.0607 -60.0607 2.4
    endloop
  endfacet
  facet normal -0 0 1
    outer loop
      vertex -31.2472 -58.1666 2.4
      vertex -31.1595 -59.9516 2.4
      vertex -31.1595 -58.0484 2.4
    endloop
  endfacet
  facet normal 0 0 1
    outer loop
      vertex -31.2472 -58.1666 2.4
      vertex -31.2472 -59.8334 2.4
      vertex -31.1595 -59.9516 2.4
    endloop
  endfacet
  facet normal -0 0 1
    outer loop
      vertex -31.3229 -58.2929 2.4
      vertex -31.2472 -59.8334 2.4
      vertex -31.2472 -58.1666 2.4
    endloop
  endfacet
  facet normal 0 0 1
    outer loop
      vertex -31.3229 -58.2929 2.4
      vertex -31.3229 -59.7071 2.4
      vertex -31.2472 -59.8334 2.4
    endloop
  endfacet
  facet normal -0 0 1
    outer loop
      vertex -31.3858 -58.426 2.4
      vertex -31.3229 -59.7071 2.4
      vertex -31.3229 -58.2929 2.4
    endloop
  endfacet
  facet normal 0 0 1
    outer loop
      vertex -31.3858 -58.426 2.4
      vertex -31.3858 -59.574 2.4
      vertex -31.3229 -59.7071 2.4
    endloop
  endfacet
  facet normal -0 0 1
    outer loop
      vertex -31.4354 -58.5646 2.4
      vertex -31.3858 -59.574 2.4
      vertex -31.3858 -58.426 2.4
    endloop
  endfacet
  facet normal 0 0 1
    outer loop
      vertex -31.4354 -58.5646 2.4
      vertex -31.4354 -59.4354 2.4
      vertex -31.3858 -59.574 2.4
    endloop
  endfacet
  facet normal -0 0 1
    outer loop
      vertex -31.4712 -58.7074 2.4
      vertex -31.4354 -59.4354 2.4
      vertex -31.4354 -58.5646 2.4
    endloop
  endfacet
  facet normal 0 0 1
    outer loop
      vertex -31.4712 -58.7074 2.4
      vertex -31.4712 -59.2926 2.4
      vertex -31.4354 -59.4354 2.4
    endloop
  endfacet
  facet normal -0 0 1
    outer loop
      vertex -31.4928 -58.853 2.4
      vertex -31.4712 -59.2926 2.4
      vertex -31.4712 -58.7074 2.4
    endloop
  endfacet
  facet normal 0 0 1
    outer loop
      vertex -31.4928 -58.853 2.4
      vertex -31.4928 -59.147 2.4
      vertex -31.4712 -59.2926 2.4
    endloop
  endfacet
  facet normal 0 -0 1
    outer loop
      vertex -31.4928 -59.147 2.4
      vertex -31.4928 -58.853 2.4
      vertex -31.5 -59 2.4
    endloop
  endfacet
  facet normal 0 0 1
    outer loop
      vertex -28.5072 59.147 2.4
      vertex -28.5072 58.853 2.4
      vertex -28.5 59 2.4
    endloop
  endfacet
  facet normal 0 0 1
    outer loop
      vertex -28.5288 59.2926 2.4
      vertex -28.5072 58.853 2.4
      vertex -28.5072 59.147 2.4
    endloop
  endfacet
  facet normal 0 0 1
    outer loop
      vertex -28.5288 59.2926 2.4
      vertex -28.5288 58.7074 2.4
      vertex -28.5072 58.853 2.4
    endloop
  endfacet
  facet normal 0 0 1
    outer loop
      vertex -28.5646 59.4354 2.4
      vertex -28.5288 58.7074 2.4
      vertex -28.5288 59.2926 2.4
    endloop
  endfacet
  facet normal 0 0 1
    outer loop
      vertex -28.5646 59.4354 2.4
      vertex -28.5646 58.5646 2.4
      vertex -28.5288 58.7074 2.4
    endloop
  endfacet
  facet normal 0 0 1
    outer loop
      vertex -28.6142 59.574 2.4
      vertex -28.5646 58.5646 2.4
      vertex -28.5646 59.4354 2.4
    endloop
  endfacet
  facet normal 0 0 1
    outer loop
      vertex -28.6142 59.574 2.4
      vertex -28.6142 58.426 2.4
      vertex -28.5646 58.5646 2.4
    endloop
  endfacet
  facet normal 0 0 1
    outer loop
      vertex -28.6771 59.7071 2.4
      vertex -28.6142 58.426 2.4
      vertex -28.6142 59.574 2.4
    endloop
  endfacet
  facet normal 0 0 1
    outer loop
      vertex -28.6771 59.7071 2.4
      vertex -28.6771 58.2929 2.4
      vertex -28.6142 58.426 2.4
    endloop
  endfacet
  facet normal 0 0 1
    outer loop
      vertex -28.7528 59.8334 2.4
      vertex -28.6771 58.2929 2.4
      vertex -28.6771 59.7071 2.4
    endloop
  endfacet
  facet normal 0 0 1
    outer loop
      vertex -28.7528 59.8334 2.4
      vertex -28.7528 58.1666 2.4
      vertex -28.6771 58.2929 2.4
    endloop
  endfacet
  facet normal 0 0 1
    outer loop
      vertex -28.8405 59.9516 2.4
      vertex -28.7528 58.1666 2.4
      vertex -28.7528 59.8334 2.4
    endloop
  endfacet
  facet normal 0 0 1
    outer loop
      vertex -28.8405 59.9516 2.4
      vertex -28.8405 58.0484 2.4
      vertex -28.7528 58.1666 2.4
    endloop
  endfacet
  facet normal 0 0 1
    outer loop
      vertex -28.9393 60.0607 2.4
      vertex -28.8405 58.0484 2.4
      vertex -28.8405 59.9516 2.4
    endloop
  endfacet
  facet normal 0 0 1
    outer loop
      vertex -28.9393 60.0607 2.4
      vertex -28.9393 57.9393 2.4
      vertex -28.8405 58.0484 2.4
    endloop
  endfacet
  facet normal 0 0 1
    outer loop
      vertex -29.0484 60.1595 2.4
      vertex -28.9393 57.9393 2.4
      vertex -28.9393 60.0607 2.4
    endloop
  endfacet
  facet normal 0 0 1
    outer loop
      vertex -29.0484 60.1595 2.4
      vertex -29.0484 57.8405 2.4
      vertex -28.9393 57.9393 2.4
    endloop
  endfacet
  facet normal 0 0 1
    outer loop
      vertex -29.1666 60.2472 2.4
      vertex -29.0484 57.8405 2.4
      vertex -29.0484 60.1595 2.4
    endloop
  endfacet
  facet normal 0 0 1
    outer loop
      vertex -29.1666 60.2472 2.4
      vertex -29.1666 57.7528 2.4
      vertex -29.0484 57.8405 2.4
    endloop
  endfacet
  facet normal 0 0 1
    outer loop
      vertex -29.2929 60.3229 2.4
      vertex -29.1666 57.7528 2.4
      vertex -29.1666 60.2472 2.4
    endloop
  endfacet
  facet normal 0 0 1
    outer loop
      vertex -29.2929 60.3229 2.4
      vertex -29.2929 57.6771 2.4
      vertex -29.1666 57.7528 2.4
    endloop
  endfacet
  facet normal 0 0 1
    outer loop
      vertex -29.426 60.3858 2.4
      vertex -29.2929 57.6771 2.4
      vertex -29.2929 60.3229 2.4
    endloop
  endfacet
  facet normal 0 0 1
    outer loop
      vertex -29.426 60.3858 2.4
      vertex -29.426 57.6142 2.4
      vertex -29.2929 57.6771 2.4
    endloop
  endfacet
  facet normal 0 0 1
    outer loop
      vertex -29.5646 60.4354 2.4
      vertex -29.426 57.6142 2.4
      vertex -29.426 60.3858 2.4
    endloop
  endfacet
  facet normal 0 0 1
    outer loop
      vertex -29.5646 60.4354 2.4
      vertex -29.5646 57.5646 2.4
      vertex -29.426 57.6142 2.4
    endloop
  endfacet
  facet normal 0 0 1
    outer loop
      vertex -29.7074 60.4712 2.4
      vertex -29.5646 57.5646 2.4
      vertex -29.5646 60.4354 2.4
    endloop
  endfacet
  facet normal 0 0 1
    outer loop
      vertex -29.7074 60.4712 2.4
      vertex -29.7074 57.5288 2.4
      vertex -29.5646 57.5646 2.4
    endloop
  endfacet
  facet normal 0 0 1
    outer loop
      vertex -29.853 60.4928 2.4
      vertex -29.7074 57.5288 2.4
      vertex -29.7074 60.4712 2.4
    endloop
  endfacet
  facet normal 0 0 1
    outer loop
      vertex -29.853 60.4928 2.4
      vertex -29.853 57.5072 2.4
      vertex -29.7074 57.5288 2.4
    endloop
  endfacet
  facet normal 0 0 1
    outer loop
      vertex -30 60.5 2.4
      vertex -29.853 57.5072 2.4
      vertex -29.853 60.4928 2.4
    endloop
  endfacet
  facet normal 0 0 1
    outer loop
      vertex -30 60.5 2.4
      vertex -30 57.5 2.4
      vertex -29.853 57.5072 2.4
    endloop
  endfacet
  facet normal -0 0 1
    outer loop
      vertex -30.147 60.4928 2.4
      vertex -30 57.5 2.4
      vertex -30 60.5 2.4
    endloop
  endfacet
  facet normal 0 0 1
    outer loop
      vertex -30.147 60.4928 2.4
      vertex -30.147 57.5072 2.4
      vertex -30 57.5 2.4
    endloop
  endfacet
  facet normal -0 0 1
    outer loop
      vertex -30.2926 60.4712 2.4
      vertex -30.147 57.5072 2.4
      vertex -30.147 60.4928 2.4
    endloop
  endfacet
  facet normal 0 0 1
    outer loop
      vertex -30.2926 60.4712 2.4
      vertex -30.2926 57.5288 2.4
      vertex -30.147 57.5072 2.4
    endloop
  endfacet
  facet normal -0 0 1
    outer loop
      vertex -30.4354 60.4354 2.4
      vertex -30.2926 57.5288 2.4
      vertex -30.2926 60.4712 2.4
    endloop
  endfacet
  facet normal 0 0 1
    outer loop
      vertex -30.4354 60.4354 2.4
      vertex -30.4354 57.5646 2.4
      vertex -30.2926 57.5288 2.4
    endloop
  endfacet
  facet normal -0 0 1
    outer loop
      vertex -30.574 60.3858 2.4
      vertex -30.4354 57.5646 2.4
      vertex -30.4354 60.4354 2.4
    endloop
  endfacet
  facet normal 0 0 1
    outer loop
      vertex -30.574 60.3858 2.4
      vertex -30.574 57.6142 2.4
      vertex -30.4354 57.5646 2.4
    endloop
  endfacet
  facet normal -0 0 1
    outer loop
      vertex -30.7071 60.3229 2.4
      vertex -30.574 57.6142 2.4
      vertex -30.574 60.3858 2.4
    endloop
  endfacet
  facet normal 0 0 1
    outer loop
      vertex -30.7071 60.3229 2.4
      vertex -30.7071 57.6771 2.4
      vertex -30.574 57.6142 2.4
    endloop
  endfacet
  facet normal -0 0 1
    outer loop
      vertex -30.8334 60.2472 2.4
      vertex -30.7071 57.6771 2.4
      vertex -30.7071 60.3229 2.4
    endloop
  endfacet
  facet normal 0 0 1
    outer loop
      vertex -30.8334 60.2472 2.4
      vertex -30.8334 57.7528 2.4
      vertex -30.7071 57.6771 2.4
    endloop
  endfacet
  facet normal -0 0 1
    outer loop
      vertex -30.9516 60.1595 2.4
      vertex -30.8334 57.7528 2.4
      vertex -30.8334 60.2472 2.4
    endloop
  endfacet
  facet normal 0 0 1
    outer loop
      vertex -30.9516 60.1595 2.4
      vertex -30.9516 57.8405 2.4
      vertex -30.8334 57.7528 2.4
    endloop
  endfacet
  facet normal -0 0 1
    outer loop
      vertex -31.0607 60.0607 2.4
      vertex -30.9516 57.8405 2.4
      vertex -30.9516 60.1595 2.4
    endloop
  endfacet
  facet normal 0 0 1
    outer loop
      vertex -31.0607 60.0607 2.4
      vertex -31.0607 57.9393 2.4
      vertex -30.9516 57.8405 2.4
    endloop
  endfacet
  facet normal -0 0 1
    outer loop
      vertex -31.1595 59.9516 2.4
      vertex -31.0607 57.9393 2.4
      vertex -31.0607 60.0607 2.4
    endloop
  endfacet
  facet normal 0 0 1
    outer loop
      vertex -31.1595 59.9516 2.4
      vertex -31.1595 58.0484 2.4
      vertex -31.0607 57.9393 2.4
    endloop
  endfacet
  facet normal -0 0 1
    outer loop
      vertex -31.2472 59.8334 2.4
      vertex -31.1595 58.0484 2.4
      vertex -31.1595 59.9516 2.4
    endloop
  endfacet
  facet normal 0 0 1
    outer loop
      vertex -31.2472 59.8334 2.4
      vertex -31.2472 58.1666 2.4
      vertex -31.1595 58.0484 2.4
    endloop
  endfacet
  facet normal -0 0 1
    outer loop
      vertex -31.3229 59.7071 2.4
      vertex -31.2472 58.1666 2.4
      vertex -31.2472 59.8334 2.4
    endloop
  endfacet
  facet normal 0 0 1
    outer loop
      vertex -31.3229 59.7071 2.4
      vertex -31.3229 58.2929 2.4
      vertex -31.2472 58.1666 2.4
    endloop
  endfacet
  facet normal -0 0 1
    outer loop
      vertex -31.3858 59.574 2.4
      vertex -31.3229 58.2929 2.4
      vertex -31.3229 59.7071 2.4
    endloop
  endfacet
  facet normal 0 0 1
    outer loop
      vertex -31.3858 59.574 2.4
      vertex -31.3858 58.426 2.4
      vertex -31.3229 58.2929 2.4
    endloop
  endfacet
  facet normal -0 0 1
    outer loop
      vertex -31.4354 59.4354 2.4
      vertex -31.3858 58.426 2.4
      vertex -31.3858 59.574 2.4
    endloop
  endfacet
  facet normal 0 0 1
    outer loop
      vertex -31.4354 59.4354 2.4
      vertex -31.4354 58.5646 2.4
      vertex -31.3858 58.426 2.4
    endloop
  endfacet
  facet normal -0 0 1
    outer loop
      vertex -31.4712 59.2926 2.4
      vertex -31.4354 58.5646 2.4
      vertex -31.4354 59.4354 2.4
    endloop
  endfacet
  facet normal 0 0 1
    outer loop
      vertex -31.4712 59.2926 2.4
      vertex -31.4712 58.7074 2.4
      vertex -31.4354 58.5646 2.4
    endloop
  endfacet
  facet normal -0 0 1
    outer loop
      vertex -31.4928 59.147 2.4
      vertex -31.4712 58.7074 2.4
      vertex -31.4712 59.2926 2.4
    endloop
  endfacet
  facet normal 0 0 1
    outer loop
      vertex -31.4928 59.147 2.4
      vertex -31.4928 58.853 2.4
      vertex -31.4712 58.7074 2.4
    endloop
  endfacet
  facet normal 0 -0 1
    outer loop
      vertex -31.4928 58.853 2.4
      vertex -31.4928 59.147 2.4
      vertex -31.5 59 2.4
    endloop
  endfacet
  facet normal 0 0 1
    outer loop
      vertex 31.4928 -58.853 2.4
      vertex 31.4928 -59.147 2.4
      vertex 31.5 -59 2.4
    endloop
  endfacet
  facet normal 0 0 1
    outer loop
      vertex 31.4712 -58.7074 2.4
      vertex 31.4928 -59.147 2.4
      vertex 31.4928 -58.853 2.4
    endloop
  endfacet
  facet normal 0 0 1
    outer loop
      vertex 31.4712 -58.7074 2.4
      vertex 31.4712 -59.2926 2.4
      vertex 31.4928 -59.147 2.4
    endloop
  endfacet
  facet normal 0 0 1
    outer loop
      vertex 31.4354 -58.5646 2.4
      vertex 31.4712 -59.2926 2.4
      vertex 31.4712 -58.7074 2.4
    endloop
  endfacet
  facet normal 0 0 1
    outer loop
      vertex 31.4354 -58.5646 2.4
      vertex 31.4354 -59.4354 2.4
      vertex 31.4712 -59.2926 2.4
    endloop
  endfacet
  facet normal 0 0 1
    outer loop
      vertex 31.3858 -58.426 2.4
      vertex 31.4354 -59.4354 2.4
      vertex 31.4354 -58.5646 2.4
    endloop
  endfacet
  facet normal 0 0 1
    outer loop
      vertex 31.3858 -58.426 2.4
      vertex 31.3858 -59.574 2.4
      vertex 31.4354 -59.4354 2.4
    endloop
  endfacet
  facet normal 0 0 1
    outer loop
      vertex 31.3229 -58.2929 2.4
      vertex 31.3858 -59.574 2.4
      vertex 31.3858 -58.426 2.4
    endloop
  endfacet
  facet normal 0 0 1
    outer loop
      vertex 31.3229 -58.2929 2.4
      vertex 31.3229 -59.7071 2.4
      vertex 31.3858 -59.574 2.4
    endloop
  endfacet
  facet normal 0 0 1
    outer loop
      vertex 31.2472 -58.1666 2.4
      vertex 31.3229 -59.7071 2.4
      vertex 31.3229 -58.2929 2.4
    endloop
  endfacet
  facet normal 0 0 1
    outer loop
      vertex 31.2472 -58.1666 2.4
      vertex 31.2472 -59.8334 2.4
      vertex 31.3229 -59.7071 2.4
    endloop
  endfacet
  facet normal 0 0 1
    outer loop
      vertex 31.1595 -58.0484 2.4
      vertex 31.2472 -59.8334 2.4
      vertex 31.2472 -58.1666 2.4
    endloop
  endfacet
  facet normal 0 0 1
    outer loop
      vertex 31.1595 -58.0484 2.4
      vertex 31.1595 -59.9516 2.4
      vertex 31.2472 -59.8334 2.4
    endloop
  endfacet
  facet normal 0 0 1
    outer loop
      vertex 31.0607 -57.9393 2.4
      vertex 31.1595 -59.9516 2.4
      vertex 31.1595 -58.0484 2.4
    endloop
  endfacet
  facet normal 0 0 1
    outer loop
      vertex 31.0607 -57.9393 2.4
      vertex 31.0607 -60.0607 2.4
      vertex 31.1595 -59.9516 2.4
    endloop
  endfacet
  facet normal 0 0 1
    outer loop
      vertex 30.9516 -57.8405 2.4
      vertex 31.0607 -60.0607 2.4
      vertex 31.0607 -57.9393 2.4
    endloop
  endfacet
  facet normal 0 0 1
    outer loop
      vertex 30.9516 -57.8405 2.4
      vertex 30.9516 -60.1595 2.4
      vertex 31.0607 -60.0607 2.4
    endloop
  endfacet
  facet normal 0 0 1
    outer loop
      vertex 30.8334 -57.7528 2.4
      vertex 30.9516 -60.1595 2.4
      vertex 30.9516 -57.8405 2.4
    endloop
  endfacet
  facet normal 0 0 1
    outer loop
      vertex 30.8334 -57.7528 2.4
      vertex 30.8334 -60.2472 2.4
      vertex 30.9516 -60.1595 2.4
    endloop
  endfacet
  facet normal 0 0 1
    outer loop
      vertex 30.7071 -57.6771 2.4
      vertex 30.8334 -60.2472 2.4
      vertex 30.8334 -57.7528 2.4
    endloop
  endfacet
  facet normal 0 0 1
    outer loop
      vertex 30.7071 -57.6771 2.4
      vertex 30.7071 -60.3229 2.4
      vertex 30.8334 -60.2472 2.4
    endloop
  endfacet
  facet normal 0 0 1
    outer loop
      vertex 30.574 -57.6142 2.4
      vertex 30.7071 -60.3229 2.4
      vertex 30.7071 -57.6771 2.4
    endloop
  endfacet
  facet normal 0 0 1
    outer loop
      vertex 30.574 -57.6142 2.4
      vertex 30.574 -60.3858 2.4
      vertex 30.7071 -60.3229 2.4
    endloop
  endfacet
  facet normal 0 0 1
    outer loop
      vertex 30.4354 -57.5646 2.4
      vertex 30.574 -60.3858 2.4
      vertex 30.574 -57.6142 2.4
    endloop
  endfacet
  facet normal 0 0 1
    outer loop
      vertex 30.4354 -57.5646 2.4
      vertex 30.4354 -60.4354 2.4
      vertex 30.574 -60.3858 2.4
    endloop
  endfacet
  facet normal 0 0 1
    outer loop
      vertex 30.2926 -57.5288 2.4
      vertex 30.4354 -60.4354 2.4
      vertex 30.4354 -57.5646 2.4
    endloop
  endfacet
  facet normal 0 0 1
    outer loop
      vertex 30.2926 -57.5288 2.4
      vertex 30.2926 -60.4712 2.4
      vertex 30.4354 -60.4354 2.4
    endloop
  endfacet
  facet normal 0 0 1
    outer loop
      vertex 30.147 -57.5072 2.4
      vertex 30.2926 -60.4712 2.4
      vertex 30.2926 -57.5288 2.4
    endloop
  endfacet
  facet normal 0 0 1
    outer loop
      vertex 30.147 -57.5072 2.4
      vertex 30.147 -60.4928 2.4
      vertex 30.2926 -60.4712 2.4
    endloop
  endfacet
  facet normal 0 0 1
    outer loop
      vertex 30 -57.5 2.4
      vertex 30.147 -60.4928 2.4
      vertex 30.147 -57.5072 2.4
    endloop
  endfacet
  facet normal 0 0 1
    outer loop
      vertex 30 -57.5 2.4
      vertex 30 -60.5 2.4
      vertex 30.147 -60.4928 2.4
    endloop
  endfacet
  facet normal -0 0 1
    outer loop
      vertex 29.853 -57.5072 2.4
      vertex 30 -60.5 2.4
      vertex 30 -57.5 2.4
    endloop
  endfacet
  facet normal 0 0 1
    outer loop
      vertex 29.853 -57.5072 2.4
      vertex 29.853 -60.4928 2.4
      vertex 30 -60.5 2.4
    endloop
  endfacet
  facet normal -0 0 1
    outer loop
      vertex 29.7074 -57.5288 2.4
      vertex 29.853 -60.4928 2.4
      vertex 29.853 -57.5072 2.4
    endloop
  endfacet
  facet normal 0 0 1
    outer loop
      vertex 29.7074 -57.5288 2.4
      vertex 29.7074 -60.4712 2.4
      vertex 29.853 -60.4928 2.4
    endloop
  endfacet
  facet normal -0 0 1
    outer loop
      vertex 29.5646 -57.5646 2.4
      vertex 29.7074 -60.4712 2.4
      vertex 29.7074 -57.5288 2.4
    endloop
  endfacet
  facet normal 0 0 1
    outer loop
      vertex 29.5646 -57.5646 2.4
      vertex 29.5646 -60.4354 2.4
      vertex 29.7074 -60.4712 2.4
    endloop
  endfacet
  facet normal -0 0 1
    outer loop
      vertex 29.426 -57.6142 2.4
      vertex 29.5646 -60.4354 2.4
      vertex 29.5646 -57.5646 2.4
    endloop
  endfacet
  facet normal 0 0 1
    outer loop
      vertex 29.426 -57.6142 2.4
      vertex 29.426 -60.3858 2.4
      vertex 29.5646 -60.4354 2.4
    endloop
  endfacet
  facet normal -0 0 1
    outer loop
      vertex 29.2929 -57.6771 2.4
      vertex 29.426 -60.3858 2.4
      vertex 29.426 -57.6142 2.4
    endloop
  endfacet
  facet normal 0 0 1
    outer loop
      vertex 29.2929 -57.6771 2.4
      vertex 29.2929 -60.3229 2.4
      vertex 29.426 -60.3858 2.4
    endloop
  endfacet
  facet normal -0 0 1
    outer loop
      vertex 29.1666 -57.7528 2.4
      vertex 29.2929 -60.3229 2.4
      vertex 29.2929 -57.6771 2.4
    endloop
  endfacet
  facet normal 0 0 1
    outer loop
      vertex 29.1666 -57.7528 2.4
      vertex 29.1666 -60.2472 2.4
      vertex 29.2929 -60.3229 2.4
    endloop
  endfacet
  facet normal -0 0 1
    outer loop
      vertex 29.0484 -57.8405 2.4
      vertex 29.1666 -60.2472 2.4
      vertex 29.1666 -57.7528 2.4
    endloop
  endfacet
  facet normal 0 0 1
    outer loop
      vertex 29.0484 -57.8405 2.4
      vertex 29.0484 -60.1595 2.4
      vertex 29.1666 -60.2472 2.4
    endloop
  endfacet
  facet normal -0 0 1
    outer loop
      vertex 28.9393 -57.9393 2.4
      vertex 29.0484 -60.1595 2.4
      vertex 29.0484 -57.8405 2.4
    endloop
  endfacet
  facet normal 0 0 1
    outer loop
      vertex 28.9393 -57.9393 2.4
      vertex 28.9393 -60.0607 2.4
      vertex 29.0484 -60.1595 2.4
    endloop
  endfacet
  facet normal -0 0 1
    outer loop
      vertex 28.8405 -58.0484 2.4
      vertex 28.9393 -60.0607 2.4
      vertex 28.9393 -57.9393 2.4
    endloop
  endfacet
  facet normal 0 0 1
    outer loop
      vertex 28.8405 -58.0484 2.4
      vertex 28.8405 -59.9516 2.4
      vertex 28.9393 -60.0607 2.4
    endloop
  endfacet
  facet normal -0 0 1
    outer loop
      vertex 28.7528 -58.1666 2.4
      vertex 28.8405 -59.9516 2.4
      vertex 28.8405 -58.0484 2.4
    endloop
  endfacet
  facet normal 0 0 1
    outer loop
      vertex 28.7528 -58.1666 2.4
      vertex 28.7528 -59.8334 2.4
      vertex 28.8405 -59.9516 2.4
    endloop
  endfacet
  facet normal -0 0 1
    outer loop
      vertex 28.6771 -58.2929 2.4
      vertex 28.7528 -59.8334 2.4
      vertex 28.7528 -58.1666 2.4
    endloop
  endfacet
  facet normal 0 0 1
    outer loop
      vertex 28.6771 -58.2929 2.4
      vertex 28.6771 -59.7071 2.4
      vertex 28.7528 -59.8334 2.4
    endloop
  endfacet
  facet normal -0 0 1
    outer loop
      vertex 28.6142 -58.426 2.4
      vertex 28.6771 -59.7071 2.4
      vertex 28.6771 -58.2929 2.4
    endloop
  endfacet
  facet normal 0 0 1
    outer loop
      vertex 28.6142 -58.426 2.4
      vertex 28.6142 -59.574 2.4
      vertex 28.6771 -59.7071 2.4
    endloop
  endfacet
  facet normal -0 0 1
    outer loop
      vertex 28.5646 -58.5646 2.4
      vertex 28.6142 -59.574 2.4
      vertex 28.6142 -58.426 2.4
    endloop
  endfacet
  facet normal 0 0 1
    outer loop
      vertex 28.5646 -58.5646 2.4
      vertex 28.5646 -59.4354 2.4
      vertex 28.6142 -59.574 2.4
    endloop
  endfacet
  facet normal -0 0 1
    outer loop
      vertex 28.5288 -58.7074 2.4
      vertex 28.5646 -59.4354 2.4
      vertex 28.5646 -58.5646 2.4
    endloop
  endfacet
  facet normal 0 0 1
    outer loop
      vertex 28.5288 -58.7074 2.4
      vertex 28.5288 -59.2926 2.4
      vertex 28.5646 -59.4354 2.4
    endloop
  endfacet
  facet normal -0 0 1
    outer loop
      vertex 28.5072 -58.853 2.4
      vertex 28.5288 -59.2926 2.4
      vertex 28.5288 -58.7074 2.4
    endloop
  endfacet
  facet normal 0 0 1
    outer loop
      vertex 28.5072 -58.853 2.4
      vertex 28.5072 -59.147 2.4
      vertex 28.5288 -59.2926 2.4
    endloop
  endfacet
  facet normal 0 -0 1
    outer loop
      vertex 28.5072 -59.147 2.4
      vertex 28.5072 -58.853 2.4
      vertex 28.5 -59 2.4
    endloop
  endfacet
  facet normal 0 0 1
    outer loop
      vertex 31.4928 59.147 2.4
      vertex 31.4928 58.853 2.4
      vertex 31.5 59 2.4
    endloop
  endfacet
  facet normal 0 0 1
    outer loop
      vertex 31.4712 59.2926 2.4
      vertex 31.4928 58.853 2.4
      vertex 31.4928 59.147 2.4
    endloop
  endfacet
  facet normal 0 0 1
    outer loop
      vertex 31.4712 59.2926 2.4
      vertex 31.4712 58.7074 2.4
      vertex 31.4928 58.853 2.4
    endloop
  endfacet
  facet normal 0 0 1
    outer loop
      vertex 31.4354 59.4354 2.4
      vertex 31.4712 58.7074 2.4
      vertex 31.4712 59.2926 2.4
    endloop
  endfacet
  facet normal 0 0 1
    outer loop
      vertex 31.4354 59.4354 2.4
      vertex 31.4354 58.5646 2.4
      vertex 31.4712 58.7074 2.4
    endloop
  endfacet
  facet normal 0 0 1
    outer loop
      vertex 31.3858 59.574 2.4
      vertex 31.4354 58.5646 2.4
      vertex 31.4354 59.4354 2.4
    endloop
  endfacet
  facet normal 0 0 1
    outer loop
      vertex 31.3858 59.574 2.4
      vertex 31.3858 58.426 2.4
      vertex 31.4354 58.5646 2.4
    endloop
  endfacet
  facet normal 0 0 1
    outer loop
      vertex 31.3229 59.7071 2.4
      vertex 31.3858 58.426 2.4
      vertex 31.3858 59.574 2.4
    endloop
  endfacet
  facet normal 0 0 1
    outer loop
      vertex 31.3229 59.7071 2.4
      vertex 31.3229 58.2929 2.4
      vertex 31.3858 58.426 2.4
    endloop
  endfacet
  facet normal 0 0 1
    outer loop
      vertex 31.2472 59.8334 2.4
      vertex 31.3229 58.2929 2.4
      vertex 31.3229 59.7071 2.4
    endloop
  endfacet
  facet normal 0 0 1
    outer loop
      vertex 31.2472 59.8334 2.4
      vertex 31.2472 58.1666 2.4
      vertex 31.3229 58.2929 2.4
    endloop
  endfacet
  facet normal 0 0 1
    outer loop
      vertex 31.1595 59.9516 2.4
      vertex 31.2472 58.1666 2.4
      vertex 31.2472 59.8334 2.4
    endloop
  endfacet
  facet normal 0 0 1
    outer loop
      vertex 31.1595 59.9516 2.4
      vertex 31.1595 58.0484 2.4
      vertex 31.2472 58.1666 2.4
    endloop
  endfacet
  facet normal 0 0 1
    outer loop
      vertex 31.0607 60.0607 2.4
      vertex 31.1595 58.0484 2.4
      vertex 31.1595 59.9516 2.4
    endloop
  endfacet
  facet normal 0 0 1
    outer loop
      vertex 31.0607 60.0607 2.4
      vertex 31.0607 57.9393 2.4
      vertex 31.1595 58.0484 2.4
    endloop
  endfacet
  facet normal 0 0 1
    outer loop
      vertex 30.9516 60.1595 2.4
      vertex 31.0607 57.9393 2.4
      vertex 31.0607 60.0607 2.4
    endloop
  endfacet
  facet normal 0 0 1
    outer loop
      vertex 30.9516 60.1595 2.4
      vertex 30.9516 57.8405 2.4
      vertex 31.0607 57.9393 2.4
    endloop
  endfacet
  facet normal 0 0 1
    outer loop
      vertex 30.8334 60.2472 2.4
      vertex 30.9516 57.8405 2.4
      vertex 30.9516 60.1595 2.4
    endloop
  endfacet
  facet normal 0 0 1
    outer loop
      vertex 30.8334 60.2472 2.4
      vertex 30.8334 57.7528 2.4
      vertex 30.9516 57.8405 2.4
    endloop
  endfacet
  facet normal 0 0 1
    outer loop
      vertex 30.7071 60.3229 2.4
      vertex 30.8334 57.7528 2.4
      vertex 30.8334 60.2472 2.4
    endloop
  endfacet
  facet normal 0 0 1
    outer loop
      vertex 30.7071 60.3229 2.4
      vertex 30.7071 57.6771 2.4
      vertex 30.8334 57.7528 2.4
    endloop
  endfacet
  facet normal 0 0 1
    outer loop
      vertex 30.574 60.3858 2.4
      vertex 30.7071 57.6771 2.4
      vertex 30.7071 60.3229 2.4
    endloop
  endfacet
  facet normal 0 0 1
    outer loop
      vertex 30.574 60.3858 2.4
      vertex 30.574 57.6142 2.4
      vertex 30.7071 57.6771 2.4
    endloop
  endfacet
  facet normal 0 0 1
    outer loop
      vertex 30.4354 60.4354 2.4
      vertex 30.574 57.6142 2.4
      vertex 30.574 60.3858 2.4
    endloop
  endfacet
  facet normal 0 0 1
    outer loop
      vertex 30.4354 60.4354 2.4
      vertex 30.4354 57.5646 2.4
      vertex 30.574 57.6142 2.4
    endloop
  endfacet
  facet normal 0 0 1
    outer loop
      vertex 30.2926 60.4712 2.4
      vertex 30.4354 57.5646 2.4
      vertex 30.4354 60.4354 2.4
    endloop
  endfacet
  facet normal 0 0 1
    outer loop
      vertex 30.2926 60.4712 2.4
      vertex 30.2926 57.5288 2.4
      vertex 30.4354 57.5646 2.4
    endloop
  endfacet
  facet normal 0 0 1
    outer loop
      vertex 30.147 60.4928 2.4
      vertex 30.2926 57.5288 2.4
      vertex 30.2926 60.4712 2.4
    endloop
  endfacet
  facet normal 0 0 1
    outer loop
      vertex 30.147 60.4928 2.4
      vertex 30.147 57.5072 2.4
      vertex 30.2926 57.5288 2.4
    endloop
  endfacet
  facet normal 0 0 1
    outer loop
      vertex 30 60.5 2.4
      vertex 30.147 57.5072 2.4
      vertex 30.147 60.4928 2.4
    endloop
  endfacet
  facet normal 0 0 1
    outer loop
      vertex 30 60.5 2.4
      vertex 30 57.5 2.4
      vertex 30.147 57.5072 2.4
    endloop
  endfacet
  facet normal -0 0 1
    outer loop
      vertex 29.853 60.4928 2.4
      vertex 30 57.5 2.4
      vertex 30 60.5 2.4
    endloop
  endfacet
  facet normal 0 0 1
    outer loop
      vertex 29.853 60.4928 2.4
      vertex 29.853 57.5072 2.4
      vertex 30 57.5 2.4
    endloop
  endfacet
  facet normal -0 0 1
    outer loop
      vertex 29.7074 60.4712 2.4
      vertex 29.853 57.5072 2.4
      vertex 29.853 60.4928 2.4
    endloop
  endfacet
  facet normal 0 0 1
    outer loop
      vertex 29.7074 60.4712 2.4
      vertex 29.7074 57.5288 2.4
      vertex 29.853 57.5072 2.4
    endloop
  endfacet
  facet normal -0 0 1
    outer loop
      vertex 29.5646 60.4354 2.4
      vertex 29.7074 57.5288 2.4
      vertex 29.7074 60.4712 2.4
    endloop
  endfacet
  facet normal 0 0 1
    outer loop
      vertex 29.5646 60.4354 2.4
      vertex 29.5646 57.5646 2.4
      vertex 29.7074 57.5288 2.4
    endloop
  endfacet
  facet normal -0 0 1
    outer loop
      vertex 29.426 60.3858 2.4
      vertex 29.5646 57.5646 2.4
      vertex 29.5646 60.4354 2.4
    endloop
  endfacet
  facet normal 0 0 1
    outer loop
      vertex 29.426 60.3858 2.4
      vertex 29.426 57.6142 2.4
      vertex 29.5646 57.5646 2.4
    endloop
  endfacet
  facet normal -0 0 1
    outer loop
      vertex 29.2929 60.3229 2.4
      vertex 29.426 57.6142 2.4
      vertex 29.426 60.3858 2.4
    endloop
  endfacet
  facet normal 0 0 1
    outer loop
      vertex 29.2929 60.3229 2.4
      vertex 29.2929 57.6771 2.4
      vertex 29.426 57.6142 2.4
    endloop
  endfacet
  facet normal -0 0 1
    outer loop
      vertex 29.1666 60.2472 2.4
      vertex 29.2929 57.6771 2.4
      vertex 29.2929 60.3229 2.4
    endloop
  endfacet
  facet normal 0 0 1
    outer loop
      vertex 29.1666 60.2472 2.4
      vertex 29.1666 57.7528 2.4
      vertex 29.2929 57.6771 2.4
    endloop
  endfacet
  facet normal -0 0 1
    outer loop
      vertex 29.0484 60.1595 2.4
      vertex 29.1666 57.7528 2.4
      vertex 29.1666 60.2472 2.4
    endloop
  endfacet
  facet normal 0 0 1
    outer loop
      vertex 29.0484 60.1595 2.4
      vertex 29.0484 57.8405 2.4
      vertex 29.1666 57.7528 2.4
    endloop
  endfacet
  facet normal -0 0 1
    outer loop
      vertex 28.9393 60.0607 2.4
      vertex 29.0484 57.8405 2.4
      vertex 29.0484 60.1595 2.4
    endloop
  endfacet
  facet normal 0 0 1
    outer loop
      vertex 28.9393 60.0607 2.4
      vertex 28.9393 57.9393 2.4
      vertex 29.0484 57.8405 2.4
    endloop
  endfacet
  facet normal -0 0 1
    outer loop
      vertex 28.8405 59.9516 2.4
      vertex 28.9393 57.9393 2.4
      vertex 28.9393 60.0607 2.4
    endloop
  endfacet
  facet normal 0 0 1
    outer loop
      vertex 28.8405 59.9516 2.4
      vertex 28.8405 58.0484 2.4
      vertex 28.9393 57.9393 2.4
    endloop
  endfacet
  facet normal -0 0 1
    outer loop
      vertex 28.7528 59.8334 2.4
      vertex 28.8405 58.0484 2.4
      vertex 28.8405 59.9516 2.4
    endloop
  endfacet
  facet normal 0 0 1
    outer loop
      vertex 28.7528 59.8334 2.4
      vertex 28.7528 58.1666 2.4
      vertex 28.8405 58.0484 2.4
    endloop
  endfacet
  facet normal -0 0 1
    outer loop
      vertex 28.6771 59.7071 2.4
      vertex 28.7528 58.1666 2.4
      vertex 28.7528 59.8334 2.4
    endloop
  endfacet
  facet normal 0 0 1
    outer loop
      vertex 28.6771 59.7071 2.4
      vertex 28.6771 58.2929 2.4
      vertex 28.7528 58.1666 2.4
    endloop
  endfacet
  facet normal -0 0 1
    outer loop
      vertex 28.6142 59.574 2.4
      vertex 28.6771 58.2929 2.4
      vertex 28.6771 59.7071 2.4
    endloop
  endfacet
  facet normal 0 0 1
    outer loop
      vertex 28.6142 59.574 2.4
      vertex 28.6142 58.426 2.4
      vertex 28.6771 58.2929 2.4
    endloop
  endfacet
  facet normal -0 0 1
    outer loop
      vertex 28.5646 59.4354 2.4
      vertex 28.6142 58.426 2.4
      vertex 28.6142 59.574 2.4
    endloop
  endfacet
  facet normal 0 0 1
    outer loop
      vertex 28.5646 59.4354 2.4
      vertex 28.5646 58.5646 2.4
      vertex 28.6142 58.426 2.4
    endloop
  endfacet
  facet normal -0 0 1
    outer loop
      vertex 28.5288 59.2926 2.4
      vertex 28.5646 58.5646 2.4
      vertex 28.5646 59.4354 2.4
    endloop
  endfacet
  facet normal 0 0 1
    outer loop
      vertex 28.5288 59.2926 2.4
      vertex 28.5288 58.7074 2.4
      vertex 28.5646 58.5646 2.4
    endloop
  endfacet
  facet normal -0 0 1
    outer loop
      vertex 28.5072 59.147 2.4
      vertex 28.5288 58.7074 2.4
      vertex 28.5288 59.2926 2.4
    endloop
  endfacet
  facet normal 0 0 1
    outer loop
      vertex 28.5072 59.147 2.4
      vertex 28.5072 58.853 2.4
      vertex 28.5288 58.7074 2.4
    endloop
  endfacet
  facet normal 0 -0 1
    outer loop
      vertex 28.5072 58.853 2.4
      vertex 28.5072 59.147 2.4
      vertex 28.5 59 2.4
    endloop
  endfacet
  facet normal 0.146961 -0.989142 0
    outer loop
      vertex -32.5072 63.55 2.4
      vertex -32.2548 63.5875 13
      vertex -32.5072 63.55 13
    endloop
  endfacet
  facet normal 0.146961 -0.989142 0
    outer loop
      vertex -32.2548 63.5875 13
      vertex -32.5072 63.55 2.4
      vertex -32.2548 63.5875 2.4
    endloop
  endfacet
  facet normal 0.857735 0.514092 0
    outer loop
      vertex -34.1618 -62.4445 13
      vertex -34.293 -62.2256 2.4
      vertex -34.293 -62.2256 13
    endloop
  endfacet
  facet normal 0.857735 0.514092 0
    outer loop
      vertex -34.293 -62.2256 2.4
      vertex -34.1618 -62.4445 13
      vertex -34.1618 -62.4445 2.4
    endloop
  endfacet
  facet normal 0.941644 0.336609 0
    outer loop
      vertex -34.4021 -61.995 13
      vertex -34.488 -61.7547 2.4
      vertex -34.488 -61.7547 13
    endloop
  endfacet
  facet normal 0.941644 0.336609 0
    outer loop
      vertex -34.488 -61.7547 2.4
      vertex -34.4021 -61.995 13
      vertex -34.4021 -61.995 2.4
    endloop
  endfacet
  facet normal -0.42744 -0.904044 0
    outer loop
      vertex -31.8856 -62.5277 2.4
      vertex -31.5307 -62.6955 13
      vertex -31.8856 -62.5277 13
    endloop
  endfacet
  facet normal -0.42744 -0.904044 -0
    outer loop
      vertex -31.5307 -62.6955 13
      vertex -31.8856 -62.5277 2.4
      vertex -31.5307 -62.6955 2.4
    endloop
  endfacet
  facet normal 0.989176 0.146733 0
    outer loop
      vertex -26.0193 -58.6079 13
      vertex -26.0769 -58.2196 2.4
      vertex -26.0769 -58.2196 13
    endloop
  endfacet
  facet normal 0.989176 0.146733 0
    outer loop
      vertex -26.0769 -58.2196 2.4
      vertex -26.0193 -58.6079 13
      vertex -26.0193 -58.6079 2.4
    endloop
  endfacet
  facet normal 0.998791 0.0491626 0
    outer loop
      vertex -26 -59 13
      vertex -26.0193 -58.6079 2.4
      vertex -26.0193 -58.6079 13
    endloop
  endfacet
  facet normal 0.998791 0.0491626 0
    outer loop
      vertex -26.0193 -58.6079 2.4
      vertex -26 -59 13
      vertex -26 -59 2.4
    endloop
  endfacet
  facet normal 0.970068 0.242835 0
    outer loop
      vertex -26.0769 -58.2196 13
      vertex -26.1722 -57.8389 2.4
      vertex -26.1722 -57.8389 13
    endloop
  endfacet
  facet normal 0.970068 0.242835 0
    outer loop
      vertex -26.1722 -57.8389 2.4
      vertex -26.0769 -58.2196 13
      vertex -26.0769 -58.2196 2.4
    endloop
  endfacet
  facet normal 0.42744 -0.904044 0
    outer loop
      vertex -28.4693 -62.6955 2.4
      vertex -28.1144 -62.5277 13
      vertex -28.4693 -62.6955 13
    endloop
  endfacet
  facet normal 0.42744 -0.904044 0
    outer loop
      vertex -28.1144 -62.5277 13
      vertex -28.4693 -62.6955 2.4
      vertex -28.1144 -62.5277 2.4
    endloop
  endfacet
  facet normal -0.671607 0.740908 0
    outer loop
      vertex -32.5376 -55.908 2.4
      vertex -32.8284 -56.1716 13
      vertex -32.5376 -55.908 13
    endloop
  endfacet
  facet normal -0.671607 0.740908 0
    outer loop
      vertex -32.8284 -56.1716 13
      vertex -32.5376 -55.908 2.4
      vertex -32.8284 -56.1716 2.4
    endloop
  endfacet
  facet normal -0.970068 -0.242835 0
    outer loop
      vertex -33.8278 -60.1611 2.4
      vertex -33.9231 -59.7804 13
      vertex -33.9231 -59.7804 2.4
    endloop
  endfacet
  facet normal -0.970068 -0.242835 0
    outer loop
      vertex -33.9231 -59.7804 13
      vertex -33.8278 -60.1611 2.4
      vertex -33.8278 -60.1611 13
    endloop
  endfacet
  facet normal 0.42744 0.904044 -0
    outer loop
      vertex -28.1144 -55.4723 2.4
      vertex -28.4693 -55.3045 13
      vertex -28.1144 -55.4723 13
    endloop
  endfacet
  facet normal 0.42744 0.904044 0
    outer loop
      vertex -28.4693 -55.3045 13
      vertex -28.1144 -55.4723 2.4
      vertex -28.4693 -55.3045 2.4
    endloop
  endfacet
  facet normal -0.989176 0.146733 0
    outer loop
      vertex -33.9807 -58.6079 2.4
      vertex -33.9231 -58.2196 13
      vertex -33.9231 -58.2196 2.4
    endloop
  endfacet
  facet normal -0.989176 0.146733 0
    outer loop
      vertex -33.9231 -58.2196 13
      vertex -33.9807 -58.6079 2.4
      vertex -33.9807 -58.6079 13
    endloop
  endfacet
  facet normal -0.146733 -0.989176 0
    outer loop
      vertex -30.7804 -62.9231 2.4
      vertex -30.3921 -62.9807 13
      vertex -30.7804 -62.9231 13
    endloop
  endfacet
  facet normal -0.146733 -0.989176 -0
    outer loop
      vertex -30.3921 -62.9807 13
      vertex -30.7804 -62.9231 2.4
      vertex -30.3921 -62.9807 2.4
    endloop
  endfacet
  facet normal 0.242835 0.970068 -0
    outer loop
      vertex -28.8389 -55.1722 2.4
      vertex -29.2196 -55.0769 13
      vertex -28.8389 -55.1722 13
    endloop
  endfacet
  facet normal 0.242835 0.970068 0
    outer loop
      vertex -29.2196 -55.0769 13
      vertex -28.8389 -55.1722 2.4
      vertex -29.2196 -55.0769 2.4
    endloop
  endfacet
  facet normal -0.740908 0.671607 0
    outer loop
      vertex -33.092 -56.4624 2.4
      vertex -32.8284 -56.1716 13
      vertex -32.8284 -56.1716 2.4
    endloop
  endfacet
  facet normal -0.740908 0.671607 0
    outer loop
      vertex -32.8284 -56.1716 13
      vertex -33.092 -56.4624 2.4
      vertex -33.092 -56.4624 13
    endloop
  endfacet
  facet normal 0.514084 -0.85774 0
    outer loop
      vertex -28.1144 -62.5277 2.4
      vertex -27.7777 -62.3259 13
      vertex -28.1144 -62.5277 13
    endloop
  endfacet
  facet normal 0.514084 -0.85774 0
    outer loop
      vertex -27.7777 -62.3259 13
      vertex -28.1144 -62.5277 2.4
      vertex -27.7777 -62.3259 2.4
    endloop
  endfacet
  facet normal -0.242835 -0.970068 0
    outer loop
      vertex -31.1611 -62.8278 2.4
      vertex -30.7804 -62.9231 13
      vertex -31.1611 -62.8278 13
    endloop
  endfacet
  facet normal -0.242835 -0.970068 -0
    outer loop
      vertex -30.7804 -62.9231 13
      vertex -31.1611 -62.8278 2.4
      vertex -30.7804 -62.9231 2.4
    endloop
  endfacet
  facet normal -0.337014 -0.9415 0
    outer loop
      vertex -31.5307 -62.6955 2.4
      vertex -31.1611 -62.8278 13
      vertex -31.5307 -62.6955 13
    endloop
  endfacet
  facet normal -0.337014 -0.9415 -0
    outer loop
      vertex -31.1611 -62.8278 13
      vertex -31.5307 -62.6955 2.4
      vertex -31.1611 -62.8278 2.4
    endloop
  endfacet
  facet normal -0.337014 0.9415 0
    outer loop
      vertex -31.1611 -55.1722 2.4
      vertex -31.5307 -55.3045 13
      vertex -31.1611 -55.1722 13
    endloop
  endfacet
  facet normal -0.337014 0.9415 0
    outer loop
      vertex -31.5307 -55.3045 13
      vertex -31.1611 -55.1722 2.4
      vertex -31.5307 -55.3045 2.4
    endloop
  endfacet
  facet normal 0.0491626 -0.998791 0
    outer loop
      vertex -30 -63 2.4
      vertex -29.6079 -62.9807 13
      vertex -30 -63 13
    endloop
  endfacet
  facet normal 0.0491626 -0.998791 0
    outer loop
      vertex -29.6079 -62.9807 13
      vertex -30 -63 2.4
      vertex -29.6079 -62.9807 2.4
    endloop
  endfacet
  facet normal 0.146733 -0.989176 0
    outer loop
      vertex -29.6079 -62.9807 2.4
      vertex -29.2196 -62.9231 13
      vertex -29.6079 -62.9807 13
    endloop
  endfacet
  facet normal 0.146733 -0.989176 0
    outer loop
      vertex -29.2196 -62.9231 13
      vertex -29.6079 -62.9807 2.4
      vertex -29.2196 -62.9231 2.4
    endloop
  endfacet
  facet normal -0.0491626 0.998791 0
    outer loop
      vertex -30 -55 2.4
      vertex -30.3921 -55.0193 13
      vertex -30 -55 13
    endloop
  endfacet
  facet normal -0.0491626 0.998791 0
    outer loop
      vertex -30.3921 -55.0193 13
      vertex -30 -55 2.4
      vertex -30.3921 -55.0193 2.4
    endloop
  endfacet
  facet normal -0.595794 -0.803137 0
    outer loop
      vertex -32.5376 -62.092 2.4
      vertex -32.2223 -62.3259 13
      vertex -32.5376 -62.092 13
    endloop
  endfacet
  facet normal -0.595794 -0.803137 -0
    outer loop
      vertex -32.2223 -62.3259 13
      vertex -32.5376 -62.092 2.4
      vertex -32.2223 -62.3259 2.4
    endloop
  endfacet
  facet normal -0.904044 -0.42744 0
    outer loop
      vertex -33.5277 -60.8856 2.4
      vertex -33.6955 -60.5307 13
      vertex -33.6955 -60.5307 2.4
    endloop
  endfacet
  facet normal -0.904044 -0.42744 0
    outer loop
      vertex -33.6955 -60.5307 13
      vertex -33.5277 -60.8856 2.4
      vertex -33.5277 -60.8856 13
    endloop
  endfacet
  facet normal -0.146733 0.989176 0
    outer loop
      vertex -30.3921 -55.0193 2.4
      vertex -30.7804 -55.0769 13
      vertex -30.3921 -55.0193 13
    endloop
  endfacet
  facet normal -0.146733 0.989176 0
    outer loop
      vertex -30.7804 -55.0769 13
      vertex -30.3921 -55.0193 2.4
      vertex -30.7804 -55.0769 2.4
    endloop
  endfacet
  facet normal 0.595794 -0.803137 0
    outer loop
      vertex -27.7777 -62.3259 2.4
      vertex -27.4624 -62.092 13
      vertex -27.7777 -62.3259 13
    endloop
  endfacet
  facet normal 0.595794 -0.803137 0
    outer loop
      vertex -27.4624 -62.092 13
      vertex -27.7777 -62.3259 2.4
      vertex -27.4624 -62.092 2.4
    endloop
  endfacet
  facet normal 0.0491626 0.998791 -0
    outer loop
      vertex -29.6079 -55.0193 2.4
      vertex -30 -55 13
      vertex -29.6079 -55.0193 13
    endloop
  endfacet
  facet normal 0.0491626 0.998791 0
    outer loop
      vertex -30 -55 13
      vertex -29.6079 -55.0193 2.4
      vertex -30 -55 2.4
    endloop
  endfacet
  facet normal 0.514084 0.85774 -0
    outer loop
      vertex -27.7777 -55.6741 2.4
      vertex -28.1144 -55.4723 13
      vertex -27.7777 -55.6741 13
    endloop
  endfacet
  facet normal 0.514084 0.85774 0
    outer loop
      vertex -28.1144 -55.4723 13
      vertex -27.7777 -55.6741 2.4
      vertex -28.1144 -55.4723 2.4
    endloop
  endfacet
  facet normal -0.998791 -0.0491626 0
    outer loop
      vertex -33.9807 -59.3921 2.4
      vertex -34 -59 13
      vertex -34 -59 2.4
    endloop
  endfacet
  facet normal -0.998791 -0.0491626 0
    outer loop
      vertex -34 -59 13
      vertex -33.9807 -59.3921 2.4
      vertex -33.9807 -59.3921 13
    endloop
  endfacet
  facet normal 0.970068 -0.242835 0
    outer loop
      vertex -26.1722 -60.1611 13
      vertex -26.0769 -59.7804 2.4
      vertex -26.0769 -59.7804 13
    endloop
  endfacet
  facet normal 0.970068 -0.242835 0
    outer loop
      vertex -26.0769 -59.7804 2.4
      vertex -26.1722 -60.1611 13
      vertex -26.1722 -60.1611 2.4
    endloop
  endfacet
  facet normal 0.740908 0.671607 0
    outer loop
      vertex -26.908 -56.4624 13
      vertex -27.1716 -56.1716 2.4
      vertex -27.1716 -56.1716 13
    endloop
  endfacet
  facet normal 0.740908 0.671607 0
    outer loop
      vertex -27.1716 -56.1716 2.4
      vertex -26.908 -56.4624 13
      vertex -26.908 -56.4624 2.4
    endloop
  endfacet
  facet normal 0.595794 0.803137 -0
    outer loop
      vertex -27.4624 -55.908 2.4
      vertex -27.7777 -55.6741 13
      vertex -27.4624 -55.908 13
    endloop
  endfacet
  facet normal 0.595794 0.803137 0
    outer loop
      vertex -27.7777 -55.6741 13
      vertex -27.4624 -55.908 2.4
      vertex -27.7777 -55.6741 2.4
    endloop
  endfacet
  facet normal -0.595794 0.803137 0
    outer loop
      vertex -32.2223 -55.6741 2.4
      vertex -32.5376 -55.908 13
      vertex -32.2223 -55.6741 13
    endloop
  endfacet
  facet normal -0.595794 0.803137 0
    outer loop
      vertex -32.5376 -55.908 13
      vertex -32.2223 -55.6741 2.4
      vertex -32.5376 -55.908 2.4
    endloop
  endfacet
  facet normal 0.803137 0.595794 0
    outer loop
      vertex -26.6741 -56.7777 13
      vertex -26.908 -56.4624 2.4
      vertex -26.908 -56.4624 13
    endloop
  endfacet
  facet normal 0.803137 0.595794 0
    outer loop
      vertex -26.908 -56.4624 2.4
      vertex -26.6741 -56.7777 13
      vertex -26.6741 -56.7777 2.4
    endloop
  endfacet
  facet normal 0.989176 -0.146733 0
    outer loop
      vertex -26.0769 -59.7804 13
      vertex -26.0193 -59.3921 2.4
      vertex -26.0193 -59.3921 13
    endloop
  endfacet
  facet normal 0.989176 -0.146733 0
    outer loop
      vertex -26.0193 -59.3921 2.4
      vertex -26.0769 -59.7804 13
      vertex -26.0769 -59.7804 2.4
    endloop
  endfacet
  facet normal -0.9415 0.337014 0
    outer loop
      vertex -33.8278 -57.8389 2.4
      vertex -33.6955 -57.4693 13
      vertex -33.6955 -57.4693 2.4
    endloop
  endfacet
  facet normal -0.9415 0.337014 0
    outer loop
      vertex -33.6955 -57.4693 13
      vertex -33.8278 -57.8389 2.4
      vertex -33.8278 -57.8389 13
    endloop
  endfacet
  facet normal 0.904044 -0.42744 0
    outer loop
      vertex -26.4723 -60.8856 13
      vertex -26.3045 -60.5307 2.4
      vertex -26.3045 -60.5307 13
    endloop
  endfacet
  facet normal 0.904044 -0.42744 0
    outer loop
      vertex -26.3045 -60.5307 2.4
      vertex -26.4723 -60.8856 13
      vertex -26.4723 -60.8856 2.4
    endloop
  endfacet
  facet normal 0.337014 0.9415 -0
    outer loop
      vertex -28.4693 -55.3045 2.4
      vertex -28.8389 -55.1722 13
      vertex -28.4693 -55.3045 13
    endloop
  endfacet
  facet normal 0.337014 0.9415 0
    outer loop
      vertex -28.8389 -55.1722 13
      vertex -28.4693 -55.3045 2.4
      vertex -28.8389 -55.1722 2.4
    endloop
  endfacet
  facet normal 0.998791 -0.0491626 0
    outer loop
      vertex -26.0193 -59.3921 13
      vertex -26 -59 2.4
      vertex -26 -59 13
    endloop
  endfacet
  facet normal 0.998791 -0.0491626 0
    outer loop
      vertex -26 -59 2.4
      vertex -26.0193 -59.3921 13
      vertex -26.0193 -59.3921 2.4
    endloop
  endfacet
  facet normal 0.337014 -0.9415 0
    outer loop
      vertex -28.8389 -62.8278 2.4
      vertex -28.4693 -62.6955 13
      vertex -28.8389 -62.8278 13
    endloop
  endfacet
  facet normal 0.337014 -0.9415 0
    outer loop
      vertex -28.4693 -62.6955 13
      vertex -28.8389 -62.8278 2.4
      vertex -28.4693 -62.6955 2.4
    endloop
  endfacet
  facet normal 0.9415 0.337014 0
    outer loop
      vertex -26.1722 -57.8389 13
      vertex -26.3045 -57.4693 2.4
      vertex -26.3045 -57.4693 13
    endloop
  endfacet
  facet normal 0.9415 0.337014 0
    outer loop
      vertex -26.3045 -57.4693 2.4
      vertex -26.1722 -57.8389 13
      vertex -26.1722 -57.8389 2.4
    endloop
  endfacet
  facet normal 0.803137 -0.595794 0
    outer loop
      vertex -26.908 -61.5376 13
      vertex -26.6741 -61.2223 2.4
      vertex -26.6741 -61.2223 13
    endloop
  endfacet
  facet normal 0.803137 -0.595794 0
    outer loop
      vertex -26.6741 -61.2223 2.4
      vertex -26.908 -61.5376 13
      vertex -26.908 -61.5376 2.4
    endloop
  endfacet
  facet normal 0.85774 -0.514084 0
    outer loop
      vertex -26.6741 -61.2223 13
      vertex -26.4723 -60.8856 2.4
      vertex -26.4723 -60.8856 13
    endloop
  endfacet
  facet normal 0.85774 -0.514084 0
    outer loop
      vertex -26.4723 -60.8856 2.4
      vertex -26.6741 -61.2223 13
      vertex -26.6741 -61.2223 2.4
    endloop
  endfacet
  facet normal 0.9415 -0.337014 0
    outer loop
      vertex -26.3045 -60.5307 13
      vertex -26.1722 -60.1611 2.4
      vertex -26.1722 -60.1611 13
    endloop
  endfacet
  facet normal 0.9415 -0.337014 0
    outer loop
      vertex -26.1722 -60.1611 2.4
      vertex -26.3045 -60.5307 13
      vertex -26.3045 -60.5307 2.4
    endloop
  endfacet
  facet normal -0.904044 0.42744 0
    outer loop
      vertex -33.6955 -57.4693 2.4
      vertex -33.5277 -57.1144 13
      vertex -33.5277 -57.1144 2.4
    endloop
  endfacet
  facet normal -0.904044 0.42744 0
    outer loop
      vertex -33.5277 -57.1144 13
      vertex -33.6955 -57.4693 2.4
      vertex -33.6955 -57.4693 13
    endloop
  endfacet
  facet normal -0.242835 0.970068 0
    outer loop
      vertex -30.7804 -55.0769 2.4
      vertex -31.1611 -55.1722 13
      vertex -30.7804 -55.0769 13
    endloop
  endfacet
  facet normal -0.242835 0.970068 0
    outer loop
      vertex -31.1611 -55.1722 13
      vertex -30.7804 -55.0769 2.4
      vertex -31.1611 -55.1722 2.4
    endloop
  endfacet
  facet normal 0.904044 0.42744 0
    outer loop
      vertex -26.3045 -57.4693 13
      vertex -26.4723 -57.1144 2.4
      vertex -26.4723 -57.1144 13
    endloop
  endfacet
  facet normal 0.904044 0.42744 0
    outer loop
      vertex -26.4723 -57.1144 2.4
      vertex -26.3045 -57.4693 13
      vertex -26.3045 -57.4693 2.4
    endloop
  endfacet
  facet normal 0.146733 0.989176 -0
    outer loop
      vertex -29.2196 -55.0769 2.4
      vertex -29.6079 -55.0193 13
      vertex -29.2196 -55.0769 13
    endloop
  endfacet
  facet normal 0.146733 0.989176 0
    outer loop
      vertex -29.6079 -55.0193 13
      vertex -29.2196 -55.0769 2.4
      vertex -29.6079 -55.0193 2.4
    endloop
  endfacet
  facet normal -0.85774 -0.514084 0
    outer loop
      vertex -33.3259 -61.2223 2.4
      vertex -33.5277 -60.8856 13
      vertex -33.5277 -60.8856 2.4
    endloop
  endfacet
  facet normal -0.85774 -0.514084 0
    outer loop
      vertex -33.5277 -60.8856 13
      vertex -33.3259 -61.2223 2.4
      vertex -33.3259 -61.2223 13
    endloop
  endfacet
  facet normal 0.85774 0.514084 0
    outer loop
      vertex -26.4723 -57.1144 13
      vertex -26.6741 -56.7777 2.4
      vertex -26.6741 -56.7777 13
    endloop
  endfacet
  facet normal 0.85774 0.514084 0
    outer loop
      vertex -26.6741 -56.7777 2.4
      vertex -26.4723 -57.1144 13
      vertex -26.4723 -57.1144 2.4
    endloop
  endfacet
  facet normal -0.740908 -0.671607 0
    outer loop
      vertex -32.8284 -61.8284 2.4
      vertex -33.092 -61.5376 13
      vertex -33.092 -61.5376 2.4
    endloop
  endfacet
  facet normal -0.740908 -0.671607 0
    outer loop
      vertex -33.092 -61.5376 13
      vertex -32.8284 -61.8284 2.4
      vertex -32.8284 -61.8284 13
    endloop
  endfacet
  facet normal 0.242835 -0.970068 0
    outer loop
      vertex -29.2196 -62.9231 2.4
      vertex -28.8389 -62.8278 13
      vertex -29.2196 -62.9231 13
    endloop
  endfacet
  facet normal 0.242835 -0.970068 0
    outer loop
      vertex -28.8389 -62.8278 13
      vertex -29.2196 -62.9231 2.4
      vertex -28.8389 -62.8278 2.4
    endloop
  endfacet
  facet normal -0.514084 0.85774 0
    outer loop
      vertex -31.8856 -55.4723 2.4
      vertex -32.2223 -55.6741 13
      vertex -31.8856 -55.4723 13
    endloop
  endfacet
  facet normal -0.514084 0.85774 0
    outer loop
      vertex -32.2223 -55.6741 13
      vertex -31.8856 -55.4723 2.4
      vertex -32.2223 -55.6741 2.4
    endloop
  endfacet
  facet normal -0.42744 0.904044 0
    outer loop
      vertex -31.5307 -55.3045 2.4
      vertex -31.8856 -55.4723 13
      vertex -31.5307 -55.3045 13
    endloop
  endfacet
  facet normal -0.42744 0.904044 0
    outer loop
      vertex -31.8856 -55.4723 13
      vertex -31.5307 -55.3045 2.4
      vertex -31.8856 -55.4723 2.4
    endloop
  endfacet
  facet normal -0.9415 -0.337014 0
    outer loop
      vertex -33.6955 -60.5307 2.4
      vertex -33.8278 -60.1611 13
      vertex -33.8278 -60.1611 2.4
    endloop
  endfacet
  facet normal -0.9415 -0.337014 0
    outer loop
      vertex -33.8278 -60.1611 13
      vertex -33.6955 -60.5307 2.4
      vertex -33.6955 -60.5307 13
    endloop
  endfacet
  facet normal -0.514084 -0.85774 0
    outer loop
      vertex -32.2223 -62.3259 2.4
      vertex -31.8856 -62.5277 13
      vertex -32.2223 -62.3259 13
    endloop
  endfacet
  facet normal -0.514084 -0.85774 -0
    outer loop
      vertex -31.8856 -62.5277 13
      vertex -32.2223 -62.3259 2.4
      vertex -31.8856 -62.5277 2.4
    endloop
  endfacet
  facet normal 0.671607 0.740908 -0
    outer loop
      vertex -27.1716 -56.1716 2.4
      vertex -27.4624 -55.908 13
      vertex -27.1716 -56.1716 13
    endloop
  endfacet
  facet normal 0.671607 0.740908 0
    outer loop
      vertex -27.4624 -55.908 13
      vertex -27.1716 -56.1716 2.4
      vertex -27.4624 -55.908 2.4
    endloop
  endfacet
  facet normal -0.970068 0.242835 0
    outer loop
      vertex -33.9231 -58.2196 2.4
      vertex -33.8278 -57.8389 13
      vertex -33.8278 -57.8389 2.4
    endloop
  endfacet
  facet normal -0.970068 0.242835 0
    outer loop
      vertex -33.8278 -57.8389 13
      vertex -33.9231 -58.2196 2.4
      vertex -33.9231 -58.2196 13
    endloop
  endfacet
  facet normal -0.803137 -0.595794 0
    outer loop
      vertex -33.092 -61.5376 2.4
      vertex -33.3259 -61.2223 13
      vertex -33.3259 -61.2223 2.4
    endloop
  endfacet
  facet normal -0.803137 -0.595794 0
    outer loop
      vertex -33.3259 -61.2223 13
      vertex -33.092 -61.5376 2.4
      vertex -33.092 -61.5376 13
    endloop
  endfacet
  facet normal -0.989176 -0.146733 0
    outer loop
      vertex -33.9231 -59.7804 2.4
      vertex -33.9807 -59.3921 13
      vertex -33.9807 -59.3921 2.4
    endloop
  endfacet
  facet normal -0.989176 -0.146733 0
    outer loop
      vertex -33.9807 -59.3921 13
      vertex -33.9231 -59.7804 2.4
      vertex -33.9231 -59.7804 13
    endloop
  endfacet
  facet normal -0.671607 -0.740908 0
    outer loop
      vertex -32.8284 -61.8284 2.4
      vertex -32.5376 -62.092 13
      vertex -32.8284 -61.8284 13
    endloop
  endfacet
  facet normal -0.671607 -0.740908 -0
    outer loop
      vertex -32.5376 -62.092 13
      vertex -32.8284 -61.8284 2.4
      vertex -32.5376 -62.092 2.4
    endloop
  endfacet
  facet normal -0.803137 0.595794 0
    outer loop
      vertex -33.3259 -56.7777 2.4
      vertex -33.092 -56.4624 13
      vertex -33.092 -56.4624 2.4
    endloop
  endfacet
  facet normal -0.803137 0.595794 0
    outer loop
      vertex -33.092 -56.4624 13
      vertex -33.3259 -56.7777 2.4
      vertex -33.3259 -56.7777 13
    endloop
  endfacet
  facet normal -0.85774 0.514084 0
    outer loop
      vertex -33.5277 -57.1144 2.4
      vertex -33.3259 -56.7777 13
      vertex -33.3259 -56.7777 2.4
    endloop
  endfacet
  facet normal -0.85774 0.514084 0
    outer loop
      vertex -33.3259 -56.7777 13
      vertex -33.5277 -57.1144 2.4
      vertex -33.5277 -57.1144 13
    endloop
  endfacet
  facet normal 0 0 1
    outer loop
      vertex -28.5 -59 13
      vertex -26 -59 13
      vertex -26.0193 -58.6079 13
    endloop
  endfacet
  facet normal 0 0 1
    outer loop
      vertex -28.5072 -58.853 13
      vertex -26.0193 -58.6079 13
      vertex -26.0769 -58.2196 13
    endloop
  endfacet
  facet normal 0 0 1
    outer loop
      vertex -26 -59 13
      vertex -28.5 -59 13
      vertex -26.0193 -59.3921 13
    endloop
  endfacet
  facet normal 0 0 1
    outer loop
      vertex -28.5288 -58.7074 13
      vertex -26.0769 -58.2196 13
      vertex -26.1722 -57.8389 13
    endloop
  endfacet
  facet normal -0 0 1
    outer loop
      vertex -28.5072 -59.147 13
      vertex -26.0193 -59.3921 13
      vertex -28.5 -59 13
    endloop
  endfacet
  facet normal 0 0 1
    outer loop
      vertex -28.5646 -58.5646 13
      vertex -26.1722 -57.8389 13
      vertex -26.3045 -57.4693 13
    endloop
  endfacet
  facet normal 0 0 1
    outer loop
      vertex -26.0193 -59.3921 13
      vertex -28.5072 -59.147 13
      vertex -26.0769 -59.7804 13
    endloop
  endfacet
  facet normal 0 0 1
    outer loop
      vertex -28.6142 -58.426 13
      vertex -26.3045 -57.4693 13
      vertex -26.4723 -57.1144 13
    endloop
  endfacet
  facet normal -0 0 1
    outer loop
      vertex -28.5288 -59.2926 13
      vertex -26.0769 -59.7804 13
      vertex -28.5072 -59.147 13
    endloop
  endfacet
  facet normal 0 0 1
    outer loop
      vertex -28.6771 -58.2929 13
      vertex -26.4723 -57.1144 13
      vertex -26.6741 -56.7777 13
    endloop
  endfacet
  facet normal 0 0 1
    outer loop
      vertex -26.0769 -59.7804 13
      vertex -28.5288 -59.2926 13
      vertex -26.1722 -60.1611 13
    endloop
  endfacet
  facet normal 0 0 1
    outer loop
      vertex -28.7528 -58.1666 13
      vertex -26.6741 -56.7777 13
      vertex -26.908 -56.4624 13
    endloop
  endfacet
  facet normal -0 0 1
    outer loop
      vertex -28.5646 -59.4354 13
      vertex -26.1722 -60.1611 13
      vertex -28.5288 -59.2926 13
    endloop
  endfacet
  facet normal 0 0 1
    outer loop
      vertex -28.8405 -58.0484 13
      vertex -26.908 -56.4624 13
      vertex -27.1716 -56.1716 13
    endloop
  endfacet
  facet normal 0 0 1
    outer loop
      vertex -26.1722 -60.1611 13
      vertex -28.5646 -59.4354 13
      vertex -26.3045 -60.5307 13
    endloop
  endfacet
  facet normal 0 0 1
    outer loop
      vertex -28.9393 -57.9393 13
      vertex -27.1716 -56.1716 13
      vertex -27.4624 -55.908 13
    endloop
  endfacet
  facet normal -0 0 1
    outer loop
      vertex -28.6142 -59.574 13
      vertex -26.3045 -60.5307 13
      vertex -28.5646 -59.4354 13
    endloop
  endfacet
  facet normal 0 0 1
    outer loop
      vertex -29.0484 -57.8405 13
      vertex -27.4624 -55.908 13
      vertex -27.7777 -55.6741 13
    endloop
  endfacet
  facet normal 0 0 1
    outer loop
      vertex -26.3045 -60.5307 13
      vertex -28.6142 -59.574 13
      vertex -26.4723 -60.8856 13
    endloop
  endfacet
  facet normal 0 0 1
    outer loop
      vertex -29.1666 -57.7528 13
      vertex -27.7777 -55.6741 13
      vertex -28.1144 -55.4723 13
    endloop
  endfacet
  facet normal -0 0 1
    outer loop
      vertex -28.6771 -59.7071 13
      vertex -26.4723 -60.8856 13
      vertex -28.6142 -59.574 13
    endloop
  endfacet
  facet normal 0 0 1
    outer loop
      vertex -29.2929 -57.6771 13
      vertex -28.1144 -55.4723 13
      vertex -28.4693 -55.3045 13
    endloop
  endfacet
  facet normal 0 0 1
    outer loop
      vertex -26.4723 -60.8856 13
      vertex -28.6771 -59.7071 13
      vertex -26.6741 -61.2223 13
    endloop
  endfacet
  facet normal -0 0 1
    outer loop
      vertex -28.7528 -59.8334 13
      vertex -26.6741 -61.2223 13
      vertex -28.6771 -59.7071 13
    endloop
  endfacet
  facet normal 0 0 1
    outer loop
      vertex -26.0193 -58.6079 13
      vertex -28.5072 -58.853 13
      vertex -28.5 -59 13
    endloop
  endfacet
  facet normal 0 0 1
    outer loop
      vertex -26.0769 -58.2196 13
      vertex -28.5288 -58.7074 13
      vertex -28.5072 -58.853 13
    endloop
  endfacet
  facet normal 0 0 1
    outer loop
      vertex -26.1722 -57.8389 13
      vertex -28.5646 -58.5646 13
      vertex -28.5288 -58.7074 13
    endloop
  endfacet
  facet normal 0 0 1
    outer loop
      vertex -26.3045 -57.4693 13
      vertex -28.6142 -58.426 13
      vertex -28.5646 -58.5646 13
    endloop
  endfacet
  facet normal 0 0 1
    outer loop
      vertex -26.4723 -57.1144 13
      vertex -28.6771 -58.2929 13
      vertex -28.6142 -58.426 13
    endloop
  endfacet
  facet normal 0 0 1
    outer loop
      vertex -26.6741 -56.7777 13
      vertex -28.7528 -58.1666 13
      vertex -28.6771 -58.2929 13
    endloop
  endfacet
  facet normal 0 0 1
    outer loop
      vertex -29.426 -57.6142 13
      vertex -28.4693 -55.3045 13
      vertex -28.8389 -55.1722 13
    endloop
  endfacet
  facet normal 0 0 1
    outer loop
      vertex -26.908 -56.4624 13
      vertex -28.8405 -58.0484 13
      vertex -28.7528 -58.1666 13
    endloop
  endfacet
  facet normal 0 0 1
    outer loop
      vertex -27.1716 -56.1716 13
      vertex -28.9393 -57.9393 13
      vertex -28.8405 -58.0484 13
    endloop
  endfacet
  facet normal 0 0 1
    outer loop
      vertex -27.4624 -55.908 13
      vertex -29.0484 -57.8405 13
      vertex -28.9393 -57.9393 13
    endloop
  endfacet
  facet normal 0 0 1
    outer loop
      vertex -27.7777 -55.6741 13
      vertex -29.1666 -57.7528 13
      vertex -29.0484 -57.8405 13
    endloop
  endfacet
  facet normal 0 0 1
    outer loop
      vertex -29.5646 -57.5646 13
      vertex -28.8389 -55.1722 13
      vertex -29.2196 -55.0769 13
    endloop
  endfacet
  facet normal 0 0 1
    outer loop
      vertex -28.1144 -55.4723 13
      vertex -29.2929 -57.6771 13
      vertex -29.1666 -57.7528 13
    endloop
  endfacet
  facet normal 0 0 1
    outer loop
      vertex -28.4693 -55.3045 13
      vertex -29.426 -57.6142 13
      vertex -29.2929 -57.6771 13
    endloop
  endfacet
  facet normal 0 0 1
    outer loop
      vertex -28.8389 -55.1722 13
      vertex -29.5646 -57.5646 13
      vertex -29.426 -57.6142 13
    endloop
  endfacet
  facet normal 0 0 1
    outer loop
      vertex -29.7074 -57.5288 13
      vertex -29.2196 -55.0769 13
      vertex -29.6079 -55.0193 13
    endloop
  endfacet
  facet normal 0 0 1
    outer loop
      vertex -29.2196 -55.0769 13
      vertex -29.7074 -57.5288 13
      vertex -29.5646 -57.5646 13
    endloop
  endfacet
  facet normal 0 0 1
    outer loop
      vertex -29.6079 -55.0193 13
      vertex -29.853 -57.5072 13
      vertex -29.7074 -57.5288 13
    endloop
  endfacet
  facet normal 0 0 1
    outer loop
      vertex -30 -55 13
      vertex -29.853 -57.5072 13
      vertex -29.6079 -55.0193 13
    endloop
  endfacet
  facet normal 0 0 1
    outer loop
      vertex -30 -55 13
      vertex -30 -57.5 13
      vertex -29.853 -57.5072 13
    endloop
  endfacet
  facet normal 0 0 1
    outer loop
      vertex -30 -55 13
      vertex -30.147 -57.5072 13
      vertex -30 -57.5 13
    endloop
  endfacet
  facet normal -0 0 1
    outer loop
      vertex -30.3921 -55.0193 13
      vertex -30.147 -57.5072 13
      vertex -30 -55 13
    endloop
  endfacet
  facet normal 0 0 1
    outer loop
      vertex -30.147 -57.5072 13
      vertex -30.3921 -55.0193 13
      vertex -30.2926 -57.5288 13
    endloop
  endfacet
  facet normal -0 0 1
    outer loop
      vertex -30.7804 -55.0769 13
      vertex -30.2926 -57.5288 13
      vertex -30.3921 -55.0193 13
    endloop
  endfacet
  facet normal 0 0 1
    outer loop
      vertex -30.2926 -57.5288 13
      vertex -30.7804 -55.0769 13
      vertex -30.4354 -57.5646 13
    endloop
  endfacet
  facet normal -0 0 1
    outer loop
      vertex -31.1611 -55.1722 13
      vertex -30.4354 -57.5646 13
      vertex -30.7804 -55.0769 13
    endloop
  endfacet
  facet normal 0 0 1
    outer loop
      vertex -30.4354 -57.5646 13
      vertex -31.1611 -55.1722 13
      vertex -30.574 -57.6142 13
    endloop
  endfacet
  facet normal -0 0 1
    outer loop
      vertex -31.5307 -55.3045 13
      vertex -30.574 -57.6142 13
      vertex -31.1611 -55.1722 13
    endloop
  endfacet
  facet normal 0 0 1
    outer loop
      vertex -30.574 -57.6142 13
      vertex -31.5307 -55.3045 13
      vertex -30.7071 -57.6771 13
    endloop
  endfacet
  facet normal -0 0 1
    outer loop
      vertex -31.8856 -55.4723 13
      vertex -30.7071 -57.6771 13
      vertex -31.5307 -55.3045 13
    endloop
  endfacet
  facet normal 0 0 1
    outer loop
      vertex -30.7071 -57.6771 13
      vertex -31.8856 -55.4723 13
      vertex -30.8334 -57.7528 13
    endloop
  endfacet
  facet normal -0 0 1
    outer loop
      vertex -32.2223 -55.6741 13
      vertex -30.8334 -57.7528 13
      vertex -31.8856 -55.4723 13
    endloop
  endfacet
  facet normal 0 0 1
    outer loop
      vertex -30.8334 -57.7528 13
      vertex -32.2223 -55.6741 13
      vertex -30.9516 -57.8405 13
    endloop
  endfacet
  facet normal -0 0 1
    outer loop
      vertex -32.5376 -55.908 13
      vertex -30.9516 -57.8405 13
      vertex -32.2223 -55.6741 13
    endloop
  endfacet
  facet normal 0 0 1
    outer loop
      vertex -30.9516 -57.8405 13
      vertex -32.5376 -55.908 13
      vertex -31.0607 -57.9393 13
    endloop
  endfacet
  facet normal -0 0 1
    outer loop
      vertex -32.8284 -56.1716 13
      vertex -31.0607 -57.9393 13
      vertex -32.5376 -55.908 13
    endloop
  endfacet
  facet normal 0 0 1
    outer loop
      vertex -31.0607 -57.9393 13
      vertex -32.8284 -56.1716 13
      vertex -31.1595 -58.0484 13
    endloop
  endfacet
  facet normal -0 0 1
    outer loop
      vertex -33.092 -56.4624 13
      vertex -31.1595 -58.0484 13
      vertex -32.8284 -56.1716 13
    endloop
  endfacet
  facet normal -0 0 1
    outer loop
      vertex -33.3259 -56.7777 13
      vertex -31.2472 -58.1666 13
      vertex -33.092 -56.4624 13
    endloop
  endfacet
  facet normal 0 0 1
    outer loop
      vertex -31.1595 -58.0484 13
      vertex -33.092 -56.4624 13
      vertex -31.2472 -58.1666 13
    endloop
  endfacet
  facet normal 0 0 1
    outer loop
      vertex -26.6741 -61.2223 13
      vertex -28.7528 -59.8334 13
      vertex -26.908 -61.5376 13
    endloop
  endfacet
  facet normal -0 0 1
    outer loop
      vertex -28.8405 -59.9516 13
      vertex -26.908 -61.5376 13
      vertex -28.7528 -59.8334 13
    endloop
  endfacet
  facet normal 0 0 1
    outer loop
      vertex -26.908 -61.5376 13
      vertex -28.8405 -59.9516 13
      vertex -27.1716 -61.8284 13
    endloop
  endfacet
  facet normal -0 0 1
    outer loop
      vertex -28.9393 -60.0607 13
      vertex -27.1716 -61.8284 13
      vertex -28.8405 -59.9516 13
    endloop
  endfacet
  facet normal 0 0 1
    outer loop
      vertex -27.1716 -61.8284 13
      vertex -28.9393 -60.0607 13
      vertex -27.4624 -62.092 13
    endloop
  endfacet
  facet normal -0 0 1
    outer loop
      vertex -29.0484 -60.1595 13
      vertex -27.4624 -62.092 13
      vertex -28.9393 -60.0607 13
    endloop
  endfacet
  facet normal 0 0 1
    outer loop
      vertex -27.4624 -62.092 13
      vertex -29.0484 -60.1595 13
      vertex -27.7777 -62.3259 13
    endloop
  endfacet
  facet normal -0 0 1
    outer loop
      vertex -29.1666 -60.2472 13
      vertex -27.7777 -62.3259 13
      vertex -29.0484 -60.1595 13
    endloop
  endfacet
  facet normal 0 0 1
    outer loop
      vertex -27.7777 -62.3259 13
      vertex -29.1666 -60.2472 13
      vertex -28.1144 -62.5277 13
    endloop
  endfacet
  facet normal -0 0 1
    outer loop
      vertex -29.2929 -60.3229 13
      vertex -28.1144 -62.5277 13
      vertex -29.1666 -60.2472 13
    endloop
  endfacet
  facet normal 0 0 1
    outer loop
      vertex -28.1144 -62.5277 13
      vertex -29.2929 -60.3229 13
      vertex -28.4693 -62.6955 13
    endloop
  endfacet
  facet normal -0 0 1
    outer loop
      vertex -29.426 -60.3858 13
      vertex -28.4693 -62.6955 13
      vertex -29.2929 -60.3229 13
    endloop
  endfacet
  facet normal 0 0 1
    outer loop
      vertex -28.4693 -62.6955 13
      vertex -29.426 -60.3858 13
      vertex -28.8389 -62.8278 13
    endloop
  endfacet
  facet normal -0 0 1
    outer loop
      vertex -29.5646 -60.4354 13
      vertex -28.8389 -62.8278 13
      vertex -29.426 -60.3858 13
    endloop
  endfacet
  facet normal 0 0 1
    outer loop
      vertex -28.8389 -62.8278 13
      vertex -29.5646 -60.4354 13
      vertex -29.2196 -62.9231 13
    endloop
  endfacet
  facet normal -0 0 1
    outer loop
      vertex -29.7074 -60.4712 13
      vertex -29.2196 -62.9231 13
      vertex -29.5646 -60.4354 13
    endloop
  endfacet
  facet normal 0 0 1
    outer loop
      vertex -29.2196 -62.9231 13
      vertex -29.7074 -60.4712 13
      vertex -29.6079 -62.9807 13
    endloop
  endfacet
  facet normal -0 0 1
    outer loop
      vertex -29.853 -60.4928 13
      vertex -29.6079 -62.9807 13
      vertex -29.7074 -60.4712 13
    endloop
  endfacet
  facet normal -0 0 1
    outer loop
      vertex -30 -60.5 13
      vertex -29.6079 -62.9807 13
      vertex -29.853 -60.4928 13
    endloop
  endfacet
  facet normal 0 0 1
    outer loop
      vertex -30 -60.5 13
      vertex -30 -63 13
      vertex -29.6079 -62.9807 13
    endloop
  endfacet
  facet normal 0 0 1
    outer loop
      vertex -30.147 -60.4928 13
      vertex -30 -63 13
      vertex -30 -60.5 13
    endloop
  endfacet
  facet normal 0 0 1
    outer loop
      vertex -30.3921 -62.9807 13
      vertex -30.147 -60.4928 13
      vertex -30.2926 -60.4712 13
    endloop
  endfacet
  facet normal 0 0 1
    outer loop
      vertex -30.147 -60.4928 13
      vertex -30.3921 -62.9807 13
      vertex -30 -63 13
    endloop
  endfacet
  facet normal 0 0 1
    outer loop
      vertex -30.7804 -62.9231 13
      vertex -30.2926 -60.4712 13
      vertex -30.4354 -60.4354 13
    endloop
  endfacet
  facet normal 0 0 1
    outer loop
      vertex -31.1611 -62.8278 13
      vertex -30.4354 -60.4354 13
      vertex -30.574 -60.3858 13
    endloop
  endfacet
  facet normal 0 0 1
    outer loop
      vertex -31.5307 -62.6955 13
      vertex -30.574 -60.3858 13
      vertex -30.7071 -60.3229 13
    endloop
  endfacet
  facet normal 0 0 1
    outer loop
      vertex -30.2926 -60.4712 13
      vertex -30.7804 -62.9231 13
      vertex -30.3921 -62.9807 13
    endloop
  endfacet
  facet normal 0 0 1
    outer loop
      vertex -31.8856 -62.5277 13
      vertex -30.7071 -60.3229 13
      vertex -30.8334 -60.2472 13
    endloop
  endfacet
  facet normal 0 0 1
    outer loop
      vertex -32.2223 -62.3259 13
      vertex -30.8334 -60.2472 13
      vertex -30.9516 -60.1595 13
    endloop
  endfacet
  facet normal 0 0 1
    outer loop
      vertex -32.5376 -62.092 13
      vertex -30.9516 -60.1595 13
      vertex -31.0607 -60.0607 13
    endloop
  endfacet
  facet normal 0 0 1
    outer loop
      vertex -32.8284 -61.8284 13
      vertex -31.0607 -60.0607 13
      vertex -31.1595 -59.9516 13
    endloop
  endfacet
  facet normal 0 0 1
    outer loop
      vertex -30.4354 -60.4354 13
      vertex -31.1611 -62.8278 13
      vertex -30.7804 -62.9231 13
    endloop
  endfacet
  facet normal 0 0 1
    outer loop
      vertex -33.092 -61.5376 13
      vertex -31.1595 -59.9516 13
      vertex -31.2472 -59.8334 13
    endloop
  endfacet
  facet normal 0 0 1
    outer loop
      vertex -33.3259 -61.2223 13
      vertex -31.2472 -59.8334 13
      vertex -31.3229 -59.7071 13
    endloop
  endfacet
  facet normal 0 0 1
    outer loop
      vertex -33.5277 -60.8856 13
      vertex -31.3229 -59.7071 13
      vertex -31.3858 -59.574 13
    endloop
  endfacet
  facet normal 0 0 1
    outer loop
      vertex -33.6955 -60.5307 13
      vertex -31.3858 -59.574 13
      vertex -31.4354 -59.4354 13
    endloop
  endfacet
  facet normal 0 0 1
    outer loop
      vertex -33.8278 -60.1611 13
      vertex -31.4354 -59.4354 13
      vertex -31.4712 -59.2926 13
    endloop
  endfacet
  facet normal 0 0 1
    outer loop
      vertex -33.9231 -59.7804 13
      vertex -31.4712 -59.2926 13
      vertex -31.4928 -59.147 13
    endloop
  endfacet
  facet normal 0 0 1
    outer loop
      vertex -30.574 -60.3858 13
      vertex -31.5307 -62.6955 13
      vertex -31.1611 -62.8278 13
    endloop
  endfacet
  facet normal 0 0 1
    outer loop
      vertex -33.9807 -59.3921 13
      vertex -31.4928 -59.147 13
      vertex -31.5 -59 13
    endloop
  endfacet
  facet normal 0 0 1
    outer loop
      vertex -31.2472 -58.1666 13
      vertex -33.3259 -56.7777 13
      vertex -31.3229 -58.2929 13
    endloop
  endfacet
  facet normal -0 0 1
    outer loop
      vertex -33.5277 -57.1144 13
      vertex -31.3229 -58.2929 13
      vertex -33.3259 -56.7777 13
    endloop
  endfacet
  facet normal 0 0 1
    outer loop
      vertex -30.7071 -60.3229 13
      vertex -31.8856 -62.5277 13
      vertex -31.5307 -62.6955 13
    endloop
  endfacet
  facet normal 0 0 1
    outer loop
      vertex -31.3229 -58.2929 13
      vertex -33.5277 -57.1144 13
      vertex -31.3858 -58.426 13
    endloop
  endfacet
  facet normal 0 0 1
    outer loop
      vertex -30.8334 -60.2472 13
      vertex -32.2223 -62.3259 13
      vertex -31.8856 -62.5277 13
    endloop
  endfacet
  facet normal -0 0 1
    outer loop
      vertex -33.6955 -57.4693 13
      vertex -31.3858 -58.426 13
      vertex -33.5277 -57.1144 13
    endloop
  endfacet
  facet normal 0 0 1
    outer loop
      vertex -30.9516 -60.1595 13
      vertex -32.5376 -62.092 13
      vertex -32.2223 -62.3259 13
    endloop
  endfacet
  facet normal 0 0 1
    outer loop
      vertex -31.3858 -58.426 13
      vertex -33.6955 -57.4693 13
      vertex -31.4354 -58.5646 13
    endloop
  endfacet
  facet normal 0 0 1
    outer loop
      vertex -31.0607 -60.0607 13
      vertex -32.8284 -61.8284 13
      vertex -32.5376 -62.092 13
    endloop
  endfacet
  facet normal -0 0 1
    outer loop
      vertex -33.8278 -57.8389 13
      vertex -31.4354 -58.5646 13
      vertex -33.6955 -57.4693 13
    endloop
  endfacet
  facet normal 0 0 1
    outer loop
      vertex -31.1595 -59.9516 13
      vertex -33.092 -61.5376 13
      vertex -32.8284 -61.8284 13
    endloop
  endfacet
  facet normal 0 0 1
    outer loop
      vertex -31.4354 -58.5646 13
      vertex -33.8278 -57.8389 13
      vertex -31.4712 -58.7074 13
    endloop
  endfacet
  facet normal 0 0 1
    outer loop
      vertex -31.2472 -59.8334 13
      vertex -33.3259 -61.2223 13
      vertex -33.092 -61.5376 13
    endloop
  endfacet
  facet normal -0 0 1
    outer loop
      vertex -33.9231 -58.2196 13
      vertex -31.4712 -58.7074 13
      vertex -33.8278 -57.8389 13
    endloop
  endfacet
  facet normal 0 0 1
    outer loop
      vertex -31.3229 -59.7071 13
      vertex -33.5277 -60.8856 13
      vertex -33.3259 -61.2223 13
    endloop
  endfacet
  facet normal 0 0 1
    outer loop
      vertex -31.4712 -58.7074 13
      vertex -33.9231 -58.2196 13
      vertex -31.4928 -58.853 13
    endloop
  endfacet
  facet normal 0 0 1
    outer loop
      vertex -31.3858 -59.574 13
      vertex -33.6955 -60.5307 13
      vertex -33.5277 -60.8856 13
    endloop
  endfacet
  facet normal -0 0 1
    outer loop
      vertex -33.9807 -58.6079 13
      vertex -31.4928 -58.853 13
      vertex -33.9231 -58.2196 13
    endloop
  endfacet
  facet normal 0 0 1
    outer loop
      vertex -31.4354 -59.4354 13
      vertex -33.8278 -60.1611 13
      vertex -33.6955 -60.5307 13
    endloop
  endfacet
  facet normal 0 0 1
    outer loop
      vertex -31.4928 -58.853 13
      vertex -33.9807 -58.6079 13
      vertex -31.5 -59 13
    endloop
  endfacet
  facet normal 0 0 1
    outer loop
      vertex -31.4712 -59.2926 13
      vertex -33.9231 -59.7804 13
      vertex -33.8278 -60.1611 13
    endloop
  endfacet
  facet normal 0 0 1
    outer loop
      vertex -34 -59 13
      vertex -31.5 -59 13
      vertex -33.9807 -58.6079 13
    endloop
  endfacet
  facet normal 0 0 1
    outer loop
      vertex -31.4928 -59.147 13
      vertex -33.9807 -59.3921 13
      vertex -33.9231 -59.7804 13
    endloop
  endfacet
  facet normal 0 0 1
    outer loop
      vertex -31.5 -59 13
      vertex -34 -59 13
      vertex -33.9807 -59.3921 13
    endloop
  endfacet
  facet normal -0.0491626 -0.998791 0
    outer loop
      vertex -30.3921 -62.9807 2.4
      vertex -30 -63 13
      vertex -30.3921 -62.9807 13
    endloop
  endfacet
  facet normal -0.0491626 -0.998791 -0
    outer loop
      vertex -30 -63 13
      vertex -30.3921 -62.9807 2.4
      vertex -30 -63 2.4
    endloop
  endfacet
  facet normal -0.998791 0.0491626 0
    outer loop
      vertex -34 -59 2.4
      vertex -33.9807 -58.6079 13
      vertex -33.9807 -58.6079 2.4
    endloop
  endfacet
  facet normal -0.998791 0.0491626 0
    outer loop
      vertex -33.9807 -58.6079 13
      vertex -34 -59 2.4
      vertex -34 -59 13
    endloop
  endfacet
  facet normal 0.740908 -0.671607 0
    outer loop
      vertex -27.1716 -61.8284 13
      vertex -26.908 -61.5376 2.4
      vertex -26.908 -61.5376 13
    endloop
  endfacet
  facet normal 0.740908 -0.671607 0
    outer loop
      vertex -26.908 -61.5376 2.4
      vertex -27.1716 -61.8284 13
      vertex -27.1716 -61.8284 2.4
    endloop
  endfacet
  facet normal 0.671607 -0.740908 0
    outer loop
      vertex -27.4624 -62.092 2.4
      vertex -27.1716 -61.8284 13
      vertex -27.4624 -62.092 13
    endloop
  endfacet
  facet normal 0.671607 -0.740908 0
    outer loop
      vertex -27.1716 -61.8284 13
      vertex -27.4624 -62.092 2.4
      vertex -27.1716 -61.8284 2.4
    endloop
  endfacet
  facet normal -0.989174 -0.146746 0
    outer loop
      vertex -28.5072 -58.853 2.4
      vertex -28.5288 -58.7074 13
      vertex -28.5288 -58.7074 2.4
    endloop
  endfacet
  facet normal -0.989174 -0.146746 0
    outer loop
      vertex -28.5288 -58.7074 13
      vertex -28.5072 -58.853 2.4
      vertex -28.5072 -58.853 13
    endloop
  endfacet
  facet normal -0.998803 -0.0489209 0
    outer loop
      vertex -28.5 -59 2.4
      vertex -28.5072 -58.853 13
      vertex -28.5072 -58.853 2.4
    endloop
  endfacet
  facet normal -0.998803 -0.0489209 0
    outer loop
      vertex -28.5072 -58.853 13
      vertex -28.5 -59 2.4
      vertex -28.5 -59 13
    endloop
  endfacet
  facet normal -0.969982 -0.243175 0
    outer loop
      vertex -28.5288 -58.7074 2.4
      vertex -28.5646 -58.5646 13
      vertex -28.5646 -58.5646 2.4
    endloop
  endfacet
  facet normal -0.969982 -0.243175 0
    outer loop
      vertex -28.5646 -58.5646 13
      vertex -28.5288 -58.7074 2.4
      vertex -28.5288 -58.7074 13
    endloop
  endfacet
  facet normal -0.427269 0.904125 0
    outer loop
      vertex -29.2929 -60.3229 2.4
      vertex -29.426 -60.3858 13
      vertex -29.2929 -60.3229 13
    endloop
  endfacet
  facet normal -0.427269 0.904125 0
    outer loop
      vertex -29.426 -60.3858 13
      vertex -29.2929 -60.3229 2.4
      vertex -29.426 -60.3858 2.4
    endloop
  endfacet
  facet normal 0.595861 -0.803088 0
    outer loop
      vertex -30.9516 -57.8405 2.4
      vertex -30.8334 -57.7528 13
      vertex -30.9516 -57.8405 13
    endloop
  endfacet
  facet normal 0.595861 -0.803088 0
    outer loop
      vertex -30.8334 -57.7528 13
      vertex -30.9516 -57.8405 2.4
      vertex -30.8334 -57.7528 2.4
    endloop
  endfacet
  facet normal -0.243175 -0.969982 0
    outer loop
      vertex -29.7074 -57.5288 2.4
      vertex -29.5646 -57.5646 13
      vertex -29.7074 -57.5288 13
    endloop
  endfacet
  facet normal -0.243175 -0.969982 -0
    outer loop
      vertex -29.5646 -57.5646 13
      vertex -29.7074 -57.5288 2.4
      vertex -29.5646 -57.5646 2.4
    endloop
  endfacet
  facet normal 0.904125 -0.427269 0
    outer loop
      vertex -31.3858 -58.426 13
      vertex -31.3229 -58.2929 2.4
      vertex -31.3229 -58.2929 13
    endloop
  endfacet
  facet normal 0.904125 -0.427269 0
    outer loop
      vertex -31.3229 -58.2929 2.4
      vertex -31.3858 -58.426 13
      vertex -31.3858 -58.426 2.4
    endloop
  endfacet
  facet normal 0.969982 -0.243175 0
    outer loop
      vertex -31.4712 -58.7074 13
      vertex -31.4354 -58.5646 2.4
      vertex -31.4354 -58.5646 13
    endloop
  endfacet
  facet normal 0.969982 -0.243175 0
    outer loop
      vertex -31.4354 -58.5646 2.4
      vertex -31.4712 -58.7074 13
      vertex -31.4712 -58.7074 2.4
    endloop
  endfacet
  facet normal -0.514096 0.857733 0
    outer loop
      vertex -29.1666 -60.2472 2.4
      vertex -29.2929 -60.3229 13
      vertex -29.1666 -60.2472 13
    endloop
  endfacet
  facet normal -0.514096 0.857733 0
    outer loop
      vertex -29.2929 -60.3229 13
      vertex -29.1666 -60.2472 2.4
      vertex -29.2929 -60.3229 2.4
    endloop
  endfacet
  facet normal -0.243175 0.969982 0
    outer loop
      vertex -29.5646 -60.4354 2.4
      vertex -29.7074 -60.4712 13
      vertex -29.5646 -60.4354 13
    endloop
  endfacet
  facet normal -0.243175 0.969982 0
    outer loop
      vertex -29.7074 -60.4712 13
      vertex -29.5646 -60.4354 2.4
      vertex -29.7074 -60.4712 2.4
    endloop
  endfacet
  facet normal -0.0489209 -0.998803 0
    outer loop
      vertex -30 -57.5 2.4
      vertex -29.853 -57.5072 13
      vertex -30 -57.5 13
    endloop
  endfacet
  facet normal -0.0489209 -0.998803 -0
    outer loop
      vertex -29.853 -57.5072 13
      vertex -30 -57.5 2.4
      vertex -29.853 -57.5072 2.4
    endloop
  endfacet
  facet normal -0.146746 -0.989174 0
    outer loop
      vertex -29.853 -57.5072 2.4
      vertex -29.7074 -57.5288 13
      vertex -29.853 -57.5072 13
    endloop
  endfacet
  facet normal -0.146746 -0.989174 -0
    outer loop
      vertex -29.7074 -57.5288 13
      vertex -29.853 -57.5072 2.4
      vertex -29.7074 -57.5288 2.4
    endloop
  endfacet
  facet normal -0.427269 -0.904125 0
    outer loop
      vertex -29.426 -57.6142 2.4
      vertex -29.2929 -57.6771 13
      vertex -29.426 -57.6142 13
    endloop
  endfacet
  facet normal -0.427269 -0.904125 -0
    outer loop
      vertex -29.2929 -57.6771 13
      vertex -29.426 -57.6142 2.4
      vertex -29.2929 -57.6771 2.4
    endloop
  endfacet
  facet normal -0.146746 0.989174 0
    outer loop
      vertex -29.7074 -60.4712 2.4
      vertex -29.853 -60.4928 13
      vertex -29.7074 -60.4712 13
    endloop
  endfacet
  facet normal -0.146746 0.989174 0
    outer loop
      vertex -29.853 -60.4928 13
      vertex -29.7074 -60.4712 2.4
      vertex -29.853 -60.4928 2.4
    endloop
  endfacet
  facet normal -0.803088 0.595861 0
    outer loop
      vertex -28.8405 -59.9516 2.4
      vertex -28.7528 -59.8334 13
      vertex -28.7528 -59.8334 2.4
    endloop
  endfacet
  facet normal -0.803088 0.595861 0
    outer loop
      vertex -28.7528 -59.8334 13
      vertex -28.8405 -59.9516 2.4
      vertex -28.8405 -59.9516 13
    endloop
  endfacet
  facet normal 0.74123 0.671251 0
    outer loop
      vertex -31.0607 -60.0607 13
      vertex -31.1595 -59.9516 2.4
      vertex -31.1595 -59.9516 13
    endloop
  endfacet
  facet normal 0.74123 0.671251 0
    outer loop
      vertex -31.1595 -59.9516 2.4
      vertex -31.0607 -60.0607 13
      vertex -31.0607 -60.0607 2.4
    endloop
  endfacet
  facet normal 0.514096 -0.857733 0
    outer loop
      vertex -30.8334 -57.7528 2.4
      vertex -30.7071 -57.6771 13
      vertex -30.8334 -57.7528 13
    endloop
  endfacet
  facet normal 0.514096 -0.857733 0
    outer loop
      vertex -30.7071 -57.6771 13
      vertex -30.8334 -57.7528 2.4
      vertex -30.7071 -57.6771 2.4
    endloop
  endfacet
  facet normal -0.989174 0.146746 0
    outer loop
      vertex -28.5288 -59.2926 2.4
      vertex -28.5072 -59.147 13
      vertex -28.5072 -59.147 2.4
    endloop
  endfacet
  facet normal -0.989174 0.146746 0
    outer loop
      vertex -28.5072 -59.147 13
      vertex -28.5288 -59.2926 2.4
      vertex -28.5288 -59.2926 13
    endloop
  endfacet
  facet normal 0.146746 0.989174 -0
    outer loop
      vertex -30.147 -60.4928 2.4
      vertex -30.2926 -60.4712 13
      vertex -30.147 -60.4928 13
    endloop
  endfacet
  facet normal 0.146746 0.989174 0
    outer loop
      vertex -30.2926 -60.4712 13
      vertex -30.147 -60.4928 2.4
      vertex -30.2926 -60.4712 2.4
    endloop
  endfacet
  facet normal -0.595861 0.803088 0
    outer loop
      vertex -29.0484 -60.1595 2.4
      vertex -29.1666 -60.2472 13
      vertex -29.0484 -60.1595 13
    endloop
  endfacet
  facet normal -0.595861 0.803088 0
    outer loop
      vertex -29.1666 -60.2472 13
      vertex -29.0484 -60.1595 2.4
      vertex -29.1666 -60.2472 2.4
    endloop
  endfacet
  facet normal 0.0489209 0.998803 -0
    outer loop
      vertex -30 -60.5 2.4
      vertex -30.147 -60.4928 13
      vertex -30 -60.5 13
    endloop
  endfacet
  facet normal 0.0489209 0.998803 0
    outer loop
      vertex -30.147 -60.4928 13
      vertex -30 -60.5 2.4
      vertex -30.147 -60.4928 2.4
    endloop
  endfacet
  facet normal -0.595861 -0.803088 0
    outer loop
      vertex -29.1666 -57.7528 2.4
      vertex -29.0484 -57.8405 13
      vertex -29.1666 -57.7528 13
    endloop
  endfacet
  facet normal -0.595861 -0.803088 -0
    outer loop
      vertex -29.0484 -57.8405 13
      vertex -29.1666 -57.7528 2.4
      vertex -29.0484 -57.8405 2.4
    endloop
  endfacet
  facet normal -0.969982 0.243175 0
    outer loop
      vertex -28.5646 -59.4354 2.4
      vertex -28.5288 -59.2926 13
      vertex -28.5288 -59.2926 2.4
    endloop
  endfacet
  facet normal -0.969982 0.243175 0
    outer loop
      vertex -28.5288 -59.2926 13
      vertex -28.5646 -59.4354 2.4
      vertex -28.5646 -59.4354 13
    endloop
  endfacet
  facet normal 0.989174 -0.146746 0
    outer loop
      vertex -31.4928 -58.853 13
      vertex -31.4712 -58.7074 2.4
      vertex -31.4712 -58.7074 13
    endloop
  endfacet
  facet normal 0.989174 -0.146746 0
    outer loop
      vertex -31.4712 -58.7074 2.4
      vertex -31.4928 -58.853 13
      vertex -31.4928 -58.853 2.4
    endloop
  endfacet
  facet normal 0.857733 -0.514096 0
    outer loop
      vertex -31.3229 -58.2929 13
      vertex -31.2472 -58.1666 2.4
      vertex -31.2472 -58.1666 13
    endloop
  endfacet
  facet normal 0.857733 -0.514096 0
    outer loop
      vertex -31.2472 -58.1666 2.4
      vertex -31.3229 -58.2929 13
      vertex -31.3229 -58.2929 2.4
    endloop
  endfacet
  facet normal 0.941527 0.336939 0
    outer loop
      vertex -31.3858 -59.574 13
      vertex -31.4354 -59.4354 2.4
      vertex -31.4354 -59.4354 13
    endloop
  endfacet
  facet normal 0.941527 0.336939 0
    outer loop
      vertex -31.4354 -59.4354 2.4
      vertex -31.3858 -59.574 13
      vertex -31.3858 -59.574 2.4
    endloop
  endfacet
  facet normal 0.146746 -0.989174 0
    outer loop
      vertex -30.2926 -57.5288 2.4
      vertex -30.147 -57.5072 13
      vertex -30.2926 -57.5288 13
    endloop
  endfacet
  facet normal 0.146746 -0.989174 0
    outer loop
      vertex -30.147 -57.5072 13
      vertex -30.2926 -57.5288 2.4
      vertex -30.147 -57.5072 2.4
    endloop
  endfacet
  facet normal -0.803088 -0.595861 0
    outer loop
      vertex -28.7528 -58.1666 2.4
      vertex -28.8405 -58.0484 13
      vertex -28.8405 -58.0484 2.4
    endloop
  endfacet
  facet normal -0.803088 -0.595861 0
    outer loop
      vertex -28.8405 -58.0484 13
      vertex -28.7528 -58.1666 2.4
      vertex -28.7528 -58.1666 13
    endloop
  endfacet
  facet normal 0.969982 0.243175 0
    outer loop
      vertex -31.4354 -59.4354 13
      vertex -31.4712 -59.2926 2.4
      vertex -31.4712 -59.2926 13
    endloop
  endfacet
  facet normal 0.969982 0.243175 0
    outer loop
      vertex -31.4712 -59.2926 2.4
      vertex -31.4354 -59.4354 13
      vertex -31.4354 -59.4354 2.4
    endloop
  endfacet
  facet normal 0.998803 0.0489209 0
    outer loop
      vertex -31.4928 -59.147 13
      vertex -31.5 -59 2.4
      vertex -31.5 -59 13
    endloop
  endfacet
  facet normal 0.998803 0.0489209 0
    outer loop
      vertex -31.5 -59 2.4
      vertex -31.4928 -59.147 13
      vertex -31.4928 -59.147 2.4
    endloop
  endfacet
  facet normal -0.514096 -0.857733 0
    outer loop
      vertex -29.2929 -57.6771 2.4
      vertex -29.1666 -57.7528 13
      vertex -29.2929 -57.6771 13
    endloop
  endfacet
  facet normal -0.514096 -0.857733 -0
    outer loop
      vertex -29.1666 -57.7528 13
      vertex -29.2929 -57.6771 2.4
      vertex -29.1666 -57.7528 2.4
    endloop
  endfacet
  facet normal -0.998803 0.0489209 0
    outer loop
      vertex -28.5072 -59.147 2.4
      vertex -28.5 -59 13
      vertex -28.5 -59 2.4
    endloop
  endfacet
  facet normal -0.998803 0.0489209 0
    outer loop
      vertex -28.5 -59 13
      vertex -28.5072 -59.147 2.4
      vertex -28.5072 -59.147 13
    endloop
  endfacet
  facet normal -0.904125 0.427269 0
    outer loop
      vertex -28.6771 -59.7071 2.4
      vertex -28.6142 -59.574 13
      vertex -28.6142 -59.574 2.4
    endloop
  endfacet
  facet normal -0.904125 0.427269 0
    outer loop
      vertex -28.6142 -59.574 13
      vertex -28.6771 -59.7071 2.4
      vertex -28.6771 -59.7071 13
    endloop
  endfacet
  facet normal -0.857733 -0.514096 0
    outer loop
      vertex -28.6771 -58.2929 2.4
      vertex -28.7528 -58.1666 13
      vertex -28.7528 -58.1666 2.4
    endloop
  endfacet
  facet normal -0.857733 -0.514096 0
    outer loop
      vertex -28.7528 -58.1666 13
      vertex -28.6771 -58.2929 2.4
      vertex -28.6771 -58.2929 13
    endloop
  endfacet
  facet normal -0.74123 -0.671251 0
    outer loop
      vertex -28.8405 -58.0484 2.4
      vertex -28.9393 -57.9393 13
      vertex -28.9393 -57.9393 2.4
    endloop
  endfacet
  facet normal -0.74123 -0.671251 0
    outer loop
      vertex -28.9393 -57.9393 13
      vertex -28.8405 -58.0484 2.4
      vertex -28.8405 -58.0484 13
    endloop
  endfacet
  facet normal 0.0489209 -0.998803 0
    outer loop
      vertex -30.147 -57.5072 2.4
      vertex -30 -57.5 13
      vertex -30.147 -57.5072 13
    endloop
  endfacet
  facet normal 0.0489209 -0.998803 0
    outer loop
      vertex -30 -57.5 13
      vertex -30.147 -57.5072 2.4
      vertex -30 -57.5 2.4
    endloop
  endfacet
  facet normal 0.74123 -0.671251 0
    outer loop
      vertex -31.1595 -58.0484 13
      vertex -31.0607 -57.9393 2.4
      vertex -31.0607 -57.9393 13
    endloop
  endfacet
  facet normal 0.74123 -0.671251 0
    outer loop
      vertex -31.0607 -57.9393 2.4
      vertex -31.1595 -58.0484 13
      vertex -31.1595 -58.0484 2.4
    endloop
  endfacet
  facet normal 0.671251 0.74123 -0
    outer loop
      vertex -30.9516 -60.1595 2.4
      vertex -31.0607 -60.0607 13
      vertex -30.9516 -60.1595 13
    endloop
  endfacet
  facet normal 0.671251 0.74123 0
    outer loop
      vertex -31.0607 -60.0607 13
      vertex -30.9516 -60.1595 2.4
      vertex -31.0607 -60.0607 2.4
    endloop
  endfacet
  facet normal -0.0489209 0.998803 0
    outer loop
      vertex -29.853 -60.4928 2.4
      vertex -30 -60.5 13
      vertex -29.853 -60.4928 13
    endloop
  endfacet
  facet normal -0.0489209 0.998803 0
    outer loop
      vertex -30 -60.5 13
      vertex -29.853 -60.4928 2.4
      vertex -30 -60.5 2.4
    endloop
  endfacet
  facet normal -0.941527 -0.336939 0
    outer loop
      vertex -28.5646 -58.5646 2.4
      vertex -28.6142 -58.426 13
      vertex -28.6142 -58.426 2.4
    endloop
  endfacet
  facet normal -0.941527 -0.336939 0
    outer loop
      vertex -28.6142 -58.426 13
      vertex -28.5646 -58.5646 2.4
      vertex -28.5646 -58.5646 13
    endloop
  endfacet
  facet normal -0.857733 0.514096 0
    outer loop
      vertex -28.7528 -59.8334 2.4
      vertex -28.6771 -59.7071 13
      vertex -28.6771 -59.7071 2.4
    endloop
  endfacet
  facet normal -0.857733 0.514096 0
    outer loop
      vertex -28.6771 -59.7071 13
      vertex -28.7528 -59.8334 2.4
      vertex -28.7528 -59.8334 13
    endloop
  endfacet
  facet normal -0.671251 -0.74123 0
    outer loop
      vertex -29.0484 -57.8405 2.4
      vertex -28.9393 -57.9393 13
      vertex -29.0484 -57.8405 13
    endloop
  endfacet
  facet normal -0.671251 -0.74123 -0
    outer loop
      vertex -28.9393 -57.9393 13
      vertex -29.0484 -57.8405 2.4
      vertex -28.9393 -57.9393 2.4
    endloop
  endfacet
  facet normal 0.243175 -0.969982 0
    outer loop
      vertex -30.4354 -57.5646 2.4
      vertex -30.2926 -57.5288 13
      vertex -30.4354 -57.5646 13
    endloop
  endfacet
  facet normal 0.243175 -0.969982 0
    outer loop
      vertex -30.2926 -57.5288 13
      vertex -30.4354 -57.5646 2.4
      vertex -30.2926 -57.5288 2.4
    endloop
  endfacet
  facet normal -0.941527 0.336939 0
    outer loop
      vertex -28.6142 -59.574 2.4
      vertex -28.5646 -59.4354 13
      vertex -28.5646 -59.4354 2.4
    endloop
  endfacet
  facet normal -0.941527 0.336939 0
    outer loop
      vertex -28.5646 -59.4354 13
      vertex -28.6142 -59.574 2.4
      vertex -28.6142 -59.574 13
    endloop
  endfacet
  facet normal -0.336939 0.941527 0
    outer loop
      vertex -29.426 -60.3858 2.4
      vertex -29.5646 -60.4354 13
      vertex -29.426 -60.3858 13
    endloop
  endfacet
  facet normal -0.336939 0.941527 0
    outer loop
      vertex -29.5646 -60.4354 13
      vertex -29.426 -60.3858 2.4
      vertex -29.5646 -60.4354 2.4
    endloop
  endfacet
  facet normal 0.427269 -0.904125 0
    outer loop
      vertex -30.7071 -57.6771 2.4
      vertex -30.574 -57.6142 13
      vertex -30.7071 -57.6771 13
    endloop
  endfacet
  facet normal 0.427269 -0.904125 0
    outer loop
      vertex -30.574 -57.6142 13
      vertex -30.7071 -57.6771 2.4
      vertex -30.574 -57.6142 2.4
    endloop
  endfacet
  facet normal -0.904125 -0.427269 0
    outer loop
      vertex -28.6142 -58.426 2.4
      vertex -28.6771 -58.2929 13
      vertex -28.6771 -58.2929 2.4
    endloop
  endfacet
  facet normal -0.904125 -0.427269 0
    outer loop
      vertex -28.6771 -58.2929 13
      vertex -28.6142 -58.426 2.4
      vertex -28.6142 -58.426 13
    endloop
  endfacet
  facet normal 0.671251 -0.74123 0
    outer loop
      vertex -31.0607 -57.9393 2.4
      vertex -30.9516 -57.8405 13
      vertex -31.0607 -57.9393 13
    endloop
  endfacet
  facet normal 0.671251 -0.74123 0
    outer loop
      vertex -30.9516 -57.8405 13
      vertex -31.0607 -57.9393 2.4
      vertex -30.9516 -57.8405 2.4
    endloop
  endfacet
  facet normal -0.336939 -0.941527 0
    outer loop
      vertex -29.5646 -57.5646 2.4
      vertex -29.426 -57.6142 13
      vertex -29.5646 -57.5646 13
    endloop
  endfacet
  facet normal -0.336939 -0.941527 -0
    outer loop
      vertex -29.426 -57.6142 13
      vertex -29.5646 -57.5646 2.4
      vertex -29.426 -57.6142 2.4
    endloop
  endfacet
  facet normal 0.336939 -0.941527 0
    outer loop
      vertex -30.574 -57.6142 2.4
      vertex -30.4354 -57.5646 13
      vertex -30.574 -57.6142 13
    endloop
  endfacet
  facet normal 0.336939 -0.941527 0
    outer loop
      vertex -30.4354 -57.5646 13
      vertex -30.574 -57.6142 2.4
      vertex -30.4354 -57.5646 2.4
    endloop
  endfacet
  facet normal 0.857733 0.514096 0
    outer loop
      vertex -31.2472 -59.8334 13
      vertex -31.3229 -59.7071 2.4
      vertex -31.3229 -59.7071 13
    endloop
  endfacet
  facet normal 0.857733 0.514096 0
    outer loop
      vertex -31.3229 -59.7071 2.4
      vertex -31.2472 -59.8334 13
      vertex -31.2472 -59.8334 2.4
    endloop
  endfacet
  facet normal 0.514096 0.857733 -0
    outer loop
      vertex -30.7071 -60.3229 2.4
      vertex -30.8334 -60.2472 13
      vertex -30.7071 -60.3229 13
    endloop
  endfacet
  facet normal 0.514096 0.857733 0
    outer loop
      vertex -30.8334 -60.2472 13
      vertex -30.7071 -60.3229 2.4
      vertex -30.8334 -60.2472 2.4
    endloop
  endfacet
  facet normal 0.427269 0.904125 -0
    outer loop
      vertex -30.574 -60.3858 2.4
      vertex -30.7071 -60.3229 13
      vertex -30.574 -60.3858 13
    endloop
  endfacet
  facet normal 0.427269 0.904125 0
    outer loop
      vertex -30.7071 -60.3229 13
      vertex -30.574 -60.3858 2.4
      vertex -30.7071 -60.3229 2.4
    endloop
  endfacet
  facet normal 0.803088 0.595861 0
    outer loop
      vertex -31.1595 -59.9516 13
      vertex -31.2472 -59.8334 2.4
      vertex -31.2472 -59.8334 13
    endloop
  endfacet
  facet normal 0.803088 0.595861 0
    outer loop
      vertex -31.2472 -59.8334 2.4
      vertex -31.1595 -59.9516 13
      vertex -31.1595 -59.9516 2.4
    endloop
  endfacet
  facet normal 0.243175 0.969982 -0
    outer loop
      vertex -30.2926 -60.4712 2.4
      vertex -30.4354 -60.4354 13
      vertex -30.2926 -60.4712 13
    endloop
  endfacet
  facet normal 0.243175 0.969982 0
    outer loop
      vertex -30.4354 -60.4354 13
      vertex -30.2926 -60.4712 2.4
      vertex -30.4354 -60.4354 2.4
    endloop
  endfacet
  facet normal 0.336939 0.941527 -0
    outer loop
      vertex -30.4354 -60.4354 2.4
      vertex -30.574 -60.3858 13
      vertex -30.4354 -60.4354 13
    endloop
  endfacet
  facet normal 0.336939 0.941527 0
    outer loop
      vertex -30.574 -60.3858 13
      vertex -30.4354 -60.4354 2.4
      vertex -30.574 -60.3858 2.4
    endloop
  endfacet
  facet normal 0.989174 0.146746 0
    outer loop
      vertex -31.4712 -59.2926 13
      vertex -31.4928 -59.147 2.4
      vertex -31.4928 -59.147 13
    endloop
  endfacet
  facet normal 0.989174 0.146746 0
    outer loop
      vertex -31.4928 -59.147 2.4
      vertex -31.4712 -59.2926 13
      vertex -31.4712 -59.2926 2.4
    endloop
  endfacet
  facet normal 0.595861 0.803088 -0
    outer loop
      vertex -30.8334 -60.2472 2.4
      vertex -30.9516 -60.1595 13
      vertex -30.8334 -60.2472 13
    endloop
  endfacet
  facet normal 0.595861 0.803088 0
    outer loop
      vertex -30.9516 -60.1595 13
      vertex -30.8334 -60.2472 2.4
      vertex -30.9516 -60.1595 2.4
    endloop
  endfacet
  facet normal 0.904125 0.427269 0
    outer loop
      vertex -31.3229 -59.7071 13
      vertex -31.3858 -59.574 2.4
      vertex -31.3858 -59.574 13
    endloop
  endfacet
  facet normal 0.904125 0.427269 0
    outer loop
      vertex -31.3858 -59.574 2.4
      vertex -31.3229 -59.7071 13
      vertex -31.3229 -59.7071 2.4
    endloop
  endfacet
  facet normal 0.941527 -0.336939 0
    outer loop
      vertex -31.4354 -58.5646 13
      vertex -31.3858 -58.426 2.4
      vertex -31.3858 -58.426 13
    endloop
  endfacet
  facet normal 0.941527 -0.336939 0
    outer loop
      vertex -31.3858 -58.426 2.4
      vertex -31.4354 -58.5646 13
      vertex -31.4354 -58.5646 2.4
    endloop
  endfacet
  facet normal 0.803088 -0.595861 0
    outer loop
      vertex -31.2472 -58.1666 13
      vertex -31.1595 -58.0484 2.4
      vertex -31.1595 -58.0484 13
    endloop
  endfacet
  facet normal 0.803088 -0.595861 0
    outer loop
      vertex -31.1595 -58.0484 2.4
      vertex -31.2472 -58.1666 13
      vertex -31.2472 -58.1666 2.4
    endloop
  endfacet
  facet normal 0.998803 -0.0489209 0
    outer loop
      vertex -31.5 -59 13
      vertex -31.4928 -58.853 2.4
      vertex -31.4928 -58.853 13
    endloop
  endfacet
  facet normal 0.998803 -0.0489209 0
    outer loop
      vertex -31.4928 -58.853 2.4
      vertex -31.5 -59 13
      vertex -31.5 -59 2.4
    endloop
  endfacet
  facet normal -0.74123 0.671251 0
    outer loop
      vertex -28.9393 -60.0607 2.4
      vertex -28.8405 -59.9516 13
      vertex -28.8405 -59.9516 2.4
    endloop
  endfacet
  facet normal -0.74123 0.671251 0
    outer loop
      vertex -28.8405 -59.9516 13
      vertex -28.9393 -60.0607 2.4
      vertex -28.9393 -60.0607 13
    endloop
  endfacet
  facet normal -0.671251 0.74123 0
    outer loop
      vertex -28.9393 -60.0607 2.4
      vertex -29.0484 -60.1595 13
      vertex -28.9393 -60.0607 13
    endloop
  endfacet
  facet normal -0.671251 0.74123 0
    outer loop
      vertex -29.0484 -60.1595 13
      vertex -28.9393 -60.0607 2.4
      vertex -29.0484 -60.1595 2.4
    endloop
  endfacet
  facet normal -0.42744 -0.904044 0
    outer loop
      vertex -31.8856 55.4723 2.4
      vertex -31.5307 55.3045 13
      vertex -31.8856 55.4723 13
    endloop
  endfacet
  facet normal -0.42744 -0.904044 -0
    outer loop
      vertex -31.5307 55.3045 13
      vertex -31.8856 55.4723 2.4
      vertex -31.5307 55.3045 2.4
    endloop
  endfacet
  facet normal 0.989176 0.146733 0
    outer loop
      vertex -26.0193 59.3921 13
      vertex -26.0769 59.7804 2.4
      vertex -26.0769 59.7804 13
    endloop
  endfacet
  facet normal 0.989176 0.146733 0
    outer loop
      vertex -26.0769 59.7804 2.4
      vertex -26.0193 59.3921 13
      vertex -26.0193 59.3921 2.4
    endloop
  endfacet
  facet normal 0.998791 0.0491626 0
    outer loop
      vertex -26 59 13
      vertex -26.0193 59.3921 2.4
      vertex -26.0193 59.3921 13
    endloop
  endfacet
  facet normal 0.998791 0.0491626 0
    outer loop
      vertex -26.0193 59.3921 2.4
      vertex -26 59 13
      vertex -26 59 2.4
    endloop
  endfacet
  facet normal 0.970068 0.242835 0
    outer loop
      vertex -26.0769 59.7804 13
      vertex -26.1722 60.1611 2.4
      vertex -26.1722 60.1611 13
    endloop
  endfacet
  facet normal 0.970068 0.242835 0
    outer loop
      vertex -26.1722 60.1611 2.4
      vertex -26.0769 59.7804 13
      vertex -26.0769 59.7804 2.4
    endloop
  endfacet
  facet normal 0.42744 -0.904044 0
    outer loop
      vertex -28.4693 55.3045 2.4
      vertex -28.1144 55.4723 13
      vertex -28.4693 55.3045 13
    endloop
  endfacet
  facet normal 0.42744 -0.904044 0
    outer loop
      vertex -28.1144 55.4723 13
      vertex -28.4693 55.3045 2.4
      vertex -28.1144 55.4723 2.4
    endloop
  endfacet
  facet normal -0.671607 0.740908 0
    outer loop
      vertex -32.5376 62.092 2.4
      vertex -32.8284 61.8284 13
      vertex -32.5376 62.092 13
    endloop
  endfacet
  facet normal -0.671607 0.740908 0
    outer loop
      vertex -32.8284 61.8284 13
      vertex -32.5376 62.092 2.4
      vertex -32.8284 61.8284 2.4
    endloop
  endfacet
  facet normal -0.970068 -0.242835 0
    outer loop
      vertex -33.8278 57.8389 2.4
      vertex -33.9231 58.2196 13
      vertex -33.9231 58.2196 2.4
    endloop
  endfacet
  facet normal -0.970068 -0.242835 0
    outer loop
      vertex -33.9231 58.2196 13
      vertex -33.8278 57.8389 2.4
      vertex -33.8278 57.8389 13
    endloop
  endfacet
  facet normal 0.42744 0.904044 -0
    outer loop
      vertex -28.1144 62.5277 2.4
      vertex -28.4693 62.6955 13
      vertex -28.1144 62.5277 13
    endloop
  endfacet
  facet normal 0.42744 0.904044 0
    outer loop
      vertex -28.4693 62.6955 13
      vertex -28.1144 62.5277 2.4
      vertex -28.4693 62.6955 2.4
    endloop
  endfacet
  facet normal -0.989176 0.146733 0
    outer loop
      vertex -33.9807 59.3921 2.4
      vertex -33.9231 59.7804 13
      vertex -33.9231 59.7804 2.4
    endloop
  endfacet
  facet normal -0.989176 0.146733 0
    outer loop
      vertex -33.9231 59.7804 13
      vertex -33.9807 59.3921 2.4
      vertex -33.9807 59.3921 13
    endloop
  endfacet
  facet normal -0.146733 -0.989176 0
    outer loop
      vertex -30.7804 55.0769 2.4
      vertex -30.3921 55.0193 13
      vertex -30.7804 55.0769 13
    endloop
  endfacet
  facet normal -0.146733 -0.989176 -0
    outer loop
      vertex -30.3921 55.0193 13
      vertex -30.7804 55.0769 2.4
      vertex -30.3921 55.0193 2.4
    endloop
  endfacet
  facet normal 0.242835 0.970068 -0
    outer loop
      vertex -28.8389 62.8278 2.4
      vertex -29.2196 62.9231 13
      vertex -28.8389 62.8278 13
    endloop
  endfacet
  facet normal 0.242835 0.970068 0
    outer loop
      vertex -29.2196 62.9231 13
      vertex -28.8389 62.8278 2.4
      vertex -29.2196 62.9231 2.4
    endloop
  endfacet
  facet normal -0.740908 0.671607 0
    outer loop
      vertex -33.092 61.5376 2.4
      vertex -32.8284 61.8284 13
      vertex -32.8284 61.8284 2.4
    endloop
  endfacet
  facet normal -0.740908 0.671607 0
    outer loop
      vertex -32.8284 61.8284 13
      vertex -33.092 61.5376 2.4
      vertex -33.092 61.5376 13
    endloop
  endfacet
  facet normal 0.514084 -0.85774 0
    outer loop
      vertex -28.1144 55.4723 2.4
      vertex -27.7777 55.6741 13
      vertex -28.1144 55.4723 13
    endloop
  endfacet
  facet normal 0.514084 -0.85774 0
    outer loop
      vertex -27.7777 55.6741 13
      vertex -28.1144 55.4723 2.4
      vertex -27.7777 55.6741 2.4
    endloop
  endfacet
  facet normal -0.242835 -0.970068 0
    outer loop
      vertex -31.1611 55.1722 2.4
      vertex -30.7804 55.0769 13
      vertex -31.1611 55.1722 13
    endloop
  endfacet
  facet normal -0.242835 -0.970068 -0
    outer loop
      vertex -30.7804 55.0769 13
      vertex -31.1611 55.1722 2.4
      vertex -30.7804 55.0769 2.4
    endloop
  endfacet
  facet normal -0.337014 -0.9415 0
    outer loop
      vertex -31.5307 55.3045 2.4
      vertex -31.1611 55.1722 13
      vertex -31.5307 55.3045 13
    endloop
  endfacet
  facet normal -0.337014 -0.9415 -0
    outer loop
      vertex -31.1611 55.1722 13
      vertex -31.5307 55.3045 2.4
      vertex -31.1611 55.1722 2.4
    endloop
  endfacet
  facet normal -0.337014 0.9415 0
    outer loop
      vertex -31.1611 62.8278 2.4
      vertex -31.5307 62.6955 13
      vertex -31.1611 62.8278 13
    endloop
  endfacet
  facet normal -0.337014 0.9415 0
    outer loop
      vertex -31.5307 62.6955 13
      vertex -31.1611 62.8278 2.4
      vertex -31.5307 62.6955 2.4
    endloop
  endfacet
  facet normal 0.0491626 -0.998791 0
    outer loop
      vertex -30 55 2.4
      vertex -29.6079 55.0193 13
      vertex -30 55 13
    endloop
  endfacet
  facet normal 0.0491626 -0.998791 0
    outer loop
      vertex -29.6079 55.0193 13
      vertex -30 55 2.4
      vertex -29.6079 55.0193 2.4
    endloop
  endfacet
  facet normal 0.146733 -0.989176 0
    outer loop
      vertex -29.6079 55.0193 2.4
      vertex -29.2196 55.0769 13
      vertex -29.6079 55.0193 13
    endloop
  endfacet
  facet normal 0.146733 -0.989176 0
    outer loop
      vertex -29.2196 55.0769 13
      vertex -29.6079 55.0193 2.4
      vertex -29.2196 55.0769 2.4
    endloop
  endfacet
  facet normal -0.0491626 0.998791 0
    outer loop
      vertex -30 63 2.4
      vertex -30.3921 62.9807 13
      vertex -30 63 13
    endloop
  endfacet
  facet normal -0.0491626 0.998791 0
    outer loop
      vertex -30.3921 62.9807 13
      vertex -30 63 2.4
      vertex -30.3921 62.9807 2.4
    endloop
  endfacet
  facet normal -0.595794 -0.803137 0
    outer loop
      vertex -32.5376 55.908 2.4
      vertex -32.2223 55.6741 13
      vertex -32.5376 55.908 13
    endloop
  endfacet
  facet normal -0.595794 -0.803137 -0
    outer loop
      vertex -32.2223 55.6741 13
      vertex -32.5376 55.908 2.4
      vertex -32.2223 55.6741 2.4
    endloop
  endfacet
  facet normal -0.904044 -0.42744 0
    outer loop
      vertex -33.5277 57.1144 2.4
      vertex -33.6955 57.4693 13
      vertex -33.6955 57.4693 2.4
    endloop
  endfacet
  facet normal -0.904044 -0.42744 0
    outer loop
      vertex -33.6955 57.4693 13
      vertex -33.5277 57.1144 2.4
      vertex -33.5277 57.1144 13
    endloop
  endfacet
  facet normal -0.146733 0.989176 0
    outer loop
      vertex -30.3921 62.9807 2.4
      vertex -30.7804 62.9231 13
      vertex -30.3921 62.9807 13
    endloop
  endfacet
  facet normal -0.146733 0.989176 0
    outer loop
      vertex -30.7804 62.9231 13
      vertex -30.3921 62.9807 2.4
      vertex -30.7804 62.9231 2.4
    endloop
  endfacet
  facet normal 0.595794 -0.803137 0
    outer loop
      vertex -27.7777 55.6741 2.4
      vertex -27.4624 55.908 13
      vertex -27.7777 55.6741 13
    endloop
  endfacet
  facet normal 0.595794 -0.803137 0
    outer loop
      vertex -27.4624 55.908 13
      vertex -27.7777 55.6741 2.4
      vertex -27.4624 55.908 2.4
    endloop
  endfacet
  facet normal 0.0491626 0.998791 -0
    outer loop
      vertex -29.6079 62.9807 2.4
      vertex -30 63 13
      vertex -29.6079 62.9807 13
    endloop
  endfacet
  facet normal 0.0491626 0.998791 0
    outer loop
      vertex -30 63 13
      vertex -29.6079 62.9807 2.4
      vertex -30 63 2.4
    endloop
  endfacet
  facet normal 0.514084 0.85774 -0
    outer loop
      vertex -27.7777 62.3259 2.4
      vertex -28.1144 62.5277 13
      vertex -27.7777 62.3259 13
    endloop
  endfacet
  facet normal 0.514084 0.85774 0
    outer loop
      vertex -28.1144 62.5277 13
      vertex -27.7777 62.3259 2.4
      vertex -28.1144 62.5277 2.4
    endloop
  endfacet
  facet normal -0.998791 -0.0491626 0
    outer loop
      vertex -33.9807 58.6079 2.4
      vertex -34 59 13
      vertex -34 59 2.4
    endloop
  endfacet
  facet normal -0.998791 -0.0491626 0
    outer loop
      vertex -34 59 13
      vertex -33.9807 58.6079 2.4
      vertex -33.9807 58.6079 13
    endloop
  endfacet
  facet normal 0.970068 -0.242835 0
    outer loop
      vertex -26.1722 57.8389 13
      vertex -26.0769 58.2196 2.4
      vertex -26.0769 58.2196 13
    endloop
  endfacet
  facet normal 0.970068 -0.242835 0
    outer loop
      vertex -26.0769 58.2196 2.4
      vertex -26.1722 57.8389 13
      vertex -26.1722 57.8389 2.4
    endloop
  endfacet
  facet normal 0.740908 0.671607 0
    outer loop
      vertex -26.908 61.5376 13
      vertex -27.1716 61.8284 2.4
      vertex -27.1716 61.8284 13
    endloop
  endfacet
  facet normal 0.740908 0.671607 0
    outer loop
      vertex -27.1716 61.8284 2.4
      vertex -26.908 61.5376 13
      vertex -26.908 61.5376 2.4
    endloop
  endfacet
  facet normal 0.595794 0.803137 -0
    outer loop
      vertex -27.4624 62.092 2.4
      vertex -27.7777 62.3259 13
      vertex -27.4624 62.092 13
    endloop
  endfacet
  facet normal 0.595794 0.803137 0
    outer loop
      vertex -27.7777 62.3259 13
      vertex -27.4624 62.092 2.4
      vertex -27.7777 62.3259 2.4
    endloop
  endfacet
  facet normal -0.595794 0.803137 0
    outer loop
      vertex -32.2223 62.3259 2.4
      vertex -32.5376 62.092 13
      vertex -32.2223 62.3259 13
    endloop
  endfacet
  facet normal -0.595794 0.803137 0
    outer loop
      vertex -32.5376 62.092 13
      vertex -32.2223 62.3259 2.4
      vertex -32.5376 62.092 2.4
    endloop
  endfacet
  facet normal 0.803137 0.595794 0
    outer loop
      vertex -26.6741 61.2223 13
      vertex -26.908 61.5376 2.4
      vertex -26.908 61.5376 13
    endloop
  endfacet
  facet normal 0.803137 0.595794 0
    outer loop
      vertex -26.908 61.5376 2.4
      vertex -26.6741 61.2223 13
      vertex -26.6741 61.2223 2.4
    endloop
  endfacet
  facet normal 0.989176 -0.146733 0
    outer loop
      vertex -26.0769 58.2196 13
      vertex -26.0193 58.6079 2.4
      vertex -26.0193 58.6079 13
    endloop
  endfacet
  facet normal 0.989176 -0.146733 0
    outer loop
      vertex -26.0193 58.6079 2.4
      vertex -26.0769 58.2196 13
      vertex -26.0769 58.2196 2.4
    endloop
  endfacet
  facet normal -0.9415 0.337014 0
    outer loop
      vertex -33.8278 60.1611 2.4
      vertex -33.6955 60.5307 13
      vertex -33.6955 60.5307 2.4
    endloop
  endfacet
  facet normal -0.9415 0.337014 0
    outer loop
      vertex -33.6955 60.5307 13
      vertex -33.8278 60.1611 2.4
      vertex -33.8278 60.1611 13
    endloop
  endfacet
  facet normal 0.904044 -0.42744 0
    outer loop
      vertex -26.4723 57.1144 13
      vertex -26.3045 57.4693 2.4
      vertex -26.3045 57.4693 13
    endloop
  endfacet
  facet normal 0.904044 -0.42744 0
    outer loop
      vertex -26.3045 57.4693 2.4
      vertex -26.4723 57.1144 13
      vertex -26.4723 57.1144 2.4
    endloop
  endfacet
  facet normal 0.337014 0.9415 -0
    outer loop
      vertex -28.4693 62.6955 2.4
      vertex -28.8389 62.8278 13
      vertex -28.4693 62.6955 13
    endloop
  endfacet
  facet normal 0.337014 0.9415 0
    outer loop
      vertex -28.8389 62.8278 13
      vertex -28.4693 62.6955 2.4
      vertex -28.8389 62.8278 2.4
    endloop
  endfacet
  facet normal 0.998791 -0.0491626 0
    outer loop
      vertex -26.0193 58.6079 13
      vertex -26 59 2.4
      vertex -26 59 13
    endloop
  endfacet
  facet normal 0.998791 -0.0491626 0
    outer loop
      vertex -26 59 2.4
      vertex -26.0193 58.6079 13
      vertex -26.0193 58.6079 2.4
    endloop
  endfacet
  facet normal 0.337014 -0.9415 0
    outer loop
      vertex -28.8389 55.1722 2.4
      vertex -28.4693 55.3045 13
      vertex -28.8389 55.1722 13
    endloop
  endfacet
  facet normal 0.337014 -0.9415 0
    outer loop
      vertex -28.4693 55.3045 13
      vertex -28.8389 55.1722 2.4
      vertex -28.4693 55.3045 2.4
    endloop
  endfacet
  facet normal 0.9415 0.337014 0
    outer loop
      vertex -26.1722 60.1611 13
      vertex -26.3045 60.5307 2.4
      vertex -26.3045 60.5307 13
    endloop
  endfacet
  facet normal 0.9415 0.337014 0
    outer loop
      vertex -26.3045 60.5307 2.4
      vertex -26.1722 60.1611 13
      vertex -26.1722 60.1611 2.4
    endloop
  endfacet
  facet normal 0.803137 -0.595794 0
    outer loop
      vertex -26.908 56.4624 13
      vertex -26.6741 56.7777 2.4
      vertex -26.6741 56.7777 13
    endloop
  endfacet
  facet normal 0.803137 -0.595794 0
    outer loop
      vertex -26.6741 56.7777 2.4
      vertex -26.908 56.4624 13
      vertex -26.908 56.4624 2.4
    endloop
  endfacet
  facet normal 0.85774 -0.514084 0
    outer loop
      vertex -26.6741 56.7777 13
      vertex -26.4723 57.1144 2.4
      vertex -26.4723 57.1144 13
    endloop
  endfacet
  facet normal 0.85774 -0.514084 0
    outer loop
      vertex -26.4723 57.1144 2.4
      vertex -26.6741 56.7777 13
      vertex -26.6741 56.7777 2.4
    endloop
  endfacet
  facet normal 0.9415 -0.337014 0
    outer loop
      vertex -26.3045 57.4693 13
      vertex -26.1722 57.8389 2.4
      vertex -26.1722 57.8389 13
    endloop
  endfacet
  facet normal 0.9415 -0.337014 0
    outer loop
      vertex -26.1722 57.8389 2.4
      vertex -26.3045 57.4693 13
      vertex -26.3045 57.4693 2.4
    endloop
  endfacet
  facet normal -0.904044 0.42744 0
    outer loop
      vertex -33.6955 60.5307 2.4
      vertex -33.5277 60.8856 13
      vertex -33.5277 60.8856 2.4
    endloop
  endfacet
  facet normal -0.904044 0.42744 0
    outer loop
      vertex -33.5277 60.8856 13
      vertex -33.6955 60.5307 2.4
      vertex -33.6955 60.5307 13
    endloop
  endfacet
  facet normal -0.242835 0.970068 0
    outer loop
      vertex -30.7804 62.9231 2.4
      vertex -31.1611 62.8278 13
      vertex -30.7804 62.9231 13
    endloop
  endfacet
  facet normal -0.242835 0.970068 0
    outer loop
      vertex -31.1611 62.8278 13
      vertex -30.7804 62.9231 2.4
      vertex -31.1611 62.8278 2.4
    endloop
  endfacet
  facet normal 0.904044 0.42744 0
    outer loop
      vertex -26.3045 60.5307 13
      vertex -26.4723 60.8856 2.4
      vertex -26.4723 60.8856 13
    endloop
  endfacet
  facet normal 0.904044 0.42744 0
    outer loop
      vertex -26.4723 60.8856 2.4
      vertex -26.3045 60.5307 13
      vertex -26.3045 60.5307 2.4
    endloop
  endfacet
  facet normal 0.146733 0.989176 -0
    outer loop
      vertex -29.2196 62.9231 2.4
      vertex -29.6079 62.9807 13
      vertex -29.2196 62.9231 13
    endloop
  endfacet
  facet normal 0.146733 0.989176 0
    outer loop
      vertex -29.6079 62.9807 13
      vertex -29.2196 62.9231 2.4
      vertex -29.6079 62.9807 2.4
    endloop
  endfacet
  facet normal -0.85774 -0.514084 0
    outer loop
      vertex -33.3259 56.7777 2.4
      vertex -33.5277 57.1144 13
      vertex -33.5277 57.1144 2.4
    endloop
  endfacet
  facet normal -0.85774 -0.514084 0
    outer loop
      vertex -33.5277 57.1144 13
      vertex -33.3259 56.7777 2.4
      vertex -33.3259 56.7777 13
    endloop
  endfacet
  facet normal 0.85774 0.514084 0
    outer loop
      vertex -26.4723 60.8856 13
      vertex -26.6741 61.2223 2.4
      vertex -26.6741 61.2223 13
    endloop
  endfacet
  facet normal 0.85774 0.514084 0
    outer loop
      vertex -26.6741 61.2223 2.4
      vertex -26.4723 60.8856 13
      vertex -26.4723 60.8856 2.4
    endloop
  endfacet
  facet normal -0.740908 -0.671607 0
    outer loop
      vertex -32.8284 56.1716 2.4
      vertex -33.092 56.4624 13
      vertex -33.092 56.4624 2.4
    endloop
  endfacet
  facet normal -0.740908 -0.671607 0
    outer loop
      vertex -33.092 56.4624 13
      vertex -32.8284 56.1716 2.4
      vertex -32.8284 56.1716 13
    endloop
  endfacet
  facet normal 0.242835 -0.970068 0
    outer loop
      vertex -29.2196 55.0769 2.4
      vertex -28.8389 55.1722 13
      vertex -29.2196 55.0769 13
    endloop
  endfacet
  facet normal 0.242835 -0.970068 0
    outer loop
      vertex -28.8389 55.1722 13
      vertex -29.2196 55.0769 2.4
      vertex -28.8389 55.1722 2.4
    endloop
  endfacet
  facet normal -0.514084 0.85774 0
    outer loop
      vertex -31.8856 62.5277 2.4
      vertex -32.2223 62.3259 13
      vertex -31.8856 62.5277 13
    endloop
  endfacet
  facet normal -0.514084 0.85774 0
    outer loop
      vertex -32.2223 62.3259 13
      vertex -31.8856 62.5277 2.4
      vertex -32.2223 62.3259 2.4
    endloop
  endfacet
  facet normal -0.42744 0.904044 0
    outer loop
      vertex -31.5307 62.6955 2.4
      vertex -31.8856 62.5277 13
      vertex -31.5307 62.6955 13
    endloop
  endfacet
  facet normal -0.42744 0.904044 0
    outer loop
      vertex -31.8856 62.5277 13
      vertex -31.5307 62.6955 2.4
      vertex -31.8856 62.5277 2.4
    endloop
  endfacet
  facet normal -0.9415 -0.337014 0
    outer loop
      vertex -33.6955 57.4693 2.4
      vertex -33.8278 57.8389 13
      vertex -33.8278 57.8389 2.4
    endloop
  endfacet
  facet normal -0.9415 -0.337014 0
    outer loop
      vertex -33.8278 57.8389 13
      vertex -33.6955 57.4693 2.4
      vertex -33.6955 57.4693 13
    endloop
  endfacet
  facet normal -0.514084 -0.85774 0
    outer loop
      vertex -32.2223 55.6741 2.4
      vertex -31.8856 55.4723 13
      vertex -32.2223 55.6741 13
    endloop
  endfacet
  facet normal -0.514084 -0.85774 -0
    outer loop
      vertex -31.8856 55.4723 13
      vertex -32.2223 55.6741 2.4
      vertex -31.8856 55.4723 2.4
    endloop
  endfacet
  facet normal 0.671607 0.740908 -0
    outer loop
      vertex -27.1716 61.8284 2.4
      vertex -27.4624 62.092 13
      vertex -27.1716 61.8284 13
    endloop
  endfacet
  facet normal 0.671607 0.740908 0
    outer loop
      vertex -27.4624 62.092 13
      vertex -27.1716 61.8284 2.4
      vertex -27.4624 62.092 2.4
    endloop
  endfacet
  facet normal -0.970068 0.242835 0
    outer loop
      vertex -33.9231 59.7804 2.4
      vertex -33.8278 60.1611 13
      vertex -33.8278 60.1611 2.4
    endloop
  endfacet
  facet normal -0.970068 0.242835 0
    outer loop
      vertex -33.8278 60.1611 13
      vertex -33.9231 59.7804 2.4
      vertex -33.9231 59.7804 13
    endloop
  endfacet
  facet normal -0.803137 -0.595794 0
    outer loop
      vertex -33.092 56.4624 2.4
      vertex -33.3259 56.7777 13
      vertex -33.3259 56.7777 2.4
    endloop
  endfacet
  facet normal -0.803137 -0.595794 0
    outer loop
      vertex -33.3259 56.7777 13
      vertex -33.092 56.4624 2.4
      vertex -33.092 56.4624 13
    endloop
  endfacet
  facet normal -0.989176 -0.146733 0
    outer loop
      vertex -33.9231 58.2196 2.4
      vertex -33.9807 58.6079 13
      vertex -33.9807 58.6079 2.4
    endloop
  endfacet
  facet normal -0.989176 -0.146733 0
    outer loop
      vertex -33.9807 58.6079 13
      vertex -33.9231 58.2196 2.4
      vertex -33.9231 58.2196 13
    endloop
  endfacet
  facet normal -0.671607 -0.740908 0
    outer loop
      vertex -32.8284 56.1716 2.4
      vertex -32.5376 55.908 13
      vertex -32.8284 56.1716 13
    endloop
  endfacet
  facet normal -0.671607 -0.740908 -0
    outer loop
      vertex -32.5376 55.908 13
      vertex -32.8284 56.1716 2.4
      vertex -32.5376 55.908 2.4
    endloop
  endfacet
  facet normal -0.803137 0.595794 0
    outer loop
      vertex -33.3259 61.2223 2.4
      vertex -33.092 61.5376 13
      vertex -33.092 61.5376 2.4
    endloop
  endfacet
  facet normal -0.803137 0.595794 0
    outer loop
      vertex -33.092 61.5376 13
      vertex -33.3259 61.2223 2.4
      vertex -33.3259 61.2223 13
    endloop
  endfacet
  facet normal -0.85774 0.514084 0
    outer loop
      vertex -33.5277 60.8856 2.4
      vertex -33.3259 61.2223 13
      vertex -33.3259 61.2223 2.4
    endloop
  endfacet
  facet normal -0.85774 0.514084 0
    outer loop
      vertex -33.3259 61.2223 13
      vertex -33.5277 60.8856 2.4
      vertex -33.5277 60.8856 13
    endloop
  endfacet
  facet normal 0 0 1
    outer loop
      vertex -28.5 59 13
      vertex -26 59 13
      vertex -26.0193 59.3921 13
    endloop
  endfacet
  facet normal 0 0 1
    outer loop
      vertex -28.5072 59.147 13
      vertex -26.0193 59.3921 13
      vertex -26.0769 59.7804 13
    endloop
  endfacet
  facet normal 0 0 1
    outer loop
      vertex -26 59 13
      vertex -28.5 59 13
      vertex -26.0193 58.6079 13
    endloop
  endfacet
  facet normal 0 0 1
    outer loop
      vertex -28.5288 59.2926 13
      vertex -26.0769 59.7804 13
      vertex -26.1722 60.1611 13
    endloop
  endfacet
  facet normal -0 0 1
    outer loop
      vertex -28.5072 58.853 13
      vertex -26.0193 58.6079 13
      vertex -28.5 59 13
    endloop
  endfacet
  facet normal 0 0 1
    outer loop
      vertex -28.5646 59.4354 13
      vertex -26.1722 60.1611 13
      vertex -26.3045 60.5307 13
    endloop
  endfacet
  facet normal 0 0 1
    outer loop
      vertex -26.0193 58.6079 13
      vertex -28.5072 58.853 13
      vertex -26.0769 58.2196 13
    endloop
  endfacet
  facet normal 0 0 1
    outer loop
      vertex -28.6142 59.574 13
      vertex -26.3045 60.5307 13
      vertex -26.4723 60.8856 13
    endloop
  endfacet
  facet normal -0 0 1
    outer loop
      vertex -28.5288 58.7074 13
      vertex -26.0769 58.2196 13
      vertex -28.5072 58.853 13
    endloop
  endfacet
  facet normal 0 0 1
    outer loop
      vertex -28.6771 59.7071 13
      vertex -26.4723 60.8856 13
      vertex -26.6741 61.2223 13
    endloop
  endfacet
  facet normal 0 0 1
    outer loop
      vertex -26.0769 58.2196 13
      vertex -28.5288 58.7074 13
      vertex -26.1722 57.8389 13
    endloop
  endfacet
  facet normal 0 0 1
    outer loop
      vertex -28.7528 59.8334 13
      vertex -26.6741 61.2223 13
      vertex -26.908 61.5376 13
    endloop
  endfacet
  facet normal -0 0 1
    outer loop
      vertex -28.5646 58.5646 13
      vertex -26.1722 57.8389 13
      vertex -28.5288 58.7074 13
    endloop
  endfacet
  facet normal 0 0 1
    outer loop
      vertex -28.8405 59.9516 13
      vertex -26.908 61.5376 13
      vertex -27.1716 61.8284 13
    endloop
  endfacet
  facet normal 0 0 1
    outer loop
      vertex -26.1722 57.8389 13
      vertex -28.5646 58.5646 13
      vertex -26.3045 57.4693 13
    endloop
  endfacet
  facet normal 0 0 1
    outer loop
      vertex -28.9393 60.0607 13
      vertex -27.1716 61.8284 13
      vertex -27.4624 62.092 13
    endloop
  endfacet
  facet normal -0 0 1
    outer loop
      vertex -28.6142 58.426 13
      vertex -26.3045 57.4693 13
      vertex -28.5646 58.5646 13
    endloop
  endfacet
  facet normal 0 0 1
    outer loop
      vertex -29.0484 60.1595 13
      vertex -27.4624 62.092 13
      vertex -27.7777 62.3259 13
    endloop
  endfacet
  facet normal 0 0 1
    outer loop
      vertex -26.3045 57.4693 13
      vertex -28.6142 58.426 13
      vertex -26.4723 57.1144 13
    endloop
  endfacet
  facet normal 0 0 1
    outer loop
      vertex -29.1666 60.2472 13
      vertex -27.7777 62.3259 13
      vertex -28.1144 62.5277 13
    endloop
  endfacet
  facet normal -0 0 1
    outer loop
      vertex -28.6771 58.2929 13
      vertex -26.4723 57.1144 13
      vertex -28.6142 58.426 13
    endloop
  endfacet
  facet normal 0 0 1
    outer loop
      vertex -29.2929 60.3229 13
      vertex -28.1144 62.5277 13
      vertex -28.4693 62.6955 13
    endloop
  endfacet
  facet normal 0 0 1
    outer loop
      vertex -26.4723 57.1144 13
      vertex -28.6771 58.2929 13
      vertex -26.6741 56.7777 13
    endloop
  endfacet
  facet normal -0 0 1
    outer loop
      vertex -28.7528 58.1666 13
      vertex -26.6741 56.7777 13
      vertex -28.6771 58.2929 13
    endloop
  endfacet
  facet normal 0 0 1
    outer loop
      vertex -26.0193 59.3921 13
      vertex -28.5072 59.147 13
      vertex -28.5 59 13
    endloop
  endfacet
  facet normal 0 0 1
    outer loop
      vertex -26.0769 59.7804 13
      vertex -28.5288 59.2926 13
      vertex -28.5072 59.147 13
    endloop
  endfacet
  facet normal 0 0 1
    outer loop
      vertex -26.1722 60.1611 13
      vertex -28.5646 59.4354 13
      vertex -28.5288 59.2926 13
    endloop
  endfacet
  facet normal 0 0 1
    outer loop
      vertex -26.3045 60.5307 13
      vertex -28.6142 59.574 13
      vertex -28.5646 59.4354 13
    endloop
  endfacet
  facet normal 0 0 1
    outer loop
      vertex -26.4723 60.8856 13
      vertex -28.6771 59.7071 13
      vertex -28.6142 59.574 13
    endloop
  endfacet
  facet normal 0 0 1
    outer loop
      vertex -26.6741 61.2223 13
      vertex -28.7528 59.8334 13
      vertex -28.6771 59.7071 13
    endloop
  endfacet
  facet normal 0 0 1
    outer loop
      vertex -29.426 60.3858 13
      vertex -28.4693 62.6955 13
      vertex -28.8389 62.8278 13
    endloop
  endfacet
  facet normal 0 0 1
    outer loop
      vertex -26.908 61.5376 13
      vertex -28.8405 59.9516 13
      vertex -28.7528 59.8334 13
    endloop
  endfacet
  facet normal 0 0 1
    outer loop
      vertex -27.1716 61.8284 13
      vertex -28.9393 60.0607 13
      vertex -28.8405 59.9516 13
    endloop
  endfacet
  facet normal 0 0 1
    outer loop
      vertex -27.4624 62.092 13
      vertex -29.0484 60.1595 13
      vertex -28.9393 60.0607 13
    endloop
  endfacet
  facet normal 0 0 1
    outer loop
      vertex -27.7777 62.3259 13
      vertex -29.1666 60.2472 13
      vertex -29.0484 60.1595 13
    endloop
  endfacet
  facet normal 0 0 1
    outer loop
      vertex -29.5646 60.4354 13
      vertex -28.8389 62.8278 13
      vertex -29.2196 62.9231 13
    endloop
  endfacet
  facet normal 0 0 1
    outer loop
      vertex -28.1144 62.5277 13
      vertex -29.2929 60.3229 13
      vertex -29.1666 60.2472 13
    endloop
  endfacet
  facet normal 0 0 1
    outer loop
      vertex -28.4693 62.6955 13
      vertex -29.426 60.3858 13
      vertex -29.2929 60.3229 13
    endloop
  endfacet
  facet normal 0 0 1
    outer loop
      vertex -28.8389 62.8278 13
      vertex -29.5646 60.4354 13
      vertex -29.426 60.3858 13
    endloop
  endfacet
  facet normal 0 0 1
    outer loop
      vertex -29.7074 60.4712 13
      vertex -29.2196 62.9231 13
      vertex -29.6079 62.9807 13
    endloop
  endfacet
  facet normal 0 0 1
    outer loop
      vertex -29.2196 62.9231 13
      vertex -29.7074 60.4712 13
      vertex -29.5646 60.4354 13
    endloop
  endfacet
  facet normal 0 0 1
    outer loop
      vertex -29.6079 62.9807 13
      vertex -29.853 60.4928 13
      vertex -29.7074 60.4712 13
    endloop
  endfacet
  facet normal 0 0 1
    outer loop
      vertex -30 63 13
      vertex -29.853 60.4928 13
      vertex -29.6079 62.9807 13
    endloop
  endfacet
  facet normal 0 0 1
    outer loop
      vertex -30 63 13
      vertex -30 60.5 13
      vertex -29.853 60.4928 13
    endloop
  endfacet
  facet normal 0 0 1
    outer loop
      vertex -30 63 13
      vertex -30.147 60.4928 13
      vertex -30 60.5 13
    endloop
  endfacet
  facet normal -0 0 1
    outer loop
      vertex -30.3921 62.9807 13
      vertex -30.147 60.4928 13
      vertex -30 63 13
    endloop
  endfacet
  facet normal 0 0 1
    outer loop
      vertex -30.147 60.4928 13
      vertex -30.3921 62.9807 13
      vertex -30.2926 60.4712 13
    endloop
  endfacet
  facet normal -0 0 1
    outer loop
      vertex -30.7804 62.9231 13
      vertex -30.2926 60.4712 13
      vertex -30.3921 62.9807 13
    endloop
  endfacet
  facet normal 0 0 1
    outer loop
      vertex -30.2926 60.4712 13
      vertex -30.7804 62.9231 13
      vertex -30.4354 60.4354 13
    endloop
  endfacet
  facet normal -0 0 1
    outer loop
      vertex -31.1611 62.8278 13
      vertex -30.4354 60.4354 13
      vertex -30.7804 62.9231 13
    endloop
  endfacet
  facet normal 0 0 1
    outer loop
      vertex -30.4354 60.4354 13
      vertex -31.1611 62.8278 13
      vertex -30.574 60.3858 13
    endloop
  endfacet
  facet normal -0 0 1
    outer loop
      vertex -31.5307 62.6955 13
      vertex -30.574 60.3858 13
      vertex -31.1611 62.8278 13
    endloop
  endfacet
  facet normal 0 0 1
    outer loop
      vertex -30.574 60.3858 13
      vertex -31.5307 62.6955 13
      vertex -30.7071 60.3229 13
    endloop
  endfacet
  facet normal -0 0 1
    outer loop
      vertex -31.8856 62.5277 13
      vertex -30.7071 60.3229 13
      vertex -31.5307 62.6955 13
    endloop
  endfacet
  facet normal 0 0 1
    outer loop
      vertex -30.7071 60.3229 13
      vertex -31.8856 62.5277 13
      vertex -30.8334 60.2472 13
    endloop
  endfacet
  facet normal -0 0 1
    outer loop
      vertex -32.2223 62.3259 13
      vertex -30.8334 60.2472 13
      vertex -31.8856 62.5277 13
    endloop
  endfacet
  facet normal 0 0 1
    outer loop
      vertex -30.8334 60.2472 13
      vertex -32.2223 62.3259 13
      vertex -30.9516 60.1595 13
    endloop
  endfacet
  facet normal -0 0 1
    outer loop
      vertex -32.5376 62.092 13
      vertex -30.9516 60.1595 13
      vertex -32.2223 62.3259 13
    endloop
  endfacet
  facet normal 0 0 1
    outer loop
      vertex -30.9516 60.1595 13
      vertex -32.5376 62.092 13
      vertex -31.0607 60.0607 13
    endloop
  endfacet
  facet normal -0 0 1
    outer loop
      vertex -32.8284 61.8284 13
      vertex -31.0607 60.0607 13
      vertex -32.5376 62.092 13
    endloop
  endfacet
  facet normal 0 0 1
    outer loop
      vertex -31.0607 60.0607 13
      vertex -32.8284 61.8284 13
      vertex -31.1595 59.9516 13
    endloop
  endfacet
  facet normal -0 0 1
    outer loop
      vertex -33.092 61.5376 13
      vertex -31.1595 59.9516 13
      vertex -32.8284 61.8284 13
    endloop
  endfacet
  facet normal -0 0 1
    outer loop
      vertex -33.3259 61.2223 13
      vertex -31.2472 59.8334 13
      vertex -33.092 61.5376 13
    endloop
  endfacet
  facet normal 0 0 1
    outer loop
      vertex -31.1595 59.9516 13
      vertex -33.092 61.5376 13
      vertex -31.2472 59.8334 13
    endloop
  endfacet
  facet normal 0 0 1
    outer loop
      vertex -26.6741 56.7777 13
      vertex -28.7528 58.1666 13
      vertex -26.908 56.4624 13
    endloop
  endfacet
  facet normal -0 0 1
    outer loop
      vertex -28.8405 58.0484 13
      vertex -26.908 56.4624 13
      vertex -28.7528 58.1666 13
    endloop
  endfacet
  facet normal 0 0 1
    outer loop
      vertex -26.908 56.4624 13
      vertex -28.8405 58.0484 13
      vertex -27.1716 56.1716 13
    endloop
  endfacet
  facet normal -0 0 1
    outer loop
      vertex -28.9393 57.9393 13
      vertex -27.1716 56.1716 13
      vertex -28.8405 58.0484 13
    endloop
  endfacet
  facet normal 0 0 1
    outer loop
      vertex -27.1716 56.1716 13
      vertex -28.9393 57.9393 13
      vertex -27.4624 55.908 13
    endloop
  endfacet
  facet normal -0 0 1
    outer loop
      vertex -29.0484 57.8405 13
      vertex -27.4624 55.908 13
      vertex -28.9393 57.9393 13
    endloop
  endfacet
  facet normal 0 0 1
    outer loop
      vertex -27.4624 55.908 13
      vertex -29.0484 57.8405 13
      vertex -27.7777 55.6741 13
    endloop
  endfacet
  facet normal -0 0 1
    outer loop
      vertex -29.1666 57.7528 13
      vertex -27.7777 55.6741 13
      vertex -29.0484 57.8405 13
    endloop
  endfacet
  facet normal 0 0 1
    outer loop
      vertex -27.7777 55.6741 13
      vertex -29.1666 57.7528 13
      vertex -28.1144 55.4723 13
    endloop
  endfacet
  facet normal -0 0 1
    outer loop
      vertex -29.2929 57.6771 13
      vertex -28.1144 55.4723 13
      vertex -29.1666 57.7528 13
    endloop
  endfacet
  facet normal 0 0 1
    outer loop
      vertex -28.1144 55.4723 13
      vertex -29.2929 57.6771 13
      vertex -28.4693 55.3045 13
    endloop
  endfacet
  facet normal -0 0 1
    outer loop
      vertex -29.426 57.6142 13
      vertex -28.4693 55.3045 13
      vertex -29.2929 57.6771 13
    endloop
  endfacet
  facet normal 0 0 1
    outer loop
      vertex -28.4693 55.3045 13
      vertex -29.426 57.6142 13
      vertex -28.8389 55.1722 13
    endloop
  endfacet
  facet normal -0 0 1
    outer loop
      vertex -29.5646 57.5646 13
      vertex -28.8389 55.1722 13
      vertex -29.426 57.6142 13
    endloop
  endfacet
  facet normal 0 0 1
    outer loop
      vertex -28.8389 55.1722 13
      vertex -29.5646 57.5646 13
      vertex -29.2196 55.0769 13
    endloop
  endfacet
  facet normal -0 0 1
    outer loop
      vertex -29.7074 57.5288 13
      vertex -29.2196 55.0769 13
      vertex -29.5646 57.5646 13
    endloop
  endfacet
  facet normal 0 0 1
    outer loop
      vertex -29.2196 55.0769 13
      vertex -29.7074 57.5288 13
      vertex -29.6079 55.0193 13
    endloop
  endfacet
  facet normal -0 0 1
    outer loop
      vertex -29.853 57.5072 13
      vertex -29.6079 55.0193 13
      vertex -29.7074 57.5288 13
    endloop
  endfacet
  facet normal -0 0 1
    outer loop
      vertex -30 57.5 13
      vertex -29.6079 55.0193 13
      vertex -29.853 57.5072 13
    endloop
  endfacet
  facet normal 0 0 1
    outer loop
      vertex -30 57.5 13
      vertex -30 55 13
      vertex -29.6079 55.0193 13
    endloop
  endfacet
  facet normal 0 0 1
    outer loop
      vertex -30.147 57.5072 13
      vertex -30 55 13
      vertex -30 57.5 13
    endloop
  endfacet
  facet normal 0 0 1
    outer loop
      vertex -30.3921 55.0193 13
      vertex -30.147 57.5072 13
      vertex -30.2926 57.5288 13
    endloop
  endfacet
  facet normal 0 0 1
    outer loop
      vertex -30.147 57.5072 13
      vertex -30.3921 55.0193 13
      vertex -30 55 13
    endloop
  endfacet
  facet normal 0 0 1
    outer loop
      vertex -30.7804 55.0769 13
      vertex -30.2926 57.5288 13
      vertex -30.4354 57.5646 13
    endloop
  endfacet
  facet normal 0 0 1
    outer loop
      vertex -31.1611 55.1722 13
      vertex -30.4354 57.5646 13
      vertex -30.574 57.6142 13
    endloop
  endfacet
  facet normal 0 0 1
    outer loop
      vertex -31.5307 55.3045 13
      vertex -30.574 57.6142 13
      vertex -30.7071 57.6771 13
    endloop
  endfacet
  facet normal 0 0 1
    outer loop
      vertex -30.2926 57.5288 13
      vertex -30.7804 55.0769 13
      vertex -30.3921 55.0193 13
    endloop
  endfacet
  facet normal 0 0 1
    outer loop
      vertex -31.8856 55.4723 13
      vertex -30.7071 57.6771 13
      vertex -30.8334 57.7528 13
    endloop
  endfacet
  facet normal 0 0 1
    outer loop
      vertex -32.2223 55.6741 13
      vertex -30.8334 57.7528 13
      vertex -30.9516 57.8405 13
    endloop
  endfacet
  facet normal 0 0 1
    outer loop
      vertex -32.5376 55.908 13
      vertex -30.9516 57.8405 13
      vertex -31.0607 57.9393 13
    endloop
  endfacet
  facet normal 0 0 1
    outer loop
      vertex -32.8284 56.1716 13
      vertex -31.0607 57.9393 13
      vertex -31.1595 58.0484 13
    endloop
  endfacet
  facet normal 0 0 1
    outer loop
      vertex -30.4354 57.5646 13
      vertex -31.1611 55.1722 13
      vertex -30.7804 55.0769 13
    endloop
  endfacet
  facet normal 0 0 1
    outer loop
      vertex -33.092 56.4624 13
      vertex -31.1595 58.0484 13
      vertex -31.2472 58.1666 13
    endloop
  endfacet
  facet normal 0 0 1
    outer loop
      vertex -33.3259 56.7777 13
      vertex -31.2472 58.1666 13
      vertex -31.3229 58.2929 13
    endloop
  endfacet
  facet normal 0 0 1
    outer loop
      vertex -33.5277 57.1144 13
      vertex -31.3229 58.2929 13
      vertex -31.3858 58.426 13
    endloop
  endfacet
  facet normal 0 0 1
    outer loop
      vertex -33.6955 57.4693 13
      vertex -31.3858 58.426 13
      vertex -31.4354 58.5646 13
    endloop
  endfacet
  facet normal 0 0 1
    outer loop
      vertex -33.8278 57.8389 13
      vertex -31.4354 58.5646 13
      vertex -31.4712 58.7074 13
    endloop
  endfacet
  facet normal 0 0 1
    outer loop
      vertex -33.9231 58.2196 13
      vertex -31.4712 58.7074 13
      vertex -31.4928 58.853 13
    endloop
  endfacet
  facet normal 0 0 1
    outer loop
      vertex -30.574 57.6142 13
      vertex -31.5307 55.3045 13
      vertex -31.1611 55.1722 13
    endloop
  endfacet
  facet normal 0 0 1
    outer loop
      vertex -33.9807 58.6079 13
      vertex -31.4928 58.853 13
      vertex -31.5 59 13
    endloop
  endfacet
  facet normal 0 0 1
    outer loop
      vertex -31.2472 59.8334 13
      vertex -33.3259 61.2223 13
      vertex -31.3229 59.7071 13
    endloop
  endfacet
  facet normal -0 0 1
    outer loop
      vertex -33.5277 60.8856 13
      vertex -31.3229 59.7071 13
      vertex -33.3259 61.2223 13
    endloop
  endfacet
  facet normal 0 0 1
    outer loop
      vertex -30.7071 57.6771 13
      vertex -31.8856 55.4723 13
      vertex -31.5307 55.3045 13
    endloop
  endfacet
  facet normal 0 0 1
    outer loop
      vertex -31.3229 59.7071 13
      vertex -33.5277 60.8856 13
      vertex -31.3858 59.574 13
    endloop
  endfacet
  facet normal 0 0 1
    outer loop
      vertex -30.8334 57.7528 13
      vertex -32.2223 55.6741 13
      vertex -31.8856 55.4723 13
    endloop
  endfacet
  facet normal -0 0 1
    outer loop
      vertex -33.6955 60.5307 13
      vertex -31.3858 59.574 13
      vertex -33.5277 60.8856 13
    endloop
  endfacet
  facet normal 0 0 1
    outer loop
      vertex -30.9516 57.8405 13
      vertex -32.5376 55.908 13
      vertex -32.2223 55.6741 13
    endloop
  endfacet
  facet normal 0 0 1
    outer loop
      vertex -31.3858 59.574 13
      vertex -33.6955 60.5307 13
      vertex -31.4354 59.4354 13
    endloop
  endfacet
  facet normal 0 0 1
    outer loop
      vertex -31.0607 57.9393 13
      vertex -32.8284 56.1716 13
      vertex -32.5376 55.908 13
    endloop
  endfacet
  facet normal -0 0 1
    outer loop
      vertex -33.8278 60.1611 13
      vertex -31.4354 59.4354 13
      vertex -33.6955 60.5307 13
    endloop
  endfacet
  facet normal 0 0 1
    outer loop
      vertex -31.1595 58.0484 13
      vertex -33.092 56.4624 13
      vertex -32.8284 56.1716 13
    endloop
  endfacet
  facet normal 0 0 1
    outer loop
      vertex -31.4354 59.4354 13
      vertex -33.8278 60.1611 13
      vertex -31.4712 59.2926 13
    endloop
  endfacet
  facet normal 0 0 1
    outer loop
      vertex -31.2472 58.1666 13
      vertex -33.3259 56.7777 13
      vertex -33.092 56.4624 13
    endloop
  endfacet
  facet normal -0 0 1
    outer loop
      vertex -33.9231 59.7804 13
      vertex -31.4712 59.2926 13
      vertex -33.8278 60.1611 13
    endloop
  endfacet
  facet normal 0 0 1
    outer loop
      vertex -31.3229 58.2929 13
      vertex -33.5277 57.1144 13
      vertex -33.3259 56.7777 13
    endloop
  endfacet
  facet normal 0 0 1
    outer loop
      vertex -31.4712 59.2926 13
      vertex -33.9231 59.7804 13
      vertex -31.4928 59.147 13
    endloop
  endfacet
  facet normal 0 0 1
    outer loop
      vertex -31.3858 58.426 13
      vertex -33.6955 57.4693 13
      vertex -33.5277 57.1144 13
    endloop
  endfacet
  facet normal -0 0 1
    outer loop
      vertex -33.9807 59.3921 13
      vertex -31.4928 59.147 13
      vertex -33.9231 59.7804 13
    endloop
  endfacet
  facet normal 0 0 1
    outer loop
      vertex -31.4354 58.5646 13
      vertex -33.8278 57.8389 13
      vertex -33.6955 57.4693 13
    endloop
  endfacet
  facet normal 0 0 1
    outer loop
      vertex -31.4928 59.147 13
      vertex -33.9807 59.3921 13
      vertex -31.5 59 13
    endloop
  endfacet
  facet normal 0 0 1
    outer loop
      vertex -31.4712 58.7074 13
      vertex -33.9231 58.2196 13
      vertex -33.8278 57.8389 13
    endloop
  endfacet
  facet normal 0 0 1
    outer loop
      vertex -34 59 13
      vertex -31.5 59 13
      vertex -33.9807 59.3921 13
    endloop
  endfacet
  facet normal 0 0 1
    outer loop
      vertex -31.4928 58.853 13
      vertex -33.9807 58.6079 13
      vertex -33.9231 58.2196 13
    endloop
  endfacet
  facet normal 0 0 1
    outer loop
      vertex -31.5 59 13
      vertex -34 59 13
      vertex -33.9807 58.6079 13
    endloop
  endfacet
  facet normal -0.0491626 -0.998791 0
    outer loop
      vertex -30.3921 55.0193 2.4
      vertex -30 55 13
      vertex -30.3921 55.0193 13
    endloop
  endfacet
  facet normal -0.0491626 -0.998791 -0
    outer loop
      vertex -30 55 13
      vertex -30.3921 55.0193 2.4
      vertex -30 55 2.4
    endloop
  endfacet
  facet normal -0.998791 0.0491626 0
    outer loop
      vertex -34 59 2.4
      vertex -33.9807 59.3921 13
      vertex -33.9807 59.3921 2.4
    endloop
  endfacet
  facet normal -0.998791 0.0491626 0
    outer loop
      vertex -33.9807 59.3921 13
      vertex -34 59 2.4
      vertex -34 59 13
    endloop
  endfacet
  facet normal 0.740908 -0.671607 0
    outer loop
      vertex -27.1716 56.1716 13
      vertex -26.908 56.4624 2.4
      vertex -26.908 56.4624 13
    endloop
  endfacet
  facet normal 0.740908 -0.671607 0
    outer loop
      vertex -26.908 56.4624 2.4
      vertex -27.1716 56.1716 13
      vertex -27.1716 56.1716 2.4
    endloop
  endfacet
  facet normal 0.671607 -0.740908 0
    outer loop
      vertex -27.4624 55.908 2.4
      vertex -27.1716 56.1716 13
      vertex -27.4624 55.908 13
    endloop
  endfacet
  facet normal 0.671607 -0.740908 0
    outer loop
      vertex -27.1716 56.1716 13
      vertex -27.4624 55.908 2.4
      vertex -27.1716 56.1716 2.4
    endloop
  endfacet
  facet normal -0.989174 -0.146746 0
    outer loop
      vertex -28.5072 59.147 2.4
      vertex -28.5288 59.2926 13
      vertex -28.5288 59.2926 2.4
    endloop
  endfacet
  facet normal -0.989174 -0.146746 0
    outer loop
      vertex -28.5288 59.2926 13
      vertex -28.5072 59.147 2.4
      vertex -28.5072 59.147 13
    endloop
  endfacet
  facet normal -0.998803 -0.0489209 0
    outer loop
      vertex -28.5 59 2.4
      vertex -28.5072 59.147 13
      vertex -28.5072 59.147 2.4
    endloop
  endfacet
  facet normal -0.998803 -0.0489209 0
    outer loop
      vertex -28.5072 59.147 13
      vertex -28.5 59 2.4
      vertex -28.5 59 13
    endloop
  endfacet
  facet normal -0.969982 -0.243175 0
    outer loop
      vertex -28.5288 59.2926 2.4
      vertex -28.5646 59.4354 13
      vertex -28.5646 59.4354 2.4
    endloop
  endfacet
  facet normal -0.969982 -0.243175 0
    outer loop
      vertex -28.5646 59.4354 13
      vertex -28.5288 59.2926 2.4
      vertex -28.5288 59.2926 13
    endloop
  endfacet
  facet normal -0.427269 0.904125 0
    outer loop
      vertex -29.2929 57.6771 2.4
      vertex -29.426 57.6142 13
      vertex -29.2929 57.6771 13
    endloop
  endfacet
  facet normal -0.427269 0.904125 0
    outer loop
      vertex -29.426 57.6142 13
      vertex -29.2929 57.6771 2.4
      vertex -29.426 57.6142 2.4
    endloop
  endfacet
  facet normal 0.595861 -0.803088 0
    outer loop
      vertex -30.9516 60.1595 2.4
      vertex -30.8334 60.2472 13
      vertex -30.9516 60.1595 13
    endloop
  endfacet
  facet normal 0.595861 -0.803088 0
    outer loop
      vertex -30.8334 60.2472 13
      vertex -30.9516 60.1595 2.4
      vertex -30.8334 60.2472 2.4
    endloop
  endfacet
  facet normal -0.243175 -0.969982 0
    outer loop
      vertex -29.7074 60.4712 2.4
      vertex -29.5646 60.4354 13
      vertex -29.7074 60.4712 13
    endloop
  endfacet
  facet normal -0.243175 -0.969982 -0
    outer loop
      vertex -29.5646 60.4354 13
      vertex -29.7074 60.4712 2.4
      vertex -29.5646 60.4354 2.4
    endloop
  endfacet
  facet normal 0.904125 -0.427269 0
    outer loop
      vertex -31.3858 59.574 13
      vertex -31.3229 59.7071 2.4
      vertex -31.3229 59.7071 13
    endloop
  endfacet
  facet normal 0.904125 -0.427269 0
    outer loop
      vertex -31.3229 59.7071 2.4
      vertex -31.3858 59.574 13
      vertex -31.3858 59.574 2.4
    endloop
  endfacet
  facet normal 0.969982 -0.243175 0
    outer loop
      vertex -31.4712 59.2926 13
      vertex -31.4354 59.4354 2.4
      vertex -31.4354 59.4354 13
    endloop
  endfacet
  facet normal 0.969982 -0.243175 0
    outer loop
      vertex -31.4354 59.4354 2.4
      vertex -31.4712 59.2926 13
      vertex -31.4712 59.2926 2.4
    endloop
  endfacet
  facet normal -0.514096 0.857733 0
    outer loop
      vertex -29.1666 57.7528 2.4
      vertex -29.2929 57.6771 13
      vertex -29.1666 57.7528 13
    endloop
  endfacet
  facet normal -0.514096 0.857733 0
    outer loop
      vertex -29.2929 57.6771 13
      vertex -29.1666 57.7528 2.4
      vertex -29.2929 57.6771 2.4
    endloop
  endfacet
  facet normal -0.243175 0.969982 0
    outer loop
      vertex -29.5646 57.5646 2.4
      vertex -29.7074 57.5288 13
      vertex -29.5646 57.5646 13
    endloop
  endfacet
  facet normal -0.243175 0.969982 0
    outer loop
      vertex -29.7074 57.5288 13
      vertex -29.5646 57.5646 2.4
      vertex -29.7074 57.5288 2.4
    endloop
  endfacet
  facet normal -0.0489209 -0.998803 0
    outer loop
      vertex -30 60.5 2.4
      vertex -29.853 60.4928 13
      vertex -30 60.5 13
    endloop
  endfacet
  facet normal -0.0489209 -0.998803 -0
    outer loop
      vertex -29.853 60.4928 13
      vertex -30 60.5 2.4
      vertex -29.853 60.4928 2.4
    endloop
  endfacet
  facet normal -0.146746 -0.989174 0
    outer loop
      vertex -29.853 60.4928 2.4
      vertex -29.7074 60.4712 13
      vertex -29.853 60.4928 13
    endloop
  endfacet
  facet normal -0.146746 -0.989174 -0
    outer loop
      vertex -29.7074 60.4712 13
      vertex -29.853 60.4928 2.4
      vertex -29.7074 60.4712 2.4
    endloop
  endfacet
  facet normal -0.427269 -0.904125 0
    outer loop
      vertex -29.426 60.3858 2.4
      vertex -29.2929 60.3229 13
      vertex -29.426 60.3858 13
    endloop
  endfacet
  facet normal -0.427269 -0.904125 -0
    outer loop
      vertex -29.2929 60.3229 13
      vertex -29.426 60.3858 2.4
      vertex -29.2929 60.3229 2.4
    endloop
  endfacet
  facet normal -0.146746 0.989174 0
    outer loop
      vertex -29.7074 57.5288 2.4
      vertex -29.853 57.5072 13
      vertex -29.7074 57.5288 13
    endloop
  endfacet
  facet normal -0.146746 0.989174 0
    outer loop
      vertex -29.853 57.5072 13
      vertex -29.7074 57.5288 2.4
      vertex -29.853 57.5072 2.4
    endloop
  endfacet
  facet normal -0.803088 0.595861 0
    outer loop
      vertex -28.8405 58.0484 2.4
      vertex -28.7528 58.1666 13
      vertex -28.7528 58.1666 2.4
    endloop
  endfacet
  facet normal -0.803088 0.595861 0
    outer loop
      vertex -28.7528 58.1666 13
      vertex -28.8405 58.0484 2.4
      vertex -28.8405 58.0484 13
    endloop
  endfacet
  facet normal 0.74123 0.671251 0
    outer loop
      vertex -31.0607 57.9393 13
      vertex -31.1595 58.0484 2.4
      vertex -31.1595 58.0484 13
    endloop
  endfacet
  facet normal 0.74123 0.671251 0
    outer loop
      vertex -31.1595 58.0484 2.4
      vertex -31.0607 57.9393 13
      vertex -31.0607 57.9393 2.4
    endloop
  endfacet
  facet normal 0.514096 -0.857733 0
    outer loop
      vertex -30.8334 60.2472 2.4
      vertex -30.7071 60.3229 13
      vertex -30.8334 60.2472 13
    endloop
  endfacet
  facet normal 0.514096 -0.857733 0
    outer loop
      vertex -30.7071 60.3229 13
      vertex -30.8334 60.2472 2.4
      vertex -30.7071 60.3229 2.4
    endloop
  endfacet
  facet normal -0.989174 0.146746 0
    outer loop
      vertex -28.5288 58.7074 2.4
      vertex -28.5072 58.853 13
      vertex -28.5072 58.853 2.4
    endloop
  endfacet
  facet normal -0.989174 0.146746 0
    outer loop
      vertex -28.5072 58.853 13
      vertex -28.5288 58.7074 2.4
      vertex -28.5288 58.7074 13
    endloop
  endfacet
  facet normal 0.146746 0.989174 -0
    outer loop
      vertex -30.147 57.5072 2.4
      vertex -30.2926 57.5288 13
      vertex -30.147 57.5072 13
    endloop
  endfacet
  facet normal 0.146746 0.989174 0
    outer loop
      vertex -30.2926 57.5288 13
      vertex -30.147 57.5072 2.4
      vertex -30.2926 57.5288 2.4
    endloop
  endfacet
  facet normal -0.595861 0.803088 0
    outer loop
      vertex -29.0484 57.8405 2.4
      vertex -29.1666 57.7528 13
      vertex -29.0484 57.8405 13
    endloop
  endfacet
  facet normal -0.595861 0.803088 0
    outer loop
      vertex -29.1666 57.7528 13
      vertex -29.0484 57.8405 2.4
      vertex -29.1666 57.7528 2.4
    endloop
  endfacet
  facet normal 0.0489209 0.998803 -0
    outer loop
      vertex -30 57.5 2.4
      vertex -30.147 57.5072 13
      vertex -30 57.5 13
    endloop
  endfacet
  facet normal 0.0489209 0.998803 0
    outer loop
      vertex -30.147 57.5072 13
      vertex -30 57.5 2.4
      vertex -30.147 57.5072 2.4
    endloop
  endfacet
  facet normal -0.595861 -0.803088 0
    outer loop
      vertex -29.1666 60.2472 2.4
      vertex -29.0484 60.1595 13
      vertex -29.1666 60.2472 13
    endloop
  endfacet
  facet normal -0.595861 -0.803088 -0
    outer loop
      vertex -29.0484 60.1595 13
      vertex -29.1666 60.2472 2.4
      vertex -29.0484 60.1595 2.4
    endloop
  endfacet
  facet normal -0.969982 0.243175 0
    outer loop
      vertex -28.5646 58.5646 2.4
      vertex -28.5288 58.7074 13
      vertex -28.5288 58.7074 2.4
    endloop
  endfacet
  facet normal -0.969982 0.243175 0
    outer loop
      vertex -28.5288 58.7074 13
      vertex -28.5646 58.5646 2.4
      vertex -28.5646 58.5646 13
    endloop
  endfacet
  facet normal 0.989174 -0.146746 0
    outer loop
      vertex -31.4928 59.147 13
      vertex -31.4712 59.2926 2.4
      vertex -31.4712 59.2926 13
    endloop
  endfacet
  facet normal 0.989174 -0.146746 0
    outer loop
      vertex -31.4712 59.2926 2.4
      vertex -31.4928 59.147 13
      vertex -31.4928 59.147 2.4
    endloop
  endfacet
  facet normal 0.857733 -0.514096 0
    outer loop
      vertex -31.3229 59.7071 13
      vertex -31.2472 59.8334 2.4
      vertex -31.2472 59.8334 13
    endloop
  endfacet
  facet normal 0.857733 -0.514096 0
    outer loop
      vertex -31.2472 59.8334 2.4
      vertex -31.3229 59.7071 13
      vertex -31.3229 59.7071 2.4
    endloop
  endfacet
  facet normal 0.941527 0.336939 0
    outer loop
      vertex -31.3858 58.426 13
      vertex -31.4354 58.5646 2.4
      vertex -31.4354 58.5646 13
    endloop
  endfacet
  facet normal 0.941527 0.336939 0
    outer loop
      vertex -31.4354 58.5646 2.4
      vertex -31.3858 58.426 13
      vertex -31.3858 58.426 2.4
    endloop
  endfacet
  facet normal 0.146746 -0.989174 0
    outer loop
      vertex -30.2926 60.4712 2.4
      vertex -30.147 60.4928 13
      vertex -30.2926 60.4712 13
    endloop
  endfacet
  facet normal 0.146746 -0.989174 0
    outer loop
      vertex -30.147 60.4928 13
      vertex -30.2926 60.4712 2.4
      vertex -30.147 60.4928 2.4
    endloop
  endfacet
  facet normal -0.803088 -0.595861 0
    outer loop
      vertex -28.7528 59.8334 2.4
      vertex -28.8405 59.9516 13
      vertex -28.8405 59.9516 2.4
    endloop
  endfacet
  facet normal -0.803088 -0.595861 0
    outer loop
      vertex -28.8405 59.9516 13
      vertex -28.7528 59.8334 2.4
      vertex -28.7528 59.8334 13
    endloop
  endfacet
  facet normal 0.969982 0.243175 0
    outer loop
      vertex -31.4354 58.5646 13
      vertex -31.4712 58.7074 2.4
      vertex -31.4712 58.7074 13
    endloop
  endfacet
  facet normal 0.969982 0.243175 0
    outer loop
      vertex -31.4712 58.7074 2.4
      vertex -31.4354 58.5646 13
      vertex -31.4354 58.5646 2.4
    endloop
  endfacet
  facet normal 0.998803 0.0489209 0
    outer loop
      vertex -31.4928 58.853 13
      vertex -31.5 59 2.4
      vertex -31.5 59 13
    endloop
  endfacet
  facet normal 0.998803 0.0489209 0
    outer loop
      vertex -31.5 59 2.4
      vertex -31.4928 58.853 13
      vertex -31.4928 58.853 2.4
    endloop
  endfacet
  facet normal -0.514096 -0.857733 0
    outer loop
      vertex -29.2929 60.3229 2.4
      vertex -29.1666 60.2472 13
      vertex -29.2929 60.3229 13
    endloop
  endfacet
  facet normal -0.514096 -0.857733 -0
    outer loop
      vertex -29.1666 60.2472 13
      vertex -29.2929 60.3229 2.4
      vertex -29.1666 60.2472 2.4
    endloop
  endfacet
  facet normal -0.998803 0.0489209 0
    outer loop
      vertex -28.5072 58.853 2.4
      vertex -28.5 59 13
      vertex -28.5 59 2.4
    endloop
  endfacet
  facet normal -0.998803 0.0489209 0
    outer loop
      vertex -28.5 59 13
      vertex -28.5072 58.853 2.4
      vertex -28.5072 58.853 13
    endloop
  endfacet
  facet normal -0.904125 0.427269 0
    outer loop
      vertex -28.6771 58.2929 2.4
      vertex -28.6142 58.426 13
      vertex -28.6142 58.426 2.4
    endloop
  endfacet
  facet normal -0.904125 0.427269 0
    outer loop
      vertex -28.6142 58.426 13
      vertex -28.6771 58.2929 2.4
      vertex -28.6771 58.2929 13
    endloop
  endfacet
  facet normal -0.857733 -0.514096 0
    outer loop
      vertex -28.6771 59.7071 2.4
      vertex -28.7528 59.8334 13
      vertex -28.7528 59.8334 2.4
    endloop
  endfacet
  facet normal -0.857733 -0.514096 0
    outer loop
      vertex -28.7528 59.8334 13
      vertex -28.6771 59.7071 2.4
      vertex -28.6771 59.7071 13
    endloop
  endfacet
  facet normal -0.74123 -0.671251 0
    outer loop
      vertex -28.8405 59.9516 2.4
      vertex -28.9393 60.0607 13
      vertex -28.9393 60.0607 2.4
    endloop
  endfacet
  facet normal -0.74123 -0.671251 0
    outer loop
      vertex -28.9393 60.0607 13
      vertex -28.8405 59.9516 2.4
      vertex -28.8405 59.9516 13
    endloop
  endfacet
  facet normal 0.0489209 -0.998803 0
    outer loop
      vertex -30.147 60.4928 2.4
      vertex -30 60.5 13
      vertex -30.147 60.4928 13
    endloop
  endfacet
  facet normal 0.0489209 -0.998803 0
    outer loop
      vertex -30 60.5 13
      vertex -30.147 60.4928 2.4
      vertex -30 60.5 2.4
    endloop
  endfacet
  facet normal 0.74123 -0.671251 0
    outer loop
      vertex -31.1595 59.9516 13
      vertex -31.0607 60.0607 2.4
      vertex -31.0607 60.0607 13
    endloop
  endfacet
  facet normal 0.74123 -0.671251 0
    outer loop
      vertex -31.0607 60.0607 2.4
      vertex -31.1595 59.9516 13
      vertex -31.1595 59.9516 2.4
    endloop
  endfacet
  facet normal 0.671251 0.74123 -0
    outer loop
      vertex -30.9516 57.8405 2.4
      vertex -31.0607 57.9393 13
      vertex -30.9516 57.8405 13
    endloop
  endfacet
  facet normal 0.671251 0.74123 0
    outer loop
      vertex -31.0607 57.9393 13
      vertex -30.9516 57.8405 2.4
      vertex -31.0607 57.9393 2.4
    endloop
  endfacet
  facet normal -0.0489209 0.998803 0
    outer loop
      vertex -29.853 57.5072 2.4
      vertex -30 57.5 13
      vertex -29.853 57.5072 13
    endloop
  endfacet
  facet normal -0.0489209 0.998803 0
    outer loop
      vertex -30 57.5 13
      vertex -29.853 57.5072 2.4
      vertex -30 57.5 2.4
    endloop
  endfacet
  facet normal -0.941527 -0.336939 0
    outer loop
      vertex -28.5646 59.4354 2.4
      vertex -28.6142 59.574 13
      vertex -28.6142 59.574 2.4
    endloop
  endfacet
  facet normal -0.941527 -0.336939 0
    outer loop
      vertex -28.6142 59.574 13
      vertex -28.5646 59.4354 2.4
      vertex -28.5646 59.4354 13
    endloop
  endfacet
  facet normal -0.857733 0.514096 0
    outer loop
      vertex -28.7528 58.1666 2.4
      vertex -28.6771 58.2929 13
      vertex -28.6771 58.2929 2.4
    endloop
  endfacet
  facet normal -0.857733 0.514096 0
    outer loop
      vertex -28.6771 58.2929 13
      vertex -28.7528 58.1666 2.4
      vertex -28.7528 58.1666 13
    endloop
  endfacet
  facet normal -0.671251 -0.74123 0
    outer loop
      vertex -29.0484 60.1595 2.4
      vertex -28.9393 60.0607 13
      vertex -29.0484 60.1595 13
    endloop
  endfacet
  facet normal -0.671251 -0.74123 -0
    outer loop
      vertex -28.9393 60.0607 13
      vertex -29.0484 60.1595 2.4
      vertex -28.9393 60.0607 2.4
    endloop
  endfacet
  facet normal 0.243175 -0.969982 0
    outer loop
      vertex -30.4354 60.4354 2.4
      vertex -30.2926 60.4712 13
      vertex -30.4354 60.4354 13
    endloop
  endfacet
  facet normal 0.243175 -0.969982 0
    outer loop
      vertex -30.2926 60.4712 13
      vertex -30.4354 60.4354 2.4
      vertex -30.2926 60.4712 2.4
    endloop
  endfacet
  facet normal -0.941527 0.336939 0
    outer loop
      vertex -28.6142 58.426 2.4
      vertex -28.5646 58.5646 13
      vertex -28.5646 58.5646 2.4
    endloop
  endfacet
  facet normal -0.941527 0.336939 0
    outer loop
      vertex -28.5646 58.5646 13
      vertex -28.6142 58.426 2.4
      vertex -28.6142 58.426 13
    endloop
  endfacet
  facet normal -0.336939 0.941527 0
    outer loop
      vertex -29.426 57.6142 2.4
      vertex -29.5646 57.5646 13
      vertex -29.426 57.6142 13
    endloop
  endfacet
  facet normal -0.336939 0.941527 0
    outer loop
      vertex -29.5646 57.5646 13
      vertex -29.426 57.6142 2.4
      vertex -29.5646 57.5646 2.4
    endloop
  endfacet
  facet normal 0.427269 -0.904125 0
    outer loop
      vertex -30.7071 60.3229 2.4
      vertex -30.574 60.3858 13
      vertex -30.7071 60.3229 13
    endloop
  endfacet
  facet normal 0.427269 -0.904125 0
    outer loop
      vertex -30.574 60.3858 13
      vertex -30.7071 60.3229 2.4
      vertex -30.574 60.3858 2.4
    endloop
  endfacet
  facet normal -0.904125 -0.427269 0
    outer loop
      vertex -28.6142 59.574 2.4
      vertex -28.6771 59.7071 13
      vertex -28.6771 59.7071 2.4
    endloop
  endfacet
  facet normal -0.904125 -0.427269 0
    outer loop
      vertex -28.6771 59.7071 13
      vertex -28.6142 59.574 2.4
      vertex -28.6142 59.574 13
    endloop
  endfacet
  facet normal 0.671251 -0.74123 0
    outer loop
      vertex -31.0607 60.0607 2.4
      vertex -30.9516 60.1595 13
      vertex -31.0607 60.0607 13
    endloop
  endfacet
  facet normal 0.671251 -0.74123 0
    outer loop
      vertex -30.9516 60.1595 13
      vertex -31.0607 60.0607 2.4
      vertex -30.9516 60.1595 2.4
    endloop
  endfacet
  facet normal -0.336939 -0.941527 0
    outer loop
      vertex -29.5646 60.4354 2.4
      vertex -29.426 60.3858 13
      vertex -29.5646 60.4354 13
    endloop
  endfacet
  facet normal -0.336939 -0.941527 -0
    outer loop
      vertex -29.426 60.3858 13
      vertex -29.5646 60.4354 2.4
      vertex -29.426 60.3858 2.4
    endloop
  endfacet
  facet normal 0.336939 -0.941527 0
    outer loop
      vertex -30.574 60.3858 2.4
      vertex -30.4354 60.4354 13
      vertex -30.574 60.3858 13
    endloop
  endfacet
  facet normal 0.336939 -0.941527 0
    outer loop
      vertex -30.4354 60.4354 13
      vertex -30.574 60.3858 2.4
      vertex -30.4354 60.4354 2.4
    endloop
  endfacet
  facet normal 0.857733 0.514096 0
    outer loop
      vertex -31.2472 58.1666 13
      vertex -31.3229 58.2929 2.4
      vertex -31.3229 58.2929 13
    endloop
  endfacet
  facet normal 0.857733 0.514096 0
    outer loop
      vertex -31.3229 58.2929 2.4
      vertex -31.2472 58.1666 13
      vertex -31.2472 58.1666 2.4
    endloop
  endfacet
  facet normal 0.514096 0.857733 -0
    outer loop
      vertex -30.7071 57.6771 2.4
      vertex -30.8334 57.7528 13
      vertex -30.7071 57.6771 13
    endloop
  endfacet
  facet normal 0.514096 0.857733 0
    outer loop
      vertex -30.8334 57.7528 13
      vertex -30.7071 57.6771 2.4
      vertex -30.8334 57.7528 2.4
    endloop
  endfacet
  facet normal 0.427269 0.904125 -0
    outer loop
      vertex -30.574 57.6142 2.4
      vertex -30.7071 57.6771 13
      vertex -30.574 57.6142 13
    endloop
  endfacet
  facet normal 0.427269 0.904125 0
    outer loop
      vertex -30.7071 57.6771 13
      vertex -30.574 57.6142 2.4
      vertex -30.7071 57.6771 2.4
    endloop
  endfacet
  facet normal 0.803088 0.595861 0
    outer loop
      vertex -31.1595 58.0484 13
      vertex -31.2472 58.1666 2.4
      vertex -31.2472 58.1666 13
    endloop
  endfacet
  facet normal 0.803088 0.595861 0
    outer loop
      vertex -31.2472 58.1666 2.4
      vertex -31.1595 58.0484 13
      vertex -31.1595 58.0484 2.4
    endloop
  endfacet
  facet normal 0.243175 0.969982 -0
    outer loop
      vertex -30.2926 57.5288 2.4
      vertex -30.4354 57.5646 13
      vertex -30.2926 57.5288 13
    endloop
  endfacet
  facet normal 0.243175 0.969982 0
    outer loop
      vertex -30.4354 57.5646 13
      vertex -30.2926 57.5288 2.4
      vertex -30.4354 57.5646 2.4
    endloop
  endfacet
  facet normal 0.336939 0.941527 -0
    outer loop
      vertex -30.4354 57.5646 2.4
      vertex -30.574 57.6142 13
      vertex -30.4354 57.5646 13
    endloop
  endfacet
  facet normal 0.336939 0.941527 0
    outer loop
      vertex -30.574 57.6142 13
      vertex -30.4354 57.5646 2.4
      vertex -30.574 57.6142 2.4
    endloop
  endfacet
  facet normal 0.989174 0.146746 0
    outer loop
      vertex -31.4712 58.7074 13
      vertex -31.4928 58.853 2.4
      vertex -31.4928 58.853 13
    endloop
  endfacet
  facet normal 0.989174 0.146746 0
    outer loop
      vertex -31.4928 58.853 2.4
      vertex -31.4712 58.7074 13
      vertex -31.4712 58.7074 2.4
    endloop
  endfacet
  facet normal 0.595861 0.803088 -0
    outer loop
      vertex -30.8334 57.7528 2.4
      vertex -30.9516 57.8405 13
      vertex -30.8334 57.7528 13
    endloop
  endfacet
  facet normal 0.595861 0.803088 0
    outer loop
      vertex -30.9516 57.8405 13
      vertex -30.8334 57.7528 2.4
      vertex -30.9516 57.8405 2.4
    endloop
  endfacet
  facet normal 0.904125 0.427269 0
    outer loop
      vertex -31.3229 58.2929 13
      vertex -31.3858 58.426 2.4
      vertex -31.3858 58.426 13
    endloop
  endfacet
  facet normal 0.904125 0.427269 0
    outer loop
      vertex -31.3858 58.426 2.4
      vertex -31.3229 58.2929 13
      vertex -31.3229 58.2929 2.4
    endloop
  endfacet
  facet normal 0.941527 -0.336939 0
    outer loop
      vertex -31.4354 59.4354 13
      vertex -31.3858 59.574 2.4
      vertex -31.3858 59.574 13
    endloop
  endfacet
  facet normal 0.941527 -0.336939 0
    outer loop
      vertex -31.3858 59.574 2.4
      vertex -31.4354 59.4354 13
      vertex -31.4354 59.4354 2.4
    endloop
  endfacet
  facet normal 0.803088 -0.595861 0
    outer loop
      vertex -31.2472 59.8334 13
      vertex -31.1595 59.9516 2.4
      vertex -31.1595 59.9516 13
    endloop
  endfacet
  facet normal 0.803088 -0.595861 0
    outer loop
      vertex -31.1595 59.9516 2.4
      vertex -31.2472 59.8334 13
      vertex -31.2472 59.8334 2.4
    endloop
  endfacet
  facet normal 0.998803 -0.0489209 0
    outer loop
      vertex -31.5 59 13
      vertex -31.4928 59.147 2.4
      vertex -31.4928 59.147 13
    endloop
  endfacet
  facet normal 0.998803 -0.0489209 0
    outer loop
      vertex -31.4928 59.147 2.4
      vertex -31.5 59 13
      vertex -31.5 59 2.4
    endloop
  endfacet
  facet normal -0.74123 0.671251 0
    outer loop
      vertex -28.9393 57.9393 2.4
      vertex -28.8405 58.0484 13
      vertex -28.8405 58.0484 2.4
    endloop
  endfacet
  facet normal -0.74123 0.671251 0
    outer loop
      vertex -28.8405 58.0484 13
      vertex -28.9393 57.9393 2.4
      vertex -28.9393 57.9393 13
    endloop
  endfacet
  facet normal -0.671251 0.74123 0
    outer loop
      vertex -28.9393 57.9393 2.4
      vertex -29.0484 57.8405 13
      vertex -28.9393 57.9393 13
    endloop
  endfacet
  facet normal -0.671251 0.74123 0
    outer loop
      vertex -29.0484 57.8405 13
      vertex -28.9393 57.9393 2.4
      vertex -29.0484 57.8405 2.4
    endloop
  endfacet
  facet normal -0.42744 -0.904044 0
    outer loop
      vertex 28.1144 -62.5277 2.4
      vertex 28.4693 -62.6955 13
      vertex 28.1144 -62.5277 13
    endloop
  endfacet
  facet normal -0.42744 -0.904044 -0
    outer loop
      vertex 28.4693 -62.6955 13
      vertex 28.1144 -62.5277 2.4
      vertex 28.4693 -62.6955 2.4
    endloop
  endfacet
  facet normal 0.989176 0.146733 0
    outer loop
      vertex 33.9807 -58.6079 13
      vertex 33.9231 -58.2196 2.4
      vertex 33.9231 -58.2196 13
    endloop
  endfacet
  facet normal 0.989176 0.146733 0
    outer loop
      vertex 33.9231 -58.2196 2.4
      vertex 33.9807 -58.6079 13
      vertex 33.9807 -58.6079 2.4
    endloop
  endfacet
  facet normal 0.998791 0.0491626 0
    outer loop
      vertex 34 -59 13
      vertex 33.9807 -58.6079 2.4
      vertex 33.9807 -58.6079 13
    endloop
  endfacet
  facet normal 0.998791 0.0491626 0
    outer loop
      vertex 33.9807 -58.6079 2.4
      vertex 34 -59 13
      vertex 34 -59 2.4
    endloop
  endfacet
  facet normal 0.970068 0.242835 0
    outer loop
      vertex 33.9231 -58.2196 13
      vertex 33.8278 -57.8389 2.4
      vertex 33.8278 -57.8389 13
    endloop
  endfacet
  facet normal 0.970068 0.242835 0
    outer loop
      vertex 33.8278 -57.8389 2.4
      vertex 33.9231 -58.2196 13
      vertex 33.9231 -58.2196 2.4
    endloop
  endfacet
  facet normal 0.42744 -0.904044 0
    outer loop
      vertex 31.5307 -62.6955 2.4
      vertex 31.8856 -62.5277 13
      vertex 31.5307 -62.6955 13
    endloop
  endfacet
  facet normal 0.42744 -0.904044 0
    outer loop
      vertex 31.8856 -62.5277 13
      vertex 31.5307 -62.6955 2.4
      vertex 31.8856 -62.5277 2.4
    endloop
  endfacet
  facet normal -0.671607 0.740908 0
    outer loop
      vertex 27.4624 -55.908 2.4
      vertex 27.1716 -56.1716 13
      vertex 27.4624 -55.908 13
    endloop
  endfacet
  facet normal -0.671607 0.740908 0
    outer loop
      vertex 27.1716 -56.1716 13
      vertex 27.4624 -55.908 2.4
      vertex 27.1716 -56.1716 2.4
    endloop
  endfacet
  facet normal -0.970068 -0.242835 0
    outer loop
      vertex 26.1722 -60.1611 2.4
      vertex 26.0769 -59.7804 13
      vertex 26.0769 -59.7804 2.4
    endloop
  endfacet
  facet normal -0.970068 -0.242835 0
    outer loop
      vertex 26.0769 -59.7804 13
      vertex 26.1722 -60.1611 2.4
      vertex 26.1722 -60.1611 13
    endloop
  endfacet
  facet normal 0.42744 0.904044 -0
    outer loop
      vertex 31.8856 -55.4723 2.4
      vertex 31.5307 -55.3045 13
      vertex 31.8856 -55.4723 13
    endloop
  endfacet
  facet normal 0.42744 0.904044 0
    outer loop
      vertex 31.5307 -55.3045 13
      vertex 31.8856 -55.4723 2.4
      vertex 31.5307 -55.3045 2.4
    endloop
  endfacet
  facet normal -0.989176 0.146733 0
    outer loop
      vertex 26.0193 -58.6079 2.4
      vertex 26.0769 -58.2196 13
      vertex 26.0769 -58.2196 2.4
    endloop
  endfacet
  facet normal -0.989176 0.146733 0
    outer loop
      vertex 26.0769 -58.2196 13
      vertex 26.0193 -58.6079 2.4
      vertex 26.0193 -58.6079 13
    endloop
  endfacet
  facet normal -0.146733 -0.989176 0
    outer loop
      vertex 29.2196 -62.9231 2.4
      vertex 29.6079 -62.9807 13
      vertex 29.2196 -62.9231 13
    endloop
  endfacet
  facet normal -0.146733 -0.989176 -0
    outer loop
      vertex 29.6079 -62.9807 13
      vertex 29.2196 -62.9231 2.4
      vertex 29.6079 -62.9807 2.4
    endloop
  endfacet
  facet normal 0.242835 0.970068 -0
    outer loop
      vertex 31.1611 -55.1722 2.4
      vertex 30.7804 -55.0769 13
      vertex 31.1611 -55.1722 13
    endloop
  endfacet
  facet normal 0.242835 0.970068 0
    outer loop
      vertex 30.7804 -55.0769 13
      vertex 31.1611 -55.1722 2.4
      vertex 30.7804 -55.0769 2.4
    endloop
  endfacet
  facet normal -0.740908 0.671607 0
    outer loop
      vertex 26.908 -56.4624 2.4
      vertex 27.1716 -56.1716 13
      vertex 27.1716 -56.1716 2.4
    endloop
  endfacet
  facet normal -0.740908 0.671607 0
    outer loop
      vertex 27.1716 -56.1716 13
      vertex 26.908 -56.4624 2.4
      vertex 26.908 -56.4624 13
    endloop
  endfacet
  facet normal 0.514084 -0.85774 0
    outer loop
      vertex 31.8856 -62.5277 2.4
      vertex 32.2223 -62.3259 13
      vertex 31.8856 -62.5277 13
    endloop
  endfacet
  facet normal 0.514084 -0.85774 0
    outer loop
      vertex 32.2223 -62.3259 13
      vertex 31.8856 -62.5277 2.4
      vertex 32.2223 -62.3259 2.4
    endloop
  endfacet
  facet normal -0.242835 -0.970068 0
    outer loop
      vertex 28.8389 -62.8278 2.4
      vertex 29.2196 -62.9231 13
      vertex 28.8389 -62.8278 13
    endloop
  endfacet
  facet normal -0.242835 -0.970068 -0
    outer loop
      vertex 29.2196 -62.9231 13
      vertex 28.8389 -62.8278 2.4
      vertex 29.2196 -62.9231 2.4
    endloop
  endfacet
  facet normal -0.337014 -0.9415 0
    outer loop
      vertex 28.4693 -62.6955 2.4
      vertex 28.8389 -62.8278 13
      vertex 28.4693 -62.6955 13
    endloop
  endfacet
  facet normal -0.337014 -0.9415 -0
    outer loop
      vertex 28.8389 -62.8278 13
      vertex 28.4693 -62.6955 2.4
      vertex 28.8389 -62.8278 2.4
    endloop
  endfacet
  facet normal -0.337014 0.9415 0
    outer loop
      vertex 28.8389 -55.1722 2.4
      vertex 28.4693 -55.3045 13
      vertex 28.8389 -55.1722 13
    endloop
  endfacet
  facet normal -0.337014 0.9415 0
    outer loop
      vertex 28.4693 -55.3045 13
      vertex 28.8389 -55.1722 2.4
      vertex 28.4693 -55.3045 2.4
    endloop
  endfacet
  facet normal 0.0491626 -0.998791 0
    outer loop
      vertex 30 -63 2.4
      vertex 30.3921 -62.9807 13
      vertex 30 -63 13
    endloop
  endfacet
  facet normal 0.0491626 -0.998791 0
    outer loop
      vertex 30.3921 -62.9807 13
      vertex 30 -63 2.4
      vertex 30.3921 -62.9807 2.4
    endloop
  endfacet
  facet normal 0.146733 -0.989176 0
    outer loop
      vertex 30.3921 -62.9807 2.4
      vertex 30.7804 -62.9231 13
      vertex 30.3921 -62.9807 13
    endloop
  endfacet
  facet normal 0.146733 -0.989176 0
    outer loop
      vertex 30.7804 -62.9231 13
      vertex 30.3921 -62.9807 2.4
      vertex 30.7804 -62.9231 2.4
    endloop
  endfacet
  facet normal -0.0491626 0.998791 0
    outer loop
      vertex 30 -55 2.4
      vertex 29.6079 -55.0193 13
      vertex 30 -55 13
    endloop
  endfacet
  facet normal -0.0491626 0.998791 0
    outer loop
      vertex 29.6079 -55.0193 13
      vertex 30 -55 2.4
      vertex 29.6079 -55.0193 2.4
    endloop
  endfacet
  facet normal -0.595794 -0.803137 0
    outer loop
      vertex 27.4624 -62.092 2.4
      vertex 27.7777 -62.3259 13
      vertex 27.4624 -62.092 13
    endloop
  endfacet
  facet normal -0.595794 -0.803137 -0
    outer loop
      vertex 27.7777 -62.3259 13
      vertex 27.4624 -62.092 2.4
      vertex 27.7777 -62.3259 2.4
    endloop
  endfacet
  facet normal -0.904044 -0.42744 0
    outer loop
      vertex 26.4723 -60.8856 2.4
      vertex 26.3045 -60.5307 13
      vertex 26.3045 -60.5307 2.4
    endloop
  endfacet
  facet normal -0.904044 -0.42744 0
    outer loop
      vertex 26.3045 -60.5307 13
      vertex 26.4723 -60.8856 2.4
      vertex 26.4723 -60.8856 13
    endloop
  endfacet
  facet normal -0.146733 0.989176 0
    outer loop
      vertex 29.6079 -55.0193 2.4
      vertex 29.2196 -55.0769 13
      vertex 29.6079 -55.0193 13
    endloop
  endfacet
  facet normal -0.146733 0.989176 0
    outer loop
      vertex 29.2196 -55.0769 13
      vertex 29.6079 -55.0193 2.4
      vertex 29.2196 -55.0769 2.4
    endloop
  endfacet
  facet normal 0.595794 -0.803137 0
    outer loop
      vertex 32.2223 -62.3259 2.4
      vertex 32.5376 -62.092 13
      vertex 32.2223 -62.3259 13
    endloop
  endfacet
  facet normal 0.595794 -0.803137 0
    outer loop
      vertex 32.5376 -62.092 13
      vertex 32.2223 -62.3259 2.4
      vertex 32.5376 -62.092 2.4
    endloop
  endfacet
  facet normal 0.0491626 0.998791 -0
    outer loop
      vertex 30.3921 -55.0193 2.4
      vertex 30 -55 13
      vertex 30.3921 -55.0193 13
    endloop
  endfacet
  facet normal 0.0491626 0.998791 0
    outer loop
      vertex 30 -55 13
      vertex 30.3921 -55.0193 2.4
      vertex 30 -55 2.4
    endloop
  endfacet
  facet normal 0.514084 0.85774 -0
    outer loop
      vertex 32.2223 -55.6741 2.4
      vertex 31.8856 -55.4723 13
      vertex 32.2223 -55.6741 13
    endloop
  endfacet
  facet normal 0.514084 0.85774 0
    outer loop
      vertex 31.8856 -55.4723 13
      vertex 32.2223 -55.6741 2.4
      vertex 31.8856 -55.4723 2.4
    endloop
  endfacet
  facet normal -0.998791 -0.0491626 0
    outer loop
      vertex 26.0193 -59.3921 2.4
      vertex 26 -59 13
      vertex 26 -59 2.4
    endloop
  endfacet
  facet normal -0.998791 -0.0491626 0
    outer loop
      vertex 26 -59 13
      vertex 26.0193 -59.3921 2.4
      vertex 26.0193 -59.3921 13
    endloop
  endfacet
  facet normal 0.970068 -0.242835 0
    outer loop
      vertex 33.8278 -60.1611 13
      vertex 33.9231 -59.7804 2.4
      vertex 33.9231 -59.7804 13
    endloop
  endfacet
  facet normal 0.970068 -0.242835 0
    outer loop
      vertex 33.9231 -59.7804 2.4
      vertex 33.8278 -60.1611 13
      vertex 33.8278 -60.1611 2.4
    endloop
  endfacet
  facet normal 0.740908 0.671607 0
    outer loop
      vertex 33.092 -56.4624 13
      vertex 32.8284 -56.1716 2.4
      vertex 32.8284 -56.1716 13
    endloop
  endfacet
  facet normal 0.740908 0.671607 0
    outer loop
      vertex 32.8284 -56.1716 2.4
      vertex 33.092 -56.4624 13
      vertex 33.092 -56.4624 2.4
    endloop
  endfacet
  facet normal 0.595794 0.803137 -0
    outer loop
      vertex 32.5376 -55.908 2.4
      vertex 32.2223 -55.6741 13
      vertex 32.5376 -55.908 13
    endloop
  endfacet
  facet normal 0.595794 0.803137 0
    outer loop
      vertex 32.2223 -55.6741 13
      vertex 32.5376 -55.908 2.4
      vertex 32.2223 -55.6741 2.4
    endloop
  endfacet
  facet normal -0.595794 0.803137 0
    outer loop
      vertex 27.7777 -55.6741 2.4
      vertex 27.4624 -55.908 13
      vertex 27.7777 -55.6741 13
    endloop
  endfacet
  facet normal -0.595794 0.803137 0
    outer loop
      vertex 27.4624 -55.908 13
      vertex 27.7777 -55.6741 2.4
      vertex 27.4624 -55.908 2.4
    endloop
  endfacet
  facet normal 0.803137 0.595794 0
    outer loop
      vertex 33.3259 -56.7777 13
      vertex 33.092 -56.4624 2.4
      vertex 33.092 -56.4624 13
    endloop
  endfacet
  facet normal 0.803137 0.595794 0
    outer loop
      vertex 33.092 -56.4624 2.4
      vertex 33.3259 -56.7777 13
      vertex 33.3259 -56.7777 2.4
    endloop
  endfacet
  facet normal 0.989176 -0.146733 0
    outer loop
      vertex 33.9231 -59.7804 13
      vertex 33.9807 -59.3921 2.4
      vertex 33.9807 -59.3921 13
    endloop
  endfacet
  facet normal 0.989176 -0.146733 0
    outer loop
      vertex 33.9807 -59.3921 2.4
      vertex 33.9231 -59.7804 13
      vertex 33.9231 -59.7804 2.4
    endloop
  endfacet
  facet normal -0.9415 0.337014 0
    outer loop
      vertex 26.1722 -57.8389 2.4
      vertex 26.3045 -57.4693 13
      vertex 26.3045 -57.4693 2.4
    endloop
  endfacet
  facet normal -0.9415 0.337014 0
    outer loop
      vertex 26.3045 -57.4693 13
      vertex 26.1722 -57.8389 2.4
      vertex 26.1722 -57.8389 13
    endloop
  endfacet
  facet normal 0.904044 -0.42744 0
    outer loop
      vertex 33.5277 -60.8856 13
      vertex 33.6955 -60.5307 2.4
      vertex 33.6955 -60.5307 13
    endloop
  endfacet
  facet normal 0.904044 -0.42744 0
    outer loop
      vertex 33.6955 -60.5307 2.4
      vertex 33.5277 -60.8856 13
      vertex 33.5277 -60.8856 2.4
    endloop
  endfacet
  facet normal 0.337014 0.9415 -0
    outer loop
      vertex 31.5307 -55.3045 2.4
      vertex 31.1611 -55.1722 13
      vertex 31.5307 -55.3045 13
    endloop
  endfacet
  facet normal 0.337014 0.9415 0
    outer loop
      vertex 31.1611 -55.1722 13
      vertex 31.5307 -55.3045 2.4
      vertex 31.1611 -55.1722 2.4
    endloop
  endfacet
  facet normal 0.998791 -0.0491626 0
    outer loop
      vertex 33.9807 -59.3921 13
      vertex 34 -59 2.4
      vertex 34 -59 13
    endloop
  endfacet
  facet normal 0.998791 -0.0491626 0
    outer loop
      vertex 34 -59 2.4
      vertex 33.9807 -59.3921 13
      vertex 33.9807 -59.3921 2.4
    endloop
  endfacet
  facet normal 0.337014 -0.9415 0
    outer loop
      vertex 31.1611 -62.8278 2.4
      vertex 31.5307 -62.6955 13
      vertex 31.1611 -62.8278 13
    endloop
  endfacet
  facet normal 0.337014 -0.9415 0
    outer loop
      vertex 31.5307 -62.6955 13
      vertex 31.1611 -62.8278 2.4
      vertex 31.5307 -62.6955 2.4
    endloop
  endfacet
  facet normal 0.9415 0.337014 0
    outer loop
      vertex 33.8278 -57.8389 13
      vertex 33.6955 -57.4693 2.4
      vertex 33.6955 -57.4693 13
    endloop
  endfacet
  facet normal 0.9415 0.337014 0
    outer loop
      vertex 33.6955 -57.4693 2.4
      vertex 33.8278 -57.8389 13
      vertex 33.8278 -57.8389 2.4
    endloop
  endfacet
  facet normal 0.803137 -0.595794 0
    outer loop
      vertex 33.092 -61.5376 13
      vertex 33.3259 -61.2223 2.4
      vertex 33.3259 -61.2223 13
    endloop
  endfacet
  facet normal 0.803137 -0.595794 0
    outer loop
      vertex 33.3259 -61.2223 2.4
      vertex 33.092 -61.5376 13
      vertex 33.092 -61.5376 2.4
    endloop
  endfacet
  facet normal 0.85774 -0.514084 0
    outer loop
      vertex 33.3259 -61.2223 13
      vertex 33.5277 -60.8856 2.4
      vertex 33.5277 -60.8856 13
    endloop
  endfacet
  facet normal 0.85774 -0.514084 0
    outer loop
      vertex 33.5277 -60.8856 2.4
      vertex 33.3259 -61.2223 13
      vertex 33.3259 -61.2223 2.4
    endloop
  endfacet
  facet normal 0.9415 -0.337014 0
    outer loop
      vertex 33.6955 -60.5307 13
      vertex 33.8278 -60.1611 2.4
      vertex 33.8278 -60.1611 13
    endloop
  endfacet
  facet normal 0.9415 -0.337014 0
    outer loop
      vertex 33.8278 -60.1611 2.4
      vertex 33.6955 -60.5307 13
      vertex 33.6955 -60.5307 2.4
    endloop
  endfacet
  facet normal -0.904044 0.42744 0
    outer loop
      vertex 26.3045 -57.4693 2.4
      vertex 26.4723 -57.1144 13
      vertex 26.4723 -57.1144 2.4
    endloop
  endfacet
  facet normal -0.904044 0.42744 0
    outer loop
      vertex 26.4723 -57.1144 13
      vertex 26.3045 -57.4693 2.4
      vertex 26.3045 -57.4693 13
    endloop
  endfacet
  facet normal -0.242835 0.970068 0
    outer loop
      vertex 29.2196 -55.0769 2.4
      vertex 28.8389 -55.1722 13
      vertex 29.2196 -55.0769 13
    endloop
  endfacet
  facet normal -0.242835 0.970068 0
    outer loop
      vertex 28.8389 -55.1722 13
      vertex 29.2196 -55.0769 2.4
      vertex 28.8389 -55.1722 2.4
    endloop
  endfacet
  facet normal 0.904044 0.42744 0
    outer loop
      vertex 33.6955 -57.4693 13
      vertex 33.5277 -57.1144 2.4
      vertex 33.5277 -57.1144 13
    endloop
  endfacet
  facet normal 0.904044 0.42744 0
    outer loop
      vertex 33.5277 -57.1144 2.4
      vertex 33.6955 -57.4693 13
      vertex 33.6955 -57.4693 2.4
    endloop
  endfacet
  facet normal 0.146733 0.989176 -0
    outer loop
      vertex 30.7804 -55.0769 2.4
      vertex 30.3921 -55.0193 13
      vertex 30.7804 -55.0769 13
    endloop
  endfacet
  facet normal 0.146733 0.989176 0
    outer loop
      vertex 30.3921 -55.0193 13
      vertex 30.7804 -55.0769 2.4
      vertex 30.3921 -55.0193 2.4
    endloop
  endfacet
  facet normal -0.85774 -0.514084 0
    outer loop
      vertex 26.6741 -61.2223 2.4
      vertex 26.4723 -60.8856 13
      vertex 26.4723 -60.8856 2.4
    endloop
  endfacet
  facet normal -0.85774 -0.514084 0
    outer loop
      vertex 26.4723 -60.8856 13
      vertex 26.6741 -61.2223 2.4
      vertex 26.6741 -61.2223 13
    endloop
  endfacet
  facet normal 0.85774 0.514084 0
    outer loop
      vertex 33.5277 -57.1144 13
      vertex 33.3259 -56.7777 2.4
      vertex 33.3259 -56.7777 13
    endloop
  endfacet
  facet normal 0.85774 0.514084 0
    outer loop
      vertex 33.3259 -56.7777 2.4
      vertex 33.5277 -57.1144 13
      vertex 33.5277 -57.1144 2.4
    endloop
  endfacet
  facet normal -0.740908 -0.671607 0
    outer loop
      vertex 27.1716 -61.8284 2.4
      vertex 26.908 -61.5376 13
      vertex 26.908 -61.5376 2.4
    endloop
  endfacet
  facet normal -0.740908 -0.671607 0
    outer loop
      vertex 26.908 -61.5376 13
      vertex 27.1716 -61.8284 2.4
      vertex 27.1716 -61.8284 13
    endloop
  endfacet
  facet normal 0.242835 -0.970068 0
    outer loop
      vertex 30.7804 -62.9231 2.4
      vertex 31.1611 -62.8278 13
      vertex 30.7804 -62.9231 13
    endloop
  endfacet
  facet normal 0.242835 -0.970068 0
    outer loop
      vertex 31.1611 -62.8278 13
      vertex 30.7804 -62.9231 2.4
      vertex 31.1611 -62.8278 2.4
    endloop
  endfacet
  facet normal -0.514084 0.85774 0
    outer loop
      vertex 28.1144 -55.4723 2.4
      vertex 27.7777 -55.6741 13
      vertex 28.1144 -55.4723 13
    endloop
  endfacet
  facet normal -0.514084 0.85774 0
    outer loop
      vertex 27.7777 -55.6741 13
      vertex 28.1144 -55.4723 2.4
      vertex 27.7777 -55.6741 2.4
    endloop
  endfacet
  facet normal -0.42744 0.904044 0
    outer loop
      vertex 28.4693 -55.3045 2.4
      vertex 28.1144 -55.4723 13
      vertex 28.4693 -55.3045 13
    endloop
  endfacet
  facet normal -0.42744 0.904044 0
    outer loop
      vertex 28.1144 -55.4723 13
      vertex 28.4693 -55.3045 2.4
      vertex 28.1144 -55.4723 2.4
    endloop
  endfacet
  facet normal -0.9415 -0.337014 0
    outer loop
      vertex 26.3045 -60.5307 2.4
      vertex 26.1722 -60.1611 13
      vertex 26.1722 -60.1611 2.4
    endloop
  endfacet
  facet normal -0.9415 -0.337014 0
    outer loop
      vertex 26.1722 -60.1611 13
      vertex 26.3045 -60.5307 2.4
      vertex 26.3045 -60.5307 13
    endloop
  endfacet
  facet normal -0.514084 -0.85774 0
    outer loop
      vertex 27.7777 -62.3259 2.4
      vertex 28.1144 -62.5277 13
      vertex 27.7777 -62.3259 13
    endloop
  endfacet
  facet normal -0.514084 -0.85774 -0
    outer loop
      vertex 28.1144 -62.5277 13
      vertex 27.7777 -62.3259 2.4
      vertex 28.1144 -62.5277 2.4
    endloop
  endfacet
  facet normal 0.671607 0.740908 -0
    outer loop
      vertex 32.8284 -56.1716 2.4
      vertex 32.5376 -55.908 13
      vertex 32.8284 -56.1716 13
    endloop
  endfacet
  facet normal 0.671607 0.740908 0
    outer loop
      vertex 32.5376 -55.908 13
      vertex 32.8284 -56.1716 2.4
      vertex 32.5376 -55.908 2.4
    endloop
  endfacet
  facet normal -0.970068 0.242835 0
    outer loop
      vertex 26.0769 -58.2196 2.4
      vertex 26.1722 -57.8389 13
      vertex 26.1722 -57.8389 2.4
    endloop
  endfacet
  facet normal -0.970068 0.242835 0
    outer loop
      vertex 26.1722 -57.8389 13
      vertex 26.0769 -58.2196 2.4
      vertex 26.0769 -58.2196 13
    endloop
  endfacet
  facet normal -0.803137 -0.595794 0
    outer loop
      vertex 26.908 -61.5376 2.4
      vertex 26.6741 -61.2223 13
      vertex 26.6741 -61.2223 2.4
    endloop
  endfacet
  facet normal -0.803137 -0.595794 0
    outer loop
      vertex 26.6741 -61.2223 13
      vertex 26.908 -61.5376 2.4
      vertex 26.908 -61.5376 13
    endloop
  endfacet
  facet normal -0.989176 -0.146733 0
    outer loop
      vertex 26.0769 -59.7804 2.4
      vertex 26.0193 -59.3921 13
      vertex 26.0193 -59.3921 2.4
    endloop
  endfacet
  facet normal -0.989176 -0.146733 0
    outer loop
      vertex 26.0193 -59.3921 13
      vertex 26.0769 -59.7804 2.4
      vertex 26.0769 -59.7804 13
    endloop
  endfacet
  facet normal -0.671607 -0.740908 0
    outer loop
      vertex 27.1716 -61.8284 2.4
      vertex 27.4624 -62.092 13
      vertex 27.1716 -61.8284 13
    endloop
  endfacet
  facet normal -0.671607 -0.740908 -0
    outer loop
      vertex 27.4624 -62.092 13
      vertex 27.1716 -61.8284 2.4
      vertex 27.4624 -62.092 2.4
    endloop
  endfacet
  facet normal -0.803137 0.595794 0
    outer loop
      vertex 26.6741 -56.7777 2.4
      vertex 26.908 -56.4624 13
      vertex 26.908 -56.4624 2.4
    endloop
  endfacet
  facet normal -0.803137 0.595794 0
    outer loop
      vertex 26.908 -56.4624 13
      vertex 26.6741 -56.7777 2.4
      vertex 26.6741 -56.7777 13
    endloop
  endfacet
  facet normal -0.85774 0.514084 0
    outer loop
      vertex 26.4723 -57.1144 2.4
      vertex 26.6741 -56.7777 13
      vertex 26.6741 -56.7777 2.4
    endloop
  endfacet
  facet normal -0.85774 0.514084 0
    outer loop
      vertex 26.6741 -56.7777 13
      vertex 26.4723 -57.1144 2.4
      vertex 26.4723 -57.1144 13
    endloop
  endfacet
  facet normal 0 0 1
    outer loop
      vertex 31.5 -59 13
      vertex 34 -59 13
      vertex 33.9807 -58.6079 13
    endloop
  endfacet
  facet normal 0 0 1
    outer loop
      vertex 31.4928 -58.853 13
      vertex 33.9807 -58.6079 13
      vertex 33.9231 -58.2196 13
    endloop
  endfacet
  facet normal 0 0 1
    outer loop
      vertex 34 -59 13
      vertex 31.5 -59 13
      vertex 33.9807 -59.3921 13
    endloop
  endfacet
  facet normal 0 0 1
    outer loop
      vertex 31.4712 -58.7074 13
      vertex 33.9231 -58.2196 13
      vertex 33.8278 -57.8389 13
    endloop
  endfacet
  facet normal -0 0 1
    outer loop
      vertex 31.4928 -59.147 13
      vertex 33.9807 -59.3921 13
      vertex 31.5 -59 13
    endloop
  endfacet
  facet normal 0 0 1
    outer loop
      vertex 31.4354 -58.5646 13
      vertex 33.8278 -57.8389 13
      vertex 33.6955 -57.4693 13
    endloop
  endfacet
  facet normal 0 0 1
    outer loop
      vertex 33.9807 -59.3921 13
      vertex 31.4928 -59.147 13
      vertex 33.9231 -59.7804 13
    endloop
  endfacet
  facet normal 0 0 1
    outer loop
      vertex 31.3858 -58.426 13
      vertex 33.6955 -57.4693 13
      vertex 33.5277 -57.1144 13
    endloop
  endfacet
  facet normal -0 0 1
    outer loop
      vertex 31.4712 -59.2926 13
      vertex 33.9231 -59.7804 13
      vertex 31.4928 -59.147 13
    endloop
  endfacet
  facet normal 0 0 1
    outer loop
      vertex 31.3229 -58.2929 13
      vertex 33.5277 -57.1144 13
      vertex 33.3259 -56.7777 13
    endloop
  endfacet
  facet normal 0 0 1
    outer loop
      vertex 33.9231 -59.7804 13
      vertex 31.4712 -59.2926 13
      vertex 33.8278 -60.1611 13
    endloop
  endfacet
  facet normal 0 0 1
    outer loop
      vertex 31.2472 -58.1666 13
      vertex 33.3259 -56.7777 13
      vertex 33.092 -56.4624 13
    endloop
  endfacet
  facet normal -0 0 1
    outer loop
      vertex 31.4354 -59.4354 13
      vertex 33.8278 -60.1611 13
      vertex 31.4712 -59.2926 13
    endloop
  endfacet
  facet normal 0 0 1
    outer loop
      vertex 31.1595 -58.0484 13
      vertex 33.092 -56.4624 13
      vertex 32.8284 -56.1716 13
    endloop
  endfacet
  facet normal 0 0 1
    outer loop
      vertex 33.8278 -60.1611 13
      vertex 31.4354 -59.4354 13
      vertex 33.6955 -60.5307 13
    endloop
  endfacet
  facet normal 0 0 1
    outer loop
      vertex 31.0607 -57.9393 13
      vertex 32.8284 -56.1716 13
      vertex 32.5376 -55.908 13
    endloop
  endfacet
  facet normal -0 0 1
    outer loop
      vertex 31.3858 -59.574 13
      vertex 33.6955 -60.5307 13
      vertex 31.4354 -59.4354 13
    endloop
  endfacet
  facet normal 0 0 1
    outer loop
      vertex 30.9516 -57.8405 13
      vertex 32.5376 -55.908 13
      vertex 32.2223 -55.6741 13
    endloop
  endfacet
  facet normal 0 0 1
    outer loop
      vertex 33.6955 -60.5307 13
      vertex 31.3858 -59.574 13
      vertex 33.5277 -60.8856 13
    endloop
  endfacet
  facet normal 0 0 1
    outer loop
      vertex 30.8334 -57.7528 13
      vertex 32.2223 -55.6741 13
      vertex 31.8856 -55.4723 13
    endloop
  endfacet
  facet normal -0 0 1
    outer loop
      vertex 31.3229 -59.7071 13
      vertex 33.5277 -60.8856 13
      vertex 31.3858 -59.574 13
    endloop
  endfacet
  facet normal 0 0 1
    outer loop
      vertex 30.7071 -57.6771 13
      vertex 31.8856 -55.4723 13
      vertex 31.5307 -55.3045 13
    endloop
  endfacet
  facet normal 0 0 1
    outer loop
      vertex 33.5277 -60.8856 13
      vertex 31.3229 -59.7071 13
      vertex 33.3259 -61.2223 13
    endloop
  endfacet
  facet normal -0 0 1
    outer loop
      vertex 31.2472 -59.8334 13
      vertex 33.3259 -61.2223 13
      vertex 31.3229 -59.7071 13
    endloop
  endfacet
  facet normal 0 0 1
    outer loop
      vertex 33.9807 -58.6079 13
      vertex 31.4928 -58.853 13
      vertex 31.5 -59 13
    endloop
  endfacet
  facet normal 0 0 1
    outer loop
      vertex 33.9231 -58.2196 13
      vertex 31.4712 -58.7074 13
      vertex 31.4928 -58.853 13
    endloop
  endfacet
  facet normal 0 0 1
    outer loop
      vertex 33.8278 -57.8389 13
      vertex 31.4354 -58.5646 13
      vertex 31.4712 -58.7074 13
    endloop
  endfacet
  facet normal 0 0 1
    outer loop
      vertex 33.6955 -57.4693 13
      vertex 31.3858 -58.426 13
      vertex 31.4354 -58.5646 13
    endloop
  endfacet
  facet normal 0 0 1
    outer loop
      vertex 33.5277 -57.1144 13
      vertex 31.3229 -58.2929 13
      vertex 31.3858 -58.426 13
    endloop
  endfacet
  facet normal 0 0 1
    outer loop
      vertex 33.3259 -56.7777 13
      vertex 31.2472 -58.1666 13
      vertex 31.3229 -58.2929 13
    endloop
  endfacet
  facet normal 0 0 1
    outer loop
      vertex 30.574 -57.6142 13
      vertex 31.5307 -55.3045 13
      vertex 31.1611 -55.1722 13
    endloop
  endfacet
  facet normal 0 0 1
    outer loop
      vertex 33.092 -56.4624 13
      vertex 31.1595 -58.0484 13
      vertex 31.2472 -58.1666 13
    endloop
  endfacet
  facet normal 0 0 1
    outer loop
      vertex 32.8284 -56.1716 13
      vertex 31.0607 -57.9393 13
      vertex 31.1595 -58.0484 13
    endloop
  endfacet
  facet normal 0 0 1
    outer loop
      vertex 32.5376 -55.908 13
      vertex 30.9516 -57.8405 13
      vertex 31.0607 -57.9393 13
    endloop
  endfacet
  facet normal 0 0 1
    outer loop
      vertex 32.2223 -55.6741 13
      vertex 30.8334 -57.7528 13
      vertex 30.9516 -57.8405 13
    endloop
  endfacet
  facet normal 0 0 1
    outer loop
      vertex 30.4354 -57.5646 13
      vertex 31.1611 -55.1722 13
      vertex 30.7804 -55.0769 13
    endloop
  endfacet
  facet normal 0 0 1
    outer loop
      vertex 31.8856 -55.4723 13
      vertex 30.7071 -57.6771 13
      vertex 30.8334 -57.7528 13
    endloop
  endfacet
  facet normal 0 0 1
    outer loop
      vertex 31.5307 -55.3045 13
      vertex 30.574 -57.6142 13
      vertex 30.7071 -57.6771 13
    endloop
  endfacet
  facet normal 0 0 1
    outer loop
      vertex 31.1611 -55.1722 13
      vertex 30.4354 -57.5646 13
      vertex 30.574 -57.6142 13
    endloop
  endfacet
  facet normal 0 0 1
    outer loop
      vertex 30.2926 -57.5288 13
      vertex 30.7804 -55.0769 13
      vertex 30.3921 -55.0193 13
    endloop
  endfacet
  facet normal 0 0 1
    outer loop
      vertex 30.7804 -55.0769 13
      vertex 30.2926 -57.5288 13
      vertex 30.4354 -57.5646 13
    endloop
  endfacet
  facet normal 0 0 1
    outer loop
      vertex 30.3921 -55.0193 13
      vertex 30.147 -57.5072 13
      vertex 30.2926 -57.5288 13
    endloop
  endfacet
  facet normal 0 0 1
    outer loop
      vertex 30 -55 13
      vertex 30.147 -57.5072 13
      vertex 30.3921 -55.0193 13
    endloop
  endfacet
  facet normal 0 0 1
    outer loop
      vertex 30 -55 13
      vertex 30 -57.5 13
      vertex 30.147 -57.5072 13
    endloop
  endfacet
  facet normal 0 0 1
    outer loop
      vertex 30 -55 13
      vertex 29.853 -57.5072 13
      vertex 30 -57.5 13
    endloop
  endfacet
  facet normal -0 0 1
    outer loop
      vertex 29.6079 -55.0193 13
      vertex 29.853 -57.5072 13
      vertex 30 -55 13
    endloop
  endfacet
  facet normal 0 0 1
    outer loop
      vertex 29.853 -57.5072 13
      vertex 29.6079 -55.0193 13
      vertex 29.7074 -57.5288 13
    endloop
  endfacet
  facet normal -0 0 1
    outer loop
      vertex 29.2196 -55.0769 13
      vertex 29.7074 -57.5288 13
      vertex 29.6079 -55.0193 13
    endloop
  endfacet
  facet normal 0 0 1
    outer loop
      vertex 29.7074 -57.5288 13
      vertex 29.2196 -55.0769 13
      vertex 29.5646 -57.5646 13
    endloop
  endfacet
  facet normal -0 0 1
    outer loop
      vertex 28.8389 -55.1722 13
      vertex 29.5646 -57.5646 13
      vertex 29.2196 -55.0769 13
    endloop
  endfacet
  facet normal 0 0 1
    outer loop
      vertex 29.5646 -57.5646 13
      vertex 28.8389 -55.1722 13
      vertex 29.426 -57.6142 13
    endloop
  endfacet
  facet normal -0 0 1
    outer loop
      vertex 28.4693 -55.3045 13
      vertex 29.426 -57.6142 13
      vertex 28.8389 -55.1722 13
    endloop
  endfacet
  facet normal 0 0 1
    outer loop
      vertex 29.426 -57.6142 13
      vertex 28.4693 -55.3045 13
      vertex 29.2929 -57.6771 13
    endloop
  endfacet
  facet normal -0 0 1
    outer loop
      vertex 28.1144 -55.4723 13
      vertex 29.2929 -57.6771 13
      vertex 28.4693 -55.3045 13
    endloop
  endfacet
  facet normal 0 0 1
    outer loop
      vertex 29.2929 -57.6771 13
      vertex 28.1144 -55.4723 13
      vertex 29.1666 -57.7528 13
    endloop
  endfacet
  facet normal -0 0 1
    outer loop
      vertex 27.7777 -55.6741 13
      vertex 29.1666 -57.7528 13
      vertex 28.1144 -55.4723 13
    endloop
  endfacet
  facet normal 0 0 1
    outer loop
      vertex 29.1666 -57.7528 13
      vertex 27.7777 -55.6741 13
      vertex 29.0484 -57.8405 13
    endloop
  endfacet
  facet normal -0 0 1
    outer loop
      vertex 27.4624 -55.908 13
      vertex 29.0484 -57.8405 13
      vertex 27.7777 -55.6741 13
    endloop
  endfacet
  facet normal 0 0 1
    outer loop
      vertex 29.0484 -57.8405 13
      vertex 27.4624 -55.908 13
      vertex 28.9393 -57.9393 13
    endloop
  endfacet
  facet normal -0 0 1
    outer loop
      vertex 27.1716 -56.1716 13
      vertex 28.9393 -57.9393 13
      vertex 27.4624 -55.908 13
    endloop
  endfacet
  facet normal 0 0 1
    outer loop
      vertex 28.9393 -57.9393 13
      vertex 27.1716 -56.1716 13
      vertex 28.8405 -58.0484 13
    endloop
  endfacet
  facet normal -0 0 1
    outer loop
      vertex 26.908 -56.4624 13
      vertex 28.8405 -58.0484 13
      vertex 27.1716 -56.1716 13
    endloop
  endfacet
  facet normal -0 0 1
    outer loop
      vertex 26.6741 -56.7777 13
      vertex 28.7528 -58.1666 13
      vertex 26.908 -56.4624 13
    endloop
  endfacet
  facet normal 0 0 1
    outer loop
      vertex 28.8405 -58.0484 13
      vertex 26.908 -56.4624 13
      vertex 28.7528 -58.1666 13
    endloop
  endfacet
  facet normal 0 0 1
    outer loop
      vertex 33.3259 -61.2223 13
      vertex 31.2472 -59.8334 13
      vertex 33.092 -61.5376 13
    endloop
  endfacet
  facet normal -0 0 1
    outer loop
      vertex 31.1595 -59.9516 13
      vertex 33.092 -61.5376 13
      vertex 31.2472 -59.8334 13
    endloop
  endfacet
  facet normal 0 0 1
    outer loop
      vertex 33.092 -61.5376 13
      vertex 31.1595 -59.9516 13
      vertex 32.8284 -61.8284 13
    endloop
  endfacet
  facet normal -0 0 1
    outer loop
      vertex 31.0607 -60.0607 13
      vertex 32.8284 -61.8284 13
      vertex 31.1595 -59.9516 13
    endloop
  endfacet
  facet normal 0 0 1
    outer loop
      vertex 32.8284 -61.8284 13
      vertex 31.0607 -60.0607 13
      vertex 32.5376 -62.092 13
    endloop
  endfacet
  facet normal -0 0 1
    outer loop
      vertex 30.9516 -60.1595 13
      vertex 32.5376 -62.092 13
      vertex 31.0607 -60.0607 13
    endloop
  endfacet
  facet normal 0 0 1
    outer loop
      vertex 32.5376 -62.092 13
      vertex 30.9516 -60.1595 13
      vertex 32.2223 -62.3259 13
    endloop
  endfacet
  facet normal -0 0 1
    outer loop
      vertex 30.8334 -60.2472 13
      vertex 32.2223 -62.3259 13
      vertex 30.9516 -60.1595 13
    endloop
  endfacet
  facet normal 0 0 1
    outer loop
      vertex 32.2223 -62.3259 13
      vertex 30.8334 -60.2472 13
      vertex 31.8856 -62.5277 13
    endloop
  endfacet
  facet normal -0 0 1
    outer loop
      vertex 30.7071 -60.3229 13
      vertex 31.8856 -62.5277 13
      vertex 30.8334 -60.2472 13
    endloop
  endfacet
  facet normal 0 0 1
    outer loop
      vertex 31.8856 -62.5277 13
      vertex 30.7071 -60.3229 13
      vertex 31.5307 -62.6955 13
    endloop
  endfacet
  facet normal -0 0 1
    outer loop
      vertex 30.574 -60.3858 13
      vertex 31.5307 -62.6955 13
      vertex 30.7071 -60.3229 13
    endloop
  endfacet
  facet normal 0 0 1
    outer loop
      vertex 31.5307 -62.6955 13
      vertex 30.574 -60.3858 13
      vertex 31.1611 -62.8278 13
    endloop
  endfacet
  facet normal -0 0 1
    outer loop
      vertex 30.4354 -60.4354 13
      vertex 31.1611 -62.8278 13
      vertex 30.574 -60.3858 13
    endloop
  endfacet
  facet normal 0 0 1
    outer loop
      vertex 31.1611 -62.8278 13
      vertex 30.4354 -60.4354 13
      vertex 30.7804 -62.9231 13
    endloop
  endfacet
  facet normal -0 0 1
    outer loop
      vertex 30.2926 -60.4712 13
      vertex 30.7804 -62.9231 13
      vertex 30.4354 -60.4354 13
    endloop
  endfacet
  facet normal 0 0 1
    outer loop
      vertex 30.7804 -62.9231 13
      vertex 30.2926 -60.4712 13
      vertex 30.3921 -62.9807 13
    endloop
  endfacet
  facet normal -0 0 1
    outer loop
      vertex 30.147 -60.4928 13
      vertex 30.3921 -62.9807 13
      vertex 30.2926 -60.4712 13
    endloop
  endfacet
  facet normal -0 0 1
    outer loop
      vertex 30 -60.5 13
      vertex 30.3921 -62.9807 13
      vertex 30.147 -60.4928 13
    endloop
  endfacet
  facet normal 0 0 1
    outer loop
      vertex 30 -60.5 13
      vertex 30 -63 13
      vertex 30.3921 -62.9807 13
    endloop
  endfacet
  facet normal 0 0 1
    outer loop
      vertex 29.853 -60.4928 13
      vertex 30 -63 13
      vertex 30 -60.5 13
    endloop
  endfacet
  facet normal 0 0 1
    outer loop
      vertex 29.6079 -62.9807 13
      vertex 29.853 -60.4928 13
      vertex 29.7074 -60.4712 13
    endloop
  endfacet
  facet normal 0 0 1
    outer loop
      vertex 29.853 -60.4928 13
      vertex 29.6079 -62.9807 13
      vertex 30 -63 13
    endloop
  endfacet
  facet normal 0 0 1
    outer loop
      vertex 29.2196 -62.9231 13
      vertex 29.7074 -60.4712 13
      vertex 29.5646 -60.4354 13
    endloop
  endfacet
  facet normal 0 0 1
    outer loop
      vertex 28.8389 -62.8278 13
      vertex 29.5646 -60.4354 13
      vertex 29.426 -60.3858 13
    endloop
  endfacet
  facet normal 0 0 1
    outer loop
      vertex 28.4693 -62.6955 13
      vertex 29.426 -60.3858 13
      vertex 29.2929 -60.3229 13
    endloop
  endfacet
  facet normal 0 0 1
    outer loop
      vertex 29.7074 -60.4712 13
      vertex 29.2196 -62.9231 13
      vertex 29.6079 -62.9807 13
    endloop
  endfacet
  facet normal 0 0 1
    outer loop
      vertex 28.1144 -62.5277 13
      vertex 29.2929 -60.3229 13
      vertex 29.1666 -60.2472 13
    endloop
  endfacet
  facet normal 0 0 1
    outer loop
      vertex 27.7777 -62.3259 13
      vertex 29.1666 -60.2472 13
      vertex 29.0484 -60.1595 13
    endloop
  endfacet
  facet normal 0 0 1
    outer loop
      vertex 27.4624 -62.092 13
      vertex 29.0484 -60.1595 13
      vertex 28.9393 -60.0607 13
    endloop
  endfacet
  facet normal 0 0 1
    outer loop
      vertex 27.1716 -61.8284 13
      vertex 28.9393 -60.0607 13
      vertex 28.8405 -59.9516 13
    endloop
  endfacet
  facet normal 0 0 1
    outer loop
      vertex 29.5646 -60.4354 13
      vertex 28.8389 -62.8278 13
      vertex 29.2196 -62.9231 13
    endloop
  endfacet
  facet normal 0 0 1
    outer loop
      vertex 26.908 -61.5376 13
      vertex 28.8405 -59.9516 13
      vertex 28.7528 -59.8334 13
    endloop
  endfacet
  facet normal 0 0 1
    outer loop
      vertex 26.6741 -61.2223 13
      vertex 28.7528 -59.8334 13
      vertex 28.6771 -59.7071 13
    endloop
  endfacet
  facet normal 0 0 1
    outer loop
      vertex 26.4723 -60.8856 13
      vertex 28.6771 -59.7071 13
      vertex 28.6142 -59.574 13
    endloop
  endfacet
  facet normal 0 0 1
    outer loop
      vertex 26.3045 -60.5307 13
      vertex 28.6142 -59.574 13
      vertex 28.5646 -59.4354 13
    endloop
  endfacet
  facet normal 0 0 1
    outer loop
      vertex 26.1722 -60.1611 13
      vertex 28.5646 -59.4354 13
      vertex 28.5288 -59.2926 13
    endloop
  endfacet
  facet normal 0 0 1
    outer loop
      vertex 26.0769 -59.7804 13
      vertex 28.5288 -59.2926 13
      vertex 28.5072 -59.147 13
    endloop
  endfacet
  facet normal 0 0 1
    outer loop
      vertex 29.426 -60.3858 13
      vertex 28.4693 -62.6955 13
      vertex 28.8389 -62.8278 13
    endloop
  endfacet
  facet normal 0 0 1
    outer loop
      vertex 26.0193 -59.3921 13
      vertex 28.5072 -59.147 13
      vertex 28.5 -59 13
    endloop
  endfacet
  facet normal 0 0 1
    outer loop
      vertex 28.7528 -58.1666 13
      vertex 26.6741 -56.7777 13
      vertex 28.6771 -58.2929 13
    endloop
  endfacet
  facet normal -0 0 1
    outer loop
      vertex 26.4723 -57.1144 13
      vertex 28.6771 -58.2929 13
      vertex 26.6741 -56.7777 13
    endloop
  endfacet
  facet normal 0 0 1
    outer loop
      vertex 29.2929 -60.3229 13
      vertex 28.1144 -62.5277 13
      vertex 28.4693 -62.6955 13
    endloop
  endfacet
  facet normal 0 0 1
    outer loop
      vertex 28.6771 -58.2929 13
      vertex 26.4723 -57.1144 13
      vertex 28.6142 -58.426 13
    endloop
  endfacet
  facet normal 0 0 1
    outer loop
      vertex 29.1666 -60.2472 13
      vertex 27.7777 -62.3259 13
      vertex 28.1144 -62.5277 13
    endloop
  endfacet
  facet normal -0 0 1
    outer loop
      vertex 26.3045 -57.4693 13
      vertex 28.6142 -58.426 13
      vertex 26.4723 -57.1144 13
    endloop
  endfacet
  facet normal 0 0 1
    outer loop
      vertex 29.0484 -60.1595 13
      vertex 27.4624 -62.092 13
      vertex 27.7777 -62.3259 13
    endloop
  endfacet
  facet normal 0 0 1
    outer loop
      vertex 28.6142 -58.426 13
      vertex 26.3045 -57.4693 13
      vertex 28.5646 -58.5646 13
    endloop
  endfacet
  facet normal 0 0 1
    outer loop
      vertex 28.9393 -60.0607 13
      vertex 27.1716 -61.8284 13
      vertex 27.4624 -62.092 13
    endloop
  endfacet
  facet normal -0 0 1
    outer loop
      vertex 26.1722 -57.8389 13
      vertex 28.5646 -58.5646 13
      vertex 26.3045 -57.4693 13
    endloop
  endfacet
  facet normal 0 0 1
    outer loop
      vertex 28.8405 -59.9516 13
      vertex 26.908 -61.5376 13
      vertex 27.1716 -61.8284 13
    endloop
  endfacet
  facet normal 0 0 1
    outer loop
      vertex 28.5646 -58.5646 13
      vertex 26.1722 -57.8389 13
      vertex 28.5288 -58.7074 13
    endloop
  endfacet
  facet normal 0 0 1
    outer loop
      vertex 28.7528 -59.8334 13
      vertex 26.6741 -61.2223 13
      vertex 26.908 -61.5376 13
    endloop
  endfacet
  facet normal -0 0 1
    outer loop
      vertex 26.0769 -58.2196 13
      vertex 28.5288 -58.7074 13
      vertex 26.1722 -57.8389 13
    endloop
  endfacet
  facet normal 0 0 1
    outer loop
      vertex 28.6771 -59.7071 13
      vertex 26.4723 -60.8856 13
      vertex 26.6741 -61.2223 13
    endloop
  endfacet
  facet normal 0 0 1
    outer loop
      vertex 28.5288 -58.7074 13
      vertex 26.0769 -58.2196 13
      vertex 28.5072 -58.853 13
    endloop
  endfacet
  facet normal 0 0 1
    outer loop
      vertex 28.6142 -59.574 13
      vertex 26.3045 -60.5307 13
      vertex 26.4723 -60.8856 13
    endloop
  endfacet
  facet normal -0 0 1
    outer loop
      vertex 26.0193 -58.6079 13
      vertex 28.5072 -58.853 13
      vertex 26.0769 -58.2196 13
    endloop
  endfacet
  facet normal 0 0 1
    outer loop
      vertex 28.5646 -59.4354 13
      vertex 26.1722 -60.1611 13
      vertex 26.3045 -60.5307 13
    endloop
  endfacet
  facet normal 0 0 1
    outer loop
      vertex 28.5072 -58.853 13
      vertex 26.0193 -58.6079 13
      vertex 28.5 -59 13
    endloop
  endfacet
  facet normal 0 0 1
    outer loop
      vertex 28.5288 -59.2926 13
      vertex 26.0769 -59.7804 13
      vertex 26.1722 -60.1611 13
    endloop
  endfacet
  facet normal 0 0 1
    outer loop
      vertex 26 -59 13
      vertex 28.5 -59 13
      vertex 26.0193 -58.6079 13
    endloop
  endfacet
  facet normal 0 0 1
    outer loop
      vertex 28.5072 -59.147 13
      vertex 26.0193 -59.3921 13
      vertex 26.0769 -59.7804 13
    endloop
  endfacet
  facet normal 0 0 1
    outer loop
      vertex 28.5 -59 13
      vertex 26 -59 13
      vertex 26.0193 -59.3921 13
    endloop
  endfacet
  facet normal -0.0491626 -0.998791 0
    outer loop
      vertex 29.6079 -62.9807 2.4
      vertex 30 -63 13
      vertex 29.6079 -62.9807 13
    endloop
  endfacet
  facet normal -0.0491626 -0.998791 -0
    outer loop
      vertex 30 -63 13
      vertex 29.6079 -62.9807 2.4
      vertex 30 -63 2.4
    endloop
  endfacet
  facet normal -0.998791 0.0491626 0
    outer loop
      vertex 26 -59 2.4
      vertex 26.0193 -58.6079 13
      vertex 26.0193 -58.6079 2.4
    endloop
  endfacet
  facet normal -0.998791 0.0491626 0
    outer loop
      vertex 26.0193 -58.6079 13
      vertex 26 -59 2.4
      vertex 26 -59 13
    endloop
  endfacet
  facet normal 0.740908 -0.671607 0
    outer loop
      vertex 32.8284 -61.8284 13
      vertex 33.092 -61.5376 2.4
      vertex 33.092 -61.5376 13
    endloop
  endfacet
  facet normal 0.740908 -0.671607 0
    outer loop
      vertex 33.092 -61.5376 2.4
      vertex 32.8284 -61.8284 13
      vertex 32.8284 -61.8284 2.4
    endloop
  endfacet
  facet normal 0.671607 -0.740908 0
    outer loop
      vertex 32.5376 -62.092 2.4
      vertex 32.8284 -61.8284 13
      vertex 32.5376 -62.092 13
    endloop
  endfacet
  facet normal 0.671607 -0.740908 0
    outer loop
      vertex 32.8284 -61.8284 13
      vertex 32.5376 -62.092 2.4
      vertex 32.8284 -61.8284 2.4
    endloop
  endfacet
  facet normal -0.989174 -0.146746 0
    outer loop
      vertex 31.4928 -58.853 2.4
      vertex 31.4712 -58.7074 13
      vertex 31.4712 -58.7074 2.4
    endloop
  endfacet
  facet normal -0.989174 -0.146746 0
    outer loop
      vertex 31.4712 -58.7074 13
      vertex 31.4928 -58.853 2.4
      vertex 31.4928 -58.853 13
    endloop
  endfacet
  facet normal -0.998803 -0.0489209 0
    outer loop
      vertex 31.5 -59 2.4
      vertex 31.4928 -58.853 13
      vertex 31.4928 -58.853 2.4
    endloop
  endfacet
  facet normal -0.998803 -0.0489209 0
    outer loop
      vertex 31.4928 -58.853 13
      vertex 31.5 -59 2.4
      vertex 31.5 -59 13
    endloop
  endfacet
  facet normal -0.969982 -0.243175 0
    outer loop
      vertex 31.4712 -58.7074 2.4
      vertex 31.4354 -58.5646 13
      vertex 31.4354 -58.5646 2.4
    endloop
  endfacet
  facet normal -0.969982 -0.243175 0
    outer loop
      vertex 31.4354 -58.5646 13
      vertex 31.4712 -58.7074 2.4
      vertex 31.4712 -58.7074 13
    endloop
  endfacet
  facet normal -0.427269 0.904125 0
    outer loop
      vertex 30.7071 -60.3229 2.4
      vertex 30.574 -60.3858 13
      vertex 30.7071 -60.3229 13
    endloop
  endfacet
  facet normal -0.427269 0.904125 0
    outer loop
      vertex 30.574 -60.3858 13
      vertex 30.7071 -60.3229 2.4
      vertex 30.574 -60.3858 2.4
    endloop
  endfacet
  facet normal 0.595861 -0.803088 0
    outer loop
      vertex 29.0484 -57.8405 2.4
      vertex 29.1666 -57.7528 13
      vertex 29.0484 -57.8405 13
    endloop
  endfacet
  facet normal 0.595861 -0.803088 0
    outer loop
      vertex 29.1666 -57.7528 13
      vertex 29.0484 -57.8405 2.4
      vertex 29.1666 -57.7528 2.4
    endloop
  endfacet
  facet normal -0.243175 -0.969982 0
    outer loop
      vertex 30.2926 -57.5288 2.4
      vertex 30.4354 -57.5646 13
      vertex 30.2926 -57.5288 13
    endloop
  endfacet
  facet normal -0.243175 -0.969982 -0
    outer loop
      vertex 30.4354 -57.5646 13
      vertex 30.2926 -57.5288 2.4
      vertex 30.4354 -57.5646 2.4
    endloop
  endfacet
  facet normal 0.904125 -0.427269 0
    outer loop
      vertex 28.6142 -58.426 13
      vertex 28.6771 -58.2929 2.4
      vertex 28.6771 -58.2929 13
    endloop
  endfacet
  facet normal 0.904125 -0.427269 0
    outer loop
      vertex 28.6771 -58.2929 2.4
      vertex 28.6142 -58.426 13
      vertex 28.6142 -58.426 2.4
    endloop
  endfacet
  facet normal 0.969982 -0.243175 0
    outer loop
      vertex 28.5288 -58.7074 13
      vertex 28.5646 -58.5646 2.4
      vertex 28.5646 -58.5646 13
    endloop
  endfacet
  facet normal 0.969982 -0.243175 0
    outer loop
      vertex 28.5646 -58.5646 2.4
      vertex 28.5288 -58.7074 13
      vertex 28.5288 -58.7074 2.4
    endloop
  endfacet
  facet normal -0.514096 0.857733 0
    outer loop
      vertex 30.8334 -60.2472 2.4
      vertex 30.7071 -60.3229 13
      vertex 30.8334 -60.2472 13
    endloop
  endfacet
  facet normal -0.514096 0.857733 0
    outer loop
      vertex 30.7071 -60.3229 13
      vertex 30.8334 -60.2472 2.4
      vertex 30.7071 -60.3229 2.4
    endloop
  endfacet
  facet normal -0.243175 0.969982 0
    outer loop
      vertex 30.4354 -60.4354 2.4
      vertex 30.2926 -60.4712 13
      vertex 30.4354 -60.4354 13
    endloop
  endfacet
  facet normal -0.243175 0.969982 0
    outer loop
      vertex 30.2926 -60.4712 13
      vertex 30.4354 -60.4354 2.4
      vertex 30.2926 -60.4712 2.4
    endloop
  endfacet
  facet normal -0.0489209 -0.998803 0
    outer loop
      vertex 30 -57.5 2.4
      vertex 30.147 -57.5072 13
      vertex 30 -57.5 13
    endloop
  endfacet
  facet normal -0.0489209 -0.998803 -0
    outer loop
      vertex 30.147 -57.5072 13
      vertex 30 -57.5 2.4
      vertex 30.147 -57.5072 2.4
    endloop
  endfacet
  facet normal -0.146746 -0.989174 0
    outer loop
      vertex 30.147 -57.5072 2.4
      vertex 30.2926 -57.5288 13
      vertex 30.147 -57.5072 13
    endloop
  endfacet
  facet normal -0.146746 -0.989174 -0
    outer loop
      vertex 30.2926 -57.5288 13
      vertex 30.147 -57.5072 2.4
      vertex 30.2926 -57.5288 2.4
    endloop
  endfacet
  facet normal -0.427269 -0.904125 0
    outer loop
      vertex 30.574 -57.6142 2.4
      vertex 30.7071 -57.6771 13
      vertex 30.574 -57.6142 13
    endloop
  endfacet
  facet normal -0.427269 -0.904125 -0
    outer loop
      vertex 30.7071 -57.6771 13
      vertex 30.574 -57.6142 2.4
      vertex 30.7071 -57.6771 2.4
    endloop
  endfacet
  facet normal -0.146746 0.989174 0
    outer loop
      vertex 30.2926 -60.4712 2.4
      vertex 30.147 -60.4928 13
      vertex 30.2926 -60.4712 13
    endloop
  endfacet
  facet normal -0.146746 0.989174 0
    outer loop
      vertex 30.147 -60.4928 13
      vertex 30.2926 -60.4712 2.4
      vertex 30.147 -60.4928 2.4
    endloop
  endfacet
  facet normal -0.803088 0.595861 0
    outer loop
      vertex 31.1595 -59.9516 2.4
      vertex 31.2472 -59.8334 13
      vertex 31.2472 -59.8334 2.4
    endloop
  endfacet
  facet normal -0.803088 0.595861 0
    outer loop
      vertex 31.2472 -59.8334 13
      vertex 31.1595 -59.9516 2.4
      vertex 31.1595 -59.9516 13
    endloop
  endfacet
  facet normal 0.74123 0.671251 0
    outer loop
      vertex 28.9393 -60.0607 13
      vertex 28.8405 -59.9516 2.4
      vertex 28.8405 -59.9516 13
    endloop
  endfacet
  facet normal 0.74123 0.671251 0
    outer loop
      vertex 28.8405 -59.9516 2.4
      vertex 28.9393 -60.0607 13
      vertex 28.9393 -60.0607 2.4
    endloop
  endfacet
  facet normal 0.514096 -0.857733 0
    outer loop
      vertex 29.1666 -57.7528 2.4
      vertex 29.2929 -57.6771 13
      vertex 29.1666 -57.7528 13
    endloop
  endfacet
  facet normal 0.514096 -0.857733 0
    outer loop
      vertex 29.2929 -57.6771 13
      vertex 29.1666 -57.7528 2.4
      vertex 29.2929 -57.6771 2.4
    endloop
  endfacet
  facet normal -0.989174 0.146746 0
    outer loop
      vertex 31.4712 -59.2926 2.4
      vertex 31.4928 -59.147 13
      vertex 31.4928 -59.147 2.4
    endloop
  endfacet
  facet normal -0.989174 0.146746 0
    outer loop
      vertex 31.4928 -59.147 13
      vertex 31.4712 -59.2926 2.4
      vertex 31.4712 -59.2926 13
    endloop
  endfacet
  facet normal 0.146746 0.989174 -0
    outer loop
      vertex 29.853 -60.4928 2.4
      vertex 29.7074 -60.4712 13
      vertex 29.853 -60.4928 13
    endloop
  endfacet
  facet normal 0.146746 0.989174 0
    outer loop
      vertex 29.7074 -60.4712 13
      vertex 29.853 -60.4928 2.4
      vertex 29.7074 -60.4712 2.4
    endloop
  endfacet
  facet normal -0.595861 0.803088 0
    outer loop
      vertex 30.9516 -60.1595 2.4
      vertex 30.8334 -60.2472 13
      vertex 30.9516 -60.1595 13
    endloop
  endfacet
  facet normal -0.595861 0.803088 0
    outer loop
      vertex 30.8334 -60.2472 13
      vertex 30.9516 -60.1595 2.4
      vertex 30.8334 -60.2472 2.4
    endloop
  endfacet
  facet normal 0.0489209 0.998803 -0
    outer loop
      vertex 30 -60.5 2.4
      vertex 29.853 -60.4928 13
      vertex 30 -60.5 13
    endloop
  endfacet
  facet normal 0.0489209 0.998803 0
    outer loop
      vertex 29.853 -60.4928 13
      vertex 30 -60.5 2.4
      vertex 29.853 -60.4928 2.4
    endloop
  endfacet
  facet normal -0.595861 -0.803088 0
    outer loop
      vertex 30.8334 -57.7528 2.4
      vertex 30.9516 -57.8405 13
      vertex 30.8334 -57.7528 13
    endloop
  endfacet
  facet normal -0.595861 -0.803088 -0
    outer loop
      vertex 30.9516 -57.8405 13
      vertex 30.8334 -57.7528 2.4
      vertex 30.9516 -57.8405 2.4
    endloop
  endfacet
  facet normal -0.969982 0.243175 0
    outer loop
      vertex 31.4354 -59.4354 2.4
      vertex 31.4712 -59.2926 13
      vertex 31.4712 -59.2926 2.4
    endloop
  endfacet
  facet normal -0.969982 0.243175 0
    outer loop
      vertex 31.4712 -59.2926 13
      vertex 31.4354 -59.4354 2.4
      vertex 31.4354 -59.4354 13
    endloop
  endfacet
  facet normal 0.989174 -0.146746 0
    outer loop
      vertex 28.5072 -58.853 13
      vertex 28.5288 -58.7074 2.4
      vertex 28.5288 -58.7074 13
    endloop
  endfacet
  facet normal 0.989174 -0.146746 0
    outer loop
      vertex 28.5288 -58.7074 2.4
      vertex 28.5072 -58.853 13
      vertex 28.5072 -58.853 2.4
    endloop
  endfacet
  facet normal 0.857733 -0.514096 0
    outer loop
      vertex 28.6771 -58.2929 13
      vertex 28.7528 -58.1666 2.4
      vertex 28.7528 -58.1666 13
    endloop
  endfacet
  facet normal 0.857733 -0.514096 0
    outer loop
      vertex 28.7528 -58.1666 2.4
      vertex 28.6771 -58.2929 13
      vertex 28.6771 -58.2929 2.4
    endloop
  endfacet
  facet normal 0.941527 0.336939 0
    outer loop
      vertex 28.6142 -59.574 13
      vertex 28.5646 -59.4354 2.4
      vertex 28.5646 -59.4354 13
    endloop
  endfacet
  facet normal 0.941527 0.336939 0
    outer loop
      vertex 28.5646 -59.4354 2.4
      vertex 28.6142 -59.574 13
      vertex 28.6142 -59.574 2.4
    endloop
  endfacet
  facet normal 0.146746 -0.989174 0
    outer loop
      vertex 29.7074 -57.5288 2.4
      vertex 29.853 -57.5072 13
      vertex 29.7074 -57.5288 13
    endloop
  endfacet
  facet normal 0.146746 -0.989174 0
    outer loop
      vertex 29.853 -57.5072 13
      vertex 29.7074 -57.5288 2.4
      vertex 29.853 -57.5072 2.4
    endloop
  endfacet
  facet normal -0.803088 -0.595861 0
    outer loop
      vertex 31.2472 -58.1666 2.4
      vertex 31.1595 -58.0484 13
      vertex 31.1595 -58.0484 2.4
    endloop
  endfacet
  facet normal -0.803088 -0.595861 0
    outer loop
      vertex 31.1595 -58.0484 13
      vertex 31.2472 -58.1666 2.4
      vertex 31.2472 -58.1666 13
    endloop
  endfacet
  facet normal 0.969982 0.243175 0
    outer loop
      vertex 28.5646 -59.4354 13
      vertex 28.5288 -59.2926 2.4
      vertex 28.5288 -59.2926 13
    endloop
  endfacet
  facet normal 0.969982 0.243175 0
    outer loop
      vertex 28.5288 -59.2926 2.4
      vertex 28.5646 -59.4354 13
      vertex 28.5646 -59.4354 2.4
    endloop
  endfacet
  facet normal 0.998803 0.0489209 0
    outer loop
      vertex 28.5072 -59.147 13
      vertex 28.5 -59 2.4
      vertex 28.5 -59 13
    endloop
  endfacet
  facet normal 0.998803 0.0489209 0
    outer loop
      vertex 28.5 -59 2.4
      vertex 28.5072 -59.147 13
      vertex 28.5072 -59.147 2.4
    endloop
  endfacet
  facet normal -0.514096 -0.857733 0
    outer loop
      vertex 30.7071 -57.6771 2.4
      vertex 30.8334 -57.7528 13
      vertex 30.7071 -57.6771 13
    endloop
  endfacet
  facet normal -0.514096 -0.857733 -0
    outer loop
      vertex 30.8334 -57.7528 13
      vertex 30.7071 -57.6771 2.4
      vertex 30.8334 -57.7528 2.4
    endloop
  endfacet
  facet normal -0.998803 0.0489209 0
    outer loop
      vertex 31.4928 -59.147 2.4
      vertex 31.5 -59 13
      vertex 31.5 -59 2.4
    endloop
  endfacet
  facet normal -0.998803 0.0489209 0
    outer loop
      vertex 31.5 -59 13
      vertex 31.4928 -59.147 2.4
      vertex 31.4928 -59.147 13
    endloop
  endfacet
  facet normal -0.904125 0.427269 0
    outer loop
      vertex 31.3229 -59.7071 2.4
      vertex 31.3858 -59.574 13
      vertex 31.3858 -59.574 2.4
    endloop
  endfacet
  facet normal -0.904125 0.427269 0
    outer loop
      vertex 31.3858 -59.574 13
      vertex 31.3229 -59.7071 2.4
      vertex 31.3229 -59.7071 13
    endloop
  endfacet
  facet normal -0.857733 -0.514096 0
    outer loop
      vertex 31.3229 -58.2929 2.4
      vertex 31.2472 -58.1666 13
      vertex 31.2472 -58.1666 2.4
    endloop
  endfacet
  facet normal -0.857733 -0.514096 0
    outer loop
      vertex 31.2472 -58.1666 13
      vertex 31.3229 -58.2929 2.4
      vertex 31.3229 -58.2929 13
    endloop
  endfacet
  facet normal -0.74123 -0.671251 0
    outer loop
      vertex 31.1595 -58.0484 2.4
      vertex 31.0607 -57.9393 13
      vertex 31.0607 -57.9393 2.4
    endloop
  endfacet
  facet normal -0.74123 -0.671251 0
    outer loop
      vertex 31.0607 -57.9393 13
      vertex 31.1595 -58.0484 2.4
      vertex 31.1595 -58.0484 13
    endloop
  endfacet
  facet normal 0.0489209 -0.998803 0
    outer loop
      vertex 29.853 -57.5072 2.4
      vertex 30 -57.5 13
      vertex 29.853 -57.5072 13
    endloop
  endfacet
  facet normal 0.0489209 -0.998803 0
    outer loop
      vertex 30 -57.5 13
      vertex 29.853 -57.5072 2.4
      vertex 30 -57.5 2.4
    endloop
  endfacet
  facet normal 0.74123 -0.671251 0
    outer loop
      vertex 28.8405 -58.0484 13
      vertex 28.9393 -57.9393 2.4
      vertex 28.9393 -57.9393 13
    endloop
  endfacet
  facet normal 0.74123 -0.671251 0
    outer loop
      vertex 28.9393 -57.9393 2.4
      vertex 28.8405 -58.0484 13
      vertex 28.8405 -58.0484 2.4
    endloop
  endfacet
  facet normal 0.671251 0.74123 -0
    outer loop
      vertex 29.0484 -60.1595 2.4
      vertex 28.9393 -60.0607 13
      vertex 29.0484 -60.1595 13
    endloop
  endfacet
  facet normal 0.671251 0.74123 0
    outer loop
      vertex 28.9393 -60.0607 13
      vertex 29.0484 -60.1595 2.4
      vertex 28.9393 -60.0607 2.4
    endloop
  endfacet
  facet normal -0.0489209 0.998803 0
    outer loop
      vertex 30.147 -60.4928 2.4
      vertex 30 -60.5 13
      vertex 30.147 -60.4928 13
    endloop
  endfacet
  facet normal -0.0489209 0.998803 0
    outer loop
      vertex 30 -60.5 13
      vertex 30.147 -60.4928 2.4
      vertex 30 -60.5 2.4
    endloop
  endfacet
  facet normal -0.941527 -0.336939 0
    outer loop
      vertex 31.4354 -58.5646 2.4
      vertex 31.3858 -58.426 13
      vertex 31.3858 -58.426 2.4
    endloop
  endfacet
  facet normal -0.941527 -0.336939 0
    outer loop
      vertex 31.3858 -58.426 13
      vertex 31.4354 -58.5646 2.4
      vertex 31.4354 -58.5646 13
    endloop
  endfacet
  facet normal -0.857733 0.514096 0
    outer loop
      vertex 31.2472 -59.8334 2.4
      vertex 31.3229 -59.7071 13
      vertex 31.3229 -59.7071 2.4
    endloop
  endfacet
  facet normal -0.857733 0.514096 0
    outer loop
      vertex 31.3229 -59.7071 13
      vertex 31.2472 -59.8334 2.4
      vertex 31.2472 -59.8334 13
    endloop
  endfacet
  facet normal -0.671251 -0.74123 0
    outer loop
      vertex 30.9516 -57.8405 2.4
      vertex 31.0607 -57.9393 13
      vertex 30.9516 -57.8405 13
    endloop
  endfacet
  facet normal -0.671251 -0.74123 -0
    outer loop
      vertex 31.0607 -57.9393 13
      vertex 30.9516 -57.8405 2.4
      vertex 31.0607 -57.9393 2.4
    endloop
  endfacet
  facet normal 0.243175 -0.969982 0
    outer loop
      vertex 29.5646 -57.5646 2.4
      vertex 29.7074 -57.5288 13
      vertex 29.5646 -57.5646 13
    endloop
  endfacet
  facet normal 0.243175 -0.969982 0
    outer loop
      vertex 29.7074 -57.5288 13
      vertex 29.5646 -57.5646 2.4
      vertex 29.7074 -57.5288 2.4
    endloop
  endfacet
  facet normal -0.941527 0.336939 0
    outer loop
      vertex 31.3858 -59.574 2.4
      vertex 31.4354 -59.4354 13
      vertex 31.4354 -59.4354 2.4
    endloop
  endfacet
  facet normal -0.941527 0.336939 0
    outer loop
      vertex 31.4354 -59.4354 13
      vertex 31.3858 -59.574 2.4
      vertex 31.3858 -59.574 13
    endloop
  endfacet
  facet normal -0.336939 0.941527 0
    outer loop
      vertex 30.574 -60.3858 2.4
      vertex 30.4354 -60.4354 13
      vertex 30.574 -60.3858 13
    endloop
  endfacet
  facet normal -0.336939 0.941527 0
    outer loop
      vertex 30.4354 -60.4354 13
      vertex 30.574 -60.3858 2.4
      vertex 30.4354 -60.4354 2.4
    endloop
  endfacet
  facet normal 0.427269 -0.904125 0
    outer loop
      vertex 29.2929 -57.6771 2.4
      vertex 29.426 -57.6142 13
      vertex 29.2929 -57.6771 13
    endloop
  endfacet
  facet normal 0.427269 -0.904125 0
    outer loop
      vertex 29.426 -57.6142 13
      vertex 29.2929 -57.6771 2.4
      vertex 29.426 -57.6142 2.4
    endloop
  endfacet
  facet normal -0.904125 -0.427269 0
    outer loop
      vertex 31.3858 -58.426 2.4
      vertex 31.3229 -58.2929 13
      vertex 31.3229 -58.2929 2.4
    endloop
  endfacet
  facet normal -0.904125 -0.427269 0
    outer loop
      vertex 31.3229 -58.2929 13
      vertex 31.3858 -58.426 2.4
      vertex 31.3858 -58.426 13
    endloop
  endfacet
  facet normal 0.671251 -0.74123 0
    outer loop
      vertex 28.9393 -57.9393 2.4
      vertex 29.0484 -57.8405 13
      vertex 28.9393 -57.9393 13
    endloop
  endfacet
  facet normal 0.671251 -0.74123 0
    outer loop
      vertex 29.0484 -57.8405 13
      vertex 28.9393 -57.9393 2.4
      vertex 29.0484 -57.8405 2.4
    endloop
  endfacet
  facet normal -0.336939 -0.941527 0
    outer loop
      vertex 30.4354 -57.5646 2.4
      vertex 30.574 -57.6142 13
      vertex 30.4354 -57.5646 13
    endloop
  endfacet
  facet normal -0.336939 -0.941527 -0
    outer loop
      vertex 30.574 -57.6142 13
      vertex 30.4354 -57.5646 2.4
      vertex 30.574 -57.6142 2.4
    endloop
  endfacet
  facet normal 0.336939 -0.941527 0
    outer loop
      vertex 29.426 -57.6142 2.4
      vertex 29.5646 -57.5646 13
      vertex 29.426 -57.6142 13
    endloop
  endfacet
  facet normal 0.336939 -0.941527 0
    outer loop
      vertex 29.5646 -57.5646 13
      vertex 29.426 -57.6142 2.4
      vertex 29.5646 -57.5646 2.4
    endloop
  endfacet
  facet normal 0.857733 0.514096 0
    outer loop
      vertex 28.7528 -59.8334 13
      vertex 28.6771 -59.7071 2.4
      vertex 28.6771 -59.7071 13
    endloop
  endfacet
  facet normal 0.857733 0.514096 0
    outer loop
      vertex 28.6771 -59.7071 2.4
      vertex 28.7528 -59.8334 13
      vertex 28.7528 -59.8334 2.4
    endloop
  endfacet
  facet normal 0.514096 0.857733 -0
    outer loop
      vertex 29.2929 -60.3229 2.4
      vertex 29.1666 -60.2472 13
      vertex 29.2929 -60.3229 13
    endloop
  endfacet
  facet normal 0.514096 0.857733 0
    outer loop
      vertex 29.1666 -60.2472 13
      vertex 29.2929 -60.3229 2.4
      vertex 29.1666 -60.2472 2.4
    endloop
  endfacet
  facet normal 0.427269 0.904125 -0
    outer loop
      vertex 29.426 -60.3858 2.4
      vertex 29.2929 -60.3229 13
      vertex 29.426 -60.3858 13
    endloop
  endfacet
  facet normal 0.427269 0.904125 0
    outer loop
      vertex 29.2929 -60.3229 13
      vertex 29.426 -60.3858 2.4
      vertex 29.2929 -60.3229 2.4
    endloop
  endfacet
  facet normal 0.803088 0.595861 0
    outer loop
      vertex 28.8405 -59.9516 13
      vertex 28.7528 -59.8334 2.4
      vertex 28.7528 -59.8334 13
    endloop
  endfacet
  facet normal 0.803088 0.595861 0
    outer loop
      vertex 28.7528 -59.8334 2.4
      vertex 28.8405 -59.9516 13
      vertex 28.8405 -59.9516 2.4
    endloop
  endfacet
  facet normal 0.243175 0.969982 -0
    outer loop
      vertex 29.7074 -60.4712 2.4
      vertex 29.5646 -60.4354 13
      vertex 29.7074 -60.4712 13
    endloop
  endfacet
  facet normal 0.243175 0.969982 0
    outer loop
      vertex 29.5646 -60.4354 13
      vertex 29.7074 -60.4712 2.4
      vertex 29.5646 -60.4354 2.4
    endloop
  endfacet
  facet normal 0.336939 0.941527 -0
    outer loop
      vertex 29.5646 -60.4354 2.4
      vertex 29.426 -60.3858 13
      vertex 29.5646 -60.4354 13
    endloop
  endfacet
  facet normal 0.336939 0.941527 0
    outer loop
      vertex 29.426 -60.3858 13
      vertex 29.5646 -60.4354 2.4
      vertex 29.426 -60.3858 2.4
    endloop
  endfacet
  facet normal 0.989174 0.146746 0
    outer loop
      vertex 28.5288 -59.2926 13
      vertex 28.5072 -59.147 2.4
      vertex 28.5072 -59.147 13
    endloop
  endfacet
  facet normal 0.989174 0.146746 0
    outer loop
      vertex 28.5072 -59.147 2.4
      vertex 28.5288 -59.2926 13
      vertex 28.5288 -59.2926 2.4
    endloop
  endfacet
  facet normal 0.595861 0.803088 -0
    outer loop
      vertex 29.1666 -60.2472 2.4
      vertex 29.0484 -60.1595 13
      vertex 29.1666 -60.2472 13
    endloop
  endfacet
  facet normal 0.595861 0.803088 0
    outer loop
      vertex 29.0484 -60.1595 13
      vertex 29.1666 -60.2472 2.4
      vertex 29.0484 -60.1595 2.4
    endloop
  endfacet
  facet normal 0.904125 0.427269 0
    outer loop
      vertex 28.6771 -59.7071 13
      vertex 28.6142 -59.574 2.4
      vertex 28.6142 -59.574 13
    endloop
  endfacet
  facet normal 0.904125 0.427269 0
    outer loop
      vertex 28.6142 -59.574 2.4
      vertex 28.6771 -59.7071 13
      vertex 28.6771 -59.7071 2.4
    endloop
  endfacet
  facet normal 0.941527 -0.336939 0
    outer loop
      vertex 28.5646 -58.5646 13
      vertex 28.6142 -58.426 2.4
      vertex 28.6142 -58.426 13
    endloop
  endfacet
  facet normal 0.941527 -0.336939 0
    outer loop
      vertex 28.6142 -58.426 2.4
      vertex 28.5646 -58.5646 13
      vertex 28.5646 -58.5646 2.4
    endloop
  endfacet
  facet normal 0.803088 -0.595861 0
    outer loop
      vertex 28.7528 -58.1666 13
      vertex 28.8405 -58.0484 2.4
      vertex 28.8405 -58.0484 13
    endloop
  endfacet
  facet normal 0.803088 -0.595861 0
    outer loop
      vertex 28.8405 -58.0484 2.4
      vertex 28.7528 -58.1666 13
      vertex 28.7528 -58.1666 2.4
    endloop
  endfacet
  facet normal 0.998803 -0.0489209 0
    outer loop
      vertex 28.5 -59 13
      vertex 28.5072 -58.853 2.4
      vertex 28.5072 -58.853 13
    endloop
  endfacet
  facet normal 0.998803 -0.0489209 0
    outer loop
      vertex 28.5072 -58.853 2.4
      vertex 28.5 -59 13
      vertex 28.5 -59 2.4
    endloop
  endfacet
  facet normal -0.74123 0.671251 0
    outer loop
      vertex 31.0607 -60.0607 2.4
      vertex 31.1595 -59.9516 13
      vertex 31.1595 -59.9516 2.4
    endloop
  endfacet
  facet normal -0.74123 0.671251 0
    outer loop
      vertex 31.1595 -59.9516 13
      vertex 31.0607 -60.0607 2.4
      vertex 31.0607 -60.0607 13
    endloop
  endfacet
  facet normal -0.671251 0.74123 0
    outer loop
      vertex 31.0607 -60.0607 2.4
      vertex 30.9516 -60.1595 13
      vertex 31.0607 -60.0607 13
    endloop
  endfacet
  facet normal -0.671251 0.74123 0
    outer loop
      vertex 30.9516 -60.1595 13
      vertex 31.0607 -60.0607 2.4
      vertex 30.9516 -60.1595 2.4
    endloop
  endfacet
  facet normal -0.42744 -0.904044 0
    outer loop
      vertex 28.1144 55.4723 2.4
      vertex 28.4693 55.3045 13
      vertex 28.1144 55.4723 13
    endloop
  endfacet
  facet normal -0.42744 -0.904044 -0
    outer loop
      vertex 28.4693 55.3045 13
      vertex 28.1144 55.4723 2.4
      vertex 28.4693 55.3045 2.4
    endloop
  endfacet
  facet normal 0.989176 0.146733 0
    outer loop
      vertex 33.9807 59.3921 13
      vertex 33.9231 59.7804 2.4
      vertex 33.9231 59.7804 13
    endloop
  endfacet
  facet normal 0.989176 0.146733 0
    outer loop
      vertex 33.9231 59.7804 2.4
      vertex 33.9807 59.3921 13
      vertex 33.9807 59.3921 2.4
    endloop
  endfacet
  facet normal 0.998791 0.0491626 0
    outer loop
      vertex 34 59 13
      vertex 33.9807 59.3921 2.4
      vertex 33.9807 59.3921 13
    endloop
  endfacet
  facet normal 0.998791 0.0491626 0
    outer loop
      vertex 33.9807 59.3921 2.4
      vertex 34 59 13
      vertex 34 59 2.4
    endloop
  endfacet
  facet normal 0.970068 0.242835 0
    outer loop
      vertex 33.9231 59.7804 13
      vertex 33.8278 60.1611 2.4
      vertex 33.8278 60.1611 13
    endloop
  endfacet
  facet normal 0.970068 0.242835 0
    outer loop
      vertex 33.8278 60.1611 2.4
      vertex 33.9231 59.7804 13
      vertex 33.9231 59.7804 2.4
    endloop
  endfacet
  facet normal 0.42744 -0.904044 0
    outer loop
      vertex 31.5307 55.3045 2.4
      vertex 31.8856 55.4723 13
      vertex 31.5307 55.3045 13
    endloop
  endfacet
  facet normal 0.42744 -0.904044 0
    outer loop
      vertex 31.8856 55.4723 13
      vertex 31.5307 55.3045 2.4
      vertex 31.8856 55.4723 2.4
    endloop
  endfacet
  facet normal -0.671607 0.740908 0
    outer loop
      vertex 27.4624 62.092 2.4
      vertex 27.1716 61.8284 13
      vertex 27.4624 62.092 13
    endloop
  endfacet
  facet normal -0.671607 0.740908 0
    outer loop
      vertex 27.1716 61.8284 13
      vertex 27.4624 62.092 2.4
      vertex 27.1716 61.8284 2.4
    endloop
  endfacet
  facet normal -0.970068 -0.242835 0
    outer loop
      vertex 26.1722 57.8389 2.4
      vertex 26.0769 58.2196 13
      vertex 26.0769 58.2196 2.4
    endloop
  endfacet
  facet normal -0.970068 -0.242835 0
    outer loop
      vertex 26.0769 58.2196 13
      vertex 26.1722 57.8389 2.4
      vertex 26.1722 57.8389 13
    endloop
  endfacet
  facet normal 0.42744 0.904044 -0
    outer loop
      vertex 31.8856 62.5277 2.4
      vertex 31.5307 62.6955 13
      vertex 31.8856 62.5277 13
    endloop
  endfacet
  facet normal 0.42744 0.904044 0
    outer loop
      vertex 31.5307 62.6955 13
      vertex 31.8856 62.5277 2.4
      vertex 31.5307 62.6955 2.4
    endloop
  endfacet
  facet normal -0.989176 0.146733 0
    outer loop
      vertex 26.0193 59.3921 2.4
      vertex 26.0769 59.7804 13
      vertex 26.0769 59.7804 2.4
    endloop
  endfacet
  facet normal -0.989176 0.146733 0
    outer loop
      vertex 26.0769 59.7804 13
      vertex 26.0193 59.3921 2.4
      vertex 26.0193 59.3921 13
    endloop
  endfacet
  facet normal -0.146733 -0.989176 0
    outer loop
      vertex 29.2196 55.0769 2.4
      vertex 29.6079 55.0193 13
      vertex 29.2196 55.0769 13
    endloop
  endfacet
  facet normal -0.146733 -0.989176 -0
    outer loop
      vertex 29.6079 55.0193 13
      vertex 29.2196 55.0769 2.4
      vertex 29.6079 55.0193 2.4
    endloop
  endfacet
  facet normal 0.242835 0.970068 -0
    outer loop
      vertex 31.1611 62.8278 2.4
      vertex 30.7804 62.9231 13
      vertex 31.1611 62.8278 13
    endloop
  endfacet
  facet normal 0.242835 0.970068 0
    outer loop
      vertex 30.7804 62.9231 13
      vertex 31.1611 62.8278 2.4
      vertex 30.7804 62.9231 2.4
    endloop
  endfacet
  facet normal -0.740908 0.671607 0
    outer loop
      vertex 26.908 61.5376 2.4
      vertex 27.1716 61.8284 13
      vertex 27.1716 61.8284 2.4
    endloop
  endfacet
  facet normal -0.740908 0.671607 0
    outer loop
      vertex 27.1716 61.8284 13
      vertex 26.908 61.5376 2.4
      vertex 26.908 61.5376 13
    endloop
  endfacet
  facet normal 0.514084 -0.85774 0
    outer loop
      vertex 31.8856 55.4723 2.4
      vertex 32.2223 55.6741 13
      vertex 31.8856 55.4723 13
    endloop
  endfacet
  facet normal 0.514084 -0.85774 0
    outer loop
      vertex 32.2223 55.6741 13
      vertex 31.8856 55.4723 2.4
      vertex 32.2223 55.6741 2.4
    endloop
  endfacet
  facet normal -0.242835 -0.970068 0
    outer loop
      vertex 28.8389 55.1722 2.4
      vertex 29.2196 55.0769 13
      vertex 28.8389 55.1722 13
    endloop
  endfacet
  facet normal -0.242835 -0.970068 -0
    outer loop
      vertex 29.2196 55.0769 13
      vertex 28.8389 55.1722 2.4
      vertex 29.2196 55.0769 2.4
    endloop
  endfacet
  facet normal -0.337014 -0.9415 0
    outer loop
      vertex 28.4693 55.3045 2.4
      vertex 28.8389 55.1722 13
      vertex 28.4693 55.3045 13
    endloop
  endfacet
  facet normal -0.337014 -0.9415 -0
    outer loop
      vertex 28.8389 55.1722 13
      vertex 28.4693 55.3045 2.4
      vertex 28.8389 55.1722 2.4
    endloop
  endfacet
  facet normal -0.337014 0.9415 0
    outer loop
      vertex 28.8389 62.8278 2.4
      vertex 28.4693 62.6955 13
      vertex 28.8389 62.8278 13
    endloop
  endfacet
  facet normal -0.337014 0.9415 0
    outer loop
      vertex 28.4693 62.6955 13
      vertex 28.8389 62.8278 2.4
      vertex 28.4693 62.6955 2.4
    endloop
  endfacet
  facet normal 0.0491626 -0.998791 0
    outer loop
      vertex 30 55 2.4
      vertex 30.3921 55.0193 13
      vertex 30 55 13
    endloop
  endfacet
  facet normal 0.0491626 -0.998791 0
    outer loop
      vertex 30.3921 55.0193 13
      vertex 30 55 2.4
      vertex 30.3921 55.0193 2.4
    endloop
  endfacet
  facet normal 0.146733 -0.989176 0
    outer loop
      vertex 30.3921 55.0193 2.4
      vertex 30.7804 55.0769 13
      vertex 30.3921 55.0193 13
    endloop
  endfacet
  facet normal 0.146733 -0.989176 0
    outer loop
      vertex 30.7804 55.0769 13
      vertex 30.3921 55.0193 2.4
      vertex 30.7804 55.0769 2.4
    endloop
  endfacet
  facet normal -0.0491626 0.998791 0
    outer loop
      vertex 30 63 2.4
      vertex 29.6079 62.9807 13
      vertex 30 63 13
    endloop
  endfacet
  facet normal -0.0491626 0.998791 0
    outer loop
      vertex 29.6079 62.9807 13
      vertex 30 63 2.4
      vertex 29.6079 62.9807 2.4
    endloop
  endfacet
  facet normal -0.595794 -0.803137 0
    outer loop
      vertex 27.4624 55.908 2.4
      vertex 27.7777 55.6741 13
      vertex 27.4624 55.908 13
    endloop
  endfacet
  facet normal -0.595794 -0.803137 -0
    outer loop
      vertex 27.7777 55.6741 13
      vertex 27.4624 55.908 2.4
      vertex 27.7777 55.6741 2.4
    endloop
  endfacet
  facet normal -0.904044 -0.42744 0
    outer loop
      vertex 26.4723 57.1144 2.4
      vertex 26.3045 57.4693 13
      vertex 26.3045 57.4693 2.4
    endloop
  endfacet
  facet normal -0.904044 -0.42744 0
    outer loop
      vertex 26.3045 57.4693 13
      vertex 26.4723 57.1144 2.4
      vertex 26.4723 57.1144 13
    endloop
  endfacet
  facet normal -0.146733 0.989176 0
    outer loop
      vertex 29.6079 62.9807 2.4
      vertex 29.2196 62.9231 13
      vertex 29.6079 62.9807 13
    endloop
  endfacet
  facet normal -0.146733 0.989176 0
    outer loop
      vertex 29.2196 62.9231 13
      vertex 29.6079 62.9807 2.4
      vertex 29.2196 62.9231 2.4
    endloop
  endfacet
  facet normal 0.595794 -0.803137 0
    outer loop
      vertex 32.2223 55.6741 2.4
      vertex 32.5376 55.908 13
      vertex 32.2223 55.6741 13
    endloop
  endfacet
  facet normal 0.595794 -0.803137 0
    outer loop
      vertex 32.5376 55.908 13
      vertex 32.2223 55.6741 2.4
      vertex 32.5376 55.908 2.4
    endloop
  endfacet
  facet normal 0.0491626 0.998791 -0
    outer loop
      vertex 30.3921 62.9807 2.4
      vertex 30 63 13
      vertex 30.3921 62.9807 13
    endloop
  endfacet
  facet normal 0.0491626 0.998791 0
    outer loop
      vertex 30 63 13
      vertex 30.3921 62.9807 2.4
      vertex 30 63 2.4
    endloop
  endfacet
  facet normal 0.514084 0.85774 -0
    outer loop
      vertex 32.2223 62.3259 2.4
      vertex 31.8856 62.5277 13
      vertex 32.2223 62.3259 13
    endloop
  endfacet
  facet normal 0.514084 0.85774 0
    outer loop
      vertex 31.8856 62.5277 13
      vertex 32.2223 62.3259 2.4
      vertex 31.8856 62.5277 2.4
    endloop
  endfacet
  facet normal -0.998791 -0.0491626 0
    outer loop
      vertex 26.0193 58.6079 2.4
      vertex 26 59 13
      vertex 26 59 2.4
    endloop
  endfacet
  facet normal -0.998791 -0.0491626 0
    outer loop
      vertex 26 59 13
      vertex 26.0193 58.6079 2.4
      vertex 26.0193 58.6079 13
    endloop
  endfacet
  facet normal 0.970068 -0.242835 0
    outer loop
      vertex 33.8278 57.8389 13
      vertex 33.9231 58.2196 2.4
      vertex 33.9231 58.2196 13
    endloop
  endfacet
  facet normal 0.970068 -0.242835 0
    outer loop
      vertex 33.9231 58.2196 2.4
      vertex 33.8278 57.8389 13
      vertex 33.8278 57.8389 2.4
    endloop
  endfacet
  facet normal 0.740908 0.671607 0
    outer loop
      vertex 33.092 61.5376 13
      vertex 32.8284 61.8284 2.4
      vertex 32.8284 61.8284 13
    endloop
  endfacet
  facet normal 0.740908 0.671607 0
    outer loop
      vertex 32.8284 61.8284 2.4
      vertex 33.092 61.5376 13
      vertex 33.092 61.5376 2.4
    endloop
  endfacet
  facet normal 0.595794 0.803137 -0
    outer loop
      vertex 32.5376 62.092 2.4
      vertex 32.2223 62.3259 13
      vertex 32.5376 62.092 13
    endloop
  endfacet
  facet normal 0.595794 0.803137 0
    outer loop
      vertex 32.2223 62.3259 13
      vertex 32.5376 62.092 2.4
      vertex 32.2223 62.3259 2.4
    endloop
  endfacet
  facet normal -0.595794 0.803137 0
    outer loop
      vertex 27.7777 62.3259 2.4
      vertex 27.4624 62.092 13
      vertex 27.7777 62.3259 13
    endloop
  endfacet
  facet normal -0.595794 0.803137 0
    outer loop
      vertex 27.4624 62.092 13
      vertex 27.7777 62.3259 2.4
      vertex 27.4624 62.092 2.4
    endloop
  endfacet
  facet normal 0.803137 0.595794 0
    outer loop
      vertex 33.3259 61.2223 13
      vertex 33.092 61.5376 2.4
      vertex 33.092 61.5376 13
    endloop
  endfacet
  facet normal 0.803137 0.595794 0
    outer loop
      vertex 33.092 61.5376 2.4
      vertex 33.3259 61.2223 13
      vertex 33.3259 61.2223 2.4
    endloop
  endfacet
  facet normal 0.989176 -0.146733 0
    outer loop
      vertex 33.9231 58.2196 13
      vertex 33.9807 58.6079 2.4
      vertex 33.9807 58.6079 13
    endloop
  endfacet
  facet normal 0.989176 -0.146733 0
    outer loop
      vertex 33.9807 58.6079 2.4
      vertex 33.9231 58.2196 13
      vertex 33.9231 58.2196 2.4
    endloop
  endfacet
  facet normal -0.9415 0.337014 0
    outer loop
      vertex 26.1722 60.1611 2.4
      vertex 26.3045 60.5307 13
      vertex 26.3045 60.5307 2.4
    endloop
  endfacet
  facet normal -0.9415 0.337014 0
    outer loop
      vertex 26.3045 60.5307 13
      vertex 26.1722 60.1611 2.4
      vertex 26.1722 60.1611 13
    endloop
  endfacet
  facet normal 0.904044 -0.42744 0
    outer loop
      vertex 33.5277 57.1144 13
      vertex 33.6955 57.4693 2.4
      vertex 33.6955 57.4693 13
    endloop
  endfacet
  facet normal 0.904044 -0.42744 0
    outer loop
      vertex 33.6955 57.4693 2.4
      vertex 33.5277 57.1144 13
      vertex 33.5277 57.1144 2.4
    endloop
  endfacet
  facet normal 0.337014 0.9415 -0
    outer loop
      vertex 31.5307 62.6955 2.4
      vertex 31.1611 62.8278 13
      vertex 31.5307 62.6955 13
    endloop
  endfacet
  facet normal 0.337014 0.9415 0
    outer loop
      vertex 31.1611 62.8278 13
      vertex 31.5307 62.6955 2.4
      vertex 31.1611 62.8278 2.4
    endloop
  endfacet
  facet normal 0.998791 -0.0491626 0
    outer loop
      vertex 33.9807 58.6079 13
      vertex 34 59 2.4
      vertex 34 59 13
    endloop
  endfacet
  facet normal 0.998791 -0.0491626 0
    outer loop
      vertex 34 59 2.4
      vertex 33.9807 58.6079 13
      vertex 33.9807 58.6079 2.4
    endloop
  endfacet
  facet normal 0.337014 -0.9415 0
    outer loop
      vertex 31.1611 55.1722 2.4
      vertex 31.5307 55.3045 13
      vertex 31.1611 55.1722 13
    endloop
  endfacet
  facet normal 0.337014 -0.9415 0
    outer loop
      vertex 31.5307 55.3045 13
      vertex 31.1611 55.1722 2.4
      vertex 31.5307 55.3045 2.4
    endloop
  endfacet
  facet normal 0.9415 0.337014 0
    outer loop
      vertex 33.8278 60.1611 13
      vertex 33.6955 60.5307 2.4
      vertex 33.6955 60.5307 13
    endloop
  endfacet
  facet normal 0.9415 0.337014 0
    outer loop
      vertex 33.6955 60.5307 2.4
      vertex 33.8278 60.1611 13
      vertex 33.8278 60.1611 2.4
    endloop
  endfacet
  facet normal 0.803137 -0.595794 0
    outer loop
      vertex 33.092 56.4624 13
      vertex 33.3259 56.7777 2.4
      vertex 33.3259 56.7777 13
    endloop
  endfacet
  facet normal 0.803137 -0.595794 0
    outer loop
      vertex 33.3259 56.7777 2.4
      vertex 33.092 56.4624 13
      vertex 33.092 56.4624 2.4
    endloop
  endfacet
  facet normal 0.85774 -0.514084 0
    outer loop
      vertex 33.3259 56.7777 13
      vertex 33.5277 57.1144 2.4
      vertex 33.5277 57.1144 13
    endloop
  endfacet
  facet normal 0.85774 -0.514084 0
    outer loop
      vertex 33.5277 57.1144 2.4
      vertex 33.3259 56.7777 13
      vertex 33.3259 56.7777 2.4
    endloop
  endfacet
  facet normal 0.9415 -0.337014 0
    outer loop
      vertex 33.6955 57.4693 13
      vertex 33.8278 57.8389 2.4
      vertex 33.8278 57.8389 13
    endloop
  endfacet
  facet normal 0.9415 -0.337014 0
    outer loop
      vertex 33.8278 57.8389 2.4
      vertex 33.6955 57.4693 13
      vertex 33.6955 57.4693 2.4
    endloop
  endfacet
  facet normal -0.904044 0.42744 0
    outer loop
      vertex 26.3045 60.5307 2.4
      vertex 26.4723 60.8856 13
      vertex 26.4723 60.8856 2.4
    endloop
  endfacet
  facet normal -0.904044 0.42744 0
    outer loop
      vertex 26.4723 60.8856 13
      vertex 26.3045 60.5307 2.4
      vertex 26.3045 60.5307 13
    endloop
  endfacet
  facet normal -0.242835 0.970068 0
    outer loop
      vertex 29.2196 62.9231 2.4
      vertex 28.8389 62.8278 13
      vertex 29.2196 62.9231 13
    endloop
  endfacet
  facet normal -0.242835 0.970068 0
    outer loop
      vertex 28.8389 62.8278 13
      vertex 29.2196 62.9231 2.4
      vertex 28.8389 62.8278 2.4
    endloop
  endfacet
  facet normal 0.904044 0.42744 0
    outer loop
      vertex 33.6955 60.5307 13
      vertex 33.5277 60.8856 2.4
      vertex 33.5277 60.8856 13
    endloop
  endfacet
  facet normal 0.904044 0.42744 0
    outer loop
      vertex 33.5277 60.8856 2.4
      vertex 33.6955 60.5307 13
      vertex 33.6955 60.5307 2.4
    endloop
  endfacet
  facet normal 0.146733 0.989176 -0
    outer loop
      vertex 30.7804 62.9231 2.4
      vertex 30.3921 62.9807 13
      vertex 30.7804 62.9231 13
    endloop
  endfacet
  facet normal 0.146733 0.989176 0
    outer loop
      vertex 30.3921 62.9807 13
      vertex 30.7804 62.9231 2.4
      vertex 30.3921 62.9807 2.4
    endloop
  endfacet
  facet normal -0.85774 -0.514084 0
    outer loop
      vertex 26.6741 56.7777 2.4
      vertex 26.4723 57.1144 13
      vertex 26.4723 57.1144 2.4
    endloop
  endfacet
  facet normal -0.85774 -0.514084 0
    outer loop
      vertex 26.4723 57.1144 13
      vertex 26.6741 56.7777 2.4
      vertex 26.6741 56.7777 13
    endloop
  endfacet
  facet normal 0.85774 0.514084 0
    outer loop
      vertex 33.5277 60.8856 13
      vertex 33.3259 61.2223 2.4
      vertex 33.3259 61.2223 13
    endloop
  endfacet
  facet normal 0.85774 0.514084 0
    outer loop
      vertex 33.3259 61.2223 2.4
      vertex 33.5277 60.8856 13
      vertex 33.5277 60.8856 2.4
    endloop
  endfacet
  facet normal -0.740908 -0.671607 0
    outer loop
      vertex 27.1716 56.1716 2.4
      vertex 26.908 56.4624 13
      vertex 26.908 56.4624 2.4
    endloop
  endfacet
  facet normal -0.740908 -0.671607 0
    outer loop
      vertex 26.908 56.4624 13
      vertex 27.1716 56.1716 2.4
      vertex 27.1716 56.1716 13
    endloop
  endfacet
  facet normal 0.242835 -0.970068 0
    outer loop
      vertex 30.7804 55.0769 2.4
      vertex 31.1611 55.1722 13
      vertex 30.7804 55.0769 13
    endloop
  endfacet
  facet normal 0.242835 -0.970068 0
    outer loop
      vertex 31.1611 55.1722 13
      vertex 30.7804 55.0769 2.4
      vertex 31.1611 55.1722 2.4
    endloop
  endfacet
  facet normal -0.514084 0.85774 0
    outer loop
      vertex 28.1144 62.5277 2.4
      vertex 27.7777 62.3259 13
      vertex 28.1144 62.5277 13
    endloop
  endfacet
  facet normal -0.514084 0.85774 0
    outer loop
      vertex 27.7777 62.3259 13
      vertex 28.1144 62.5277 2.4
      vertex 27.7777 62.3259 2.4
    endloop
  endfacet
  facet normal -0.42744 0.904044 0
    outer loop
      vertex 28.4693 62.6955 2.4
      vertex 28.1144 62.5277 13
      vertex 28.4693 62.6955 13
    endloop
  endfacet
  facet normal -0.42744 0.904044 0
    outer loop
      vertex 28.1144 62.5277 13
      vertex 28.4693 62.6955 2.4
      vertex 28.1144 62.5277 2.4
    endloop
  endfacet
  facet normal -0.9415 -0.337014 0
    outer loop
      vertex 26.3045 57.4693 2.4
      vertex 26.1722 57.8389 13
      vertex 26.1722 57.8389 2.4
    endloop
  endfacet
  facet normal -0.9415 -0.337014 0
    outer loop
      vertex 26.1722 57.8389 13
      vertex 26.3045 57.4693 2.4
      vertex 26.3045 57.4693 13
    endloop
  endfacet
  facet normal -0.514084 -0.85774 0
    outer loop
      vertex 27.7777 55.6741 2.4
      vertex 28.1144 55.4723 13
      vertex 27.7777 55.6741 13
    endloop
  endfacet
  facet normal -0.514084 -0.85774 -0
    outer loop
      vertex 28.1144 55.4723 13
      vertex 27.7777 55.6741 2.4
      vertex 28.1144 55.4723 2.4
    endloop
  endfacet
  facet normal 0.671607 0.740908 -0
    outer loop
      vertex 32.8284 61.8284 2.4
      vertex 32.5376 62.092 13
      vertex 32.8284 61.8284 13
    endloop
  endfacet
  facet normal 0.671607 0.740908 0
    outer loop
      vertex 32.5376 62.092 13
      vertex 32.8284 61.8284 2.4
      vertex 32.5376 62.092 2.4
    endloop
  endfacet
  facet normal -0.970068 0.242835 0
    outer loop
      vertex 26.0769 59.7804 2.4
      vertex 26.1722 60.1611 13
      vertex 26.1722 60.1611 2.4
    endloop
  endfacet
  facet normal -0.970068 0.242835 0
    outer loop
      vertex 26.1722 60.1611 13
      vertex 26.0769 59.7804 2.4
      vertex 26.0769 59.7804 13
    endloop
  endfacet
  facet normal -0.803137 -0.595794 0
    outer loop
      vertex 26.908 56.4624 2.4
      vertex 26.6741 56.7777 13
      vertex 26.6741 56.7777 2.4
    endloop
  endfacet
  facet normal -0.803137 -0.595794 0
    outer loop
      vertex 26.6741 56.7777 13
      vertex 26.908 56.4624 2.4
      vertex 26.908 56.4624 13
    endloop
  endfacet
  facet normal -0.989176 -0.146733 0
    outer loop
      vertex 26.0769 58.2196 2.4
      vertex 26.0193 58.6079 13
      vertex 26.0193 58.6079 2.4
    endloop
  endfacet
  facet normal -0.989176 -0.146733 0
    outer loop
      vertex 26.0193 58.6079 13
      vertex 26.0769 58.2196 2.4
      vertex 26.0769 58.2196 13
    endloop
  endfacet
  facet normal -0.671607 -0.740908 0
    outer loop
      vertex 27.1716 56.1716 2.4
      vertex 27.4624 55.908 13
      vertex 27.1716 56.1716 13
    endloop
  endfacet
  facet normal -0.671607 -0.740908 -0
    outer loop
      vertex 27.4624 55.908 13
      vertex 27.1716 56.1716 2.4
      vertex 27.4624 55.908 2.4
    endloop
  endfacet
  facet normal -0.803137 0.595794 0
    outer loop
      vertex 26.6741 61.2223 2.4
      vertex 26.908 61.5376 13
      vertex 26.908 61.5376 2.4
    endloop
  endfacet
  facet normal -0.803137 0.595794 0
    outer loop
      vertex 26.908 61.5376 13
      vertex 26.6741 61.2223 2.4
      vertex 26.6741 61.2223 13
    endloop
  endfacet
  facet normal -0.85774 0.514084 0
    outer loop
      vertex 26.4723 60.8856 2.4
      vertex 26.6741 61.2223 13
      vertex 26.6741 61.2223 2.4
    endloop
  endfacet
  facet normal -0.85774 0.514084 0
    outer loop
      vertex 26.6741 61.2223 13
      vertex 26.4723 60.8856 2.4
      vertex 26.4723 60.8856 13
    endloop
  endfacet
  facet normal 0 0 1
    outer loop
      vertex 31.5 59 13
      vertex 34 59 13
      vertex 33.9807 59.3921 13
    endloop
  endfacet
  facet normal 0 0 1
    outer loop
      vertex 31.4928 59.147 13
      vertex 33.9807 59.3921 13
      vertex 33.9231 59.7804 13
    endloop
  endfacet
  facet normal 0 0 1
    outer loop
      vertex 34 59 13
      vertex 31.5 59 13
      vertex 33.9807 58.6079 13
    endloop
  endfacet
  facet normal 0 0 1
    outer loop
      vertex 31.4712 59.2926 13
      vertex 33.9231 59.7804 13
      vertex 33.8278 60.1611 13
    endloop
  endfacet
  facet normal -0 0 1
    outer loop
      vertex 31.4928 58.853 13
      vertex 33.9807 58.6079 13
      vertex 31.5 59 13
    endloop
  endfacet
  facet normal 0 0 1
    outer loop
      vertex 31.4354 59.4354 13
      vertex 33.8278 60.1611 13
      vertex 33.6955 60.5307 13
    endloop
  endfacet
  facet normal 0 0 1
    outer loop
      vertex 33.9807 58.6079 13
      vertex 31.4928 58.853 13
      vertex 33.9231 58.2196 13
    endloop
  endfacet
  facet normal 0 0 1
    outer loop
      vertex 31.3858 59.574 13
      vertex 33.6955 60.5307 13
      vertex 33.5277 60.8856 13
    endloop
  endfacet
  facet normal -0 0 1
    outer loop
      vertex 31.4712 58.7074 13
      vertex 33.9231 58.2196 13
      vertex 31.4928 58.853 13
    endloop
  endfacet
  facet normal 0 0 1
    outer loop
      vertex 31.3229 59.7071 13
      vertex 33.5277 60.8856 13
      vertex 33.3259 61.2223 13
    endloop
  endfacet
  facet normal 0 0 1
    outer loop
      vertex 33.9231 58.2196 13
      vertex 31.4712 58.7074 13
      vertex 33.8278 57.8389 13
    endloop
  endfacet
  facet normal 0 0 1
    outer loop
      vertex 31.2472 59.8334 13
      vertex 33.3259 61.2223 13
      vertex 33.092 61.5376 13
    endloop
  endfacet
  facet normal -0 0 1
    outer loop
      vertex 31.4354 58.5646 13
      vertex 33.8278 57.8389 13
      vertex 31.4712 58.7074 13
    endloop
  endfacet
  facet normal 0 0 1
    outer loop
      vertex 31.1595 59.9516 13
      vertex 33.092 61.5376 13
      vertex 32.8284 61.8284 13
    endloop
  endfacet
  facet normal 0 0 1
    outer loop
      vertex 33.8278 57.8389 13
      vertex 31.4354 58.5646 13
      vertex 33.6955 57.4693 13
    endloop
  endfacet
  facet normal 0 0 1
    outer loop
      vertex 31.0607 60.0607 13
      vertex 32.8284 61.8284 13
      vertex 32.5376 62.092 13
    endloop
  endfacet
  facet normal -0 0 1
    outer loop
      vertex 31.3858 58.426 13
      vertex 33.6955 57.4693 13
      vertex 31.4354 58.5646 13
    endloop
  endfacet
  facet normal 0 0 1
    outer loop
      vertex 30.9516 60.1595 13
      vertex 32.5376 62.092 13
      vertex 32.2223 62.3259 13
    endloop
  endfacet
  facet normal 0 0 1
    outer loop
      vertex 33.6955 57.4693 13
      vertex 31.3858 58.426 13
      vertex 33.5277 57.1144 13
    endloop
  endfacet
  facet normal 0 0 1
    outer loop
      vertex 30.8334 60.2472 13
      vertex 32.2223 62.3259 13
      vertex 31.8856 62.5277 13
    endloop
  endfacet
  facet normal -0 0 1
    outer loop
      vertex 31.3229 58.2929 13
      vertex 33.5277 57.1144 13
      vertex 31.3858 58.426 13
    endloop
  endfacet
  facet normal 0 0 1
    outer loop
      vertex 30.7071 60.3229 13
      vertex 31.8856 62.5277 13
      vertex 31.5307 62.6955 13
    endloop
  endfacet
  facet normal 0 0 1
    outer loop
      vertex 33.5277 57.1144 13
      vertex 31.3229 58.2929 13
      vertex 33.3259 56.7777 13
    endloop
  endfacet
  facet normal -0 0 1
    outer loop
      vertex 31.2472 58.1666 13
      vertex 33.3259 56.7777 13
      vertex 31.3229 58.2929 13
    endloop
  endfacet
  facet normal 0 0 1
    outer loop
      vertex 33.9807 59.3921 13
      vertex 31.4928 59.147 13
      vertex 31.5 59 13
    endloop
  endfacet
  facet normal 0 0 1
    outer loop
      vertex 33.9231 59.7804 13
      vertex 31.4712 59.2926 13
      vertex 31.4928 59.147 13
    endloop
  endfacet
  facet normal 0 0 1
    outer loop
      vertex 33.8278 60.1611 13
      vertex 31.4354 59.4354 13
      vertex 31.4712 59.2926 13
    endloop
  endfacet
  facet normal 0 0 1
    outer loop
      vertex 33.6955 60.5307 13
      vertex 31.3858 59.574 13
      vertex 31.4354 59.4354 13
    endloop
  endfacet
  facet normal 0 0 1
    outer loop
      vertex 33.5277 60.8856 13
      vertex 31.3229 59.7071 13
      vertex 31.3858 59.574 13
    endloop
  endfacet
  facet normal 0 0 1
    outer loop
      vertex 33.3259 61.2223 13
      vertex 31.2472 59.8334 13
      vertex 31.3229 59.7071 13
    endloop
  endfacet
  facet normal 0 0 1
    outer loop
      vertex 30.574 60.3858 13
      vertex 31.5307 62.6955 13
      vertex 31.1611 62.8278 13
    endloop
  endfacet
  facet normal 0 0 1
    outer loop
      vertex 33.092 61.5376 13
      vertex 31.1595 59.9516 13
      vertex 31.2472 59.8334 13
    endloop
  endfacet
  facet normal 0 0 1
    outer loop
      vertex 32.8284 61.8284 13
      vertex 31.0607 60.0607 13
      vertex 31.1595 59.9516 13
    endloop
  endfacet
  facet normal 0 0 1
    outer loop
      vertex 32.5376 62.092 13
      vertex 30.9516 60.1595 13
      vertex 31.0607 60.0607 13
    endloop
  endfacet
  facet normal 0 0 1
    outer loop
      vertex 32.2223 62.3259 13
      vertex 30.8334 60.2472 13
      vertex 30.9516 60.1595 13
    endloop
  endfacet
  facet normal 0 0 1
    outer loop
      vertex 30.4354 60.4354 13
      vertex 31.1611 62.8278 13
      vertex 30.7804 62.9231 13
    endloop
  endfacet
  facet normal 0 0 1
    outer loop
      vertex 31.8856 62.5277 13
      vertex 30.7071 60.3229 13
      vertex 30.8334 60.2472 13
    endloop
  endfacet
  facet normal 0 0 1
    outer loop
      vertex 31.5307 62.6955 13
      vertex 30.574 60.3858 13
      vertex 30.7071 60.3229 13
    endloop
  endfacet
  facet normal 0 0 1
    outer loop
      vertex 31.1611 62.8278 13
      vertex 30.4354 60.4354 13
      vertex 30.574 60.3858 13
    endloop
  endfacet
  facet normal 0 0 1
    outer loop
      vertex 30.2926 60.4712 13
      vertex 30.7804 62.9231 13
      vertex 30.3921 62.9807 13
    endloop
  endfacet
  facet normal 0 0 1
    outer loop
      vertex 30.7804 62.9231 13
      vertex 30.2926 60.4712 13
      vertex 30.4354 60.4354 13
    endloop
  endfacet
  facet normal 0 0 1
    outer loop
      vertex 30.3921 62.9807 13
      vertex 30.147 60.4928 13
      vertex 30.2926 60.4712 13
    endloop
  endfacet
  facet normal 0 0 1
    outer loop
      vertex 30 63 13
      vertex 30.147 60.4928 13
      vertex 30.3921 62.9807 13
    endloop
  endfacet
  facet normal 0 0 1
    outer loop
      vertex 30 63 13
      vertex 30 60.5 13
      vertex 30.147 60.4928 13
    endloop
  endfacet
  facet normal 0 0 1
    outer loop
      vertex 30 63 13
      vertex 29.853 60.4928 13
      vertex 30 60.5 13
    endloop
  endfacet
  facet normal -0 0 1
    outer loop
      vertex 29.6079 62.9807 13
      vertex 29.853 60.4928 13
      vertex 30 63 13
    endloop
  endfacet
  facet normal 0 0 1
    outer loop
      vertex 29.853 60.4928 13
      vertex 29.6079 62.9807 13
      vertex 29.7074 60.4712 13
    endloop
  endfacet
  facet normal -0 0 1
    outer loop
      vertex 29.2196 62.9231 13
      vertex 29.7074 60.4712 13
      vertex 29.6079 62.9807 13
    endloop
  endfacet
  facet normal 0 0 1
    outer loop
      vertex 29.7074 60.4712 13
      vertex 29.2196 62.9231 13
      vertex 29.5646 60.4354 13
    endloop
  endfacet
  facet normal -0 0 1
    outer loop
      vertex 28.8389 62.8278 13
      vertex 29.5646 60.4354 13
      vertex 29.2196 62.9231 13
    endloop
  endfacet
  facet normal 0 0 1
    outer loop
      vertex 29.5646 60.4354 13
      vertex 28.8389 62.8278 13
      vertex 29.426 60.3858 13
    endloop
  endfacet
  facet normal -0 0 1
    outer loop
      vertex 28.4693 62.6955 13
      vertex 29.426 60.3858 13
      vertex 28.8389 62.8278 13
    endloop
  endfacet
  facet normal 0 0 1
    outer loop
      vertex 29.426 60.3858 13
      vertex 28.4693 62.6955 13
      vertex 29.2929 60.3229 13
    endloop
  endfacet
  facet normal -0 0 1
    outer loop
      vertex 28.1144 62.5277 13
      vertex 29.2929 60.3229 13
      vertex 28.4693 62.6955 13
    endloop
  endfacet
  facet normal 0 0 1
    outer loop
      vertex 29.2929 60.3229 13
      vertex 28.1144 62.5277 13
      vertex 29.1666 60.2472 13
    endloop
  endfacet
  facet normal -0 0 1
    outer loop
      vertex 27.7777 62.3259 13
      vertex 29.1666 60.2472 13
      vertex 28.1144 62.5277 13
    endloop
  endfacet
  facet normal 0 0 1
    outer loop
      vertex 29.1666 60.2472 13
      vertex 27.7777 62.3259 13
      vertex 29.0484 60.1595 13
    endloop
  endfacet
  facet normal -0 0 1
    outer loop
      vertex 27.4624 62.092 13
      vertex 29.0484 60.1595 13
      vertex 27.7777 62.3259 13
    endloop
  endfacet
  facet normal 0 0 1
    outer loop
      vertex 29.0484 60.1595 13
      vertex 27.4624 62.092 13
      vertex 28.9393 60.0607 13
    endloop
  endfacet
  facet normal -0 0 1
    outer loop
      vertex 27.1716 61.8284 13
      vertex 28.9393 60.0607 13
      vertex 27.4624 62.092 13
    endloop
  endfacet
  facet normal 0 0 1
    outer loop
      vertex 28.9393 60.0607 13
      vertex 27.1716 61.8284 13
      vertex 28.8405 59.9516 13
    endloop
  endfacet
  facet normal -0 0 1
    outer loop
      vertex 26.908 61.5376 13
      vertex 28.8405 59.9516 13
      vertex 27.1716 61.8284 13
    endloop
  endfacet
  facet normal -0 0 1
    outer loop
      vertex 26.6741 61.2223 13
      vertex 28.7528 59.8334 13
      vertex 26.908 61.5376 13
    endloop
  endfacet
  facet normal 0 0 1
    outer loop
      vertex 28.8405 59.9516 13
      vertex 26.908 61.5376 13
      vertex 28.7528 59.8334 13
    endloop
  endfacet
  facet normal 0 0 1
    outer loop
      vertex 33.3259 56.7777 13
      vertex 31.2472 58.1666 13
      vertex 33.092 56.4624 13
    endloop
  endfacet
  facet normal -0 0 1
    outer loop
      vertex 31.1595 58.0484 13
      vertex 33.092 56.4624 13
      vertex 31.2472 58.1666 13
    endloop
  endfacet
  facet normal 0 0 1
    outer loop
      vertex 33.092 56.4624 13
      vertex 31.1595 58.0484 13
      vertex 32.8284 56.1716 13
    endloop
  endfacet
  facet normal -0 0 1
    outer loop
      vertex 31.0607 57.9393 13
      vertex 32.8284 56.1716 13
      vertex 31.1595 58.0484 13
    endloop
  endfacet
  facet normal 0 0 1
    outer loop
      vertex 32.8284 56.1716 13
      vertex 31.0607 57.9393 13
      vertex 32.5376 55.908 13
    endloop
  endfacet
  facet normal -0 0 1
    outer loop
      vertex 30.9516 57.8405 13
      vertex 32.5376 55.908 13
      vertex 31.0607 57.9393 13
    endloop
  endfacet
  facet normal 0 0 1
    outer loop
      vertex 32.5376 55.908 13
      vertex 30.9516 57.8405 13
      vertex 32.2223 55.6741 13
    endloop
  endfacet
  facet normal -0 0 1
    outer loop
      vertex 30.8334 57.7528 13
      vertex 32.2223 55.6741 13
      vertex 30.9516 57.8405 13
    endloop
  endfacet
  facet normal 0 0 1
    outer loop
      vertex 32.2223 55.6741 13
      vertex 30.8334 57.7528 13
      vertex 31.8856 55.4723 13
    endloop
  endfacet
  facet normal -0 0 1
    outer loop
      vertex 30.7071 57.6771 13
      vertex 31.8856 55.4723 13
      vertex 30.8334 57.7528 13
    endloop
  endfacet
  facet normal 0 0 1
    outer loop
      vertex 31.8856 55.4723 13
      vertex 30.7071 57.6771 13
      vertex 31.5307 55.3045 13
    endloop
  endfacet
  facet normal -0 0 1
    outer loop
      vertex 30.574 57.6142 13
      vertex 31.5307 55.3045 13
      vertex 30.7071 57.6771 13
    endloop
  endfacet
  facet normal 0 0 1
    outer loop
      vertex 31.5307 55.3045 13
      vertex 30.574 57.6142 13
      vertex 31.1611 55.1722 13
    endloop
  endfacet
  facet normal -0 0 1
    outer loop
      vertex 30.4354 57.5646 13
      vertex 31.1611 55.1722 13
      vertex 30.574 57.6142 13
    endloop
  endfacet
  facet normal 0 0 1
    outer loop
      vertex 31.1611 55.1722 13
      vertex 30.4354 57.5646 13
      vertex 30.7804 55.0769 13
    endloop
  endfacet
  facet normal -0 0 1
    outer loop
      vertex 30.2926 57.5288 13
      vertex 30.7804 55.0769 13
      vertex 30.4354 57.5646 13
    endloop
  endfacet
  facet normal 0 0 1
    outer loop
      vertex 30.7804 55.0769 13
      vertex 30.2926 57.5288 13
      vertex 30.3921 55.0193 13
    endloop
  endfacet
  facet normal -0 0 1
    outer loop
      vertex 30.147 57.5072 13
      vertex 30.3921 55.0193 13
      vertex 30.2926 57.5288 13
    endloop
  endfacet
  facet normal -0 0 1
    outer loop
      vertex 30 57.5 13
      vertex 30.3921 55.0193 13
      vertex 30.147 57.5072 13
    endloop
  endfacet
  facet normal 0 0 1
    outer loop
      vertex 30 57.5 13
      vertex 30 55 13
      vertex 30.3921 55.0193 13
    endloop
  endfacet
  facet normal 0 0 1
    outer loop
      vertex 29.853 57.5072 13
      vertex 30 55 13
      vertex 30 57.5 13
    endloop
  endfacet
  facet normal 0 0 1
    outer loop
      vertex 29.6079 55.0193 13
      vertex 29.853 57.5072 13
      vertex 29.7074 57.5288 13
    endloop
  endfacet
  facet normal 0 0 1
    outer loop
      vertex 29.853 57.5072 13
      vertex 29.6079 55.0193 13
      vertex 30 55 13
    endloop
  endfacet
  facet normal 0 0 1
    outer loop
      vertex 29.2196 55.0769 13
      vertex 29.7074 57.5288 13
      vertex 29.5646 57.5646 13
    endloop
  endfacet
  facet normal 0 0 1
    outer loop
      vertex 28.8389 55.1722 13
      vertex 29.5646 57.5646 13
      vertex 29.426 57.6142 13
    endloop
  endfacet
  facet normal 0 0 1
    outer loop
      vertex 28.4693 55.3045 13
      vertex 29.426 57.6142 13
      vertex 29.2929 57.6771 13
    endloop
  endfacet
  facet normal 0 0 1
    outer loop
      vertex 29.7074 57.5288 13
      vertex 29.2196 55.0769 13
      vertex 29.6079 55.0193 13
    endloop
  endfacet
  facet normal 0 0 1
    outer loop
      vertex 28.1144 55.4723 13
      vertex 29.2929 57.6771 13
      vertex 29.1666 57.7528 13
    endloop
  endfacet
  facet normal 0 0 1
    outer loop
      vertex 27.7777 55.6741 13
      vertex 29.1666 57.7528 13
      vertex 29.0484 57.8405 13
    endloop
  endfacet
  facet normal 0 0 1
    outer loop
      vertex 27.4624 55.908 13
      vertex 29.0484 57.8405 13
      vertex 28.9393 57.9393 13
    endloop
  endfacet
  facet normal 0 0 1
    outer loop
      vertex 27.1716 56.1716 13
      vertex 28.9393 57.9393 13
      vertex 28.8405 58.0484 13
    endloop
  endfacet
  facet normal 0 0 1
    outer loop
      vertex 29.5646 57.5646 13
      vertex 28.8389 55.1722 13
      vertex 29.2196 55.0769 13
    endloop
  endfacet
  facet normal 0 0 1
    outer loop
      vertex 26.908 56.4624 13
      vertex 28.8405 58.0484 13
      vertex 28.7528 58.1666 13
    endloop
  endfacet
  facet normal 0 0 1
    outer loop
      vertex 26.6741 56.7777 13
      vertex 28.7528 58.1666 13
      vertex 28.6771 58.2929 13
    endloop
  endfacet
  facet normal 0 0 1
    outer loop
      vertex 26.4723 57.1144 13
      vertex 28.6771 58.2929 13
      vertex 28.6142 58.426 13
    endloop
  endfacet
  facet normal 0 0 1
    outer loop
      vertex 26.3045 57.4693 13
      vertex 28.6142 58.426 13
      vertex 28.5646 58.5646 13
    endloop
  endfacet
  facet normal 0 0 1
    outer loop
      vertex 26.1722 57.8389 13
      vertex 28.5646 58.5646 13
      vertex 28.5288 58.7074 13
    endloop
  endfacet
  facet normal 0 0 1
    outer loop
      vertex 26.0769 58.2196 13
      vertex 28.5288 58.7074 13
      vertex 28.5072 58.853 13
    endloop
  endfacet
  facet normal 0 0 1
    outer loop
      vertex 29.426 57.6142 13
      vertex 28.4693 55.3045 13
      vertex 28.8389 55.1722 13
    endloop
  endfacet
  facet normal 0 0 1
    outer loop
      vertex 26.0193 58.6079 13
      vertex 28.5072 58.853 13
      vertex 28.5 59 13
    endloop
  endfacet
  facet normal 0 0 1
    outer loop
      vertex 28.7528 59.8334 13
      vertex 26.6741 61.2223 13
      vertex 28.6771 59.7071 13
    endloop
  endfacet
  facet normal -0 0 1
    outer loop
      vertex 26.4723 60.8856 13
      vertex 28.6771 59.7071 13
      vertex 26.6741 61.2223 13
    endloop
  endfacet
  facet normal 0 0 1
    outer loop
      vertex 29.2929 57.6771 13
      vertex 28.1144 55.4723 13
      vertex 28.4693 55.3045 13
    endloop
  endfacet
  facet normal 0 0 1
    outer loop
      vertex 28.6771 59.7071 13
      vertex 26.4723 60.8856 13
      vertex 28.6142 59.574 13
    endloop
  endfacet
  facet normal 0 0 1
    outer loop
      vertex 29.1666 57.7528 13
      vertex 27.7777 55.6741 13
      vertex 28.1144 55.4723 13
    endloop
  endfacet
  facet normal -0 0 1
    outer loop
      vertex 26.3045 60.5307 13
      vertex 28.6142 59.574 13
      vertex 26.4723 60.8856 13
    endloop
  endfacet
  facet normal 0 0 1
    outer loop
      vertex 29.0484 57.8405 13
      vertex 27.4624 55.908 13
      vertex 27.7777 55.6741 13
    endloop
  endfacet
  facet normal 0 0 1
    outer loop
      vertex 28.6142 59.574 13
      vertex 26.3045 60.5307 13
      vertex 28.5646 59.4354 13
    endloop
  endfacet
  facet normal 0 0 1
    outer loop
      vertex 28.9393 57.9393 13
      vertex 27.1716 56.1716 13
      vertex 27.4624 55.908 13
    endloop
  endfacet
  facet normal -0 0 1
    outer loop
      vertex 26.1722 60.1611 13
      vertex 28.5646 59.4354 13
      vertex 26.3045 60.5307 13
    endloop
  endfacet
  facet normal 0 0 1
    outer loop
      vertex 28.8405 58.0484 13
      vertex 26.908 56.4624 13
      vertex 27.1716 56.1716 13
    endloop
  endfacet
  facet normal 0 0 1
    outer loop
      vertex 28.5646 59.4354 13
      vertex 26.1722 60.1611 13
      vertex 28.5288 59.2926 13
    endloop
  endfacet
  facet normal 0 0 1
    outer loop
      vertex 28.7528 58.1666 13
      vertex 26.6741 56.7777 13
      vertex 26.908 56.4624 13
    endloop
  endfacet
  facet normal -0 0 1
    outer loop
      vertex 26.0769 59.7804 13
      vertex 28.5288 59.2926 13
      vertex 26.1722 60.1611 13
    endloop
  endfacet
  facet normal 0 0 1
    outer loop
      vertex 28.6771 58.2929 13
      vertex 26.4723 57.1144 13
      vertex 26.6741 56.7777 13
    endloop
  endfacet
  facet normal 0 0 1
    outer loop
      vertex 28.5288 59.2926 13
      vertex 26.0769 59.7804 13
      vertex 28.5072 59.147 13
    endloop
  endfacet
  facet normal 0 0 1
    outer loop
      vertex 28.6142 58.426 13
      vertex 26.3045 57.4693 13
      vertex 26.4723 57.1144 13
    endloop
  endfacet
  facet normal -0 0 1
    outer loop
      vertex 26.0193 59.3921 13
      vertex 28.5072 59.147 13
      vertex 26.0769 59.7804 13
    endloop
  endfacet
  facet normal 0 0 1
    outer loop
      vertex 28.5646 58.5646 13
      vertex 26.1722 57.8389 13
      vertex 26.3045 57.4693 13
    endloop
  endfacet
  facet normal 0 0 1
    outer loop
      vertex 28.5072 59.147 13
      vertex 26.0193 59.3921 13
      vertex 28.5 59 13
    endloop
  endfacet
  facet normal 0 0 1
    outer loop
      vertex 28.5288 58.7074 13
      vertex 26.0769 58.2196 13
      vertex 26.1722 57.8389 13
    endloop
  endfacet
  facet normal 0 0 1
    outer loop
      vertex 26 59 13
      vertex 28.5 59 13
      vertex 26.0193 59.3921 13
    endloop
  endfacet
  facet normal 0 0 1
    outer loop
      vertex 28.5072 58.853 13
      vertex 26.0193 58.6079 13
      vertex 26.0769 58.2196 13
    endloop
  endfacet
  facet normal 0 0 1
    outer loop
      vertex 28.5 59 13
      vertex 26 59 13
      vertex 26.0193 58.6079 13
    endloop
  endfacet
  facet normal -0.0491626 -0.998791 0
    outer loop
      vertex 29.6079 55.0193 2.4
      vertex 30 55 13
      vertex 29.6079 55.0193 13
    endloop
  endfacet
  facet normal -0.0491626 -0.998791 -0
    outer loop
      vertex 30 55 13
      vertex 29.6079 55.0193 2.4
      vertex 30 55 2.4
    endloop
  endfacet
  facet normal -0.998791 0.0491626 0
    outer loop
      vertex 26 59 2.4
      vertex 26.0193 59.3921 13
      vertex 26.0193 59.3921 2.4
    endloop
  endfacet
  facet normal -0.998791 0.0491626 0
    outer loop
      vertex 26.0193 59.3921 13
      vertex 26 59 2.4
      vertex 26 59 13
    endloop
  endfacet
  facet normal 0.740908 -0.671607 0
    outer loop
      vertex 32.8284 56.1716 13
      vertex 33.092 56.4624 2.4
      vertex 33.092 56.4624 13
    endloop
  endfacet
  facet normal 0.740908 -0.671607 0
    outer loop
      vertex 33.092 56.4624 2.4
      vertex 32.8284 56.1716 13
      vertex 32.8284 56.1716 2.4
    endloop
  endfacet
  facet normal 0.671607 -0.740908 0
    outer loop
      vertex 32.5376 55.908 2.4
      vertex 32.8284 56.1716 13
      vertex 32.5376 55.908 13
    endloop
  endfacet
  facet normal 0.671607 -0.740908 0
    outer loop
      vertex 32.8284 56.1716 13
      vertex 32.5376 55.908 2.4
      vertex 32.8284 56.1716 2.4
    endloop
  endfacet
  facet normal -0.989174 -0.146746 0
    outer loop
      vertex 31.4928 59.147 2.4
      vertex 31.4712 59.2926 13
      vertex 31.4712 59.2926 2.4
    endloop
  endfacet
  facet normal -0.989174 -0.146746 0
    outer loop
      vertex 31.4712 59.2926 13
      vertex 31.4928 59.147 2.4
      vertex 31.4928 59.147 13
    endloop
  endfacet
  facet normal -0.998803 -0.0489209 0
    outer loop
      vertex 31.5 59 2.4
      vertex 31.4928 59.147 13
      vertex 31.4928 59.147 2.4
    endloop
  endfacet
  facet normal -0.998803 -0.0489209 0
    outer loop
      vertex 31.4928 59.147 13
      vertex 31.5 59 2.4
      vertex 31.5 59 13
    endloop
  endfacet
  facet normal -0.969982 -0.243175 0
    outer loop
      vertex 31.4712 59.2926 2.4
      vertex 31.4354 59.4354 13
      vertex 31.4354 59.4354 2.4
    endloop
  endfacet
  facet normal -0.969982 -0.243175 0
    outer loop
      vertex 31.4354 59.4354 13
      vertex 31.4712 59.2926 2.4
      vertex 31.4712 59.2926 13
    endloop
  endfacet
  facet normal -0.427269 0.904125 0
    outer loop
      vertex 30.7071 57.6771 2.4
      vertex 30.574 57.6142 13
      vertex 30.7071 57.6771 13
    endloop
  endfacet
  facet normal -0.427269 0.904125 0
    outer loop
      vertex 30.574 57.6142 13
      vertex 30.7071 57.6771 2.4
      vertex 30.574 57.6142 2.4
    endloop
  endfacet
  facet normal 0.595861 -0.803088 0
    outer loop
      vertex 29.0484 60.1595 2.4
      vertex 29.1666 60.2472 13
      vertex 29.0484 60.1595 13
    endloop
  endfacet
  facet normal 0.595861 -0.803088 0
    outer loop
      vertex 29.1666 60.2472 13
      vertex 29.0484 60.1595 2.4
      vertex 29.1666 60.2472 2.4
    endloop
  endfacet
  facet normal -0.243175 -0.969982 0
    outer loop
      vertex 30.2926 60.4712 2.4
      vertex 30.4354 60.4354 13
      vertex 30.2926 60.4712 13
    endloop
  endfacet
  facet normal -0.243175 -0.969982 -0
    outer loop
      vertex 30.4354 60.4354 13
      vertex 30.2926 60.4712 2.4
      vertex 30.4354 60.4354 2.4
    endloop
  endfacet
  facet normal 0.904125 -0.427269 0
    outer loop
      vertex 28.6142 59.574 13
      vertex 28.6771 59.7071 2.4
      vertex 28.6771 59.7071 13
    endloop
  endfacet
  facet normal 0.904125 -0.427269 0
    outer loop
      vertex 28.6771 59.7071 2.4
      vertex 28.6142 59.574 13
      vertex 28.6142 59.574 2.4
    endloop
  endfacet
  facet normal 0.969982 -0.243175 0
    outer loop
      vertex 28.5288 59.2926 13
      vertex 28.5646 59.4354 2.4
      vertex 28.5646 59.4354 13
    endloop
  endfacet
  facet normal 0.969982 -0.243175 0
    outer loop
      vertex 28.5646 59.4354 2.4
      vertex 28.5288 59.2926 13
      vertex 28.5288 59.2926 2.4
    endloop
  endfacet
  facet normal -0.514096 0.857733 0
    outer loop
      vertex 30.8334 57.7528 2.4
      vertex 30.7071 57.6771 13
      vertex 30.8334 57.7528 13
    endloop
  endfacet
  facet normal -0.514096 0.857733 0
    outer loop
      vertex 30.7071 57.6771 13
      vertex 30.8334 57.7528 2.4
      vertex 30.7071 57.6771 2.4
    endloop
  endfacet
  facet normal -0.243175 0.969982 0
    outer loop
      vertex 30.4354 57.5646 2.4
      vertex 30.2926 57.5288 13
      vertex 30.4354 57.5646 13
    endloop
  endfacet
  facet normal -0.243175 0.969982 0
    outer loop
      vertex 30.2926 57.5288 13
      vertex 30.4354 57.5646 2.4
      vertex 30.2926 57.5288 2.4
    endloop
  endfacet
  facet normal -0.0489209 -0.998803 0
    outer loop
      vertex 30 60.5 2.4
      vertex 30.147 60.4928 13
      vertex 30 60.5 13
    endloop
  endfacet
  facet normal -0.0489209 -0.998803 -0
    outer loop
      vertex 30.147 60.4928 13
      vertex 30 60.5 2.4
      vertex 30.147 60.4928 2.4
    endloop
  endfacet
  facet normal -0.146746 -0.989174 0
    outer loop
      vertex 30.147 60.4928 2.4
      vertex 30.2926 60.4712 13
      vertex 30.147 60.4928 13
    endloop
  endfacet
  facet normal -0.146746 -0.989174 -0
    outer loop
      vertex 30.2926 60.4712 13
      vertex 30.147 60.4928 2.4
      vertex 30.2926 60.4712 2.4
    endloop
  endfacet
  facet normal -0.427269 -0.904125 0
    outer loop
      vertex 30.574 60.3858 2.4
      vertex 30.7071 60.3229 13
      vertex 30.574 60.3858 13
    endloop
  endfacet
  facet normal -0.427269 -0.904125 -0
    outer loop
      vertex 30.7071 60.3229 13
      vertex 30.574 60.3858 2.4
      vertex 30.7071 60.3229 2.4
    endloop
  endfacet
  facet normal -0.146746 0.989174 0
    outer loop
      vertex 30.2926 57.5288 2.4
      vertex 30.147 57.5072 13
      vertex 30.2926 57.5288 13
    endloop
  endfacet
  facet normal -0.146746 0.989174 0
    outer loop
      vertex 30.147 57.5072 13
      vertex 30.2926 57.5288 2.4
      vertex 30.147 57.5072 2.4
    endloop
  endfacet
  facet normal -0.803088 0.595861 0
    outer loop
      vertex 31.1595 58.0484 2.4
      vertex 31.2472 58.1666 13
      vertex 31.2472 58.1666 2.4
    endloop
  endfacet
  facet normal -0.803088 0.595861 0
    outer loop
      vertex 31.2472 58.1666 13
      vertex 31.1595 58.0484 2.4
      vertex 31.1595 58.0484 13
    endloop
  endfacet
  facet normal 0.74123 0.671251 0
    outer loop
      vertex 28.9393 57.9393 13
      vertex 28.8405 58.0484 2.4
      vertex 28.8405 58.0484 13
    endloop
  endfacet
  facet normal 0.74123 0.671251 0
    outer loop
      vertex 28.8405 58.0484 2.4
      vertex 28.9393 57.9393 13
      vertex 28.9393 57.9393 2.4
    endloop
  endfacet
  facet normal 0.514096 -0.857733 0
    outer loop
      vertex 29.1666 60.2472 2.4
      vertex 29.2929 60.3229 13
      vertex 29.1666 60.2472 13
    endloop
  endfacet
  facet normal 0.514096 -0.857733 0
    outer loop
      vertex 29.2929 60.3229 13
      vertex 29.1666 60.2472 2.4
      vertex 29.2929 60.3229 2.4
    endloop
  endfacet
  facet normal -0.989174 0.146746 0
    outer loop
      vertex 31.4712 58.7074 2.4
      vertex 31.4928 58.853 13
      vertex 31.4928 58.853 2.4
    endloop
  endfacet
  facet normal -0.989174 0.146746 0
    outer loop
      vertex 31.4928 58.853 13
      vertex 31.4712 58.7074 2.4
      vertex 31.4712 58.7074 13
    endloop
  endfacet
  facet normal 0.146746 0.989174 -0
    outer loop
      vertex 29.853 57.5072 2.4
      vertex 29.7074 57.5288 13
      vertex 29.853 57.5072 13
    endloop
  endfacet
  facet normal 0.146746 0.989174 0
    outer loop
      vertex 29.7074 57.5288 13
      vertex 29.853 57.5072 2.4
      vertex 29.7074 57.5288 2.4
    endloop
  endfacet
  facet normal -0.595861 0.803088 0
    outer loop
      vertex 30.9516 57.8405 2.4
      vertex 30.8334 57.7528 13
      vertex 30.9516 57.8405 13
    endloop
  endfacet
  facet normal -0.595861 0.803088 0
    outer loop
      vertex 30.8334 57.7528 13
      vertex 30.9516 57.8405 2.4
      vertex 30.8334 57.7528 2.4
    endloop
  endfacet
  facet normal 0.0489209 0.998803 -0
    outer loop
      vertex 30 57.5 2.4
      vertex 29.853 57.5072 13
      vertex 30 57.5 13
    endloop
  endfacet
  facet normal 0.0489209 0.998803 0
    outer loop
      vertex 29.853 57.5072 13
      vertex 30 57.5 2.4
      vertex 29.853 57.5072 2.4
    endloop
  endfacet
  facet normal -0.595861 -0.803088 0
    outer loop
      vertex 30.8334 60.2472 2.4
      vertex 30.9516 60.1595 13
      vertex 30.8334 60.2472 13
    endloop
  endfacet
  facet normal -0.595861 -0.803088 -0
    outer loop
      vertex 30.9516 60.1595 13
      vertex 30.8334 60.2472 2.4
      vertex 30.9516 60.1595 2.4
    endloop
  endfacet
  facet normal -0.969982 0.243175 0
    outer loop
      vertex 31.4354 58.5646 2.4
      vertex 31.4712 58.7074 13
      vertex 31.4712 58.7074 2.4
    endloop
  endfacet
  facet normal -0.969982 0.243175 0
    outer loop
      vertex 31.4712 58.7074 13
      vertex 31.4354 58.5646 2.4
      vertex 31.4354 58.5646 13
    endloop
  endfacet
  facet normal 0.989174 -0.146746 0
    outer loop
      vertex 28.5072 59.147 13
      vertex 28.5288 59.2926 2.4
      vertex 28.5288 59.2926 13
    endloop
  endfacet
  facet normal 0.989174 -0.146746 0
    outer loop
      vertex 28.5288 59.2926 2.4
      vertex 28.5072 59.147 13
      vertex 28.5072 59.147 2.4
    endloop
  endfacet
  facet normal 0.857733 -0.514096 0
    outer loop
      vertex 28.6771 59.7071 13
      vertex 28.7528 59.8334 2.4
      vertex 28.7528 59.8334 13
    endloop
  endfacet
  facet normal 0.857733 -0.514096 0
    outer loop
      vertex 28.7528 59.8334 2.4
      vertex 28.6771 59.7071 13
      vertex 28.6771 59.7071 2.4
    endloop
  endfacet
  facet normal 0.941527 0.336939 0
    outer loop
      vertex 28.6142 58.426 13
      vertex 28.5646 58.5646 2.4
      vertex 28.5646 58.5646 13
    endloop
  endfacet
  facet normal 0.941527 0.336939 0
    outer loop
      vertex 28.5646 58.5646 2.4
      vertex 28.6142 58.426 13
      vertex 28.6142 58.426 2.4
    endloop
  endfacet
  facet normal 0.146746 -0.989174 0
    outer loop
      vertex 29.7074 60.4712 2.4
      vertex 29.853 60.4928 13
      vertex 29.7074 60.4712 13
    endloop
  endfacet
  facet normal 0.146746 -0.989174 0
    outer loop
      vertex 29.853 60.4928 13
      vertex 29.7074 60.4712 2.4
      vertex 29.853 60.4928 2.4
    endloop
  endfacet
  facet normal -0.803088 -0.595861 0
    outer loop
      vertex 31.2472 59.8334 2.4
      vertex 31.1595 59.9516 13
      vertex 31.1595 59.9516 2.4
    endloop
  endfacet
  facet normal -0.803088 -0.595861 0
    outer loop
      vertex 31.1595 59.9516 13
      vertex 31.2472 59.8334 2.4
      vertex 31.2472 59.8334 13
    endloop
  endfacet
  facet normal 0.969982 0.243175 0
    outer loop
      vertex 28.5646 58.5646 13
      vertex 28.5288 58.7074 2.4
      vertex 28.5288 58.7074 13
    endloop
  endfacet
  facet normal 0.969982 0.243175 0
    outer loop
      vertex 28.5288 58.7074 2.4
      vertex 28.5646 58.5646 13
      vertex 28.5646 58.5646 2.4
    endloop
  endfacet
  facet normal 0.998803 0.0489209 0
    outer loop
      vertex 28.5072 58.853 13
      vertex 28.5 59 2.4
      vertex 28.5 59 13
    endloop
  endfacet
  facet normal 0.998803 0.0489209 0
    outer loop
      vertex 28.5 59 2.4
      vertex 28.5072 58.853 13
      vertex 28.5072 58.853 2.4
    endloop
  endfacet
  facet normal -0.514096 -0.857733 0
    outer loop
      vertex 30.7071 60.3229 2.4
      vertex 30.8334 60.2472 13
      vertex 30.7071 60.3229 13
    endloop
  endfacet
  facet normal -0.514096 -0.857733 -0
    outer loop
      vertex 30.8334 60.2472 13
      vertex 30.7071 60.3229 2.4
      vertex 30.8334 60.2472 2.4
    endloop
  endfacet
  facet normal -0.998803 0.0489209 0
    outer loop
      vertex 31.4928 58.853 2.4
      vertex 31.5 59 13
      vertex 31.5 59 2.4
    endloop
  endfacet
  facet normal -0.998803 0.0489209 0
    outer loop
      vertex 31.5 59 13
      vertex 31.4928 58.853 2.4
      vertex 31.4928 58.853 13
    endloop
  endfacet
  facet normal -0.904125 0.427269 0
    outer loop
      vertex 31.3229 58.2929 2.4
      vertex 31.3858 58.426 13
      vertex 31.3858 58.426 2.4
    endloop
  endfacet
  facet normal -0.904125 0.427269 0
    outer loop
      vertex 31.3858 58.426 13
      vertex 31.3229 58.2929 2.4
      vertex 31.3229 58.2929 13
    endloop
  endfacet
  facet normal -0.857733 -0.514096 0
    outer loop
      vertex 31.3229 59.7071 2.4
      vertex 31.2472 59.8334 13
      vertex 31.2472 59.8334 2.4
    endloop
  endfacet
  facet normal -0.857733 -0.514096 0
    outer loop
      vertex 31.2472 59.8334 13
      vertex 31.3229 59.7071 2.4
      vertex 31.3229 59.7071 13
    endloop
  endfacet
  facet normal -0.74123 -0.671251 0
    outer loop
      vertex 31.1595 59.9516 2.4
      vertex 31.0607 60.0607 13
      vertex 31.0607 60.0607 2.4
    endloop
  endfacet
  facet normal -0.74123 -0.671251 0
    outer loop
      vertex 31.0607 60.0607 13
      vertex 31.1595 59.9516 2.4
      vertex 31.1595 59.9516 13
    endloop
  endfacet
  facet normal 0.0489209 -0.998803 0
    outer loop
      vertex 29.853 60.4928 2.4
      vertex 30 60.5 13
      vertex 29.853 60.4928 13
    endloop
  endfacet
  facet normal 0.0489209 -0.998803 0
    outer loop
      vertex 30 60.5 13
      vertex 29.853 60.4928 2.4
      vertex 30 60.5 2.4
    endloop
  endfacet
  facet normal 0.74123 -0.671251 0
    outer loop
      vertex 28.8405 59.9516 13
      vertex 28.9393 60.0607 2.4
      vertex 28.9393 60.0607 13
    endloop
  endfacet
  facet normal 0.74123 -0.671251 0
    outer loop
      vertex 28.9393 60.0607 2.4
      vertex 28.8405 59.9516 13
      vertex 28.8405 59.9516 2.4
    endloop
  endfacet
  facet normal 0.671251 0.74123 -0
    outer loop
      vertex 29.0484 57.8405 2.4
      vertex 28.9393 57.9393 13
      vertex 29.0484 57.8405 13
    endloop
  endfacet
  facet normal 0.671251 0.74123 0
    outer loop
      vertex 28.9393 57.9393 13
      vertex 29.0484 57.8405 2.4
      vertex 28.9393 57.9393 2.4
    endloop
  endfacet
  facet normal -0.0489209 0.998803 0
    outer loop
      vertex 30.147 57.5072 2.4
      vertex 30 57.5 13
      vertex 30.147 57.5072 13
    endloop
  endfacet
  facet normal -0.0489209 0.998803 0
    outer loop
      vertex 30 57.5 13
      vertex 30.147 57.5072 2.4
      vertex 30 57.5 2.4
    endloop
  endfacet
  facet normal -0.941527 -0.336939 0
    outer loop
      vertex 31.4354 59.4354 2.4
      vertex 31.3858 59.574 13
      vertex 31.3858 59.574 2.4
    endloop
  endfacet
  facet normal -0.941527 -0.336939 0
    outer loop
      vertex 31.3858 59.574 13
      vertex 31.4354 59.4354 2.4
      vertex 31.4354 59.4354 13
    endloop
  endfacet
  facet normal -0.857733 0.514096 0
    outer loop
      vertex 31.2472 58.1666 2.4
      vertex 31.3229 58.2929 13
      vertex 31.3229 58.2929 2.4
    endloop
  endfacet
  facet normal -0.857733 0.514096 0
    outer loop
      vertex 31.3229 58.2929 13
      vertex 31.2472 58.1666 2.4
      vertex 31.2472 58.1666 13
    endloop
  endfacet
  facet normal -0.671251 -0.74123 0
    outer loop
      vertex 30.9516 60.1595 2.4
      vertex 31.0607 60.0607 13
      vertex 30.9516 60.1595 13
    endloop
  endfacet
  facet normal -0.671251 -0.74123 -0
    outer loop
      vertex 31.0607 60.0607 13
      vertex 30.9516 60.1595 2.4
      vertex 31.0607 60.0607 2.4
    endloop
  endfacet
  facet normal 0.243175 -0.969982 0
    outer loop
      vertex 29.5646 60.4354 2.4
      vertex 29.7074 60.4712 13
      vertex 29.5646 60.4354 13
    endloop
  endfacet
  facet normal 0.243175 -0.969982 0
    outer loop
      vertex 29.7074 60.4712 13
      vertex 29.5646 60.4354 2.4
      vertex 29.7074 60.4712 2.4
    endloop
  endfacet
  facet normal -0.941527 0.336939 0
    outer loop
      vertex 31.3858 58.426 2.4
      vertex 31.4354 58.5646 13
      vertex 31.4354 58.5646 2.4
    endloop
  endfacet
  facet normal -0.941527 0.336939 0
    outer loop
      vertex 31.4354 58.5646 13
      vertex 31.3858 58.426 2.4
      vertex 31.3858 58.426 13
    endloop
  endfacet
  facet normal -0.336939 0.941527 0
    outer loop
      vertex 30.574 57.6142 2.4
      vertex 30.4354 57.5646 13
      vertex 30.574 57.6142 13
    endloop
  endfacet
  facet normal -0.336939 0.941527 0
    outer loop
      vertex 30.4354 57.5646 13
      vertex 30.574 57.6142 2.4
      vertex 30.4354 57.5646 2.4
    endloop
  endfacet
  facet normal 0.427269 -0.904125 0
    outer loop
      vertex 29.2929 60.3229 2.4
      vertex 29.426 60.3858 13
      vertex 29.2929 60.3229 13
    endloop
  endfacet
  facet normal 0.427269 -0.904125 0
    outer loop
      vertex 29.426 60.3858 13
      vertex 29.2929 60.3229 2.4
      vertex 29.426 60.3858 2.4
    endloop
  endfacet
  facet normal -0.904125 -0.427269 0
    outer loop
      vertex 31.3858 59.574 2.4
      vertex 31.3229 59.7071 13
      vertex 31.3229 59.7071 2.4
    endloop
  endfacet
  facet normal -0.904125 -0.427269 0
    outer loop
      vertex 31.3229 59.7071 13
      vertex 31.3858 59.574 2.4
      vertex 31.3858 59.574 13
    endloop
  endfacet
  facet normal 0.671251 -0.74123 0
    outer loop
      vertex 28.9393 60.0607 2.4
      vertex 29.0484 60.1595 13
      vertex 28.9393 60.0607 13
    endloop
  endfacet
  facet normal 0.671251 -0.74123 0
    outer loop
      vertex 29.0484 60.1595 13
      vertex 28.9393 60.0607 2.4
      vertex 29.0484 60.1595 2.4
    endloop
  endfacet
  facet normal -0.336939 -0.941527 0
    outer loop
      vertex 30.4354 60.4354 2.4
      vertex 30.574 60.3858 13
      vertex 30.4354 60.4354 13
    endloop
  endfacet
  facet normal -0.336939 -0.941527 -0
    outer loop
      vertex 30.574 60.3858 13
      vertex 30.4354 60.4354 2.4
      vertex 30.574 60.3858 2.4
    endloop
  endfacet
  facet normal 0.336939 -0.941527 0
    outer loop
      vertex 29.426 60.3858 2.4
      vertex 29.5646 60.4354 13
      vertex 29.426 60.3858 13
    endloop
  endfacet
  facet normal 0.336939 -0.941527 0
    outer loop
      vertex 29.5646 60.4354 13
      vertex 29.426 60.3858 2.4
      vertex 29.5646 60.4354 2.4
    endloop
  endfacet
  facet normal 0.857733 0.514096 0
    outer loop
      vertex 28.7528 58.1666 13
      vertex 28.6771 58.2929 2.4
      vertex 28.6771 58.2929 13
    endloop
  endfacet
  facet normal 0.857733 0.514096 0
    outer loop
      vertex 28.6771 58.2929 2.4
      vertex 28.7528 58.1666 13
      vertex 28.7528 58.1666 2.4
    endloop
  endfacet
  facet normal 0.514096 0.857733 -0
    outer loop
      vertex 29.2929 57.6771 2.4
      vertex 29.1666 57.7528 13
      vertex 29.2929 57.6771 13
    endloop
  endfacet
  facet normal 0.514096 0.857733 0
    outer loop
      vertex 29.1666 57.7528 13
      vertex 29.2929 57.6771 2.4
      vertex 29.1666 57.7528 2.4
    endloop
  endfacet
  facet normal 0.427269 0.904125 -0
    outer loop
      vertex 29.426 57.6142 2.4
      vertex 29.2929 57.6771 13
      vertex 29.426 57.6142 13
    endloop
  endfacet
  facet normal 0.427269 0.904125 0
    outer loop
      vertex 29.2929 57.6771 13
      vertex 29.426 57.6142 2.4
      vertex 29.2929 57.6771 2.4
    endloop
  endfacet
  facet normal 0.803088 0.595861 0
    outer loop
      vertex 28.8405 58.0484 13
      vertex 28.7528 58.1666 2.4
      vertex 28.7528 58.1666 13
    endloop
  endfacet
  facet normal 0.803088 0.595861 0
    outer loop
      vertex 28.7528 58.1666 2.4
      vertex 28.8405 58.0484 13
      vertex 28.8405 58.0484 2.4
    endloop
  endfacet
  facet normal 0.243175 0.969982 -0
    outer loop
      vertex 29.7074 57.5288 2.4
      vertex 29.5646 57.5646 13
      vertex 29.7074 57.5288 13
    endloop
  endfacet
  facet normal 0.243175 0.969982 0
    outer loop
      vertex 29.5646 57.5646 13
      vertex 29.7074 57.5288 2.4
      vertex 29.5646 57.5646 2.4
    endloop
  endfacet
  facet normal 0.336939 0.941527 -0
    outer loop
      vertex 29.5646 57.5646 2.4
      vertex 29.426 57.6142 13
      vertex 29.5646 57.5646 13
    endloop
  endfacet
  facet normal 0.336939 0.941527 0
    outer loop
      vertex 29.426 57.6142 13
      vertex 29.5646 57.5646 2.4
      vertex 29.426 57.6142 2.4
    endloop
  endfacet
  facet normal 0.989174 0.146746 0
    outer loop
      vertex 28.5288 58.7074 13
      vertex 28.5072 58.853 2.4
      vertex 28.5072 58.853 13
    endloop
  endfacet
  facet normal 0.989174 0.146746 0
    outer loop
      vertex 28.5072 58.853 2.4
      vertex 28.5288 58.7074 13
      vertex 28.5288 58.7074 2.4
    endloop
  endfacet
  facet normal 0.595861 0.803088 -0
    outer loop
      vertex 29.1666 57.7528 2.4
      vertex 29.0484 57.8405 13
      vertex 29.1666 57.7528 13
    endloop
  endfacet
  facet normal 0.595861 0.803088 0
    outer loop
      vertex 29.0484 57.8405 13
      vertex 29.1666 57.7528 2.4
      vertex 29.0484 57.8405 2.4
    endloop
  endfacet
  facet normal 0.904125 0.427269 0
    outer loop
      vertex 28.6771 58.2929 13
      vertex 28.6142 58.426 2.4
      vertex 28.6142 58.426 13
    endloop
  endfacet
  facet normal 0.904125 0.427269 0
    outer loop
      vertex 28.6142 58.426 2.4
      vertex 28.6771 58.2929 13
      vertex 28.6771 58.2929 2.4
    endloop
  endfacet
  facet normal 0.941527 -0.336939 0
    outer loop
      vertex 28.5646 59.4354 13
      vertex 28.6142 59.574 2.4
      vertex 28.6142 59.574 13
    endloop
  endfacet
  facet normal 0.941527 -0.336939 0
    outer loop
      vertex 28.6142 59.574 2.4
      vertex 28.5646 59.4354 13
      vertex 28.5646 59.4354 2.4
    endloop
  endfacet
  facet normal 0.803088 -0.595861 0
    outer loop
      vertex 28.7528 59.8334 13
      vertex 28.8405 59.9516 2.4
      vertex 28.8405 59.9516 13
    endloop
  endfacet
  facet normal 0.803088 -0.595861 0
    outer loop
      vertex 28.8405 59.9516 2.4
      vertex 28.7528 59.8334 13
      vertex 28.7528 59.8334 2.4
    endloop
  endfacet
  facet normal 0.998803 -0.0489209 0
    outer loop
      vertex 28.5 59 13
      vertex 28.5072 59.147 2.4
      vertex 28.5072 59.147 13
    endloop
  endfacet
  facet normal 0.998803 -0.0489209 0
    outer loop
      vertex 28.5072 59.147 2.4
      vertex 28.5 59 13
      vertex 28.5 59 2.4
    endloop
  endfacet
  facet normal -0.74123 0.671251 0
    outer loop
      vertex 31.0607 57.9393 2.4
      vertex 31.1595 58.0484 13
      vertex 31.1595 58.0484 2.4
    endloop
  endfacet
  facet normal -0.74123 0.671251 0
    outer loop
      vertex 31.1595 58.0484 13
      vertex 31.0607 57.9393 2.4
      vertex 31.0607 57.9393 13
    endloop
  endfacet
  facet normal -0.671251 0.74123 0
    outer loop
      vertex 31.0607 57.9393 2.4
      vertex 30.9516 57.8405 13
      vertex 31.0607 57.9393 13
    endloop
  endfacet
  facet normal -0.671251 0.74123 0
    outer loop
      vertex 30.9516 57.8405 13
      vertex 31.0607 57.9393 2.4
      vertex 30.9516 57.8405 2.4
    endloop
  endfacet
  facet normal -0.595687 -0.803217 0
    outer loop
      vertex 1.9445 -31.4899 0
      vertex 2.22038 -31.6945 2.4
      vertex 1.9445 -31.4899 2.4
    endloop
  endfacet
  facet normal -0.595687 -0.803217 -0
    outer loop
      vertex 2.22038 -31.6945 2.4
      vertex 1.9445 -31.4899 0
      vertex 2.22038 -31.6945 0
    endloop
  endfacet
  facet normal -0.989172 -0.14676 0
    outer loop
      vertex 3.48315 -34.0569 0
      vertex 3.43275 -33.7172 2.4
      vertex 3.43275 -33.7172 0
    endloop
  endfacet
  facet normal -0.989172 -0.14676 0
    outer loop
      vertex 3.43275 -33.7172 2.4
      vertex 3.48315 -34.0569 0
      vertex 3.48315 -34.0569 2.4
    endloop
  endfacet
  facet normal -0.998796 -0.0490519 0
    outer loop
      vertex 3.5 -34.4 0
      vertex 3.48315 -34.0569 2.4
      vertex 3.48315 -34.0569 0
    endloop
  endfacet
  facet normal -0.998796 -0.0490519 0
    outer loop
      vertex 3.48315 -34.0569 2.4
      vertex 3.5 -34.4 0
      vertex 3.5 -34.4 2.4
    endloop
  endfacet
  facet normal -0.970033 -0.242974 0
    outer loop
      vertex 3.43275 -33.7172 0
      vertex 3.34929 -33.384 2.4
      vertex 3.34929 -33.384 0
    endloop
  endfacet
  facet normal -0.970033 -0.242974 0
    outer loop
      vertex 3.34929 -33.384 2.4
      vertex 3.43275 -33.7172 0
      vertex 3.43275 -33.7172 2.4
    endloop
  endfacet
  facet normal -0.427661 -0.903939 0
    outer loop
      vertex 1.33939 -31.1664 0
      vertex 1.64989 -31.3133 2.4
      vertex 1.33939 -31.1664 2.4
    endloop
  endfacet
  facet normal -0.427661 -0.903939 -0
    outer loop
      vertex 1.64989 -31.3133 2.4
      vertex 1.33939 -31.1664 0
      vertex 1.64989 -31.3133 0
    endloop
  endfacet
  facet normal -0.146736 -0.989176 0
    outer loop
      vertex 0.34306 -30.9169 0
      vertex 0.682816 -30.9673 2.4
      vertex 0.34306 -30.9169 2.4
    endloop
  endfacet
  facet normal -0.146736 -0.989176 -0
    outer loop
      vertex 0.682816 -30.9673 2.4
      vertex 0.34306 -30.9169 0
      vertex 0.682816 -30.9673 0
    endloop
  endfacet
  facet normal -0.857724 0.51411 0
    outer loop
      vertex 2.91014 -36.3445 0
      vertex 3.08672 -36.0499 2.4
      vertex 3.08672 -36.0499 0
    endloop
  endfacet
  facet normal -0.857724 0.51411 0
    outer loop
      vertex 3.08672 -36.0499 2.4
      vertex 2.91014 -36.3445 0
      vertex 2.91014 -36.3445 2.4
    endloop
  endfacet
  facet normal -0.595687 0.803217 0
    outer loop
      vertex 2.22038 -37.1055 0
      vertex 1.9445 -37.3101 2.4
      vertex 2.22038 -37.1055 2.4
    endloop
  endfacet
  facet normal -0.595687 0.803217 0
    outer loop
      vertex 1.9445 -37.3101 2.4
      vertex 2.22038 -37.1055 0
      vertex 1.9445 -37.3101 0
    endloop
  endfacet
  facet normal -0.427661 0.903939 0
    outer loop
      vertex 1.64989 -37.4867 0
      vertex 1.33939 -37.6336 2.4
      vertex 1.64989 -37.4867 2.4
    endloop
  endfacet
  facet normal -0.427661 0.903939 0
    outer loop
      vertex 1.33939 -37.6336 2.4
      vertex 1.64989 -37.4867 0
      vertex 1.33939 -37.6336 0
    endloop
  endfacet
  facet normal -0.998796 0.0490519 0
    outer loop
      vertex 3.48315 -34.7431 0
      vertex 3.5 -34.4 2.4
      vertex 3.5 -34.4 0
    endloop
  endfacet
  facet normal -0.998796 0.0490519 0
    outer loop
      vertex 3.5 -34.4 2.4
      vertex 3.48315 -34.7431 0
      vertex 3.48315 -34.7431 2.4
    endloop
  endfacet
  facet normal 0.989172 -0.14676 0
    outer loop
      vertex -3.48315 -34.0569 2.4
      vertex -3.43275 -33.7172 0
      vertex -3.43275 -33.7172 2.4
    endloop
  endfacet
  facet normal 0.989172 -0.14676 0
    outer loop
      vertex -3.43275 -33.7172 0
      vertex -3.48315 -34.0569 2.4
      vertex -3.48315 -34.0569 0
    endloop
  endfacet
  facet normal 0.740944 0.671566 0
    outer loop
      vertex -2.47487 -36.8749 2.4
      vertex -2.70554 -36.6204 0
      vertex -2.70554 -36.6204 2.4
    endloop
  endfacet
  facet normal 0.740944 0.671566 0
    outer loop
      vertex -2.70554 -36.6204 0
      vertex -2.47487 -36.8749 2.4
      vertex -2.47487 -36.8749 0
    endloop
  endfacet
  facet normal 0.51414 0.857706 -0
    outer loop
      vertex -1.64989 -37.4867 0
      vertex -1.9445 -37.3101 2.4
      vertex -1.64989 -37.4867 2.4
    endloop
  endfacet
  facet normal 0.51414 0.857706 0
    outer loop
      vertex -1.9445 -37.3101 2.4
      vertex -1.64989 -37.4867 0
      vertex -1.9445 -37.3101 0
    endloop
  endfacet
  facet normal -0.671469 -0.741033 0
    outer loop
      vertex 2.22038 -31.6945 0
      vertex 2.47487 -31.9251 2.4
      vertex 2.22038 -31.6945 2.4
    endloop
  endfacet
  facet normal -0.671469 -0.741033 -0
    outer loop
      vertex 2.47487 -31.9251 2.4
      vertex 2.22038 -31.6945 0
      vertex 2.47487 -31.9251 0
    endloop
  endfacet
  facet normal -0.51414 -0.857706 0
    outer loop
      vertex 1.64989 -31.3133 0
      vertex 1.9445 -31.4899 2.4
      vertex 1.64989 -31.3133 2.4
    endloop
  endfacet
  facet normal -0.51414 -0.857706 -0
    outer loop
      vertex 1.9445 -31.4899 2.4
      vertex 1.64989 -31.3133 0
      vertex 1.9445 -31.4899 0
    endloop
  endfacet
  facet normal 0.336862 -0.941554 0
    outer loop
      vertex -1.33939 -31.1664 0
      vertex -1.016 -31.0507 2.4
      vertex -1.33939 -31.1664 2.4
    endloop
  endfacet
  facet normal 0.336862 -0.941554 0
    outer loop
      vertex -1.016 -31.0507 2.4
      vertex -1.33939 -31.1664 0
      vertex -1.016 -31.0507 0
    endloop
  endfacet
  facet normal 0.336862 0.941554 -0
    outer loop
      vertex -1.016 -37.7493 0
      vertex -1.33939 -37.6336 2.4
      vertex -1.016 -37.7493 2.4
    endloop
  endfacet
  facet normal 0.336862 0.941554 0
    outer loop
      vertex -1.33939 -37.6336 2.4
      vertex -1.016 -37.7493 0
      vertex -1.33939 -37.6336 0
    endloop
  endfacet
  facet normal 0.0492029 -0.998789 0
    outer loop
      vertex -0.34306 -30.9169 0
      vertex 0 -30.9 2.4
      vertex -0.34306 -30.9169 2.4
    endloop
  endfacet
  facet normal 0.0492029 -0.998789 0
    outer loop
      vertex 0 -30.9 2.4
      vertex -0.34306 -30.9169 0
      vertex 0 -30.9 0
    endloop
  endfacet
  facet normal 0.146736 -0.989176 0
    outer loop
      vertex -0.682816 -30.9673 0
      vertex -0.34306 -30.9169 2.4
      vertex -0.682816 -30.9673 2.4
    endloop
  endfacet
  facet normal 0.146736 -0.989176 0
    outer loop
      vertex -0.34306 -30.9169 2.4
      vertex -0.682816 -30.9673 0
      vertex -0.34306 -30.9169 0
    endloop
  endfacet
  facet normal 0.998796 0.0490519 0
    outer loop
      vertex -3.48315 -34.7431 2.4
      vertex -3.5 -34.4 0
      vertex -3.5 -34.4 2.4
    endloop
  endfacet
  facet normal 0.998796 0.0490519 0
    outer loop
      vertex -3.5 -34.4 0
      vertex -3.48315 -34.7431 2.4
      vertex -3.48315 -34.7431 0
    endloop
  endfacet
  facet normal -0.242821 -0.970071 0
    outer loop
      vertex 0.682816 -30.9673 0
      vertex 1.016 -31.0507 2.4
      vertex 0.682816 -30.9673 2.4
    endloop
  endfacet
  facet normal -0.242821 -0.970071 -0
    outer loop
      vertex 1.016 -31.0507 2.4
      vertex 0.682816 -30.9673 0
      vertex 1.016 -31.0507 0
    endloop
  endfacet
  facet normal 0.242821 -0.970071 0
    outer loop
      vertex -1.016 -31.0507 0
      vertex -0.682816 -30.9673 2.4
      vertex -1.016 -31.0507 2.4
    endloop
  endfacet
  facet normal 0.242821 -0.970071 0
    outer loop
      vertex -0.682816 -30.9673 2.4
      vertex -1.016 -31.0507 0
      vertex -0.682816 -30.9673 0
    endloop
  endfacet
  facet normal -0.903984 0.427566 0
    outer loop
      vertex 3.08672 -36.0499 0
      vertex 3.23358 -35.7394 2.4
      vertex 3.23358 -35.7394 0
    endloop
  endfacet
  facet normal -0.903984 0.427566 0
    outer loop
      vertex 3.23358 -35.7394 2.4
      vertex 3.08672 -36.0499 0
      vertex 3.08672 -36.0499 2.4
    endloop
  endfacet
  facet normal 0.595687 -0.803217 0
    outer loop
      vertex -2.22038 -31.6945 0
      vertex -1.9445 -31.4899 2.4
      vertex -2.22038 -31.6945 2.4
    endloop
  endfacet
  facet normal 0.595687 -0.803217 0
    outer loop
      vertex -1.9445 -31.4899 2.4
      vertex -2.22038 -31.6945 0
      vertex -1.9445 -31.4899 0
    endloop
  endfacet
  facet normal -0.146736 0.989176 0
    outer loop
      vertex 0.682816 -37.8327 0
      vertex 0.34306 -37.8831 2.4
      vertex 0.682816 -37.8327 2.4
    endloop
  endfacet
  facet normal -0.146736 0.989176 0
    outer loop
      vertex 0.34306 -37.8831 2.4
      vertex 0.682816 -37.8327 0
      vertex 0.34306 -37.8831 0
    endloop
  endfacet
  facet normal -0.51414 0.857706 0
    outer loop
      vertex 1.9445 -37.3101 0
      vertex 1.64989 -37.4867 2.4
      vertex 1.9445 -37.3101 2.4
    endloop
  endfacet
  facet normal -0.51414 0.857706 0
    outer loop
      vertex 1.64989 -37.4867 2.4
      vertex 1.9445 -37.3101 0
      vertex 1.64989 -37.4867 0
    endloop
  endfacet
  facet normal 0.998796 -0.0490519 0
    outer loop
      vertex -3.5 -34.4 2.4
      vertex -3.48315 -34.0569 0
      vertex -3.48315 -34.0569 2.4
    endloop
  endfacet
  facet normal 0.998796 -0.0490519 0
    outer loop
      vertex -3.48315 -34.0569 0
      vertex -3.5 -34.4 2.4
      vertex -3.5 -34.4 0
    endloop
  endfacet
  facet normal -0.803237 -0.595659 0
    outer loop
      vertex 2.91014 -32.4555 0
      vertex 2.70554 -32.1796 2.4
      vertex 2.70554 -32.1796 0
    endloop
  endfacet
  facet normal -0.803237 -0.595659 0
    outer loop
      vertex 2.70554 -32.1796 2.4
      vertex 2.91014 -32.4555 0
      vertex 2.91014 -32.4555 2.4
    endloop
  endfacet
  facet normal 0.242821 0.970071 -0
    outer loop
      vertex -0.682816 -37.8327 0
      vertex -1.016 -37.7493 2.4
      vertex -0.682816 -37.8327 2.4
    endloop
  endfacet
  facet normal 0.242821 0.970071 0
    outer loop
      vertex -1.016 -37.7493 2.4
      vertex -0.682816 -37.8327 0
      vertex -1.016 -37.7493 0
    endloop
  endfacet
  facet normal 0.857724 -0.51411 0
    outer loop
      vertex -3.08672 -32.7501 2.4
      vertex -2.91014 -32.4555 0
      vertex -2.91014 -32.4555 2.4
    endloop
  endfacet
  facet normal 0.857724 -0.51411 0
    outer loop
      vertex -2.91014 -32.4555 0
      vertex -3.08672 -32.7501 2.4
      vertex -3.08672 -32.7501 0
    endloop
  endfacet
  facet normal -0.336862 -0.941554 0
    outer loop
      vertex 1.016 -31.0507 0
      vertex 1.33939 -31.1664 2.4
      vertex 1.016 -31.0507 2.4
    endloop
  endfacet
  facet normal -0.336862 -0.941554 -0
    outer loop
      vertex 1.33939 -31.1664 2.4
      vertex 1.016 -31.0507 0
      vertex 1.33939 -31.1664 0
    endloop
  endfacet
  facet normal 0.740944 -0.671566 0
    outer loop
      vertex -2.70554 -32.1796 2.4
      vertex -2.47487 -31.9251 0
      vertex -2.47487 -31.9251 2.4
    endloop
  endfacet
  facet normal 0.740944 -0.671566 0
    outer loop
      vertex -2.47487 -31.9251 0
      vertex -2.70554 -32.1796 2.4
      vertex -2.70554 -32.1796 0
    endloop
  endfacet
  facet normal 0.970033 0.242974 0
    outer loop
      vertex -3.34929 -35.416 2.4
      vertex -3.43275 -35.0828 0
      vertex -3.43275 -35.0828 2.4
    endloop
  endfacet
  facet normal 0.970033 0.242974 0
    outer loop
      vertex -3.43275 -35.0828 0
      vertex -3.34929 -35.416 2.4
      vertex -3.34929 -35.416 0
    endloop
  endfacet
  facet normal 0.970033 -0.242974 0
    outer loop
      vertex -3.43275 -33.7172 2.4
      vertex -3.34929 -33.384 0
      vertex -3.34929 -33.384 2.4
    endloop
  endfacet
  facet normal 0.970033 -0.242974 0
    outer loop
      vertex -3.34929 -33.384 0
      vertex -3.43275 -33.7172 2.4
      vertex -3.43275 -33.7172 0
    endloop
  endfacet
  facet normal 0.146736 0.989176 -0
    outer loop
      vertex -0.34306 -37.8831 0
      vertex -0.682816 -37.8327 2.4
      vertex -0.34306 -37.8831 2.4
    endloop
  endfacet
  facet normal 0.146736 0.989176 0
    outer loop
      vertex -0.682816 -37.8327 2.4
      vertex -0.34306 -37.8831 0
      vertex -0.682816 -37.8327 0
    endloop
  endfacet
  facet normal -0.803237 0.595659 0
    outer loop
      vertex 2.70554 -36.6204 0
      vertex 2.91014 -36.3445 2.4
      vertex 2.91014 -36.3445 0
    endloop
  endfacet
  facet normal -0.803237 0.595659 0
    outer loop
      vertex 2.91014 -36.3445 2.4
      vertex 2.70554 -36.6204 0
      vertex 2.70554 -36.6204 2.4
    endloop
  endfacet
  facet normal -0.941548 0.336879 0
    outer loop
      vertex 3.23358 -35.7394 0
      vertex 3.34929 -35.416 2.4
      vertex 3.34929 -35.416 0
    endloop
  endfacet
  facet normal -0.941548 0.336879 0
    outer loop
      vertex 3.34929 -35.416 2.4
      vertex 3.23358 -35.7394 0
      vertex 3.23358 -35.7394 2.4
    endloop
  endfacet
  facet normal -0.336862 0.941554 0
    outer loop
      vertex 1.33939 -37.6336 0
      vertex 1.016 -37.7493 2.4
      vertex 1.33939 -37.6336 2.4
    endloop
  endfacet
  facet normal -0.336862 0.941554 0
    outer loop
      vertex 1.016 -37.7493 2.4
      vertex 1.33939 -37.6336 0
      vertex 1.016 -37.7493 0
    endloop
  endfacet
  facet normal 0.989172 0.14676 0
    outer loop
      vertex -3.43275 -35.0828 2.4
      vertex -3.48315 -34.7431 0
      vertex -3.48315 -34.7431 2.4
    endloop
  endfacet
  facet normal 0.989172 0.14676 0
    outer loop
      vertex -3.48315 -34.7431 0
      vertex -3.43275 -35.0828 2.4
      vertex -3.43275 -35.0828 0
    endloop
  endfacet
  facet normal -0.0492029 -0.998789 0
    outer loop
      vertex 0 -30.9 0
      vertex 0.34306 -30.9169 2.4
      vertex 0 -30.9 2.4
    endloop
  endfacet
  facet normal -0.0492029 -0.998789 -0
    outer loop
      vertex 0.34306 -30.9169 2.4
      vertex 0 -30.9 0
      vertex 0.34306 -30.9169 0
    endloop
  endfacet
  facet normal -0.941548 -0.336879 0
    outer loop
      vertex 3.34929 -33.384 0
      vertex 3.23358 -33.0606 2.4
      vertex 3.23358 -33.0606 0
    endloop
  endfacet
  facet normal -0.941548 -0.336879 0
    outer loop
      vertex 3.23358 -33.0606 2.4
      vertex 3.34929 -33.384 0
      vertex 3.34929 -33.384 2.4
    endloop
  endfacet
  facet normal -0.970033 0.242974 0
    outer loop
      vertex 3.34929 -35.416 0
      vertex 3.43275 -35.0828 2.4
      vertex 3.43275 -35.0828 0
    endloop
  endfacet
  facet normal -0.970033 0.242974 0
    outer loop
      vertex 3.43275 -35.0828 2.4
      vertex 3.34929 -35.416 0
      vertex 3.34929 -35.416 2.4
    endloop
  endfacet
  facet normal -0.903984 -0.427566 0
    outer loop
      vertex 3.23358 -33.0606 0
      vertex 3.08672 -32.7501 2.4
      vertex 3.08672 -32.7501 0
    endloop
  endfacet
  facet normal -0.903984 -0.427566 0
    outer loop
      vertex 3.08672 -32.7501 2.4
      vertex 3.23358 -33.0606 0
      vertex 3.23358 -33.0606 2.4
    endloop
  endfacet
  facet normal -0.989172 0.14676 0
    outer loop
      vertex 3.43275 -35.0828 0
      vertex 3.48315 -34.7431 2.4
      vertex 3.48315 -34.7431 0
    endloop
  endfacet
  facet normal -0.989172 0.14676 0
    outer loop
      vertex 3.48315 -34.7431 2.4
      vertex 3.43275 -35.0828 0
      vertex 3.43275 -35.0828 2.4
    endloop
  endfacet
  facet normal -0.857724 -0.51411 0
    outer loop
      vertex 3.08672 -32.7501 0
      vertex 2.91014 -32.4555 2.4
      vertex 2.91014 -32.4555 0
    endloop
  endfacet
  facet normal -0.857724 -0.51411 0
    outer loop
      vertex 2.91014 -32.4555 2.4
      vertex 3.08672 -32.7501 0
      vertex 3.08672 -32.7501 2.4
    endloop
  endfacet
  facet normal 0.427661 -0.903939 0
    outer loop
      vertex -1.64989 -31.3133 0
      vertex -1.33939 -31.1664 2.4
      vertex -1.64989 -31.3133 2.4
    endloop
  endfacet
  facet normal 0.427661 -0.903939 0
    outer loop
      vertex -1.33939 -31.1664 2.4
      vertex -1.64989 -31.3133 0
      vertex -1.33939 -31.1664 0
    endloop
  endfacet
  facet normal -0.0492029 0.998789 0
    outer loop
      vertex 0.34306 -37.8831 0
      vertex 0 -37.9 2.4
      vertex 0.34306 -37.8831 2.4
    endloop
  endfacet
  facet normal -0.0492029 0.998789 0
    outer loop
      vertex 0 -37.9 2.4
      vertex 0.34306 -37.8831 0
      vertex 0 -37.9 0
    endloop
  endfacet
  facet normal 0.941548 0.336879 0
    outer loop
      vertex -3.23358 -35.7394 2.4
      vertex -3.34929 -35.416 0
      vertex -3.34929 -35.416 2.4
    endloop
  endfacet
  facet normal 0.941548 0.336879 0
    outer loop
      vertex -3.34929 -35.416 0
      vertex -3.23358 -35.7394 2.4
      vertex -3.23358 -35.7394 0
    endloop
  endfacet
  facet normal 0.671469 -0.741033 0
    outer loop
      vertex -2.47487 -31.9251 0
      vertex -2.22038 -31.6945 2.4
      vertex -2.47487 -31.9251 2.4
    endloop
  endfacet
  facet normal 0.671469 -0.741033 0
    outer loop
      vertex -2.22038 -31.6945 2.4
      vertex -2.47487 -31.9251 0
      vertex -2.22038 -31.6945 0
    endloop
  endfacet
  facet normal -0.740944 -0.671566 0
    outer loop
      vertex 2.70554 -32.1796 0
      vertex 2.47487 -31.9251 2.4
      vertex 2.47487 -31.9251 0
    endloop
  endfacet
  facet normal -0.740944 -0.671566 0
    outer loop
      vertex 2.47487 -31.9251 2.4
      vertex 2.70554 -32.1796 0
      vertex 2.70554 -32.1796 2.4
    endloop
  endfacet
  facet normal 0.427661 0.903939 -0
    outer loop
      vertex -1.33939 -37.6336 0
      vertex -1.64989 -37.4867 2.4
      vertex -1.33939 -37.6336 2.4
    endloop
  endfacet
  facet normal 0.427661 0.903939 0
    outer loop
      vertex -1.64989 -37.4867 2.4
      vertex -1.33939 -37.6336 0
      vertex -1.64989 -37.4867 0
    endloop
  endfacet
  facet normal 0.51414 -0.857706 0
    outer loop
      vertex -1.9445 -31.4899 0
      vertex -1.64989 -31.3133 2.4
      vertex -1.9445 -31.4899 2.4
    endloop
  endfacet
  facet normal 0.51414 -0.857706 0
    outer loop
      vertex -1.64989 -31.3133 2.4
      vertex -1.9445 -31.4899 0
      vertex -1.64989 -31.3133 0
    endloop
  endfacet
  facet normal 0.941548 -0.336879 0
    outer loop
      vertex -3.34929 -33.384 2.4
      vertex -3.23358 -33.0606 0
      vertex -3.23358 -33.0606 2.4
    endloop
  endfacet
  facet normal 0.941548 -0.336879 0
    outer loop
      vertex -3.23358 -33.0606 0
      vertex -3.34929 -33.384 2.4
      vertex -3.34929 -33.384 0
    endloop
  endfacet
  facet normal 0.903984 0.427566 0
    outer loop
      vertex -3.08672 -36.0499 2.4
      vertex -3.23358 -35.7394 0
      vertex -3.23358 -35.7394 2.4
    endloop
  endfacet
  facet normal 0.903984 0.427566 0
    outer loop
      vertex -3.23358 -35.7394 0
      vertex -3.08672 -36.0499 2.4
      vertex -3.08672 -36.0499 0
    endloop
  endfacet
  facet normal 0.0492029 0.998789 -0
    outer loop
      vertex 0 -37.9 0
      vertex -0.34306 -37.8831 2.4
      vertex 0 -37.9 2.4
    endloop
  endfacet
  facet normal 0.0492029 0.998789 0
    outer loop
      vertex -0.34306 -37.8831 2.4
      vertex 0 -37.9 0
      vertex -0.34306 -37.8831 0
    endloop
  endfacet
  facet normal -0.242821 0.970071 0
    outer loop
      vertex 1.016 -37.7493 0
      vertex 0.682816 -37.8327 2.4
      vertex 1.016 -37.7493 2.4
    endloop
  endfacet
  facet normal -0.242821 0.970071 0
    outer loop
      vertex 0.682816 -37.8327 2.4
      vertex 1.016 -37.7493 0
      vertex 0.682816 -37.8327 0
    endloop
  endfacet
  facet normal 0.671469 0.741033 -0
    outer loop
      vertex -2.22038 -37.1055 0
      vertex -2.47487 -36.8749 2.4
      vertex -2.22038 -37.1055 2.4
    endloop
  endfacet
  facet normal 0.671469 0.741033 0
    outer loop
      vertex -2.47487 -36.8749 2.4
      vertex -2.22038 -37.1055 0
      vertex -2.47487 -36.8749 0
    endloop
  endfacet
  facet normal 0.857724 0.51411 0
    outer loop
      vertex -2.91014 -36.3445 2.4
      vertex -3.08672 -36.0499 0
      vertex -3.08672 -36.0499 2.4
    endloop
  endfacet
  facet normal 0.857724 0.51411 0
    outer loop
      vertex -3.08672 -36.0499 0
      vertex -2.91014 -36.3445 2.4
      vertex -2.91014 -36.3445 0
    endloop
  endfacet
  facet normal -0.740944 0.671566 0
    outer loop
      vertex 2.47487 -36.8749 0
      vertex 2.70554 -36.6204 2.4
      vertex 2.70554 -36.6204 0
    endloop
  endfacet
  facet normal -0.740944 0.671566 0
    outer loop
      vertex 2.70554 -36.6204 2.4
      vertex 2.47487 -36.8749 0
      vertex 2.47487 -36.8749 2.4
    endloop
  endfacet
  facet normal -0.671469 0.741033 0
    outer loop
      vertex 2.47487 -36.8749 0
      vertex 2.22038 -37.1055 2.4
      vertex 2.47487 -36.8749 2.4
    endloop
  endfacet
  facet normal -0.671469 0.741033 0
    outer loop
      vertex 2.22038 -37.1055 2.4
      vertex 2.47487 -36.8749 0
      vertex 2.22038 -37.1055 0
    endloop
  endfacet
  facet normal 0.595687 0.803217 -0
    outer loop
      vertex -1.9445 -37.3101 0
      vertex -2.22038 -37.1055 2.4
      vertex -1.9445 -37.3101 2.4
    endloop
  endfacet
  facet normal 0.595687 0.803217 0
    outer loop
      vertex -2.22038 -37.1055 2.4
      vertex -1.9445 -37.3101 0
      vertex -2.22038 -37.1055 0
    endloop
  endfacet
  facet normal 0.803237 0.595659 0
    outer loop
      vertex -2.70554 -36.6204 2.4
      vertex -2.91014 -36.3445 0
      vertex -2.91014 -36.3445 2.4
    endloop
  endfacet
  facet normal 0.803237 0.595659 0
    outer loop
      vertex -2.91014 -36.3445 0
      vertex -2.70554 -36.6204 2.4
      vertex -2.70554 -36.6204 0
    endloop
  endfacet
  facet normal 0.903984 -0.427566 0
    outer loop
      vertex -3.23358 -33.0606 2.4
      vertex -3.08672 -32.7501 0
      vertex -3.08672 -32.7501 2.4
    endloop
  endfacet
  facet normal 0.903984 -0.427566 0
    outer loop
      vertex -3.08672 -32.7501 0
      vertex -3.23358 -33.0606 2.4
      vertex -3.23358 -33.0606 0
    endloop
  endfacet
  facet normal 0.803237 -0.595659 0
    outer loop
      vertex -2.91014 -32.4555 2.4
      vertex -2.70554 -32.1796 0
      vertex -2.70554 -32.1796 2.4
    endloop
  endfacet
  facet normal 0.803237 -0.595659 0
    outer loop
      vertex -2.70554 -32.1796 0
      vertex -2.91014 -32.4555 2.4
      vertex -2.91014 -32.4555 0
    endloop
  endfacet
  facet normal -0.989172 -0.14676 0
    outer loop
      vertex 3.48315 -21.0569 0
      vertex 3.43275 -20.7172 2.4
      vertex 3.43275 -20.7172 0
    endloop
  endfacet
  facet normal -0.989172 -0.14676 0
    outer loop
      vertex 3.43275 -20.7172 2.4
      vertex 3.48315 -21.0569 0
      vertex 3.48315 -21.0569 2.4
    endloop
  endfacet
  facet normal -0.998796 -0.0490519 0
    outer loop
      vertex 3.5 -21.4 0
      vertex 3.48315 -21.0569 2.4
      vertex 3.48315 -21.0569 0
    endloop
  endfacet
  facet normal -0.998796 -0.0490519 0
    outer loop
      vertex 3.48315 -21.0569 2.4
      vertex 3.5 -21.4 0
      vertex 3.5 -21.4 2.4
    endloop
  endfacet
  facet normal -0.970033 -0.242974 0
    outer loop
      vertex 3.43275 -20.7172 0
      vertex 3.34929 -20.384 2.4
      vertex 3.34929 -20.384 0
    endloop
  endfacet
  facet normal -0.970033 -0.242974 0
    outer loop
      vertex 3.34929 -20.384 2.4
      vertex 3.43275 -20.7172 0
      vertex 3.43275 -20.7172 2.4
    endloop
  endfacet
  facet normal -0.427661 -0.903939 0
    outer loop
      vertex 1.33939 -18.1664 0
      vertex 1.64989 -18.3133 2.4
      vertex 1.33939 -18.1664 2.4
    endloop
  endfacet
  facet normal -0.427661 -0.903939 -0
    outer loop
      vertex 1.64989 -18.3133 2.4
      vertex 1.33939 -18.1664 0
      vertex 1.64989 -18.3133 0
    endloop
  endfacet
  facet normal -0.146736 -0.989176 0
    outer loop
      vertex 0.34306 -17.9169 0
      vertex 0.682816 -17.9673 2.4
      vertex 0.34306 -17.9169 2.4
    endloop
  endfacet
  facet normal -0.146736 -0.989176 -0
    outer loop
      vertex 0.682816 -17.9673 2.4
      vertex 0.34306 -17.9169 0
      vertex 0.682816 -17.9673 0
    endloop
  endfacet
  facet normal -0.857724 0.51411 0
    outer loop
      vertex 2.91014 -23.3445 0
      vertex 3.08672 -23.0499 2.4
      vertex 3.08672 -23.0499 0
    endloop
  endfacet
  facet normal -0.857724 0.51411 0
    outer loop
      vertex 3.08672 -23.0499 2.4
      vertex 2.91014 -23.3445 0
      vertex 2.91014 -23.3445 2.4
    endloop
  endfacet
  facet normal -0.595687 0.803217 0
    outer loop
      vertex 2.22038 -24.1055 0
      vertex 1.9445 -24.3101 2.4
      vertex 2.22038 -24.1055 2.4
    endloop
  endfacet
  facet normal -0.595687 0.803217 0
    outer loop
      vertex 1.9445 -24.3101 2.4
      vertex 2.22038 -24.1055 0
      vertex 1.9445 -24.3101 0
    endloop
  endfacet
  facet normal -0.427661 0.903939 0
    outer loop
      vertex 1.64989 -24.4867 0
      vertex 1.33939 -24.6336 2.4
      vertex 1.64989 -24.4867 2.4
    endloop
  endfacet
  facet normal -0.427661 0.903939 0
    outer loop
      vertex 1.33939 -24.6336 2.4
      vertex 1.64989 -24.4867 0
      vertex 1.33939 -24.6336 0
    endloop
  endfacet
  facet normal -0.998796 0.0490519 0
    outer loop
      vertex 3.48315 -21.7431 0
      vertex 3.5 -21.4 2.4
      vertex 3.5 -21.4 0
    endloop
  endfacet
  facet normal -0.998796 0.0490519 0
    outer loop
      vertex 3.5 -21.4 2.4
      vertex 3.48315 -21.7431 0
      vertex 3.48315 -21.7431 2.4
    endloop
  endfacet
  facet normal 0.989172 -0.14676 0
    outer loop
      vertex -3.48315 -21.0569 2.4
      vertex -3.43275 -20.7172 0
      vertex -3.43275 -20.7172 2.4
    endloop
  endfacet
  facet normal 0.989172 -0.14676 0
    outer loop
      vertex -3.43275 -20.7172 0
      vertex -3.48315 -21.0569 2.4
      vertex -3.48315 -21.0569 0
    endloop
  endfacet
  facet normal 0.740944 0.671566 0
    outer loop
      vertex -2.47487 -23.8749 2.4
      vertex -2.70554 -23.6204 0
      vertex -2.70554 -23.6204 2.4
    endloop
  endfacet
  facet normal 0.740944 0.671566 0
    outer loop
      vertex -2.70554 -23.6204 0
      vertex -2.47487 -23.8749 2.4
      vertex -2.47487 -23.8749 0
    endloop
  endfacet
  facet normal 0.51414 0.857706 -0
    outer loop
      vertex -1.64989 -24.4867 0
      vertex -1.9445 -24.3101 2.4
      vertex -1.64989 -24.4867 2.4
    endloop
  endfacet
  facet normal 0.51414 0.857706 0
    outer loop
      vertex -1.9445 -24.3101 2.4
      vertex -1.64989 -24.4867 0
      vertex -1.9445 -24.3101 0
    endloop
  endfacet
  facet normal -0.671469 -0.741033 0
    outer loop
      vertex 2.22038 -18.6945 0
      vertex 2.47487 -18.9251 2.4
      vertex 2.22038 -18.6945 2.4
    endloop
  endfacet
  facet normal -0.671469 -0.741033 -0
    outer loop
      vertex 2.47487 -18.9251 2.4
      vertex 2.22038 -18.6945 0
      vertex 2.47487 -18.9251 0
    endloop
  endfacet
  facet normal -0.51414 -0.857706 0
    outer loop
      vertex 1.64989 -18.3133 0
      vertex 1.9445 -18.4899 2.4
      vertex 1.64989 -18.3133 2.4
    endloop
  endfacet
  facet normal -0.51414 -0.857706 -0
    outer loop
      vertex 1.9445 -18.4899 2.4
      vertex 1.64989 -18.3133 0
      vertex 1.9445 -18.4899 0
    endloop
  endfacet
  facet normal 0.336862 -0.941554 0
    outer loop
      vertex -1.33939 -18.1664 0
      vertex -1.016 -18.0507 2.4
      vertex -1.33939 -18.1664 2.4
    endloop
  endfacet
  facet normal 0.336862 -0.941554 0
    outer loop
      vertex -1.016 -18.0507 2.4
      vertex -1.33939 -18.1664 0
      vertex -1.016 -18.0507 0
    endloop
  endfacet
  facet normal 0.336862 0.941554 -0
    outer loop
      vertex -1.016 -24.7493 0
      vertex -1.33939 -24.6336 2.4
      vertex -1.016 -24.7493 2.4
    endloop
  endfacet
  facet normal 0.336862 0.941554 0
    outer loop
      vertex -1.33939 -24.6336 2.4
      vertex -1.016 -24.7493 0
      vertex -1.33939 -24.6336 0
    endloop
  endfacet
  facet normal 0.0492029 -0.998789 0
    outer loop
      vertex -0.34306 -17.9169 0
      vertex 0 -17.9 2.4
      vertex -0.34306 -17.9169 2.4
    endloop
  endfacet
  facet normal 0.0492029 -0.998789 0
    outer loop
      vertex 0 -17.9 2.4
      vertex -0.34306 -17.9169 0
      vertex 0 -17.9 0
    endloop
  endfacet
  facet normal 0.146736 -0.989176 0
    outer loop
      vertex -0.682816 -17.9673 0
      vertex -0.34306 -17.9169 2.4
      vertex -0.682816 -17.9673 2.4
    endloop
  endfacet
  facet normal 0.146736 -0.989176 0
    outer loop
      vertex -0.34306 -17.9169 2.4
      vertex -0.682816 -17.9673 0
      vertex -0.34306 -17.9169 0
    endloop
  endfacet
  facet normal 0.998796 0.0490519 0
    outer loop
      vertex -3.48315 -21.7431 2.4
      vertex -3.5 -21.4 0
      vertex -3.5 -21.4 2.4
    endloop
  endfacet
  facet normal 0.998796 0.0490519 0
    outer loop
      vertex -3.5 -21.4 0
      vertex -3.48315 -21.7431 2.4
      vertex -3.48315 -21.7431 0
    endloop
  endfacet
  facet normal -0.242821 -0.970071 0
    outer loop
      vertex 0.682816 -17.9673 0
      vertex 1.016 -18.0507 2.4
      vertex 0.682816 -17.9673 2.4
    endloop
  endfacet
  facet normal -0.242821 -0.970071 -0
    outer loop
      vertex 1.016 -18.0507 2.4
      vertex 0.682816 -17.9673 0
      vertex 1.016 -18.0507 0
    endloop
  endfacet
  facet normal 0.242821 -0.970071 0
    outer loop
      vertex -1.016 -18.0507 0
      vertex -0.682816 -17.9673 2.4
      vertex -1.016 -18.0507 2.4
    endloop
  endfacet
  facet normal 0.242821 -0.970071 0
    outer loop
      vertex -0.682816 -17.9673 2.4
      vertex -1.016 -18.0507 0
      vertex -0.682816 -17.9673 0
    endloop
  endfacet
  facet normal -0.903984 0.427566 0
    outer loop
      vertex 3.08672 -23.0499 0
      vertex 3.23358 -22.7394 2.4
      vertex 3.23358 -22.7394 0
    endloop
  endfacet
  facet normal -0.903984 0.427566 0
    outer loop
      vertex 3.23358 -22.7394 2.4
      vertex 3.08672 -23.0499 0
      vertex 3.08672 -23.0499 2.4
    endloop
  endfacet
  facet normal 0.595687 -0.803217 0
    outer loop
      vertex -2.22038 -18.6945 0
      vertex -1.9445 -18.4899 2.4
      vertex -2.22038 -18.6945 2.4
    endloop
  endfacet
  facet normal 0.595687 -0.803217 0
    outer loop
      vertex -1.9445 -18.4899 2.4
      vertex -2.22038 -18.6945 0
      vertex -1.9445 -18.4899 0
    endloop
  endfacet
  facet normal -0.146736 0.989176 0
    outer loop
      vertex 0.682816 -24.8327 0
      vertex 0.34306 -24.8831 2.4
      vertex 0.682816 -24.8327 2.4
    endloop
  endfacet
  facet normal -0.146736 0.989176 0
    outer loop
      vertex 0.34306 -24.8831 2.4
      vertex 0.682816 -24.8327 0
      vertex 0.34306 -24.8831 0
    endloop
  endfacet
  facet normal -0.51414 0.857706 0
    outer loop
      vertex 1.9445 -24.3101 0
      vertex 1.64989 -24.4867 2.4
      vertex 1.9445 -24.3101 2.4
    endloop
  endfacet
  facet normal -0.51414 0.857706 0
    outer loop
      vertex 1.64989 -24.4867 2.4
      vertex 1.9445 -24.3101 0
      vertex 1.64989 -24.4867 0
    endloop
  endfacet
  facet normal 0.998796 -0.0490519 0
    outer loop
      vertex -3.5 -21.4 2.4
      vertex -3.48315 -21.0569 0
      vertex -3.48315 -21.0569 2.4
    endloop
  endfacet
  facet normal 0.998796 -0.0490519 0
    outer loop
      vertex -3.48315 -21.0569 0
      vertex -3.5 -21.4 2.4
      vertex -3.5 -21.4 0
    endloop
  endfacet
  facet normal -0.803237 -0.595659 0
    outer loop
      vertex 2.91014 -19.4555 0
      vertex 2.70554 -19.1796 2.4
      vertex 2.70554 -19.1796 0
    endloop
  endfacet
  facet normal -0.803237 -0.595659 0
    outer loop
      vertex 2.70554 -19.1796 2.4
      vertex 2.91014 -19.4555 0
      vertex 2.91014 -19.4555 2.4
    endloop
  endfacet
  facet normal 0.242821 0.970071 -0
    outer loop
      vertex -0.682816 -24.8327 0
      vertex -1.016 -24.7493 2.4
      vertex -0.682816 -24.8327 2.4
    endloop
  endfacet
  facet normal 0.242821 0.970071 0
    outer loop
      vertex -1.016 -24.7493 2.4
      vertex -0.682816 -24.8327 0
      vertex -1.016 -24.7493 0
    endloop
  endfacet
  facet normal 0.857724 -0.51411 0
    outer loop
      vertex -3.08672 -19.7501 2.4
      vertex -2.91014 -19.4555 0
      vertex -2.91014 -19.4555 2.4
    endloop
  endfacet
  facet normal 0.857724 -0.51411 0
    outer loop
      vertex -2.91014 -19.4555 0
      vertex -3.08672 -19.7501 2.4
      vertex -3.08672 -19.7501 0
    endloop
  endfacet
  facet normal -0.336862 -0.941554 0
    outer loop
      vertex 1.016 -18.0507 0
      vertex 1.33939 -18.1664 2.4
      vertex 1.016 -18.0507 2.4
    endloop
  endfacet
  facet normal -0.336862 -0.941554 -0
    outer loop
      vertex 1.33939 -18.1664 2.4
      vertex 1.016 -18.0507 0
      vertex 1.33939 -18.1664 0
    endloop
  endfacet
  facet normal 0.740944 -0.671566 0
    outer loop
      vertex -2.70554 -19.1796 2.4
      vertex -2.47487 -18.9251 0
      vertex -2.47487 -18.9251 2.4
    endloop
  endfacet
  facet normal 0.740944 -0.671566 0
    outer loop
      vertex -2.47487 -18.9251 0
      vertex -2.70554 -19.1796 2.4
      vertex -2.70554 -19.1796 0
    endloop
  endfacet
  facet normal 0.970033 -0.242974 0
    outer loop
      vertex -3.43275 -20.7172 2.4
      vertex -3.34929 -20.384 0
      vertex -3.34929 -20.384 2.4
    endloop
  endfacet
  facet normal 0.970033 -0.242974 0
    outer loop
      vertex -3.34929 -20.384 0
      vertex -3.43275 -20.7172 2.4
      vertex -3.43275 -20.7172 0
    endloop
  endfacet
  facet normal 0.146736 0.989176 -0
    outer loop
      vertex -0.34306 -24.8831 0
      vertex -0.682816 -24.8327 2.4
      vertex -0.34306 -24.8831 2.4
    endloop
  endfacet
  facet normal 0.146736 0.989176 0
    outer loop
      vertex -0.682816 -24.8327 2.4
      vertex -0.34306 -24.8831 0
      vertex -0.682816 -24.8327 0
    endloop
  endfacet
  facet normal -0.803237 0.595659 0
    outer loop
      vertex 2.70554 -23.6204 0
      vertex 2.91014 -23.3445 2.4
      vertex 2.91014 -23.3445 0
    endloop
  endfacet
  facet normal -0.803237 0.595659 0
    outer loop
      vertex 2.91014 -23.3445 2.4
      vertex 2.70554 -23.6204 0
      vertex 2.70554 -23.6204 2.4
    endloop
  endfacet
  facet normal -0.941548 0.336879 0
    outer loop
      vertex 3.23358 -22.7394 0
      vertex 3.34929 -22.416 2.4
      vertex 3.34929 -22.416 0
    endloop
  endfacet
  facet normal -0.941548 0.336879 0
    outer loop
      vertex 3.34929 -22.416 2.4
      vertex 3.23358 -22.7394 0
      vertex 3.23358 -22.7394 2.4
    endloop
  endfacet
  facet normal -0.336862 0.941554 0
    outer loop
      vertex 1.33939 -24.6336 0
      vertex 1.016 -24.7493 2.4
      vertex 1.33939 -24.6336 2.4
    endloop
  endfacet
  facet normal -0.336862 0.941554 0
    outer loop
      vertex 1.016 -24.7493 2.4
      vertex 1.33939 -24.6336 0
      vertex 1.016 -24.7493 0
    endloop
  endfacet
  facet normal 0.989172 0.14676 0
    outer loop
      vertex -3.43275 -22.0828 2.4
      vertex -3.48315 -21.7431 0
      vertex -3.48315 -21.7431 2.4
    endloop
  endfacet
  facet normal 0.989172 0.14676 0
    outer loop
      vertex -3.48315 -21.7431 0
      vertex -3.43275 -22.0828 2.4
      vertex -3.43275 -22.0828 0
    endloop
  endfacet
  facet normal -0.0492029 -0.998789 0
    outer loop
      vertex 0 -17.9 0
      vertex 0.34306 -17.9169 2.4
      vertex 0 -17.9 2.4
    endloop
  endfacet
  facet normal -0.0492029 -0.998789 -0
    outer loop
      vertex 0.34306 -17.9169 2.4
      vertex 0 -17.9 0
      vertex 0.34306 -17.9169 0
    endloop
  endfacet
  facet normal -0.941548 -0.336879 0
    outer loop
      vertex 3.34929 -20.384 0
      vertex 3.23358 -20.0606 2.4
      vertex 3.23358 -20.0606 0
    endloop
  endfacet
  facet normal -0.941548 -0.336879 0
    outer loop
      vertex 3.23358 -20.0606 2.4
      vertex 3.34929 -20.384 0
      vertex 3.34929 -20.384 2.4
    endloop
  endfacet
  facet normal -0.595687 -0.803217 0
    outer loop
      vertex 1.9445 -18.4899 0
      vertex 2.22038 -18.6945 2.4
      vertex 1.9445 -18.4899 2.4
    endloop
  endfacet
  facet normal -0.595687 -0.803217 -0
    outer loop
      vertex 2.22038 -18.6945 2.4
      vertex 1.9445 -18.4899 0
      vertex 2.22038 -18.6945 0
    endloop
  endfacet
  facet normal -0.970033 0.242974 0
    outer loop
      vertex 3.34929 -22.416 0
      vertex 3.43275 -22.0828 2.4
      vertex 3.43275 -22.0828 0
    endloop
  endfacet
  facet normal -0.970033 0.242974 0
    outer loop
      vertex 3.43275 -22.0828 2.4
      vertex 3.34929 -22.416 0
      vertex 3.34929 -22.416 2.4
    endloop
  endfacet
  facet normal -0.903984 -0.427566 0
    outer loop
      vertex 3.23358 -20.0606 0
      vertex 3.08672 -19.7501 2.4
      vertex 3.08672 -19.7501 0
    endloop
  endfacet
  facet normal -0.903984 -0.427566 0
    outer loop
      vertex 3.08672 -19.7501 2.4
      vertex 3.23358 -20.0606 0
      vertex 3.23358 -20.0606 2.4
    endloop
  endfacet
  facet normal -0.989172 0.14676 0
    outer loop
      vertex 3.43275 -22.0828 0
      vertex 3.48315 -21.7431 2.4
      vertex 3.48315 -21.7431 0
    endloop
  endfacet
  facet normal -0.989172 0.14676 0
    outer loop
      vertex 3.48315 -21.7431 2.4
      vertex 3.43275 -22.0828 0
      vertex 3.43275 -22.0828 2.4
    endloop
  endfacet
  facet normal -0.857724 -0.51411 0
    outer loop
      vertex 3.08672 -19.7501 0
      vertex 2.91014 -19.4555 2.4
      vertex 2.91014 -19.4555 0
    endloop
  endfacet
  facet normal -0.857724 -0.51411 0
    outer loop
      vertex 2.91014 -19.4555 2.4
      vertex 3.08672 -19.7501 0
      vertex 3.08672 -19.7501 2.4
    endloop
  endfacet
  facet normal 0.427661 -0.903939 0
    outer loop
      vertex -1.64989 -18.3133 0
      vertex -1.33939 -18.1664 2.4
      vertex -1.64989 -18.3133 2.4
    endloop
  endfacet
  facet normal 0.427661 -0.903939 0
    outer loop
      vertex -1.33939 -18.1664 2.4
      vertex -1.64989 -18.3133 0
      vertex -1.33939 -18.1664 0
    endloop
  endfacet
  facet normal -0.0492029 0.998789 0
    outer loop
      vertex 0.34306 -24.8831 0
      vertex 0 -24.9 2.4
      vertex 0.34306 -24.8831 2.4
    endloop
  endfacet
  facet normal -0.0492029 0.998789 0
    outer loop
      vertex 0 -24.9 2.4
      vertex 0.34306 -24.8831 0
      vertex 0 -24.9 0
    endloop
  endfacet
  facet normal 0.941548 0.336879 0
    outer loop
      vertex -3.23358 -22.7394 2.4
      vertex -3.34929 -22.416 0
      vertex -3.34929 -22.416 2.4
    endloop
  endfacet
  facet normal 0.941548 0.336879 0
    outer loop
      vertex -3.34929 -22.416 0
      vertex -3.23358 -22.7394 2.4
      vertex -3.23358 -22.7394 0
    endloop
  endfacet
  facet normal 0.671469 -0.741033 0
    outer loop
      vertex -2.47487 -18.9251 0
      vertex -2.22038 -18.6945 2.4
      vertex -2.47487 -18.9251 2.4
    endloop
  endfacet
  facet normal 0.671469 -0.741033 0
    outer loop
      vertex -2.22038 -18.6945 2.4
      vertex -2.47487 -18.9251 0
      vertex -2.22038 -18.6945 0
    endloop
  endfacet
  facet normal -0.740944 -0.671566 0
    outer loop
      vertex 2.70554 -19.1796 0
      vertex 2.47487 -18.9251 2.4
      vertex 2.47487 -18.9251 0
    endloop
  endfacet
  facet normal -0.740944 -0.671566 0
    outer loop
      vertex 2.47487 -18.9251 2.4
      vertex 2.70554 -19.1796 0
      vertex 2.70554 -19.1796 2.4
    endloop
  endfacet
  facet normal 0.427661 0.903939 -0
    outer loop
      vertex -1.33939 -24.6336 0
      vertex -1.64989 -24.4867 2.4
      vertex -1.33939 -24.6336 2.4
    endloop
  endfacet
  facet normal 0.427661 0.903939 0
    outer loop
      vertex -1.64989 -24.4867 2.4
      vertex -1.33939 -24.6336 0
      vertex -1.64989 -24.4867 0
    endloop
  endfacet
  facet normal 0.51414 -0.857706 0
    outer loop
      vertex -1.9445 -18.4899 0
      vertex -1.64989 -18.3133 2.4
      vertex -1.9445 -18.4899 2.4
    endloop
  endfacet
  facet normal 0.51414 -0.857706 0
    outer loop
      vertex -1.64989 -18.3133 2.4
      vertex -1.9445 -18.4899 0
      vertex -1.64989 -18.3133 0
    endloop
  endfacet
  facet normal 0.941548 -0.336879 0
    outer loop
      vertex -3.34929 -20.384 2.4
      vertex -3.23358 -20.0606 0
      vertex -3.23358 -20.0606 2.4
    endloop
  endfacet
  facet normal 0.941548 -0.336879 0
    outer loop
      vertex -3.23358 -20.0606 0
      vertex -3.34929 -20.384 2.4
      vertex -3.34929 -20.384 0
    endloop
  endfacet
  facet normal 0.903984 0.427566 0
    outer loop
      vertex -3.08672 -23.0499 2.4
      vertex -3.23358 -22.7394 0
      vertex -3.23358 -22.7394 2.4
    endloop
  endfacet
  facet normal 0.903984 0.427566 0
    outer loop
      vertex -3.23358 -22.7394 0
      vertex -3.08672 -23.0499 2.4
      vertex -3.08672 -23.0499 0
    endloop
  endfacet
  facet normal 0.970033 0.242974 0
    outer loop
      vertex -3.34929 -22.416 2.4
      vertex -3.43275 -22.0828 0
      vertex -3.43275 -22.0828 2.4
    endloop
  endfacet
  facet normal 0.970033 0.242974 0
    outer loop
      vertex -3.43275 -22.0828 0
      vertex -3.34929 -22.416 2.4
      vertex -3.34929 -22.416 0
    endloop
  endfacet
  facet normal 0.0492029 0.998789 -0
    outer loop
      vertex 0 -24.9 0
      vertex -0.34306 -24.8831 2.4
      vertex 0 -24.9 2.4
    endloop
  endfacet
  facet normal 0.0492029 0.998789 0
    outer loop
      vertex -0.34306 -24.8831 2.4
      vertex 0 -24.9 0
      vertex -0.34306 -24.8831 0
    endloop
  endfacet
  facet normal -0.242821 0.970071 0
    outer loop
      vertex 1.016 -24.7493 0
      vertex 0.682816 -24.8327 2.4
      vertex 1.016 -24.7493 2.4
    endloop
  endfacet
  facet normal -0.242821 0.970071 0
    outer loop
      vertex 0.682816 -24.8327 2.4
      vertex 1.016 -24.7493 0
      vertex 0.682816 -24.8327 0
    endloop
  endfacet
  facet normal 0.671469 0.741033 -0
    outer loop
      vertex -2.22038 -24.1055 0
      vertex -2.47487 -23.8749 2.4
      vertex -2.22038 -24.1055 2.4
    endloop
  endfacet
  facet normal 0.671469 0.741033 0
    outer loop
      vertex -2.47487 -23.8749 2.4
      vertex -2.22038 -24.1055 0
      vertex -2.47487 -23.8749 0
    endloop
  endfacet
  facet normal 0.857724 0.51411 0
    outer loop
      vertex -2.91014 -23.3445 2.4
      vertex -3.08672 -23.0499 0
      vertex -3.08672 -23.0499 2.4
    endloop
  endfacet
  facet normal 0.857724 0.51411 0
    outer loop
      vertex -3.08672 -23.0499 0
      vertex -2.91014 -23.3445 2.4
      vertex -2.91014 -23.3445 0
    endloop
  endfacet
  facet normal -0.740944 0.671566 0
    outer loop
      vertex 2.47487 -23.8749 0
      vertex 2.70554 -23.6204 2.4
      vertex 2.70554 -23.6204 0
    endloop
  endfacet
  facet normal -0.740944 0.671566 0
    outer loop
      vertex 2.70554 -23.6204 2.4
      vertex 2.47487 -23.8749 0
      vertex 2.47487 -23.8749 2.4
    endloop
  endfacet
  facet normal -0.671469 0.741033 0
    outer loop
      vertex 2.47487 -23.8749 0
      vertex 2.22038 -24.1055 2.4
      vertex 2.47487 -23.8749 2.4
    endloop
  endfacet
  facet normal -0.671469 0.741033 0
    outer loop
      vertex 2.22038 -24.1055 2.4
      vertex 2.47487 -23.8749 0
      vertex 2.22038 -24.1055 0
    endloop
  endfacet
  facet normal 0.595687 0.803217 -0
    outer loop
      vertex -1.9445 -24.3101 0
      vertex -2.22038 -24.1055 2.4
      vertex -1.9445 -24.3101 2.4
    endloop
  endfacet
  facet normal 0.595687 0.803217 0
    outer loop
      vertex -2.22038 -24.1055 2.4
      vertex -1.9445 -24.3101 0
      vertex -2.22038 -24.1055 0
    endloop
  endfacet
  facet normal 0.803237 0.595659 0
    outer loop
      vertex -2.70554 -23.6204 2.4
      vertex -2.91014 -23.3445 0
      vertex -2.91014 -23.3445 2.4
    endloop
  endfacet
  facet normal 0.803237 0.595659 0
    outer loop
      vertex -2.91014 -23.3445 0
      vertex -2.70554 -23.6204 2.4
      vertex -2.70554 -23.6204 0
    endloop
  endfacet
  facet normal 0.903984 -0.427566 0
    outer loop
      vertex -3.23358 -20.0606 2.4
      vertex -3.08672 -19.7501 0
      vertex -3.08672 -19.7501 2.4
    endloop
  endfacet
  facet normal 0.903984 -0.427566 0
    outer loop
      vertex -3.08672 -19.7501 0
      vertex -3.23358 -20.0606 2.4
      vertex -3.23358 -20.0606 0
    endloop
  endfacet
  facet normal 0.803237 -0.595659 0
    outer loop
      vertex -2.91014 -19.4555 2.4
      vertex -2.70554 -19.1796 0
      vertex -2.70554 -19.1796 2.4
    endloop
  endfacet
  facet normal 0.803237 -0.595659 0
    outer loop
      vertex -2.70554 -19.1796 0
      vertex -2.91014 -19.4555 2.4
      vertex -2.91014 -19.4555 0
    endloop
  endfacet
  facet normal -0.989172 -0.14676 0
    outer loop
      vertex 3.48315 -47.0569 0
      vertex 3.43275 -46.7172 2.4
      vertex 3.43275 -46.7172 0
    endloop
  endfacet
  facet normal -0.989172 -0.14676 0
    outer loop
      vertex 3.43275 -46.7172 2.4
      vertex 3.48315 -47.0569 0
      vertex 3.48315 -47.0569 2.4
    endloop
  endfacet
  facet normal -0.998796 -0.0490519 0
    outer loop
      vertex 3.5 -47.4 0
      vertex 3.48315 -47.0569 2.4
      vertex 3.48315 -47.0569 0
    endloop
  endfacet
  facet normal -0.998796 -0.0490519 0
    outer loop
      vertex 3.48315 -47.0569 2.4
      vertex 3.5 -47.4 0
      vertex 3.5 -47.4 2.4
    endloop
  endfacet
  facet normal -0.970033 -0.242974 0
    outer loop
      vertex 3.43275 -46.7172 0
      vertex 3.34929 -46.384 2.4
      vertex 3.34929 -46.384 0
    endloop
  endfacet
  facet normal -0.970033 -0.242974 0
    outer loop
      vertex 3.34929 -46.384 2.4
      vertex 3.43275 -46.7172 0
      vertex 3.43275 -46.7172 2.4
    endloop
  endfacet
  facet normal -0.427661 -0.903939 0
    outer loop
      vertex 1.33939 -44.1664 0
      vertex 1.64989 -44.3133 2.4
      vertex 1.33939 -44.1664 2.4
    endloop
  endfacet
  facet normal -0.427661 -0.903939 -0
    outer loop
      vertex 1.64989 -44.3133 2.4
      vertex 1.33939 -44.1664 0
      vertex 1.64989 -44.3133 0
    endloop
  endfacet
  facet normal -0.146736 -0.989176 0
    outer loop
      vertex 0.34306 -43.9169 0
      vertex 0.682816 -43.9673 2.4
      vertex 0.34306 -43.9169 2.4
    endloop
  endfacet
  facet normal -0.146736 -0.989176 -0
    outer loop
      vertex 0.682816 -43.9673 2.4
      vertex 0.34306 -43.9169 0
      vertex 0.682816 -43.9673 0
    endloop
  endfacet
  facet normal -0.857724 0.51411 0
    outer loop
      vertex 2.91014 -49.3445 0
      vertex 3.08672 -49.0499 2.4
      vertex 3.08672 -49.0499 0
    endloop
  endfacet
  facet normal -0.857724 0.51411 0
    outer loop
      vertex 3.08672 -49.0499 2.4
      vertex 2.91014 -49.3445 0
      vertex 2.91014 -49.3445 2.4
    endloop
  endfacet
  facet normal -0.595687 0.803217 0
    outer loop
      vertex 2.22038 -50.1055 0
      vertex 1.9445 -50.3101 2.4
      vertex 2.22038 -50.1055 2.4
    endloop
  endfacet
  facet normal -0.595687 0.803217 0
    outer loop
      vertex 1.9445 -50.3101 2.4
      vertex 2.22038 -50.1055 0
      vertex 1.9445 -50.3101 0
    endloop
  endfacet
  facet normal -0.427661 0.903939 0
    outer loop
      vertex 1.64989 -50.4867 0
      vertex 1.33939 -50.6336 2.4
      vertex 1.64989 -50.4867 2.4
    endloop
  endfacet
  facet normal -0.427661 0.903939 0
    outer loop
      vertex 1.33939 -50.6336 2.4
      vertex 1.64989 -50.4867 0
      vertex 1.33939 -50.6336 0
    endloop
  endfacet
  facet normal -0.998796 0.0490519 0
    outer loop
      vertex 3.48315 -47.7431 0
      vertex 3.5 -47.4 2.4
      vertex 3.5 -47.4 0
    endloop
  endfacet
  facet normal -0.998796 0.0490519 0
    outer loop
      vertex 3.5 -47.4 2.4
      vertex 3.48315 -47.7431 0
      vertex 3.48315 -47.7431 2.4
    endloop
  endfacet
  facet normal 0.989172 -0.14676 0
    outer loop
      vertex -3.48315 -47.0569 2.4
      vertex -3.43275 -46.7172 0
      vertex -3.43275 -46.7172 2.4
    endloop
  endfacet
  facet normal 0.989172 -0.14676 0
    outer loop
      vertex -3.43275 -46.7172 0
      vertex -3.48315 -47.0569 2.4
      vertex -3.48315 -47.0569 0
    endloop
  endfacet
  facet normal 0.740944 0.671566 0
    outer loop
      vertex -2.47487 -49.8749 2.4
      vertex -2.70554 -49.6204 0
      vertex -2.70554 -49.6204 2.4
    endloop
  endfacet
  facet normal 0.740944 0.671566 0
    outer loop
      vertex -2.70554 -49.6204 0
      vertex -2.47487 -49.8749 2.4
      vertex -2.47487 -49.8749 0
    endloop
  endfacet
  facet normal 0.51414 0.857706 -0
    outer loop
      vertex -1.64989 -50.4867 0
      vertex -1.9445 -50.3101 2.4
      vertex -1.64989 -50.4867 2.4
    endloop
  endfacet
  facet normal 0.51414 0.857706 0
    outer loop
      vertex -1.9445 -50.3101 2.4
      vertex -1.64989 -50.4867 0
      vertex -1.9445 -50.3101 0
    endloop
  endfacet
  facet normal -0.671469 -0.741033 0
    outer loop
      vertex 2.22038 -44.6945 0
      vertex 2.47487 -44.9251 2.4
      vertex 2.22038 -44.6945 2.4
    endloop
  endfacet
  facet normal -0.671469 -0.741033 -0
    outer loop
      vertex 2.47487 -44.9251 2.4
      vertex 2.22038 -44.6945 0
      vertex 2.47487 -44.9251 0
    endloop
  endfacet
  facet normal -0.51414 -0.857706 0
    outer loop
      vertex 1.64989 -44.3133 0
      vertex 1.9445 -44.4899 2.4
      vertex 1.64989 -44.3133 2.4
    endloop
  endfacet
  facet normal -0.51414 -0.857706 -0
    outer loop
      vertex 1.9445 -44.4899 2.4
      vertex 1.64989 -44.3133 0
      vertex 1.9445 -44.4899 0
    endloop
  endfacet
  facet normal 0.336862 -0.941554 0
    outer loop
      vertex -1.33939 -44.1664 0
      vertex -1.016 -44.0507 2.4
      vertex -1.33939 -44.1664 2.4
    endloop
  endfacet
  facet normal 0.336862 -0.941554 0
    outer loop
      vertex -1.016 -44.0507 2.4
      vertex -1.33939 -44.1664 0
      vertex -1.016 -44.0507 0
    endloop
  endfacet
  facet normal 0.336862 0.941554 -0
    outer loop
      vertex -1.016 -50.7493 0
      vertex -1.33939 -50.6336 2.4
      vertex -1.016 -50.7493 2.4
    endloop
  endfacet
  facet normal 0.336862 0.941554 0
    outer loop
      vertex -1.33939 -50.6336 2.4
      vertex -1.016 -50.7493 0
      vertex -1.33939 -50.6336 0
    endloop
  endfacet
  facet normal 0.0492029 -0.998789 0
    outer loop
      vertex -0.34306 -43.9169 0
      vertex 0 -43.9 2.4
      vertex -0.34306 -43.9169 2.4
    endloop
  endfacet
  facet normal 0.0492029 -0.998789 0
    outer loop
      vertex 0 -43.9 2.4
      vertex -0.34306 -43.9169 0
      vertex 0 -43.9 0
    endloop
  endfacet
  facet normal 0.146736 -0.989176 0
    outer loop
      vertex -0.682816 -43.9673 0
      vertex -0.34306 -43.9169 2.4
      vertex -0.682816 -43.9673 2.4
    endloop
  endfacet
  facet normal 0.146736 -0.989176 0
    outer loop
      vertex -0.34306 -43.9169 2.4
      vertex -0.682816 -43.9673 0
      vertex -0.34306 -43.9169 0
    endloop
  endfacet
  facet normal 0.998796 0.0490519 0
    outer loop
      vertex -3.48315 -47.7431 2.4
      vertex -3.5 -47.4 0
      vertex -3.5 -47.4 2.4
    endloop
  endfacet
  facet normal 0.998796 0.0490519 0
    outer loop
      vertex -3.5 -47.4 0
      vertex -3.48315 -47.7431 2.4
      vertex -3.48315 -47.7431 0
    endloop
  endfacet
  facet normal -0.242821 -0.970071 0
    outer loop
      vertex 0.682816 -43.9673 0
      vertex 1.016 -44.0507 2.4
      vertex 0.682816 -43.9673 2.4
    endloop
  endfacet
  facet normal -0.242821 -0.970071 -0
    outer loop
      vertex 1.016 -44.0507 2.4
      vertex 0.682816 -43.9673 0
      vertex 1.016 -44.0507 0
    endloop
  endfacet
  facet normal 0.242821 -0.970071 0
    outer loop
      vertex -1.016 -44.0507 0
      vertex -0.682816 -43.9673 2.4
      vertex -1.016 -44.0507 2.4
    endloop
  endfacet
  facet normal 0.242821 -0.970071 0
    outer loop
      vertex -0.682816 -43.9673 2.4
      vertex -1.016 -44.0507 0
      vertex -0.682816 -43.9673 0
    endloop
  endfacet
  facet normal -0.903984 0.427566 0
    outer loop
      vertex 3.08672 -49.0499 0
      vertex 3.23358 -48.7394 2.4
      vertex 3.23358 -48.7394 0
    endloop
  endfacet
  facet normal -0.903984 0.427566 0
    outer loop
      vertex 3.23358 -48.7394 2.4
      vertex 3.08672 -49.0499 0
      vertex 3.08672 -49.0499 2.4
    endloop
  endfacet
  facet normal 0.595687 -0.803217 0
    outer loop
      vertex -2.22038 -44.6945 0
      vertex -1.9445 -44.4899 2.4
      vertex -2.22038 -44.6945 2.4
    endloop
  endfacet
  facet normal 0.595687 -0.803217 0
    outer loop
      vertex -1.9445 -44.4899 2.4
      vertex -2.22038 -44.6945 0
      vertex -1.9445 -44.4899 0
    endloop
  endfacet
  facet normal -0.146736 0.989176 0
    outer loop
      vertex 0.682816 -50.8327 0
      vertex 0.34306 -50.8831 2.4
      vertex 0.682816 -50.8327 2.4
    endloop
  endfacet
  facet normal -0.146736 0.989176 0
    outer loop
      vertex 0.34306 -50.8831 2.4
      vertex 0.682816 -50.8327 0
      vertex 0.34306 -50.8831 0
    endloop
  endfacet
  facet normal -0.51414 0.857706 0
    outer loop
      vertex 1.9445 -50.3101 0
      vertex 1.64989 -50.4867 2.4
      vertex 1.9445 -50.3101 2.4
    endloop
  endfacet
  facet normal -0.51414 0.857706 0
    outer loop
      vertex 1.64989 -50.4867 2.4
      vertex 1.9445 -50.3101 0
      vertex 1.64989 -50.4867 0
    endloop
  endfacet
  facet normal 0.998796 -0.0490519 0
    outer loop
      vertex -3.5 -47.4 2.4
      vertex -3.48315 -47.0569 0
      vertex -3.48315 -47.0569 2.4
    endloop
  endfacet
  facet normal 0.998796 -0.0490519 0
    outer loop
      vertex -3.48315 -47.0569 0
      vertex -3.5 -47.4 2.4
      vertex -3.5 -47.4 0
    endloop
  endfacet
  facet normal -0.803237 -0.595659 0
    outer loop
      vertex 2.91014 -45.4555 0
      vertex 2.70554 -45.1796 2.4
      vertex 2.70554 -45.1796 0
    endloop
  endfacet
  facet normal -0.803237 -0.595659 0
    outer loop
      vertex 2.70554 -45.1796 2.4
      vertex 2.91014 -45.4555 0
      vertex 2.91014 -45.4555 2.4
    endloop
  endfacet
  facet normal 0.242821 0.970071 -0
    outer loop
      vertex -0.682816 -50.8327 0
      vertex -1.016 -50.7493 2.4
      vertex -0.682816 -50.8327 2.4
    endloop
  endfacet
  facet normal 0.242821 0.970071 0
    outer loop
      vertex -1.016 -50.7493 2.4
      vertex -0.682816 -50.8327 0
      vertex -1.016 -50.7493 0
    endloop
  endfacet
  facet normal 0.857724 -0.51411 0
    outer loop
      vertex -3.08672 -45.7501 2.4
      vertex -2.91014 -45.4555 0
      vertex -2.91014 -45.4555 2.4
    endloop
  endfacet
  facet normal 0.857724 -0.51411 0
    outer loop
      vertex -2.91014 -45.4555 0
      vertex -3.08672 -45.7501 2.4
      vertex -3.08672 -45.7501 0
    endloop
  endfacet
  facet normal -0.336862 -0.941554 0
    outer loop
      vertex 1.016 -44.0507 0
      vertex 1.33939 -44.1664 2.4
      vertex 1.016 -44.0507 2.4
    endloop
  endfacet
  facet normal -0.336862 -0.941554 -0
    outer loop
      vertex 1.33939 -44.1664 2.4
      vertex 1.016 -44.0507 0
      vertex 1.33939 -44.1664 0
    endloop
  endfacet
  facet normal 0.740944 -0.671566 0
    outer loop
      vertex -2.70554 -45.1796 2.4
      vertex -2.47487 -44.9251 0
      vertex -2.47487 -44.9251 2.4
    endloop
  endfacet
  facet normal 0.740944 -0.671566 0
    outer loop
      vertex -2.47487 -44.9251 0
      vertex -2.70554 -45.1796 2.4
      vertex -2.70554 -45.1796 0
    endloop
  endfacet
  facet normal 0.970033 0.242974 0
    outer loop
      vertex -3.34929 -48.416 2.4
      vertex -3.43275 -48.0828 0
      vertex -3.43275 -48.0828 2.4
    endloop
  endfacet
  facet normal 0.970033 0.242974 0
    outer loop
      vertex -3.43275 -48.0828 0
      vertex -3.34929 -48.416 2.4
      vertex -3.34929 -48.416 0
    endloop
  endfacet
  facet normal 0.970033 -0.242974 0
    outer loop
      vertex -3.43275 -46.7172 2.4
      vertex -3.34929 -46.384 0
      vertex -3.34929 -46.384 2.4
    endloop
  endfacet
  facet normal 0.970033 -0.242974 0
    outer loop
      vertex -3.34929 -46.384 0
      vertex -3.43275 -46.7172 2.4
      vertex -3.43275 -46.7172 0
    endloop
  endfacet
  facet normal 0.146736 0.989176 -0
    outer loop
      vertex -0.34306 -50.8831 0
      vertex -0.682816 -50.8327 2.4
      vertex -0.34306 -50.8831 2.4
    endloop
  endfacet
  facet normal 0.146736 0.989176 0
    outer loop
      vertex -0.682816 -50.8327 2.4
      vertex -0.34306 -50.8831 0
      vertex -0.682816 -50.8327 0
    endloop
  endfacet
  facet normal -0.803237 0.595659 0
    outer loop
      vertex 2.70554 -49.6204 0
      vertex 2.91014 -49.3445 2.4
      vertex 2.91014 -49.3445 0
    endloop
  endfacet
  facet normal -0.803237 0.595659 0
    outer loop
      vertex 2.91014 -49.3445 2.4
      vertex 2.70554 -49.6204 0
      vertex 2.70554 -49.6204 2.4
    endloop
  endfacet
  facet normal -0.941548 0.336879 0
    outer loop
      vertex 3.23358 -48.7394 0
      vertex 3.34929 -48.416 2.4
      vertex 3.34929 -48.416 0
    endloop
  endfacet
  facet normal -0.941548 0.336879 0
    outer loop
      vertex 3.34929 -48.416 2.4
      vertex 3.23358 -48.7394 0
      vertex 3.23358 -48.7394 2.4
    endloop
  endfacet
  facet normal -0.336862 0.941554 0
    outer loop
      vertex 1.33939 -50.6336 0
      vertex 1.016 -50.7493 2.4
      vertex 1.33939 -50.6336 2.4
    endloop
  endfacet
  facet normal -0.336862 0.941554 0
    outer loop
      vertex 1.016 -50.7493 2.4
      vertex 1.33939 -50.6336 0
      vertex 1.016 -50.7493 0
    endloop
  endfacet
  facet normal 0.989172 0.14676 0
    outer loop
      vertex -3.43275 -48.0828 2.4
      vertex -3.48315 -47.7431 0
      vertex -3.48315 -47.7431 2.4
    endloop
  endfacet
  facet normal 0.989172 0.14676 0
    outer loop
      vertex -3.48315 -47.7431 0
      vertex -3.43275 -48.0828 2.4
      vertex -3.43275 -48.0828 0
    endloop
  endfacet
  facet normal -0.0492029 -0.998789 0
    outer loop
      vertex 0 -43.9 0
      vertex 0.34306 -43.9169 2.4
      vertex 0 -43.9 2.4
    endloop
  endfacet
  facet normal -0.0492029 -0.998789 -0
    outer loop
      vertex 0.34306 -43.9169 2.4
      vertex 0 -43.9 0
      vertex 0.34306 -43.9169 0
    endloop
  endfacet
  facet normal -0.941548 -0.336879 0
    outer loop
      vertex 3.34929 -46.384 0
      vertex 3.23358 -46.0606 2.4
      vertex 3.23358 -46.0606 0
    endloop
  endfacet
  facet normal -0.941548 -0.336879 0
    outer loop
      vertex 3.23358 -46.0606 2.4
      vertex 3.34929 -46.384 0
      vertex 3.34929 -46.384 2.4
    endloop
  endfacet
  facet normal -0.595687 -0.803217 0
    outer loop
      vertex 1.9445 -44.4899 0
      vertex 2.22038 -44.6945 2.4
      vertex 1.9445 -44.4899 2.4
    endloop
  endfacet
  facet normal -0.595687 -0.803217 -0
    outer loop
      vertex 2.22038 -44.6945 2.4
      vertex 1.9445 -44.4899 0
      vertex 2.22038 -44.6945 0
    endloop
  endfacet
  facet normal -0.970033 0.242974 0
    outer loop
      vertex 3.34929 -48.416 0
      vertex 3.43275 -48.0828 2.4
      vertex 3.43275 -48.0828 0
    endloop
  endfacet
  facet normal -0.970033 0.242974 0
    outer loop
      vertex 3.43275 -48.0828 2.4
      vertex 3.34929 -48.416 0
      vertex 3.34929 -48.416 2.4
    endloop
  endfacet
  facet normal -0.903984 -0.427566 0
    outer loop
      vertex 3.23358 -46.0606 0
      vertex 3.08672 -45.7501 2.4
      vertex 3.08672 -45.7501 0
    endloop
  endfacet
  facet normal -0.903984 -0.427566 0
    outer loop
      vertex 3.08672 -45.7501 2.4
      vertex 3.23358 -46.0606 0
      vertex 3.23358 -46.0606 2.4
    endloop
  endfacet
  facet normal -0.989172 0.14676 0
    outer loop
      vertex 3.43275 -48.0828 0
      vertex 3.48315 -47.7431 2.4
      vertex 3.48315 -47.7431 0
    endloop
  endfacet
  facet normal -0.989172 0.14676 0
    outer loop
      vertex 3.48315 -47.7431 2.4
      vertex 3.43275 -48.0828 0
      vertex 3.43275 -48.0828 2.4
    endloop
  endfacet
  facet normal -0.857724 -0.51411 0
    outer loop
      vertex 3.08672 -45.7501 0
      vertex 2.91014 -45.4555 2.4
      vertex 2.91014 -45.4555 0
    endloop
  endfacet
  facet normal -0.857724 -0.51411 0
    outer loop
      vertex 2.91014 -45.4555 2.4
      vertex 3.08672 -45.7501 0
      vertex 3.08672 -45.7501 2.4
    endloop
  endfacet
  facet normal 0.427661 -0.903939 0
    outer loop
      vertex -1.64989 -44.3133 0
      vertex -1.33939 -44.1664 2.4
      vertex -1.64989 -44.3133 2.4
    endloop
  endfacet
  facet normal 0.427661 -0.903939 0
    outer loop
      vertex -1.33939 -44.1664 2.4
      vertex -1.64989 -44.3133 0
      vertex -1.33939 -44.1664 0
    endloop
  endfacet
  facet normal -0.0492029 0.998789 0
    outer loop
      vertex 0.34306 -50.8831 0
      vertex 0 -50.9 2.4
      vertex 0.34306 -50.8831 2.4
    endloop
  endfacet
  facet normal -0.0492029 0.998789 0
    outer loop
      vertex 0 -50.9 2.4
      vertex 0.34306 -50.8831 0
      vertex 0 -50.9 0
    endloop
  endfacet
  facet normal 0.941548 0.336879 0
    outer loop
      vertex -3.23358 -48.7394 2.4
      vertex -3.34929 -48.416 0
      vertex -3.34929 -48.416 2.4
    endloop
  endfacet
  facet normal 0.941548 0.336879 0
    outer loop
      vertex -3.34929 -48.416 0
      vertex -3.23358 -48.7394 2.4
      vertex -3.23358 -48.7394 0
    endloop
  endfacet
  facet normal 0.671469 -0.741033 0
    outer loop
      vertex -2.47487 -44.9251 0
      vertex -2.22038 -44.6945 2.4
      vertex -2.47487 -44.9251 2.4
    endloop
  endfacet
  facet normal 0.671469 -0.741033 0
    outer loop
      vertex -2.22038 -44.6945 2.4
      vertex -2.47487 -44.9251 0
      vertex -2.22038 -44.6945 0
    endloop
  endfacet
  facet normal -0.740944 -0.671566 0
    outer loop
      vertex 2.70554 -45.1796 0
      vertex 2.47487 -44.9251 2.4
      vertex 2.47487 -44.9251 0
    endloop
  endfacet
  facet normal -0.740944 -0.671566 0
    outer loop
      vertex 2.47487 -44.9251 2.4
      vertex 2.70554 -45.1796 0
      vertex 2.70554 -45.1796 2.4
    endloop
  endfacet
  facet normal 0.427661 0.903939 -0
    outer loop
      vertex -1.33939 -50.6336 0
      vertex -1.64989 -50.4867 2.4
      vertex -1.33939 -50.6336 2.4
    endloop
  endfacet
  facet normal 0.427661 0.903939 0
    outer loop
      vertex -1.64989 -50.4867 2.4
      vertex -1.33939 -50.6336 0
      vertex -1.64989 -50.4867 0
    endloop
  endfacet
  facet normal 0.51414 -0.857706 0
    outer loop
      vertex -1.9445 -44.4899 0
      vertex -1.64989 -44.3133 2.4
      vertex -1.9445 -44.4899 2.4
    endloop
  endfacet
  facet normal 0.51414 -0.857706 0
    outer loop
      vertex -1.64989 -44.3133 2.4
      vertex -1.9445 -44.4899 0
      vertex -1.64989 -44.3133 0
    endloop
  endfacet
  facet normal 0.903984 0.427566 0
    outer loop
      vertex -3.08672 -49.0499 2.4
      vertex -3.23358 -48.7394 0
      vertex -3.23358 -48.7394 2.4
    endloop
  endfacet
  facet normal 0.903984 0.427566 0
    outer loop
      vertex -3.23358 -48.7394 0
      vertex -3.08672 -49.0499 2.4
      vertex -3.08672 -49.0499 0
    endloop
  endfacet
  facet normal 0.0492029 0.998789 -0
    outer loop
      vertex 0 -50.9 0
      vertex -0.34306 -50.8831 2.4
      vertex 0 -50.9 2.4
    endloop
  endfacet
  facet normal 0.0492029 0.998789 0
    outer loop
      vertex -0.34306 -50.8831 2.4
      vertex 0 -50.9 0
      vertex -0.34306 -50.8831 0
    endloop
  endfacet
  facet normal -0.242821 0.970071 0
    outer loop
      vertex 1.016 -50.7493 0
      vertex 0.682816 -50.8327 2.4
      vertex 1.016 -50.7493 2.4
    endloop
  endfacet
  facet normal -0.242821 0.970071 0
    outer loop
      vertex 0.682816 -50.8327 2.4
      vertex 1.016 -50.7493 0
      vertex 0.682816 -50.8327 0
    endloop
  endfacet
  facet normal 0.941548 -0.336879 0
    outer loop
      vertex -3.34929 -46.384 2.4
      vertex -3.23358 -46.0606 0
      vertex -3.23358 -46.0606 2.4
    endloop
  endfacet
  facet normal 0.941548 -0.336879 0
    outer loop
      vertex -3.23358 -46.0606 0
      vertex -3.34929 -46.384 2.4
      vertex -3.34929 -46.384 0
    endloop
  endfacet
  facet normal 0.671469 0.741033 -0
    outer loop
      vertex -2.22038 -50.1055 0
      vertex -2.47487 -49.8749 2.4
      vertex -2.22038 -50.1055 2.4
    endloop
  endfacet
  facet normal 0.671469 0.741033 0
    outer loop
      vertex -2.47487 -49.8749 2.4
      vertex -2.22038 -50.1055 0
      vertex -2.47487 -49.8749 0
    endloop
  endfacet
  facet normal 0.857724 0.51411 0
    outer loop
      vertex -2.91014 -49.3445 2.4
      vertex -3.08672 -49.0499 0
      vertex -3.08672 -49.0499 2.4
    endloop
  endfacet
  facet normal 0.857724 0.51411 0
    outer loop
      vertex -3.08672 -49.0499 0
      vertex -2.91014 -49.3445 2.4
      vertex -2.91014 -49.3445 0
    endloop
  endfacet
  facet normal -0.740944 0.671566 0
    outer loop
      vertex 2.47487 -49.8749 0
      vertex 2.70554 -49.6204 2.4
      vertex 2.70554 -49.6204 0
    endloop
  endfacet
  facet normal -0.740944 0.671566 0
    outer loop
      vertex 2.70554 -49.6204 2.4
      vertex 2.47487 -49.8749 0
      vertex 2.47487 -49.8749 2.4
    endloop
  endfacet
  facet normal -0.671469 0.741033 0
    outer loop
      vertex 2.47487 -49.8749 0
      vertex 2.22038 -50.1055 2.4
      vertex 2.47487 -49.8749 2.4
    endloop
  endfacet
  facet normal -0.671469 0.741033 0
    outer loop
      vertex 2.22038 -50.1055 2.4
      vertex 2.47487 -49.8749 0
      vertex 2.22038 -50.1055 0
    endloop
  endfacet
  facet normal 0.595687 0.803217 -0
    outer loop
      vertex -1.9445 -50.3101 0
      vertex -2.22038 -50.1055 2.4
      vertex -1.9445 -50.3101 2.4
    endloop
  endfacet
  facet normal 0.595687 0.803217 0
    outer loop
      vertex -2.22038 -50.1055 2.4
      vertex -1.9445 -50.3101 0
      vertex -2.22038 -50.1055 0
    endloop
  endfacet
  facet normal 0.803237 0.595659 0
    outer loop
      vertex -2.70554 -49.6204 2.4
      vertex -2.91014 -49.3445 0
      vertex -2.91014 -49.3445 2.4
    endloop
  endfacet
  facet normal 0.803237 0.595659 0
    outer loop
      vertex -2.91014 -49.3445 0
      vertex -2.70554 -49.6204 2.4
      vertex -2.70554 -49.6204 0
    endloop
  endfacet
  facet normal 0.903984 -0.427566 0
    outer loop
      vertex -3.23358 -46.0606 2.4
      vertex -3.08672 -45.7501 0
      vertex -3.08672 -45.7501 2.4
    endloop
  endfacet
  facet normal 0.903984 -0.427566 0
    outer loop
      vertex -3.08672 -45.7501 0
      vertex -3.23358 -46.0606 2.4
      vertex -3.23358 -46.0606 0
    endloop
  endfacet
  facet normal 0.803237 -0.595659 0
    outer loop
      vertex -2.91014 -45.4555 2.4
      vertex -2.70554 -45.1796 0
      vertex -2.70554 -45.1796 2.4
    endloop
  endfacet
  facet normal 0.803237 -0.595659 0
    outer loop
      vertex -2.70554 -45.1796 0
      vertex -2.91014 -45.4555 2.4
      vertex -2.91014 -45.4555 0
    endloop
  endfacet
  facet normal 0.336853 0.941557 -0
    outer loop
      vertex 11.984 -37.7493 0
      vertex 11.6606 -37.6336 2.4
      vertex 11.984 -37.7493 2.4
    endloop
  endfacet
  facet normal 0.336853 0.941557 0
    outer loop
      vertex 11.6606 -37.6336 2.4
      vertex 11.984 -37.7493 0
      vertex 11.6606 -37.6336 0
    endloop
  endfacet
  facet normal -0.989172 -0.14676 0
    outer loop
      vertex 16.4831 -34.0569 0
      vertex 16.4327 -33.7172 2.4
      vertex 16.4327 -33.7172 0
    endloop
  endfacet
  facet normal -0.989172 -0.14676 0
    outer loop
      vertex 16.4327 -33.7172 2.4
      vertex 16.4831 -34.0569 0
      vertex 16.4831 -34.0569 2.4
    endloop
  endfacet
  facet normal -0.998789 -0.0491971 0
    outer loop
      vertex 16.5 -34.4 0
      vertex 16.4831 -34.0569 2.4
      vertex 16.4831 -34.0569 0
    endloop
  endfacet
  facet normal -0.998789 -0.0491971 0
    outer loop
      vertex 16.4831 -34.0569 2.4
      vertex 16.5 -34.4 0
      vertex 16.5 -34.4 2.4
    endloop
  endfacet
  facet normal -0.970074 -0.24281 0
    outer loop
      vertex 16.4327 -33.7172 0
      vertex 16.3493 -33.384 2.4
      vertex 16.3493 -33.384 0
    endloop
  endfacet
  facet normal -0.970074 -0.24281 0
    outer loop
      vertex 16.3493 -33.384 2.4
      vertex 16.4327 -33.7172 0
      vertex 16.4327 -33.7172 2.4
    endloop
  endfacet
  facet normal 0.989172 -0.14676 0
    outer loop
      vertex 9.51685 -34.0569 2.4
      vertex 9.56725 -33.7172 0
      vertex 9.56725 -33.7172 2.4
    endloop
  endfacet
  facet normal 0.989172 -0.14676 0
    outer loop
      vertex 9.56725 -33.7172 0
      vertex 9.51685 -34.0569 2.4
      vertex 9.51685 -34.0569 0
    endloop
  endfacet
  facet normal 0.24281 0.970074 -0
    outer loop
      vertex 12.3172 -37.8327 0
      vertex 11.984 -37.7493 2.4
      vertex 12.3172 -37.8327 2.4
    endloop
  endfacet
  facet normal 0.24281 0.970074 0
    outer loop
      vertex 11.984 -37.7493 2.4
      vertex 12.3172 -37.8327 0
      vertex 11.984 -37.7493 0
    endloop
  endfacet
  facet normal -0.336853 -0.941557 0
    outer loop
      vertex 14.016 -31.0507 0
      vertex 14.3394 -31.1664 2.4
      vertex 14.016 -31.0507 2.4
    endloop
  endfacet
  facet normal -0.336853 -0.941557 -0
    outer loop
      vertex 14.3394 -31.1664 2.4
      vertex 14.016 -31.0507 0
      vertex 14.3394 -31.1664 0
    endloop
  endfacet
  facet normal 0.514153 -0.857698 0
    outer loop
      vertex 11.0555 -31.4899 0
      vertex 11.3501 -31.3133 2.4
      vertex 11.0555 -31.4899 2.4
    endloop
  endfacet
  facet normal 0.514153 -0.857698 0
    outer loop
      vertex 11.3501 -31.3133 2.4
      vertex 11.0555 -31.4899 0
      vertex 11.3501 -31.3133 0
    endloop
  endfacet
  facet normal 0.903996 0.427542 0
    outer loop
      vertex 9.91327 -36.0499 2.4
      vertex 9.76642 -35.7394 0
      vertex 9.76642 -35.7394 2.4
    endloop
  endfacet
  facet normal 0.903996 0.427542 0
    outer loop
      vertex 9.76642 -35.7394 0
      vertex 9.91327 -36.0499 2.4
      vertex 9.91327 -36.0499 0
    endloop
  endfacet
  facet normal 0.24281 -0.970074 0
    outer loop
      vertex 11.984 -31.0507 0
      vertex 12.3172 -30.9673 2.4
      vertex 11.984 -31.0507 2.4
    endloop
  endfacet
  facet normal 0.24281 -0.970074 0
    outer loop
      vertex 12.3172 -30.9673 2.4
      vertex 11.984 -31.0507 0
      vertex 12.3172 -30.9673 0
    endloop
  endfacet
  facet normal 0.85766 0.514217 0
    outer loop
      vertex 10.0899 -36.3445 2.4
      vertex 9.91327 -36.0499 0
      vertex 9.91327 -36.0499 2.4
    endloop
  endfacet
  facet normal 0.85766 0.514217 0
    outer loop
      vertex 9.91327 -36.0499 0
      vertex 10.0899 -36.3445 2.4
      vertex 10.0899 -36.3445 0
    endloop
  endfacet
  facet normal -0.24281 0.970074 0
    outer loop
      vertex 14.016 -37.7493 0
      vertex 13.6828 -37.8327 2.4
      vertex 14.016 -37.7493 2.4
    endloop
  endfacet
  facet normal -0.24281 0.970074 0
    outer loop
      vertex 13.6828 -37.8327 2.4
      vertex 14.016 -37.7493 0
      vertex 13.6828 -37.8327 0
    endloop
  endfacet
  facet normal 0.595659 0.803237 -0
    outer loop
      vertex 11.0555 -37.3101 0
      vertex 10.7796 -37.1055 2.4
      vertex 11.0555 -37.3101 2.4
    endloop
  endfacet
  facet normal 0.595659 0.803237 0
    outer loop
      vertex 10.7796 -37.1055 2.4
      vertex 11.0555 -37.3101 0
      vertex 10.7796 -37.1055 0
    endloop
  endfacet
  facet normal -0.514153 0.857698 0
    outer loop
      vertex 14.9445 -37.3101 0
      vertex 14.6499 -37.4867 2.4
      vertex 14.9445 -37.3101 2.4
    endloop
  endfacet
  facet normal -0.514153 0.857698 0
    outer loop
      vertex 14.6499 -37.4867 2.4
      vertex 14.9445 -37.3101 0
      vertex 14.6499 -37.4867 0
    endloop
  endfacet
  facet normal -0.803237 0.595659 0
    outer loop
      vertex 15.7055 -36.6204 0
      vertex 15.9101 -36.3445 2.4
      vertex 15.9101 -36.3445 0
    endloop
  endfacet
  facet normal -0.803237 0.595659 0
    outer loop
      vertex 15.9101 -36.3445 2.4
      vertex 15.7055 -36.6204 0
      vertex 15.7055 -36.6204 2.4
    endloop
  endfacet
  facet normal -0.14676 -0.989172 0
    outer loop
      vertex 13.3431 -30.9169 0
      vertex 13.6828 -30.9673 2.4
      vertex 13.3431 -30.9169 2.4
    endloop
  endfacet
  facet normal -0.14676 -0.989172 -0
    outer loop
      vertex 13.6828 -30.9673 2.4
      vertex 13.3431 -30.9169 0
      vertex 13.6828 -30.9673 0
    endloop
  endfacet
  facet normal 0.595659 -0.803237 0
    outer loop
      vertex 10.7796 -31.6945 0
      vertex 11.0555 -31.4899 2.4
      vertex 10.7796 -31.6945 2.4
    endloop
  endfacet
  facet normal 0.595659 -0.803237 0
    outer loop
      vertex 11.0555 -31.4899 2.4
      vertex 10.7796 -31.6945 0
      vertex 11.0555 -31.4899 0
    endloop
  endfacet
  facet normal -0.427661 0.903939 0
    outer loop
      vertex 14.6499 -37.4867 0
      vertex 14.3394 -37.6336 2.4
      vertex 14.6499 -37.4867 2.4
    endloop
  endfacet
  facet normal -0.427661 0.903939 0
    outer loop
      vertex 14.3394 -37.6336 2.4
      vertex 14.6499 -37.4867 0
      vertex 14.3394 -37.6336 0
    endloop
  endfacet
  facet normal 0.803237 -0.595659 0
    outer loop
      vertex 10.0899 -32.4555 2.4
      vertex 10.2945 -32.1796 0
      vertex 10.2945 -32.1796 2.4
    endloop
  endfacet
  facet normal 0.803237 -0.595659 0
    outer loop
      vertex 10.2945 -32.1796 0
      vertex 10.0899 -32.4555 2.4
      vertex 10.0899 -32.4555 0
    endloop
  endfacet
  facet normal -0.989172 0.14676 0
    outer loop
      vertex 16.4327 -35.0828 0
      vertex 16.4831 -34.7431 2.4
      vertex 16.4831 -34.7431 0
    endloop
  endfacet
  facet normal -0.989172 0.14676 0
    outer loop
      vertex 16.4831 -34.7431 2.4
      vertex 16.4327 -35.0828 0
      vertex 16.4327 -35.0828 2.4
    endloop
  endfacet
  facet normal 0.941548 -0.336879 0
    outer loop
      vertex 9.65071 -33.384 2.4
      vertex 9.76642 -33.0606 0
      vertex 9.76642 -33.0606 2.4
    endloop
  endfacet
  facet normal 0.941548 -0.336879 0
    outer loop
      vertex 9.76642 -33.0606 0
      vertex 9.65071 -33.384 2.4
      vertex 9.65071 -33.384 0
    endloop
  endfacet
  facet normal -0.427661 -0.903939 0
    outer loop
      vertex 14.3394 -31.1664 0
      vertex 14.6499 -31.3133 2.4
      vertex 14.3394 -31.1664 2.4
    endloop
  endfacet
  facet normal -0.427661 -0.903939 -0
    outer loop
      vertex 14.6499 -31.3133 2.4
      vertex 14.3394 -31.1664 0
      vertex 14.6499 -31.3133 0
    endloop
  endfacet
  facet normal 0.941548 0.336879 0
    outer loop
      vertex 9.76642 -35.7394 2.4
      vertex 9.65071 -35.416 0
      vertex 9.65071 -35.416 2.4
    endloop
  endfacet
  facet normal 0.941548 0.336879 0
    outer loop
      vertex 9.65071 -35.416 0
      vertex 9.76642 -35.7394 2.4
      vertex 9.76642 -35.7394 0
    endloop
  endfacet
  facet normal -0.970074 0.24281 0
    outer loop
      vertex 16.3493 -35.416 0
      vertex 16.4327 -35.0828 2.4
      vertex 16.4327 -35.0828 0
    endloop
  endfacet
  facet normal -0.970074 0.24281 0
    outer loop
      vertex 16.4327 -35.0828 2.4
      vertex 16.3493 -35.416 0
      vertex 16.3493 -35.416 2.4
    endloop
  endfacet
  facet normal 0.0491971 -0.998789 0
    outer loop
      vertex 12.6569 -30.9169 0
      vertex 13 -30.9 2.4
      vertex 12.6569 -30.9169 2.4
    endloop
  endfacet
  facet normal 0.0491971 -0.998789 0
    outer loop
      vertex 13 -30.9 2.4
      vertex 12.6569 -30.9169 0
      vertex 13 -30.9 0
    endloop
  endfacet
  facet normal -0.671454 -0.741046 0
    outer loop
      vertex 15.2204 -31.6945 0
      vertex 15.4749 -31.9251 2.4
      vertex 15.2204 -31.6945 2.4
    endloop
  endfacet
  facet normal -0.671454 -0.741046 -0
    outer loop
      vertex 15.4749 -31.9251 2.4
      vertex 15.2204 -31.6945 0
      vertex 15.4749 -31.9251 0
    endloop
  endfacet
  facet normal 0.427661 -0.903939 0
    outer loop
      vertex 11.3501 -31.3133 0
      vertex 11.6606 -31.1664 2.4
      vertex 11.3501 -31.3133 2.4
    endloop
  endfacet
  facet normal 0.427661 -0.903939 0
    outer loop
      vertex 11.6606 -31.1664 2.4
      vertex 11.3501 -31.3133 0
      vertex 11.6606 -31.1664 0
    endloop
  endfacet
  facet normal 0.671454 -0.741046 0
    outer loop
      vertex 10.5251 -31.9251 0
      vertex 10.7796 -31.6945 2.4
      vertex 10.5251 -31.9251 2.4
    endloop
  endfacet
  facet normal 0.671454 -0.741046 0
    outer loop
      vertex 10.7796 -31.6945 2.4
      vertex 10.5251 -31.9251 0
      vertex 10.7796 -31.6945 0
    endloop
  endfacet
  facet normal -0.336853 0.941557 0
    outer loop
      vertex 14.3394 -37.6336 0
      vertex 14.016 -37.7493 2.4
      vertex 14.3394 -37.6336 2.4
    endloop
  endfacet
  facet normal -0.336853 0.941557 0
    outer loop
      vertex 14.016 -37.7493 2.4
      vertex 14.3394 -37.6336 0
      vertex 14.016 -37.7493 0
    endloop
  endfacet
  facet normal 0.336853 -0.941557 0
    outer loop
      vertex 11.6606 -31.1664 0
      vertex 11.984 -31.0507 2.4
      vertex 11.6606 -31.1664 2.4
    endloop
  endfacet
  facet normal 0.336853 -0.941557 0
    outer loop
      vertex 11.984 -31.0507 2.4
      vertex 11.6606 -31.1664 0
      vertex 11.984 -31.0507 0
    endloop
  endfacet
  facet normal -0.803237 -0.595659 0
    outer loop
      vertex 15.9101 -32.4555 0
      vertex 15.7055 -32.1796 2.4
      vertex 15.7055 -32.1796 0
    endloop
  endfacet
  facet normal -0.803237 -0.595659 0
    outer loop
      vertex 15.7055 -32.1796 2.4
      vertex 15.9101 -32.4555 0
      vertex 15.9101 -32.4555 2.4
    endloop
  endfacet
  facet normal 0.85766 -0.514217 0
    outer loop
      vertex 9.91327 -32.7501 2.4
      vertex 10.0899 -32.4555 0
      vertex 10.0899 -32.4555 2.4
    endloop
  endfacet
  facet normal 0.85766 -0.514217 0
    outer loop
      vertex 10.0899 -32.4555 0
      vertex 9.91327 -32.7501 2.4
      vertex 9.91327 -32.7501 0
    endloop
  endfacet
  facet normal -0.998789 0.0491971 0
    outer loop
      vertex 16.4831 -34.7431 0
      vertex 16.5 -34.4 2.4
      vertex 16.5 -34.4 0
    endloop
  endfacet
  facet normal -0.998789 0.0491971 0
    outer loop
      vertex 16.5 -34.4 2.4
      vertex 16.4831 -34.7431 0
      vertex 16.4831 -34.7431 2.4
    endloop
  endfacet
  facet normal -0.903939 0.427661 0
    outer loop
      vertex 16.0867 -36.0499 0
      vertex 16.2336 -35.7394 2.4
      vertex 16.2336 -35.7394 0
    endloop
  endfacet
  facet normal -0.903939 0.427661 0
    outer loop
      vertex 16.2336 -35.7394 2.4
      vertex 16.0867 -36.0499 0
      vertex 16.0867 -36.0499 2.4
    endloop
  endfacet
  facet normal 0.671454 0.741046 -0
    outer loop
      vertex 10.7796 -37.1055 0
      vertex 10.5251 -36.8749 2.4
      vertex 10.7796 -37.1055 2.4
    endloop
  endfacet
  facet normal 0.671454 0.741046 0
    outer loop
      vertex 10.5251 -36.8749 2.4
      vertex 10.7796 -37.1055 0
      vertex 10.5251 -36.8749 0
    endloop
  endfacet
  facet normal -0.595659 -0.803237 0
    outer loop
      vertex 14.9445 -31.4899 0
      vertex 15.2204 -31.6945 2.4
      vertex 14.9445 -31.4899 2.4
    endloop
  endfacet
  facet normal -0.595659 -0.803237 -0
    outer loop
      vertex 15.2204 -31.6945 2.4
      vertex 14.9445 -31.4899 0
      vertex 15.2204 -31.6945 0
    endloop
  endfacet
  facet normal 0.514153 0.857698 -0
    outer loop
      vertex 11.3501 -37.4867 0
      vertex 11.0555 -37.3101 2.4
      vertex 11.3501 -37.4867 2.4
    endloop
  endfacet
  facet normal 0.514153 0.857698 0
    outer loop
      vertex 11.0555 -37.3101 2.4
      vertex 11.3501 -37.4867 0
      vertex 11.0555 -37.3101 0
    endloop
  endfacet
  facet normal -0.514153 -0.857698 0
    outer loop
      vertex 14.6499 -31.3133 0
      vertex 14.9445 -31.4899 2.4
      vertex 14.6499 -31.3133 2.4
    endloop
  endfacet
  facet normal -0.514153 -0.857698 -0
    outer loop
      vertex 14.9445 -31.4899 2.4
      vertex 14.6499 -31.3133 0
      vertex 14.9445 -31.4899 0
    endloop
  endfacet
  facet normal -0.14676 0.989172 0
    outer loop
      vertex 13.6828 -37.8327 0
      vertex 13.3431 -37.8831 2.4
      vertex 13.6828 -37.8327 2.4
    endloop
  endfacet
  facet normal -0.14676 0.989172 0
    outer loop
      vertex 13.3431 -37.8831 2.4
      vertex 13.6828 -37.8327 0
      vertex 13.3431 -37.8831 0
    endloop
  endfacet
  facet normal -0.941557 -0.336853 0
    outer loop
      vertex 16.3493 -33.384 0
      vertex 16.2336 -33.0606 2.4
      vertex 16.2336 -33.0606 0
    endloop
  endfacet
  facet normal -0.941557 -0.336853 0
    outer loop
      vertex 16.2336 -33.0606 2.4
      vertex 16.3493 -33.384 0
      vertex 16.3493 -33.384 2.4
    endloop
  endfacet
  facet normal -0.857698 0.514153 0
    outer loop
      vertex 15.9101 -36.3445 0
      vertex 16.0867 -36.0499 2.4
      vertex 16.0867 -36.0499 0
    endloop
  endfacet
  facet normal -0.857698 0.514153 0
    outer loop
      vertex 16.0867 -36.0499 2.4
      vertex 15.9101 -36.3445 0
      vertex 15.9101 -36.3445 2.4
    endloop
  endfacet
  facet normal 0.998796 0.0490519 0
    outer loop
      vertex 9.51685 -34.7431 2.4
      vertex 9.5 -34.4 0
      vertex 9.5 -34.4 2.4
    endloop
  endfacet
  facet normal 0.998796 0.0490519 0
    outer loop
      vertex 9.5 -34.4 0
      vertex 9.51685 -34.7431 2.4
      vertex 9.51685 -34.7431 0
    endloop
  endfacet
  facet normal -0.941557 0.336853 0
    outer loop
      vertex 16.2336 -35.7394 0
      vertex 16.3493 -35.416 2.4
      vertex 16.3493 -35.416 0
    endloop
  endfacet
  facet normal -0.941557 0.336853 0
    outer loop
      vertex 16.3493 -35.416 2.4
      vertex 16.2336 -35.7394 0
      vertex 16.2336 -35.7394 2.4
    endloop
  endfacet
  facet normal 0.14676 -0.989172 0
    outer loop
      vertex 12.3172 -30.9673 0
      vertex 12.6569 -30.9169 2.4
      vertex 12.3172 -30.9673 2.4
    endloop
  endfacet
  facet normal 0.14676 -0.989172 0
    outer loop
      vertex 12.6569 -30.9169 2.4
      vertex 12.3172 -30.9673 0
      vertex 12.6569 -30.9169 0
    endloop
  endfacet
  facet normal -0.741046 -0.671454 0
    outer loop
      vertex 15.7055 -32.1796 0
      vertex 15.4749 -31.9251 2.4
      vertex 15.4749 -31.9251 0
    endloop
  endfacet
  facet normal -0.741046 -0.671454 0
    outer loop
      vertex 15.4749 -31.9251 2.4
      vertex 15.7055 -32.1796 0
      vertex 15.7055 -32.1796 2.4
    endloop
  endfacet
  facet normal -0.0491971 -0.998789 0
    outer loop
      vertex 13 -30.9 0
      vertex 13.3431 -30.9169 2.4
      vertex 13 -30.9 2.4
    endloop
  endfacet
  facet normal -0.0491971 -0.998789 -0
    outer loop
      vertex 13.3431 -30.9169 2.4
      vertex 13 -30.9 0
      vertex 13.3431 -30.9169 0
    endloop
  endfacet
  facet normal -0.903939 -0.427661 0
    outer loop
      vertex 16.2336 -33.0606 0
      vertex 16.0867 -32.7501 2.4
      vertex 16.0867 -32.7501 0
    endloop
  endfacet
  facet normal -0.903939 -0.427661 0
    outer loop
      vertex 16.0867 -32.7501 2.4
      vertex 16.2336 -33.0606 0
      vertex 16.2336 -33.0606 2.4
    endloop
  endfacet
  facet normal 0.14676 0.989172 -0
    outer loop
      vertex 12.6569 -37.8831 0
      vertex 12.3172 -37.8327 2.4
      vertex 12.6569 -37.8831 2.4
    endloop
  endfacet
  facet normal 0.14676 0.989172 0
    outer loop
      vertex 12.3172 -37.8327 2.4
      vertex 12.6569 -37.8831 0
      vertex 12.3172 -37.8327 0
    endloop
  endfacet
  facet normal -0.671454 0.741046 0
    outer loop
      vertex 15.4749 -36.8749 0
      vertex 15.2204 -37.1055 2.4
      vertex 15.4749 -36.8749 2.4
    endloop
  endfacet
  facet normal -0.671454 0.741046 0
    outer loop
      vertex 15.2204 -37.1055 2.4
      vertex 15.4749 -36.8749 0
      vertex 15.2204 -37.1055 0
    endloop
  endfacet
  facet normal -0.857698 -0.514153 0
    outer loop
      vertex 16.0867 -32.7501 0
      vertex 15.9101 -32.4555 2.4
      vertex 15.9101 -32.4555 0
    endloop
  endfacet
  facet normal -0.857698 -0.514153 0
    outer loop
      vertex 15.9101 -32.4555 2.4
      vertex 16.0867 -32.7501 0
      vertex 16.0867 -32.7501 2.4
    endloop
  endfacet
  facet normal 0.0491971 0.998789 -0
    outer loop
      vertex 13 -37.9 0
      vertex 12.6569 -37.8831 2.4
      vertex 13 -37.9 2.4
    endloop
  endfacet
  facet normal 0.0491971 0.998789 0
    outer loop
      vertex 12.6569 -37.8831 2.4
      vertex 13 -37.9 0
      vertex 12.6569 -37.8831 0
    endloop
  endfacet
  facet normal 0.741046 -0.671454 0
    outer loop
      vertex 10.2945 -32.1796 2.4
      vertex 10.5251 -31.9251 0
      vertex 10.5251 -31.9251 2.4
    endloop
  endfacet
  facet normal 0.741046 -0.671454 0
    outer loop
      vertex 10.5251 -31.9251 0
      vertex 10.2945 -32.1796 2.4
      vertex 10.2945 -32.1796 0
    endloop
  endfacet
  facet normal 0.903996 -0.427542 0
    outer loop
      vertex 9.76642 -33.0606 2.4
      vertex 9.91327 -32.7501 0
      vertex 9.91327 -32.7501 2.4
    endloop
  endfacet
  facet normal 0.903996 -0.427542 0
    outer loop
      vertex 9.91327 -32.7501 0
      vertex 9.76642 -33.0606 2.4
      vertex 9.76642 -33.0606 0
    endloop
  endfacet
  facet normal 0.970033 -0.242974 0
    outer loop
      vertex 9.56725 -33.7172 2.4
      vertex 9.65071 -33.384 0
      vertex 9.65071 -33.384 2.4
    endloop
  endfacet
  facet normal 0.970033 -0.242974 0
    outer loop
      vertex 9.65071 -33.384 0
      vertex 9.56725 -33.7172 2.4
      vertex 9.56725 -33.7172 0
    endloop
  endfacet
  facet normal -0.24281 -0.970074 0
    outer loop
      vertex 13.6828 -30.9673 0
      vertex 14.016 -31.0507 2.4
      vertex 13.6828 -30.9673 2.4
    endloop
  endfacet
  facet normal -0.24281 -0.970074 -0
    outer loop
      vertex 14.016 -31.0507 2.4
      vertex 13.6828 -30.9673 0
      vertex 14.016 -31.0507 0
    endloop
  endfacet
  facet normal 0.970033 0.242974 0
    outer loop
      vertex 9.65071 -35.416 2.4
      vertex 9.56725 -35.0828 0
      vertex 9.56725 -35.0828 2.4
    endloop
  endfacet
  facet normal 0.970033 0.242974 0
    outer loop
      vertex 9.56725 -35.0828 0
      vertex 9.65071 -35.416 2.4
      vertex 9.65071 -35.416 0
    endloop
  endfacet
  facet normal 0.427661 0.903939 -0
    outer loop
      vertex 11.6606 -37.6336 0
      vertex 11.3501 -37.4867 2.4
      vertex 11.6606 -37.6336 2.4
    endloop
  endfacet
  facet normal 0.427661 0.903939 0
    outer loop
      vertex 11.3501 -37.4867 2.4
      vertex 11.6606 -37.6336 0
      vertex 11.3501 -37.4867 0
    endloop
  endfacet
  facet normal 0.741046 0.671454 0
    outer loop
      vertex 10.5251 -36.8749 2.4
      vertex 10.2945 -36.6204 0
      vertex 10.2945 -36.6204 2.4
    endloop
  endfacet
  facet normal 0.741046 0.671454 0
    outer loop
      vertex 10.2945 -36.6204 0
      vertex 10.5251 -36.8749 2.4
      vertex 10.5251 -36.8749 0
    endloop
  endfacet
  facet normal -0.0491971 0.998789 0
    outer loop
      vertex 13.3431 -37.8831 0
      vertex 13 -37.9 2.4
      vertex 13.3431 -37.8831 2.4
    endloop
  endfacet
  facet normal -0.0491971 0.998789 0
    outer loop
      vertex 13 -37.9 2.4
      vertex 13.3431 -37.8831 0
      vertex 13 -37.9 0
    endloop
  endfacet
  facet normal 0.989172 0.14676 0
    outer loop
      vertex 9.56725 -35.0828 2.4
      vertex 9.51685 -34.7431 0
      vertex 9.51685 -34.7431 2.4
    endloop
  endfacet
  facet normal 0.989172 0.14676 0
    outer loop
      vertex 9.51685 -34.7431 0
      vertex 9.56725 -35.0828 2.4
      vertex 9.56725 -35.0828 0
    endloop
  endfacet
  facet normal -0.595659 0.803237 0
    outer loop
      vertex 15.2204 -37.1055 0
      vertex 14.9445 -37.3101 2.4
      vertex 15.2204 -37.1055 2.4
    endloop
  endfacet
  facet normal -0.595659 0.803237 0
    outer loop
      vertex 14.9445 -37.3101 2.4
      vertex 15.2204 -37.1055 0
      vertex 14.9445 -37.3101 0
    endloop
  endfacet
  facet normal 0.803237 0.595659 0
    outer loop
      vertex 10.2945 -36.6204 2.4
      vertex 10.0899 -36.3445 0
      vertex 10.0899 -36.3445 2.4
    endloop
  endfacet
  facet normal 0.803237 0.595659 0
    outer loop
      vertex 10.0899 -36.3445 0
      vertex 10.2945 -36.6204 2.4
      vertex 10.2945 -36.6204 0
    endloop
  endfacet
  facet normal 0.998796 -0.0490519 0
    outer loop
      vertex 9.5 -34.4 2.4
      vertex 9.51685 -34.0569 0
      vertex 9.51685 -34.0569 2.4
    endloop
  endfacet
  facet normal 0.998796 -0.0490519 0
    outer loop
      vertex 9.51685 -34.0569 0
      vertex 9.5 -34.4 2.4
      vertex 9.5 -34.4 0
    endloop
  endfacet
  facet normal -0.741046 0.671454 0
    outer loop
      vertex 15.4749 -36.8749 0
      vertex 15.7055 -36.6204 2.4
      vertex 15.7055 -36.6204 0
    endloop
  endfacet
  facet normal -0.741046 0.671454 0
    outer loop
      vertex 15.7055 -36.6204 2.4
      vertex 15.4749 -36.8749 0
      vertex 15.4749 -36.8749 2.4
    endloop
  endfacet
  facet normal -0.989172 -0.14676 0
    outer loop
      vertex -9.51685 -34.0569 0
      vertex -9.56725 -33.7172 2.4
      vertex -9.56725 -33.7172 0
    endloop
  endfacet
  facet normal -0.989172 -0.14676 0
    outer loop
      vertex -9.56725 -33.7172 2.4
      vertex -9.51685 -34.0569 0
      vertex -9.51685 -34.0569 2.4
    endloop
  endfacet
  facet normal -0.998796 -0.0490519 0
    outer loop
      vertex -9.5 -34.4 0
      vertex -9.51685 -34.0569 2.4
      vertex -9.51685 -34.0569 0
    endloop
  endfacet
  facet normal -0.998796 -0.0490519 0
    outer loop
      vertex -9.51685 -34.0569 2.4
      vertex -9.5 -34.4 0
      vertex -9.5 -34.4 2.4
    endloop
  endfacet
  facet normal -0.970033 -0.242974 0
    outer loop
      vertex -9.56725 -33.7172 0
      vertex -9.65071 -33.384 2.4
      vertex -9.65071 -33.384 0
    endloop
  endfacet
  facet normal -0.970033 -0.242974 0
    outer loop
      vertex -9.65071 -33.384 2.4
      vertex -9.56725 -33.7172 0
      vertex -9.56725 -33.7172 2.4
    endloop
  endfacet
  facet normal -0.998796 0.0490519 0
    outer loop
      vertex -9.51685 -34.7431 0
      vertex -9.5 -34.4 2.4
      vertex -9.5 -34.4 0
    endloop
  endfacet
  facet normal -0.998796 0.0490519 0
    outer loop
      vertex -9.5 -34.4 2.4
      vertex -9.51685 -34.7431 0
      vertex -9.51685 -34.7431 2.4
    endloop
  endfacet
  facet normal 0.427661 -0.903939 0
    outer loop
      vertex -14.6499 -31.3133 0
      vertex -14.3394 -31.1664 2.4
      vertex -14.6499 -31.3133 2.4
    endloop
  endfacet
  facet normal 0.427661 -0.903939 0
    outer loop
      vertex -14.3394 -31.1664 2.4
      vertex -14.6499 -31.3133 0
      vertex -14.3394 -31.1664 0
    endloop
  endfacet
  facet normal 0.427661 0.903939 -0
    outer loop
      vertex -14.3394 -37.6336 0
      vertex -14.6499 -37.4867 2.4
      vertex -14.3394 -37.6336 2.4
    endloop
  endfacet
  facet normal 0.427661 0.903939 0
    outer loop
      vertex -14.6499 -37.4867 2.4
      vertex -14.3394 -37.6336 0
      vertex -14.6499 -37.4867 0
    endloop
  endfacet
  facet normal -0.336853 -0.941557 0
    outer loop
      vertex -11.984 -31.0507 0
      vertex -11.6606 -31.1664 2.4
      vertex -11.984 -31.0507 2.4
    endloop
  endfacet
  facet normal -0.336853 -0.941557 -0
    outer loop
      vertex -11.6606 -31.1664 2.4
      vertex -11.984 -31.0507 0
      vertex -11.6606 -31.1664 0
    endloop
  endfacet
  facet normal -0.803237 -0.595659 0
    outer loop
      vertex -10.0899 -32.4555 0
      vertex -10.2945 -32.1796 2.4
      vertex -10.2945 -32.1796 0
    endloop
  endfacet
  facet normal -0.803237 -0.595659 0
    outer loop
      vertex -10.2945 -32.1796 2.4
      vertex -10.0899 -32.4555 0
      vertex -10.0899 -32.4555 2.4
    endloop
  endfacet
  facet normal -0.514153 -0.857698 0
    outer loop
      vertex -11.3501 -31.3133 0
      vertex -11.0555 -31.4899 2.4
      vertex -11.3501 -31.3133 2.4
    endloop
  endfacet
  facet normal -0.514153 -0.857698 -0
    outer loop
      vertex -11.0555 -31.4899 2.4
      vertex -11.3501 -31.3133 0
      vertex -11.0555 -31.4899 0
    endloop
  endfacet
  facet normal -0.671454 -0.741046 0
    outer loop
      vertex -10.7796 -31.6945 0
      vertex -10.5251 -31.9251 2.4
      vertex -10.7796 -31.6945 2.4
    endloop
  endfacet
  facet normal -0.671454 -0.741046 -0
    outer loop
      vertex -10.5251 -31.9251 2.4
      vertex -10.7796 -31.6945 0
      vertex -10.5251 -31.9251 0
    endloop
  endfacet
  facet normal 0.24281 0.970074 -0
    outer loop
      vertex -13.6828 -37.8327 0
      vertex -14.016 -37.7493 2.4
      vertex -13.6828 -37.8327 2.4
    endloop
  endfacet
  facet normal 0.24281 0.970074 0
    outer loop
      vertex -14.016 -37.7493 2.4
      vertex -13.6828 -37.8327 0
      vertex -14.016 -37.7493 0
    endloop
  endfacet
  facet normal 0.595659 -0.803237 0
    outer loop
      vertex -15.2204 -31.6945 0
      vertex -14.9445 -31.4899 2.4
      vertex -15.2204 -31.6945 2.4
    endloop
  endfacet
  facet normal 0.595659 -0.803237 0
    outer loop
      vertex -14.9445 -31.4899 2.4
      vertex -15.2204 -31.6945 0
      vertex -14.9445 -31.4899 0
    endloop
  endfacet
  facet normal -0.14676 -0.989172 0
    outer loop
      vertex -12.6569 -30.9169 0
      vertex -12.3172 -30.9673 2.4
      vertex -12.6569 -30.9169 2.4
    endloop
  endfacet
  facet normal -0.14676 -0.989172 -0
    outer loop
      vertex -12.3172 -30.9673 2.4
      vertex -12.6569 -30.9169 0
      vertex -12.3172 -30.9673 0
    endloop
  endfacet
  facet normal 0.336853 0.941557 -0
    outer loop
      vertex -14.016 -37.7493 0
      vertex -14.3394 -37.6336 2.4
      vertex -14.016 -37.7493 2.4
    endloop
  endfacet
  facet normal 0.336853 0.941557 0
    outer loop
      vertex -14.3394 -37.6336 2.4
      vertex -14.016 -37.7493 0
      vertex -14.3394 -37.6336 0
    endloop
  endfacet
  facet normal -0.595659 0.803237 0
    outer loop
      vertex -10.7796 -37.1055 0
      vertex -11.0555 -37.3101 2.4
      vertex -10.7796 -37.1055 2.4
    endloop
  endfacet
  facet normal -0.595659 0.803237 0
    outer loop
      vertex -11.0555 -37.3101 2.4
      vertex -10.7796 -37.1055 0
      vertex -11.0555 -37.3101 0
    endloop
  endfacet
  facet normal -0.989172 0.14676 0
    outer loop
      vertex -9.56725 -35.0828 0
      vertex -9.51685 -34.7431 2.4
      vertex -9.51685 -34.7431 0
    endloop
  endfacet
  facet normal -0.989172 0.14676 0
    outer loop
      vertex -9.51685 -34.7431 2.4
      vertex -9.56725 -35.0828 0
      vertex -9.56725 -35.0828 2.4
    endloop
  endfacet
  facet normal -0.941548 0.336879 0
    outer loop
      vertex -9.76642 -35.7394 0
      vertex -9.65071 -35.416 2.4
      vertex -9.65071 -35.416 0
    endloop
  endfacet
  facet normal -0.941548 0.336879 0
    outer loop
      vertex -9.65071 -35.416 2.4
      vertex -9.76642 -35.7394 0
      vertex -9.76642 -35.7394 2.4
    endloop
  endfacet
  facet normal -0.0491971 0.998789 0
    outer loop
      vertex -12.6569 -37.8831 0
      vertex -13 -37.9 2.4
      vertex -12.6569 -37.8831 2.4
    endloop
  endfacet
  facet normal -0.0491971 0.998789 0
    outer loop
      vertex -13 -37.9 2.4
      vertex -12.6569 -37.8831 0
      vertex -13 -37.9 0
    endloop
  endfacet
  facet normal 0.336853 -0.941557 0
    outer loop
      vertex -14.3394 -31.1664 0
      vertex -14.016 -31.0507 2.4
      vertex -14.3394 -31.1664 2.4
    endloop
  endfacet
  facet normal 0.336853 -0.941557 0
    outer loop
      vertex -14.016 -31.0507 2.4
      vertex -14.3394 -31.1664 0
      vertex -14.016 -31.0507 0
    endloop
  endfacet
  facet normal -0.741046 -0.671454 0
    outer loop
      vertex -10.2945 -32.1796 0
      vertex -10.5251 -31.9251 2.4
      vertex -10.5251 -31.9251 0
    endloop
  endfacet
  facet normal -0.741046 -0.671454 0
    outer loop
      vertex -10.5251 -31.9251 2.4
      vertex -10.2945 -32.1796 0
      vertex -10.2945 -32.1796 2.4
    endloop
  endfacet
  facet normal -0.0491971 -0.998789 0
    outer loop
      vertex -13 -30.9 0
      vertex -12.6569 -30.9169 2.4
      vertex -13 -30.9 2.4
    endloop
  endfacet
  facet normal -0.0491971 -0.998789 -0
    outer loop
      vertex -12.6569 -30.9169 2.4
      vertex -13 -30.9 0
      vertex -12.6569 -30.9169 0
    endloop
  endfacet
  facet normal 0.14676 0.989172 -0
    outer loop
      vertex -13.3431 -37.8831 0
      vertex -13.6828 -37.8327 2.4
      vertex -13.3431 -37.8831 2.4
    endloop
  endfacet
  facet normal 0.14676 0.989172 0
    outer loop
      vertex -13.6828 -37.8327 2.4
      vertex -13.3431 -37.8831 0
      vertex -13.6828 -37.8327 0
    endloop
  endfacet
  facet normal 0.514153 0.857698 -0
    outer loop
      vertex -14.6499 -37.4867 0
      vertex -14.9445 -37.3101 2.4
      vertex -14.6499 -37.4867 2.4
    endloop
  endfacet
  facet normal 0.514153 0.857698 0
    outer loop
      vertex -14.9445 -37.3101 2.4
      vertex -14.6499 -37.4867 0
      vertex -14.9445 -37.3101 0
    endloop
  endfacet
  facet normal -0.970033 0.242974 0
    outer loop
      vertex -9.65071 -35.416 0
      vertex -9.56725 -35.0828 2.4
      vertex -9.56725 -35.0828 0
    endloop
  endfacet
  facet normal -0.970033 0.242974 0
    outer loop
      vertex -9.56725 -35.0828 2.4
      vertex -9.65071 -35.416 0
      vertex -9.65071 -35.416 2.4
    endloop
  endfacet
  facet normal 0.941557 0.336853 0
    outer loop
      vertex -16.2336 -35.7394 2.4
      vertex -16.3493 -35.416 0
      vertex -16.3493 -35.416 2.4
    endloop
  endfacet
  facet normal 0.941557 0.336853 0
    outer loop
      vertex -16.3493 -35.416 0
      vertex -16.2336 -35.7394 2.4
      vertex -16.2336 -35.7394 0
    endloop
  endfacet
  facet normal -0.14676 0.989172 0
    outer loop
      vertex -12.3172 -37.8327 0
      vertex -12.6569 -37.8831 2.4
      vertex -12.3172 -37.8327 2.4
    endloop
  endfacet
  facet normal -0.14676 0.989172 0
    outer loop
      vertex -12.6569 -37.8831 2.4
      vertex -12.3172 -37.8327 0
      vertex -12.6569 -37.8831 0
    endloop
  endfacet
  facet normal 0.741046 0.671454 0
    outer loop
      vertex -15.4749 -36.8749 2.4
      vertex -15.7055 -36.6204 0
      vertex -15.7055 -36.6204 2.4
    endloop
  endfacet
  facet normal 0.741046 0.671454 0
    outer loop
      vertex -15.7055 -36.6204 0
      vertex -15.4749 -36.8749 2.4
      vertex -15.4749 -36.8749 0
    endloop
  endfacet
  facet normal 0.0491971 -0.998789 0
    outer loop
      vertex -13.3431 -30.9169 0
      vertex -13 -30.9 2.4
      vertex -13.3431 -30.9169 2.4
    endloop
  endfacet
  facet normal 0.0491971 -0.998789 0
    outer loop
      vertex -13 -30.9 2.4
      vertex -13.3431 -30.9169 0
      vertex -13 -30.9 0
    endloop
  endfacet
  facet normal -0.427661 -0.903939 0
    outer loop
      vertex -11.6606 -31.1664 0
      vertex -11.3501 -31.3133 2.4
      vertex -11.6606 -31.1664 2.4
    endloop
  endfacet
  facet normal -0.427661 -0.903939 -0
    outer loop
      vertex -11.3501 -31.3133 2.4
      vertex -11.6606 -31.1664 0
      vertex -11.3501 -31.3133 0
    endloop
  endfacet
  facet normal 0.24281 -0.970074 0
    outer loop
      vertex -14.016 -31.0507 0
      vertex -13.6828 -30.9673 2.4
      vertex -14.016 -31.0507 2.4
    endloop
  endfacet
  facet normal 0.24281 -0.970074 0
    outer loop
      vertex -13.6828 -30.9673 2.4
      vertex -14.016 -31.0507 0
      vertex -13.6828 -30.9673 0
    endloop
  endfacet
  facet normal 0.989172 -0.14676 0
    outer loop
      vertex -16.4831 -34.0569 2.4
      vertex -16.4327 -33.7172 0
      vertex -16.4327 -33.7172 2.4
    endloop
  endfacet
  facet normal 0.989172 -0.14676 0
    outer loop
      vertex -16.4327 -33.7172 0
      vertex -16.4831 -34.0569 2.4
      vertex -16.4831 -34.0569 0
    endloop
  endfacet
  facet normal -0.803237 0.595659 0
    outer loop
      vertex -10.2945 -36.6204 0
      vertex -10.0899 -36.3445 2.4
      vertex -10.0899 -36.3445 0
    endloop
  endfacet
  facet normal -0.803237 0.595659 0
    outer loop
      vertex -10.0899 -36.3445 2.4
      vertex -10.2945 -36.6204 0
      vertex -10.2945 -36.6204 2.4
    endloop
  endfacet
  facet normal 0.741046 -0.671454 0
    outer loop
      vertex -15.7055 -32.1796 2.4
      vertex -15.4749 -31.9251 0
      vertex -15.4749 -31.9251 2.4
    endloop
  endfacet
  facet normal 0.741046 -0.671454 0
    outer loop
      vertex -15.4749 -31.9251 0
      vertex -15.7055 -32.1796 2.4
      vertex -15.7055 -32.1796 0
    endloop
  endfacet
  facet normal -0.85766 0.514217 0
    outer loop
      vertex -10.0899 -36.3445 0
      vertex -9.91327 -36.0499 2.4
      vertex -9.91327 -36.0499 0
    endloop
  endfacet
  facet normal -0.85766 0.514217 0
    outer loop
      vertex -9.91327 -36.0499 2.4
      vertex -10.0899 -36.3445 0
      vertex -10.0899 -36.3445 2.4
    endloop
  endfacet
  facet normal -0.595659 -0.803237 0
    outer loop
      vertex -11.0555 -31.4899 0
      vertex -10.7796 -31.6945 2.4
      vertex -11.0555 -31.4899 2.4
    endloop
  endfacet
  facet normal -0.595659 -0.803237 -0
    outer loop
      vertex -10.7796 -31.6945 2.4
      vertex -11.0555 -31.4899 0
      vertex -10.7796 -31.6945 0
    endloop
  endfacet
  facet normal -0.427661 0.903939 0
    outer loop
      vertex -11.3501 -37.4867 0
      vertex -11.6606 -37.6336 2.4
      vertex -11.3501 -37.4867 2.4
    endloop
  endfacet
  facet normal -0.427661 0.903939 0
    outer loop
      vertex -11.6606 -37.6336 2.4
      vertex -11.3501 -37.4867 0
      vertex -11.6606 -37.6336 0
    endloop
  endfacet
  facet normal -0.941548 -0.336879 0
    outer loop
      vertex -9.65071 -33.384 0
      vertex -9.76642 -33.0606 2.4
      vertex -9.76642 -33.0606 0
    endloop
  endfacet
  facet normal -0.941548 -0.336879 0
    outer loop
      vertex -9.76642 -33.0606 2.4
      vertex -9.65071 -33.384 0
      vertex -9.65071 -33.384 2.4
    endloop
  endfacet
  facet normal 0.998789 -0.0491971 0
    outer loop
      vertex -16.5 -34.4 2.4
      vertex -16.4831 -34.0569 0
      vertex -16.4831 -34.0569 2.4
    endloop
  endfacet
  facet normal 0.998789 -0.0491971 0
    outer loop
      vertex -16.4831 -34.0569 0
      vertex -16.5 -34.4 2.4
      vertex -16.5 -34.4 0
    endloop
  endfacet
  facet normal -0.671454 0.741046 0
    outer loop
      vertex -10.5251 -36.8749 0
      vertex -10.7796 -37.1055 2.4
      vertex -10.5251 -36.8749 2.4
    endloop
  endfacet
  facet normal -0.671454 0.741046 0
    outer loop
      vertex -10.7796 -37.1055 2.4
      vertex -10.5251 -36.8749 0
      vertex -10.7796 -37.1055 0
    endloop
  endfacet
  facet normal -0.903996 -0.427542 0
    outer loop
      vertex -9.76642 -33.0606 0
      vertex -9.91327 -32.7501 2.4
      vertex -9.91327 -32.7501 0
    endloop
  endfacet
  facet normal -0.903996 -0.427542 0
    outer loop
      vertex -9.91327 -32.7501 2.4
      vertex -9.76642 -33.0606 0
      vertex -9.76642 -33.0606 2.4
    endloop
  endfacet
  facet normal -0.336853 0.941557 0
    outer loop
      vertex -11.6606 -37.6336 0
      vertex -11.984 -37.7493 2.4
      vertex -11.6606 -37.6336 2.4
    endloop
  endfacet
  facet normal -0.336853 0.941557 0
    outer loop
      vertex -11.984 -37.7493 2.4
      vertex -11.6606 -37.6336 0
      vertex -11.984 -37.7493 0
    endloop
  endfacet
  facet normal -0.85766 -0.514217 0
    outer loop
      vertex -9.91327 -32.7501 0
      vertex -10.0899 -32.4555 2.4
      vertex -10.0899 -32.4555 0
    endloop
  endfacet
  facet normal -0.85766 -0.514217 0
    outer loop
      vertex -10.0899 -32.4555 2.4
      vertex -9.91327 -32.7501 0
      vertex -9.91327 -32.7501 2.4
    endloop
  endfacet
  facet normal 0.857698 -0.514153 0
    outer loop
      vertex -16.0867 -32.7501 2.4
      vertex -15.9101 -32.4555 0
      vertex -15.9101 -32.4555 2.4
    endloop
  endfacet
  facet normal 0.857698 -0.514153 0
    outer loop
      vertex -15.9101 -32.4555 0
      vertex -16.0867 -32.7501 2.4
      vertex -16.0867 -32.7501 0
    endloop
  endfacet
  facet normal 0.998789 0.0491971 0
    outer loop
      vertex -16.4831 -34.7431 2.4
      vertex -16.5 -34.4 0
      vertex -16.5 -34.4 2.4
    endloop
  endfacet
  facet normal 0.998789 0.0491971 0
    outer loop
      vertex -16.5 -34.4 0
      vertex -16.4831 -34.7431 2.4
      vertex -16.4831 -34.7431 0
    endloop
  endfacet
  facet normal 0.14676 -0.989172 0
    outer loop
      vertex -13.6828 -30.9673 0
      vertex -13.3431 -30.9169 2.4
      vertex -13.6828 -30.9673 2.4
    endloop
  endfacet
  facet normal 0.14676 -0.989172 0
    outer loop
      vertex -13.3431 -30.9169 2.4
      vertex -13.6828 -30.9673 0
      vertex -13.3431 -30.9169 0
    endloop
  endfacet
  facet normal 0.671454 -0.741046 0
    outer loop
      vertex -15.4749 -31.9251 0
      vertex -15.2204 -31.6945 2.4
      vertex -15.4749 -31.9251 2.4
    endloop
  endfacet
  facet normal 0.671454 -0.741046 0
    outer loop
      vertex -15.2204 -31.6945 2.4
      vertex -15.4749 -31.9251 0
      vertex -15.2204 -31.6945 0
    endloop
  endfacet
  facet normal 0.970074 -0.24281 0
    outer loop
      vertex -16.4327 -33.7172 2.4
      vertex -16.3493 -33.384 0
      vertex -16.3493 -33.384 2.4
    endloop
  endfacet
  facet normal 0.970074 -0.24281 0
    outer loop
      vertex -16.3493 -33.384 0
      vertex -16.4327 -33.7172 2.4
      vertex -16.4327 -33.7172 0
    endloop
  endfacet
  facet normal -0.24281 -0.970074 0
    outer loop
      vertex -12.3172 -30.9673 0
      vertex -11.984 -31.0507 2.4
      vertex -12.3172 -30.9673 2.4
    endloop
  endfacet
  facet normal -0.24281 -0.970074 -0
    outer loop
      vertex -11.984 -31.0507 2.4
      vertex -12.3172 -30.9673 0
      vertex -11.984 -31.0507 0
    endloop
  endfacet
  facet normal 0.903939 0.427661 0
    outer loop
      vertex -16.0867 -36.0499 2.4
      vertex -16.2336 -35.7394 0
      vertex -16.2336 -35.7394 2.4
    endloop
  endfacet
  facet normal 0.903939 0.427661 0
    outer loop
      vertex -16.2336 -35.7394 0
      vertex -16.0867 -36.0499 2.4
      vertex -16.0867 -36.0499 0
    endloop
  endfacet
  facet normal 0.514153 -0.857698 0
    outer loop
      vertex -14.9445 -31.4899 0
      vertex -14.6499 -31.3133 2.4
      vertex -14.9445 -31.4899 2.4
    endloop
  endfacet
  facet normal 0.514153 -0.857698 0
    outer loop
      vertex -14.6499 -31.3133 2.4
      vertex -14.9445 -31.4899 0
      vertex -14.6499 -31.3133 0
    endloop
  endfacet
  facet normal -0.514153 0.857698 0
    outer loop
      vertex -11.0555 -37.3101 0
      vertex -11.3501 -37.4867 2.4
      vertex -11.0555 -37.3101 2.4
    endloop
  endfacet
  facet normal -0.514153 0.857698 0
    outer loop
      vertex -11.3501 -37.4867 2.4
      vertex -11.0555 -37.3101 0
      vertex -11.3501 -37.4867 0
    endloop
  endfacet
  facet normal 0.941557 -0.336853 0
    outer loop
      vertex -16.3493 -33.384 2.4
      vertex -16.2336 -33.0606 0
      vertex -16.2336 -33.0606 2.4
    endloop
  endfacet
  facet normal 0.941557 -0.336853 0
    outer loop
      vertex -16.2336 -33.0606 0
      vertex -16.3493 -33.384 2.4
      vertex -16.3493 -33.384 0
    endloop
  endfacet
  facet normal -0.741046 0.671454 0
    outer loop
      vertex -10.5251 -36.8749 0
      vertex -10.2945 -36.6204 2.4
      vertex -10.2945 -36.6204 0
    endloop
  endfacet
  facet normal -0.741046 0.671454 0
    outer loop
      vertex -10.2945 -36.6204 2.4
      vertex -10.5251 -36.8749 0
      vertex -10.5251 -36.8749 2.4
    endloop
  endfacet
  facet normal 0.0491971 0.998789 -0
    outer loop
      vertex -13 -37.9 0
      vertex -13.3431 -37.8831 2.4
      vertex -13 -37.9 2.4
    endloop
  endfacet
  facet normal 0.0491971 0.998789 0
    outer loop
      vertex -13.3431 -37.8831 2.4
      vertex -13 -37.9 0
      vertex -13.3431 -37.8831 0
    endloop
  endfacet
  facet normal -0.24281 0.970074 0
    outer loop
      vertex -11.984 -37.7493 0
      vertex -12.3172 -37.8327 2.4
      vertex -11.984 -37.7493 2.4
    endloop
  endfacet
  facet normal -0.24281 0.970074 0
    outer loop
      vertex -12.3172 -37.8327 2.4
      vertex -11.984 -37.7493 0
      vertex -12.3172 -37.8327 0
    endloop
  endfacet
  facet normal -0.903996 0.427542 0
    outer loop
      vertex -9.91327 -36.0499 0
      vertex -9.76642 -35.7394 2.4
      vertex -9.76642 -35.7394 0
    endloop
  endfacet
  facet normal -0.903996 0.427542 0
    outer loop
      vertex -9.76642 -35.7394 2.4
      vertex -9.91327 -36.0499 0
      vertex -9.91327 -36.0499 2.4
    endloop
  endfacet
  facet normal 0.671454 0.741046 -0
    outer loop
      vertex -15.2204 -37.1055 0
      vertex -15.4749 -36.8749 2.4
      vertex -15.2204 -37.1055 2.4
    endloop
  endfacet
  facet normal 0.671454 0.741046 0
    outer loop
      vertex -15.4749 -36.8749 2.4
      vertex -15.2204 -37.1055 0
      vertex -15.4749 -36.8749 0
    endloop
  endfacet
  facet normal 0.857698 0.514153 0
    outer loop
      vertex -15.9101 -36.3445 2.4
      vertex -16.0867 -36.0499 0
      vertex -16.0867 -36.0499 2.4
    endloop
  endfacet
  facet normal 0.857698 0.514153 0
    outer loop
      vertex -16.0867 -36.0499 0
      vertex -15.9101 -36.3445 2.4
      vertex -15.9101 -36.3445 0
    endloop
  endfacet
  facet normal 0.970074 0.24281 0
    outer loop
      vertex -16.3493 -35.416 2.4
      vertex -16.4327 -35.0828 0
      vertex -16.4327 -35.0828 2.4
    endloop
  endfacet
  facet normal 0.970074 0.24281 0
    outer loop
      vertex -16.4327 -35.0828 0
      vertex -16.3493 -35.416 2.4
      vertex -16.3493 -35.416 0
    endloop
  endfacet
  facet normal 0.989172 0.14676 0
    outer loop
      vertex -16.4327 -35.0828 2.4
      vertex -16.4831 -34.7431 0
      vertex -16.4831 -34.7431 2.4
    endloop
  endfacet
  facet normal 0.989172 0.14676 0
    outer loop
      vertex -16.4831 -34.7431 0
      vertex -16.4327 -35.0828 2.4
      vertex -16.4327 -35.0828 0
    endloop
  endfacet
  facet normal 0.595659 0.803237 -0
    outer loop
      vertex -14.9445 -37.3101 0
      vertex -15.2204 -37.1055 2.4
      vertex -14.9445 -37.3101 2.4
    endloop
  endfacet
  facet normal 0.595659 0.803237 0
    outer loop
      vertex -15.2204 -37.1055 2.4
      vertex -14.9445 -37.3101 0
      vertex -15.2204 -37.1055 0
    endloop
  endfacet
  facet normal 0.803237 0.595659 0
    outer loop
      vertex -15.7055 -36.6204 2.4
      vertex -15.9101 -36.3445 0
      vertex -15.9101 -36.3445 2.4
    endloop
  endfacet
  facet normal 0.803237 0.595659 0
    outer loop
      vertex -15.9101 -36.3445 0
      vertex -15.7055 -36.6204 2.4
      vertex -15.7055 -36.6204 0
    endloop
  endfacet
  facet normal 0.903939 -0.427661 0
    outer loop
      vertex -16.2336 -33.0606 2.4
      vertex -16.0867 -32.7501 0
      vertex -16.0867 -32.7501 2.4
    endloop
  endfacet
  facet normal 0.903939 -0.427661 0
    outer loop
      vertex -16.0867 -32.7501 0
      vertex -16.2336 -33.0606 2.4
      vertex -16.2336 -33.0606 0
    endloop
  endfacet
  facet normal 0.803237 -0.595659 0
    outer loop
      vertex -15.9101 -32.4555 2.4
      vertex -15.7055 -32.1796 0
      vertex -15.7055 -32.1796 2.4
    endloop
  endfacet
  facet normal 0.803237 -0.595659 0
    outer loop
      vertex -15.7055 -32.1796 0
      vertex -15.9101 -32.4555 2.4
      vertex -15.9101 -32.4555 0
    endloop
  endfacet
  facet normal 0.970023 0.243015 0
    outer loop
      vertex -22.9139 -6.98057 2.4
      vertex -22.9616 -6.79017 0
      vertex -22.9616 -6.79017 2.4
    endloop
  endfacet
  facet normal 0.970023 0.243015 0
    outer loop
      vertex -22.9616 -6.79017 0
      vertex -22.9139 -6.98057 2.4
      vertex -22.9139 -6.98057 0
    endloop
  endfacet
  facet normal 0.998803 -0.0489209 0
    outer loop
      vertex -23 50.6 2.4
      vertex -22.9904 50.796 0
      vertex -22.9904 50.796 2.4
    endloop
  endfacet
  facet normal 0.998803 -0.0489209 0
    outer loop
      vertex -22.9904 50.796 0
      vertex -23 50.6 2.4
      vertex -23 50.6 0
    endloop
  endfacet
  facet normal -0.941419 -0.33724 0
    outer loop
      vertex 22.9139 51.1806 0
      vertex 22.8477 51.3654 2.4
      vertex 22.8477 51.3654 0
    endloop
  endfacet
  facet normal -0.941419 -0.33724 0
    outer loop
      vertex 22.8477 51.3654 2.4
      vertex 22.9139 51.1806 0
      vertex 22.9139 51.1806 2.4
    endloop
  endfacet
  facet normal -0.970023 -0.243015 0
    outer loop
      vertex 22.9616 50.9902 0
      vertex 22.9139 51.1806 2.4
      vertex 22.9139 51.1806 0
    endloop
  endfacet
  facet normal -0.970023 -0.243015 0
    outer loop
      vertex 22.9139 51.1806 2.4
      vertex 22.9616 50.9902 0
      vertex 22.9616 50.9902 2.4
    endloop
  endfacet
  facet normal -0.671663 0.740857 0
    outer loop
      vertex 22.4142 -7.8142 0
      vertex 22.2688 -7.94602 2.4
      vertex 22.4142 -7.8142 2.4
    endloop
  endfacet
  facet normal -0.671663 0.740857 0
    outer loop
      vertex 22.2688 -7.94602 2.4
      vertex 22.4142 -7.8142 0
      vertex 22.2688 -7.94602 0
    endloop
  endfacet
  facet normal 0.970023 -0.243015 0
    outer loop
      vertex -22.9616 50.9902 2.4
      vertex -22.9139 51.1806 0
      vertex -22.9139 51.1806 2.4
    endloop
  endfacet
  facet normal 0.970023 -0.243015 0
    outer loop
      vertex -22.9139 51.1806 0
      vertex -22.9616 50.9902 2.4
      vertex -22.9616 50.9902 0
    endloop
  endfacet
  facet normal 0.998803 0.0489135 0
    outer loop
      vertex -22.9904 -6.59603 2.4
      vertex -23 -6.4 0
      vertex -23 -6.4 2.4
    endloop
  endfacet
  facet normal 0.998803 0.0489135 0
    outer loop
      vertex -23 -6.4 0
      vertex -22.9904 -6.59603 2.4
      vertex -22.9904 -6.59603 0
    endloop
  endfacet
  facet normal -1 0 0
    outer loop
      vertex 23 -6.4 0
      vertex 23 50.6 2.4
      vertex 23 50.6 0
    endloop
  endfacet
  facet normal -1 -0 0
    outer loop
      vertex 23 50.6 2.4
      vertex 23 -6.4 0
      vertex 23 -6.4 2.4
    endloop
  endfacet
  facet normal 0 -1 0
    outer loop
      vertex -21 52.6 0
      vertex 21 52.6 2.4
      vertex -21 52.6 2.4
    endloop
  endfacet
  facet normal 0 -1 -0
    outer loop
      vertex 21 52.6 2.4
      vertex -21 52.6 0
      vertex 21 52.6 0
    endloop
  endfacet
  facet normal -0.336924 0.941532 0
    outer loop
      vertex 21.7654 -8.24775 0
      vertex 21.5806 -8.31388 2.4
      vertex 21.7654 -8.24775 2.4
    endloop
  endfacet
  facet normal -0.336924 0.941532 0
    outer loop
      vertex 21.5806 -8.31388 2.4
      vertex 21.7654 -8.24775 0
      vertex 21.5806 -8.31388 0
    endloop
  endfacet
  facet normal -0.146696 -0.989182 0
    outer loop
      vertex 21.196 52.5904 0
      vertex 21.3902 52.5616 2.4
      vertex 21.196 52.5904 2.4
    endloop
  endfacet
  facet normal -0.146696 -0.989182 -0
    outer loop
      vertex 21.3902 52.5616 2.4
      vertex 21.196 52.5904 0
      vertex 21.3902 52.5616 0
    endloop
  endfacet
  facet normal -0.243015 -0.970023 0
    outer loop
      vertex 21.3902 52.5616 0
      vertex 21.5806 52.5139 2.4
      vertex 21.3902 52.5616 2.4
    endloop
  endfacet
  facet normal -0.243015 -0.970023 -0
    outer loop
      vertex 21.5806 52.5139 2.4
      vertex 21.3902 52.5616 0
      vertex 21.5806 52.5139 0
    endloop
  endfacet
  facet normal -0.740908 -0.671607 0
    outer loop
      vertex 22.546 51.8688 0
      vertex 22.4142 52.0142 2.4
      vertex 22.4142 52.0142 0
    endloop
  endfacet
  facet normal -0.740908 -0.671607 0
    outer loop
      vertex 22.4142 52.0142 2.4
      vertex 22.546 51.8688 0
      vertex 22.546 51.8688 2.4
    endloop
  endfacet
  facet normal 0.243015 -0.970023 0
    outer loop
      vertex -21.5806 52.5139 0
      vertex -21.3902 52.5616 2.4
      vertex -21.5806 52.5139 2.4
    endloop
  endfacet
  facet normal 0.243015 -0.970023 0
    outer loop
      vertex -21.3902 52.5616 2.4
      vertex -21.5806 52.5139 0
      vertex -21.3902 52.5616 0
    endloop
  endfacet
  facet normal 0.42758 0.903977 -0
    outer loop
      vertex -21.7654 -8.24775 0
      vertex -21.9428 -8.16384 2.4
      vertex -21.7654 -8.24775 2.4
    endloop
  endfacet
  facet normal 0.42758 0.903977 0
    outer loop
      vertex -21.9428 -8.16384 2.4
      vertex -21.7654 -8.24775 0
      vertex -21.9428 -8.16384 0
    endloop
  endfacet
  facet normal 0 1 -0
    outer loop
      vertex 21 -8.4 0
      vertex -21 -8.4 2.4
      vertex 21 -8.4 2.4
    endloop
  endfacet
  facet normal 0 1 0
    outer loop
      vertex -21 -8.4 2.4
      vertex 21 -8.4 0
      vertex -21 -8.4 0
    endloop
  endfacet
  facet normal -0.998803 0.0489135 0
    outer loop
      vertex 22.9904 -6.59603 0
      vertex 23 -6.4 2.4
      vertex 23 -6.4 0
    endloop
  endfacet
  facet normal -0.998803 0.0489135 0
    outer loop
      vertex 23 -6.4 2.4
      vertex 22.9904 -6.59603 0
      vertex 22.9904 -6.59603 2.4
    endloop
  endfacet
  facet normal 1 -0 0
    outer loop
      vertex -23 -6.4 2.4
      vertex -23 50.6 0
      vertex -23 50.6 2.4
    endloop
  endfacet
  facet normal 1 0 0
    outer loop
      vertex -23 50.6 0
      vertex -23 -6.4 2.4
      vertex -23 -6.4 0
    endloop
  endfacet
  facet normal 0.989175 0.146741 0
    outer loop
      vertex -22.9616 -6.79017 2.4
      vertex -22.9904 -6.59603 0
      vertex -22.9904 -6.59603 2.4
    endloop
  endfacet
  facet normal 0.989175 0.146741 0
    outer loop
      vertex -22.9904 -6.59603 0
      vertex -22.9616 -6.79017 2.4
      vertex -22.9616 -6.79017 0
    endloop
  endfacet
  facet normal 0.903997 -0.427539 0
    outer loop
      vertex -22.8477 51.3654 2.4
      vertex -22.7638 51.5428 0
      vertex -22.7638 51.5428 2.4
    endloop
  endfacet
  facet normal 0.903997 -0.427539 0
    outer loop
      vertex -22.7638 51.5428 0
      vertex -22.8477 51.3654 2.4
      vertex -22.8477 51.3654 0
    endloop
  endfacet
  facet normal -0.941419 0.33724 0
    outer loop
      vertex 22.8477 -7.16537 0
      vertex 22.9139 -6.98057 2.4
      vertex 22.9139 -6.98057 0
    endloop
  endfacet
  facet normal -0.941419 0.33724 0
    outer loop
      vertex 22.9139 -6.98057 2.4
      vertex 22.8477 -7.16537 0
      vertex 22.8477 -7.16537 2.4
    endloop
  endfacet
  facet normal 0.80335 -0.595508 0
    outer loop
      vertex -22.6629 51.7111 2.4
      vertex -22.546 51.8688 0
      vertex -22.546 51.8688 2.4
    endloop
  endfacet
  facet normal 0.80335 -0.595508 0
    outer loop
      vertex -22.546 51.8688 0
      vertex -22.6629 51.7111 2.4
      vertex -22.6629 51.7111 0
    endloop
  endfacet
  facet normal -0.42758 0.903977 0
    outer loop
      vertex 21.9428 -8.16384 0
      vertex 21.7654 -8.24775 2.4
      vertex 21.9428 -8.16384 2.4
    endloop
  endfacet
  facet normal -0.42758 0.903977 0
    outer loop
      vertex 21.7654 -8.24775 2.4
      vertex 21.9428 -8.16384 0
      vertex 21.7654 -8.24775 0
    endloop
  endfacet
  facet normal 0.33724 -0.941419 0
    outer loop
      vertex -21.7654 52.4477 0
      vertex -21.5806 52.5139 2.4
      vertex -21.7654 52.4477 2.4
    endloop
  endfacet
  facet normal 0.33724 -0.941419 0
    outer loop
      vertex -21.5806 52.5139 2.4
      vertex -21.7654 52.4477 0
      vertex -21.5806 52.5139 0
    endloop
  endfacet
  facet normal 0.514196 -0.857673 0
    outer loop
      vertex -22.1111 52.2629 0
      vertex -21.9428 52.3638 2.4
      vertex -22.1111 52.2629 2.4
    endloop
  endfacet
  facet normal 0.514196 -0.857673 0
    outer loop
      vertex -21.9428 52.3638 2.4
      vertex -22.1111 52.2629 0
      vertex -21.9428 52.3638 0
    endloop
  endfacet
  facet normal -0.242919 0.970047 0
    outer loop
      vertex 21.5806 -8.31388 0
      vertex 21.3902 -8.36156 2.4
      vertex 21.5806 -8.31388 2.4
    endloop
  endfacet
  facet normal -0.242919 0.970047 0
    outer loop
      vertex 21.3902 -8.36156 2.4
      vertex 21.5806 -8.31388 0
      vertex 21.3902 -8.36156 0
    endloop
  endfacet
  facet normal -0.989182 -0.146696 0
    outer loop
      vertex 22.9904 50.796 0
      vertex 22.9616 50.9902 2.4
      vertex 22.9616 50.9902 0
    endloop
  endfacet
  facet normal -0.989182 -0.146696 0
    outer loop
      vertex 22.9616 50.9902 2.4
      vertex 22.9904 50.796 0
      vertex 22.9904 50.796 2.4
    endloop
  endfacet
  facet normal 0.941419 -0.33724 0
    outer loop
      vertex -22.9139 51.1806 2.4
      vertex -22.8477 51.3654 0
      vertex -22.8477 51.3654 2.4
    endloop
  endfacet
  facet normal 0.941419 -0.33724 0
    outer loop
      vertex -22.8477 51.3654 0
      vertex -22.9139 51.1806 2.4
      vertex -22.9139 51.1806 0
    endloop
  endfacet
  facet normal -0.85774 0.514084 0
    outer loop
      vertex 22.6629 -7.51113 0
      vertex 22.7638 -7.34278 2.4
      vertex 22.7638 -7.34278 0
    endloop
  endfacet
  facet normal -0.85774 0.514084 0
    outer loop
      vertex 22.7638 -7.34278 2.4
      vertex 22.6629 -7.51113 0
      vertex 22.6629 -7.51113 2.4
    endloop
  endfacet
  facet normal -0.803259 0.59563 0
    outer loop
      vertex 22.546 -7.66878 0
      vertex 22.6629 -7.51113 2.4
      vertex 22.6629 -7.51113 0
    endloop
  endfacet
  facet normal -0.803259 0.59563 0
    outer loop
      vertex 22.6629 -7.51113 2.4
      vertex 22.546 -7.66878 0
      vertex 22.546 -7.66878 2.4
    endloop
  endfacet
  facet normal 0.857673 -0.514196 0
    outer loop
      vertex -22.7638 51.5428 2.4
      vertex -22.6629 51.7111 0
      vertex -22.6629 51.7111 2.4
    endloop
  endfacet
  facet normal 0.857673 -0.514196 0
    outer loop
      vertex -22.6629 51.7111 0
      vertex -22.7638 51.5428 2.4
      vertex -22.7638 51.5428 0
    endloop
  endfacet
  facet normal -0.903997 -0.427539 0
    outer loop
      vertex 22.8477 51.3654 0
      vertex 22.7638 51.5428 2.4
      vertex 22.7638 51.5428 0
    endloop
  endfacet
  facet normal -0.903997 -0.427539 0
    outer loop
      vertex 22.7638 51.5428 2.4
      vertex 22.8477 51.3654 0
      vertex 22.8477 51.3654 2.4
    endloop
  endfacet
  facet normal -0.0489209 -0.998803 0
    outer loop
      vertex 21 52.6 0
      vertex 21.196 52.5904 2.4
      vertex 21 52.6 2.4
    endloop
  endfacet
  facet normal -0.0489209 -0.998803 -0
    outer loop
      vertex 21.196 52.5904 2.4
      vertex 21 52.6 0
      vertex 21.196 52.5904 0
    endloop
  endfacet
  facet normal -0.998803 -0.0489209 0
    outer loop
      vertex 23 50.6 0
      vertex 22.9904 50.796 2.4
      vertex 22.9904 50.796 0
    endloop
  endfacet
  facet normal -0.998803 -0.0489209 0
    outer loop
      vertex 22.9904 50.796 2.4
      vertex 23 50.6 0
      vertex 23 50.6 2.4
    endloop
  endfacet
  facet normal -0.33724 -0.941419 0
    outer loop
      vertex 21.5806 52.5139 0
      vertex 21.7654 52.4477 2.4
      vertex 21.5806 52.5139 2.4
    endloop
  endfacet
  facet normal -0.33724 -0.941419 -0
    outer loop
      vertex 21.7654 52.4477 2.4
      vertex 21.5806 52.5139 0
      vertex 21.7654 52.4477 0
    endloop
  endfacet
  facet normal -0.514196 -0.857673 0
    outer loop
      vertex 21.9428 52.3638 0
      vertex 22.1111 52.2629 2.4
      vertex 21.9428 52.3638 2.4
    endloop
  endfacet
  facet normal -0.514196 -0.857673 -0
    outer loop
      vertex 22.1111 52.2629 2.4
      vertex 21.9428 52.3638 0
      vertex 22.1111 52.2629 0
    endloop
  endfacet
  facet normal -0.595508 -0.80335 0
    outer loop
      vertex 22.1111 52.2629 0
      vertex 22.2688 52.146 2.4
      vertex 22.1111 52.2629 2.4
    endloop
  endfacet
  facet normal -0.595508 -0.80335 -0
    outer loop
      vertex 22.2688 52.146 2.4
      vertex 22.1111 52.2629 0
      vertex 22.2688 52.146 0
    endloop
  endfacet
  facet normal -0.857673 -0.514196 0
    outer loop
      vertex 22.7638 51.5428 0
      vertex 22.6629 51.7111 2.4
      vertex 22.6629 51.7111 0
    endloop
  endfacet
  facet normal -0.857673 -0.514196 0
    outer loop
      vertex 22.6629 51.7111 2.4
      vertex 22.7638 51.5428 0
      vertex 22.7638 51.5428 2.4
    endloop
  endfacet
  facet normal -0.904006 0.427519 0
    outer loop
      vertex 22.7638 -7.34278 0
      vertex 22.8477 -7.16537 2.4
      vertex 22.8477 -7.16537 0
    endloop
  endfacet
  facet normal -0.904006 0.427519 0
    outer loop
      vertex 22.8477 -7.16537 2.4
      vertex 22.7638 -7.34278 0
      vertex 22.7638 -7.34278 2.4
    endloop
  endfacet
  facet normal 0.671607 -0.740908 0
    outer loop
      vertex -22.4142 52.0142 0
      vertex -22.2688 52.146 2.4
      vertex -22.4142 52.0142 2.4
    endloop
  endfacet
  facet normal 0.671607 -0.740908 0
    outer loop
      vertex -22.2688 52.146 2.4
      vertex -22.4142 52.0142 0
      vertex -22.2688 52.146 0
    endloop
  endfacet
  facet normal -0.970023 0.243015 0
    outer loop
      vertex 22.9139 -6.98057 0
      vertex 22.9616 -6.79017 2.4
      vertex 22.9616 -6.79017 0
    endloop
  endfacet
  facet normal -0.970023 0.243015 0
    outer loop
      vertex 22.9616 -6.79017 2.4
      vertex 22.9139 -6.98057 0
      vertex 22.9139 -6.98057 2.4
    endloop
  endfacet
  facet normal 0.904006 0.427519 0
    outer loop
      vertex -22.7638 -7.34278 2.4
      vertex -22.8477 -7.16537 0
      vertex -22.8477 -7.16537 2.4
    endloop
  endfacet
  facet normal 0.904006 0.427519 0
    outer loop
      vertex -22.8477 -7.16537 0
      vertex -22.7638 -7.34278 2.4
      vertex -22.7638 -7.34278 0
    endloop
  endfacet
  facet normal 0.989182 -0.146696 0
    outer loop
      vertex -22.9904 50.796 2.4
      vertex -22.9616 50.9902 0
      vertex -22.9616 50.9902 2.4
    endloop
  endfacet
  facet normal 0.989182 -0.146696 0
    outer loop
      vertex -22.9616 50.9902 0
      vertex -22.9904 50.796 2.4
      vertex -22.9904 50.796 0
    endloop
  endfacet
  facet normal -0.80335 -0.595508 0
    outer loop
      vertex 22.6629 51.7111 0
      vertex 22.546 51.8688 2.4
      vertex 22.546 51.8688 0
    endloop
  endfacet
  facet normal -0.80335 -0.595508 0
    outer loop
      vertex 22.546 51.8688 2.4
      vertex 22.6629 51.7111 0
      vertex 22.6629 51.7111 2.4
    endloop
  endfacet
  facet normal 0.671663 0.740857 -0
    outer loop
      vertex -22.2688 -7.94602 0
      vertex -22.4142 -7.8142 2.4
      vertex -22.2688 -7.94602 2.4
    endloop
  endfacet
  facet normal 0.671663 0.740857 0
    outer loop
      vertex -22.4142 -7.8142 2.4
      vertex -22.2688 -7.94602 0
      vertex -22.4142 -7.8142 0
    endloop
  endfacet
  facet normal 0.0489209 -0.998803 0
    outer loop
      vertex -21.196 52.5904 0
      vertex -21 52.6 2.4
      vertex -21.196 52.5904 2.4
    endloop
  endfacet
  facet normal 0.0489209 -0.998803 0
    outer loop
      vertex -21 52.6 2.4
      vertex -21.196 52.5904 0
      vertex -21 52.6 0
    endloop
  endfacet
  facet normal 0.740954 0.671556 0
    outer loop
      vertex -22.4142 -7.8142 2.4
      vertex -22.546 -7.66878 0
      vertex -22.546 -7.66878 2.4
    endloop
  endfacet
  facet normal 0.740954 0.671556 0
    outer loop
      vertex -22.546 -7.66878 0
      vertex -22.4142 -7.8142 2.4
      vertex -22.4142 -7.8142 0
    endloop
  endfacet
  facet normal -0.427539 -0.903997 0
    outer loop
      vertex 21.7654 52.4477 0
      vertex 21.9428 52.3638 2.4
      vertex 21.7654 52.4477 2.4
    endloop
  endfacet
  facet normal -0.427539 -0.903997 -0
    outer loop
      vertex 21.9428 52.3638 2.4
      vertex 21.7654 52.4477 0
      vertex 21.9428 52.3638 0
    endloop
  endfacet
  facet normal -0.0491243 0.998793 0
    outer loop
      vertex 21.196 -8.39036 0
      vertex 21 -8.4 2.4
      vertex 21.196 -8.39036 2.4
    endloop
  endfacet
  facet normal -0.0491243 0.998793 0
    outer loop
      vertex 21 -8.4 2.4
      vertex 21.196 -8.39036 0
      vertex 21 -8.4 0
    endloop
  endfacet
  facet normal -0.671607 -0.740908 0
    outer loop
      vertex 22.2688 52.146 0
      vertex 22.4142 52.0142 2.4
      vertex 22.2688 52.146 2.4
    endloop
  endfacet
  facet normal -0.671607 -0.740908 -0
    outer loop
      vertex 22.4142 52.0142 2.4
      vertex 22.2688 52.146 0
      vertex 22.4142 52.0142 0
    endloop
  endfacet
  facet normal 0.146696 -0.989182 0
    outer loop
      vertex -21.3902 52.5616 0
      vertex -21.196 52.5904 2.4
      vertex -21.3902 52.5616 2.4
    endloop
  endfacet
  facet normal 0.146696 -0.989182 0
    outer loop
      vertex -21.196 52.5904 2.4
      vertex -21.3902 52.5616 0
      vertex -21.196 52.5904 0
    endloop
  endfacet
  facet normal 0.595541 0.803325 -0
    outer loop
      vertex -22.1111 -8.06293 0
      vertex -22.2688 -7.94602 2.4
      vertex -22.1111 -8.06293 2.4
    endloop
  endfacet
  facet normal 0.595541 0.803325 0
    outer loop
      vertex -22.2688 -7.94602 2.4
      vertex -22.1111 -8.06293 0
      vertex -22.2688 -7.94602 0
    endloop
  endfacet
  facet normal 0.941419 0.33724 0
    outer loop
      vertex -22.8477 -7.16537 2.4
      vertex -22.9139 -6.98057 0
      vertex -22.9139 -6.98057 2.4
    endloop
  endfacet
  facet normal 0.941419 0.33724 0
    outer loop
      vertex -22.9139 -6.98057 0
      vertex -22.8477 -7.16537 2.4
      vertex -22.8477 -7.16537 0
    endloop
  endfacet
  facet normal -0.989175 0.146741 0
    outer loop
      vertex 22.9616 -6.79017 0
      vertex 22.9904 -6.59603 2.4
      vertex 22.9904 -6.59603 0
    endloop
  endfacet
  facet normal -0.989175 0.146741 0
    outer loop
      vertex 22.9904 -6.59603 2.4
      vertex 22.9616 -6.79017 0
      vertex 22.9616 -6.79017 2.4
    endloop
  endfacet
  facet normal -0.740954 0.671556 0
    outer loop
      vertex 22.4142 -7.8142 0
      vertex 22.546 -7.66878 2.4
      vertex 22.546 -7.66878 0
    endloop
  endfacet
  facet normal -0.740954 0.671556 0
    outer loop
      vertex 22.546 -7.66878 2.4
      vertex 22.4142 -7.8142 0
      vertex 22.4142 -7.8142 2.4
    endloop
  endfacet
  facet normal 0.803259 0.59563 0
    outer loop
      vertex -22.546 -7.66878 2.4
      vertex -22.6629 -7.51113 0
      vertex -22.6629 -7.51113 2.4
    endloop
  endfacet
  facet normal 0.803259 0.59563 0
    outer loop
      vertex -22.6629 -7.51113 0
      vertex -22.546 -7.66878 2.4
      vertex -22.546 -7.66878 0
    endloop
  endfacet
  facet normal 0.514233 0.85765 -0
    outer loop
      vertex -21.9428 -8.16384 0
      vertex -22.1111 -8.06293 2.4
      vertex -21.9428 -8.16384 2.4
    endloop
  endfacet
  facet normal 0.514233 0.85765 0
    outer loop
      vertex -22.1111 -8.06293 2.4
      vertex -21.9428 -8.16384 0
      vertex -22.1111 -8.06293 0
    endloop
  endfacet
  facet normal 0.595508 -0.80335 0
    outer loop
      vertex -22.2688 52.146 0
      vertex -22.1111 52.2629 2.4
      vertex -22.2688 52.146 2.4
    endloop
  endfacet
  facet normal 0.595508 -0.80335 0
    outer loop
      vertex -22.1111 52.2629 2.4
      vertex -22.2688 52.146 0
      vertex -22.1111 52.2629 0
    endloop
  endfacet
  facet normal 0.242919 0.970047 -0
    outer loop
      vertex -21.3902 -8.36156 0
      vertex -21.5806 -8.31388 2.4
      vertex -21.3902 -8.36156 2.4
    endloop
  endfacet
  facet normal 0.242919 0.970047 0
    outer loop
      vertex -21.5806 -8.31388 2.4
      vertex -21.3902 -8.36156 0
      vertex -21.5806 -8.31388 0
    endloop
  endfacet
  facet normal 0.740908 -0.671607 0
    outer loop
      vertex -22.546 51.8688 2.4
      vertex -22.4142 52.0142 0
      vertex -22.4142 52.0142 2.4
    endloop
  endfacet
  facet normal 0.740908 -0.671607 0
    outer loop
      vertex -22.4142 52.0142 0
      vertex -22.546 51.8688 2.4
      vertex -22.546 51.8688 0
    endloop
  endfacet
  facet normal 0.85774 0.514084 0
    outer loop
      vertex -22.6629 -7.51113 2.4
      vertex -22.7638 -7.34278 0
      vertex -22.7638 -7.34278 2.4
    endloop
  endfacet
  facet normal 0.85774 0.514084 0
    outer loop
      vertex -22.7638 -7.34278 0
      vertex -22.6629 -7.51113 2.4
      vertex -22.6629 -7.51113 0
    endloop
  endfacet
  facet normal -0.514233 0.85765 0
    outer loop
      vertex 22.1111 -8.06293 0
      vertex 21.9428 -8.16384 2.4
      vertex 22.1111 -8.06293 2.4
    endloop
  endfacet
  facet normal -0.514233 0.85765 0
    outer loop
      vertex 21.9428 -8.16384 2.4
      vertex 22.1111 -8.06293 0
      vertex 21.9428 -8.16384 0
    endloop
  endfacet
  facet normal -0.595541 0.803325 0
    outer loop
      vertex 22.2688 -7.94602 0
      vertex 22.1111 -8.06293 2.4
      vertex 22.2688 -7.94602 2.4
    endloop
  endfacet
  facet normal -0.595541 0.803325 0
    outer loop
      vertex 22.1111 -8.06293 2.4
      vertex 22.2688 -7.94602 0
      vertex 22.1111 -8.06293 0
    endloop
  endfacet
  facet normal -0.146696 0.989182 0
    outer loop
      vertex 21.3902 -8.36156 0
      vertex 21.196 -8.39036 2.4
      vertex 21.3902 -8.36156 2.4
    endloop
  endfacet
  facet normal -0.146696 0.989182 0
    outer loop
      vertex 21.196 -8.39036 2.4
      vertex 21.3902 -8.36156 0
      vertex 21.196 -8.39036 0
    endloop
  endfacet
  facet normal 0.427539 -0.903997 0
    outer loop
      vertex -21.9428 52.3638 0
      vertex -21.7654 52.4477 2.4
      vertex -21.9428 52.3638 2.4
    endloop
  endfacet
  facet normal 0.427539 -0.903997 0
    outer loop
      vertex -21.7654 52.4477 2.4
      vertex -21.9428 52.3638 0
      vertex -21.7654 52.4477 0
    endloop
  endfacet
  facet normal 0.336924 0.941532 -0
    outer loop
      vertex -21.5806 -8.31388 0
      vertex -21.7654 -8.24775 2.4
      vertex -21.5806 -8.31388 2.4
    endloop
  endfacet
  facet normal 0.336924 0.941532 0
    outer loop
      vertex -21.7654 -8.24775 2.4
      vertex -21.5806 -8.31388 0
      vertex -21.7654 -8.24775 0
    endloop
  endfacet
  facet normal 0.0491243 0.998793 -0
    outer loop
      vertex -21 -8.4 0
      vertex -21.196 -8.39036 2.4
      vertex -21 -8.4 2.4
    endloop
  endfacet
  facet normal 0.0491243 0.998793 0
    outer loop
      vertex -21.196 -8.39036 2.4
      vertex -21 -8.4 0
      vertex -21.196 -8.39036 0
    endloop
  endfacet
  facet normal 0.146696 0.989182 -0
    outer loop
      vertex -21.196 -8.39036 0
      vertex -21.3902 -8.36156 2.4
      vertex -21.196 -8.39036 2.4
    endloop
  endfacet
  facet normal 0.146696 0.989182 0
    outer loop
      vertex -21.3902 -8.36156 2.4
      vertex -21.196 -8.39036 0
      vertex -21.3902 -8.36156 0
    endloop
  endfacet
endsolid OpenSCAD_Model
