solid OpenSCAD_Model
  facet normal 0 1 -0
    outer loop
      vertex 25 63 4.76837e-07
      vertex -25 63 10
      vertex 25 63 10
    endloop
  endfacet
  facet normal 0 1 0
    outer loop
      vertex -25 63 10
      vertex 25 63 4.76837e-07
      vertex -25 63 4.76837e-07
    endloop
  endfacet
  facet normal -0.707107 -0.707107 -0
    outer loop
      vertex -25 -63 4.76837e-07
      vertex -35 -53 0
      vertex -25 -63 0
    endloop
  endfacet
  facet normal -0.707107 -0.707107 0
    outer loop
      vertex -35 -53 0
      vertex -25 -63 4.76837e-07
      vertex -35 -53 10
    endloop
  endfacet
  facet normal -0.707107 -0.707107 0
    outer loop
      vertex -35 -53 10
      vertex -25 -63 4.76837e-07
      vertex -25 -63 10
    endloop
  endfacet
  facet normal 1 0 0
    outer loop
      vertex 35 53 10
      vertex 35 21.7 5
      vertex 35 53 0
    endloop
  endfacet
  facet normal 1 0 0
    outer loop
      vertex 35 53 10
      vertex 35 21.6516 5.39188
      vertex 35 21.7 5
    endloop
  endfacet
  facet normal 1 0 0
    outer loop
      vertex 35 53 10
      vertex 35 21.5069 5.77882
      vertex 35 21.6516 5.39188
    endloop
  endfacet
  facet normal 1 0 0
    outer loop
      vertex 35 53 10
      vertex 35 21.2679 6.15598
      vertex 35 21.5069 5.77882
    endloop
  endfacet
  facet normal 1 0 0
    outer loop
      vertex 35 53 10
      vertex 35 20.9375 6.51859
      vertex 35 21.2679 6.15598
    endloop
  endfacet
  facet normal 1 0 0
    outer loop
      vertex 35 53 10
      vertex 35 20.5198 6.86211
      vertex 35 20.9375 6.51859
    endloop
  endfacet
  facet normal 1 0 0
    outer loop
      vertex 35 53 10
      vertex 35 20.0201 7.18221
      vertex 35 20.5198 6.86211
    endloop
  endfacet
  facet normal 1 0 0
    outer loop
      vertex 35 53 10
      vertex 35 19.4447 7.47487
      vertex 35 20.0201 7.18221
    endloop
  endfacet
  facet normal 1 0 0
    outer loop
      vertex 35 53 10
      vertex 35 18.8009 7.73641
      vertex 35 19.4447 7.47487
    endloop
  endfacet
  facet normal 1 0 0
    outer loop
      vertex 35 53 10
      vertex 35 18.0966 7.96353
      vertex 35 18.8009 7.73641
    endloop
  endfacet
  facet normal 1 0 0
    outer loop
      vertex 35 53 10
      vertex 35 17.3409 8.15339
      vertex 35 18.0966 7.96353
    endloop
  endfacet
  facet normal 1 0 0
    outer loop
      vertex 35 53 10
      vertex 35 16.5431 8.30359
      vertex 35 17.3409 8.15339
    endloop
  endfacet
  facet normal 1 0 0
    outer loop
      vertex 35 53 10
      vertex 35 15.7134 8.41225
      vertex 35 16.5431 8.30359
    endloop
  endfacet
  facet normal 1 0 0
    outer loop
      vertex 35 53 10
      vertex 35 14.8621 8.47799
      vertex 35 15.7134 8.41225
    endloop
  endfacet
  facet normal 1 0 0
    outer loop
      vertex 35 53 10
      vertex 35 14 8.5
      vertex 35 14.8621 8.47799
    endloop
  endfacet
  facet normal 1 0 0
    outer loop
      vertex 35 0 8.5
      vertex 35 14 8.5
      vertex 35 53 10
    endloop
  endfacet
  facet normal 1 0 0
    outer loop
      vertex 35 7.06254 6.51859
      vertex 35 6.93746 6.51859
      vertex 35 7 6.44996
    endloop
  endfacet
  facet normal 1 0 0
    outer loop
      vertex 35 7.48022 6.86211
      vertex 35 6.93746 6.51859
      vertex 35 7.06254 6.51859
    endloop
  endfacet
  facet normal 1 0 0
    outer loop
      vertex 35 6.51978 6.86211
      vertex 35 7.48022 6.86211
      vertex 35 7.9799 7.18221
    endloop
  endfacet
  facet normal 1 0 0
    outer loop
      vertex 35 7.48022 6.86211
      vertex 35 6.51978 6.86211
      vertex 35 6.93746 6.51859
    endloop
  endfacet
  facet normal 1 0 0
    outer loop
      vertex 35 6.0201 7.18221
      vertex 35 7.9799 7.18221
      vertex 35 8.55528 7.47487
    endloop
  endfacet
  facet normal 1 0 0
    outer loop
      vertex 35 5.44472 7.47487
      vertex 35 8.55528 7.47487
      vertex 35 9.19913 7.73641
    endloop
  endfacet
  facet normal 1 0 0
    outer loop
      vertex 35 7.9799 7.18221
      vertex 35 6.0201 7.18221
      vertex 35 6.51978 6.86211
    endloop
  endfacet
  facet normal 1 0 0
    outer loop
      vertex 35 4.80087 7.73641
      vertex 35 9.19913 7.73641
      vertex 35 9.90335 7.96353
    endloop
  endfacet
  facet normal 1 0 0
    outer loop
      vertex 35 4.09665 7.96353
      vertex 35 9.90335 7.96353
      vertex 35 10.6591 8.15339
    endloop
  endfacet
  facet normal 1 0 0
    outer loop
      vertex 35 8.55528 7.47487
      vertex 35 5.44472 7.47487
      vertex 35 6.0201 7.18221
    endloop
  endfacet
  facet normal 1 0 0
    outer loop
      vertex 35 3.3409 8.15339
      vertex 35 10.6591 8.15339
      vertex 35 11.4569 8.30359
    endloop
  endfacet
  facet normal 1 0 0
    outer loop
      vertex 35 9.19913 7.73641
      vertex 35 4.80087 7.73641
      vertex 35 5.44472 7.47487
    endloop
  endfacet
  facet normal 1 0 0
    outer loop
      vertex 35 2.54315 8.30359
      vertex 35 11.4569 8.30359
      vertex 35 12.2866 8.41225
    endloop
  endfacet
  facet normal 1 0 0
    outer loop
      vertex 35 9.90335 7.96353
      vertex 35 4.09665 7.96353
      vertex 35 4.80087 7.73641
    endloop
  endfacet
  facet normal 1 0 0
    outer loop
      vertex 35 1.71341 8.41225
      vertex 35 12.2866 8.41225
      vertex 35 13.1379 8.47799
    endloop
  endfacet
  facet normal 1 0 0
    outer loop
      vertex 35 10.6591 8.15339
      vertex 35 3.3409 8.15339
      vertex 35 4.09665 7.96353
    endloop
  endfacet
  facet normal 1 0 0
    outer loop
      vertex 35 14 8.5
      vertex 35 0 8.5
      vertex 35 13.1379 8.47799
    endloop
  endfacet
  facet normal 1 0 0
    outer loop
      vertex 35 11.4569 8.30359
      vertex 35 2.54315 8.30359
      vertex 35 3.3409 8.15339
    endloop
  endfacet
  facet normal 1 0 0
    outer loop
      vertex 35 12.2866 8.41225
      vertex 35 1.71341 8.41225
      vertex 35 2.54315 8.30359
    endloop
  endfacet
  facet normal 1 0 0
    outer loop
      vertex 35 13.1379 8.47799
      vertex 35 0.862126 8.47799
      vertex 35 1.71341 8.41225
    endloop
  endfacet
  facet normal 1 0 0
    outer loop
      vertex 35 13.1379 8.47799
      vertex 35 0 8.5
      vertex 35 0.862126 8.47799
    endloop
  endfacet
  facet normal 1 -0 0
    outer loop
      vertex 35 -53 10
      vertex 35 0 8.5
      vertex 35 53 10
    endloop
  endfacet
  facet normal 1 0 0
    outer loop
      vertex 35 -6.93746 6.51859
      vertex 35 -7.06254 6.51859
      vertex 35 -7 6.44996
    endloop
  endfacet
  facet normal 1 0 0
    outer loop
      vertex 35 -6.51978 6.86211
      vertex 35 -7.06254 6.51859
      vertex 35 -6.93746 6.51859
    endloop
  endfacet
  facet normal 1 0 0
    outer loop
      vertex 35 -7.48022 6.86211
      vertex 35 -6.51978 6.86211
      vertex 35 -6.0201 7.18221
    endloop
  endfacet
  facet normal 1 0 0
    outer loop
      vertex 35 -6.51978 6.86211
      vertex 35 -7.48022 6.86211
      vertex 35 -7.06254 6.51859
    endloop
  endfacet
  facet normal 1 0 0
    outer loop
      vertex 35 -7.9799 7.18221
      vertex 35 -6.0201 7.18221
      vertex 35 -5.44472 7.47487
    endloop
  endfacet
  facet normal 1 0 0
    outer loop
      vertex 35 -8.55528 7.47487
      vertex 35 -5.44472 7.47487
      vertex 35 -4.80087 7.73641
    endloop
  endfacet
  facet normal 1 0 0
    outer loop
      vertex 35 -6.0201 7.18221
      vertex 35 -7.9799 7.18221
      vertex 35 -7.48022 6.86211
    endloop
  endfacet
  facet normal 1 0 0
    outer loop
      vertex 35 -9.19913 7.73641
      vertex 35 -4.80087 7.73641
      vertex 35 -4.09665 7.96353
    endloop
  endfacet
  facet normal 1 0 0
    outer loop
      vertex 35 -9.90335 7.96353
      vertex 35 -4.09665 7.96353
      vertex 35 -3.3409 8.15339
    endloop
  endfacet
  facet normal 1 0 0
    outer loop
      vertex 35 -5.44472 7.47487
      vertex 35 -8.55528 7.47487
      vertex 35 -7.9799 7.18221
    endloop
  endfacet
  facet normal 1 0 0
    outer loop
      vertex 35 -10.6591 8.15339
      vertex 35 -3.3409 8.15339
      vertex 35 -2.54315 8.30359
    endloop
  endfacet
  facet normal 1 0 0
    outer loop
      vertex 35 -4.80087 7.73641
      vertex 35 -9.19913 7.73641
      vertex 35 -8.55528 7.47487
    endloop
  endfacet
  facet normal 1 0 0
    outer loop
      vertex 35 -11.4569 8.30359
      vertex 35 -2.54315 8.30359
      vertex 35 -1.71341 8.41225
    endloop
  endfacet
  facet normal 1 0 0
    outer loop
      vertex 35 -4.09665 7.96353
      vertex 35 -9.90335 7.96353
      vertex 35 -9.19913 7.73641
    endloop
  endfacet
  facet normal 1 0 0
    outer loop
      vertex 35 -12.2866 8.41225
      vertex 35 -1.71341 8.41225
      vertex 35 -0.862126 8.47799
    endloop
  endfacet
  facet normal 1 0 0
    outer loop
      vertex 35 -3.3409 8.15339
      vertex 35 -10.6591 8.15339
      vertex 35 -9.90335 7.96353
    endloop
  endfacet
  facet normal 1 0 0
    outer loop
      vertex 35 -2.54315 8.30359
      vertex 35 -11.4569 8.30359
      vertex 35 -10.6591 8.15339
    endloop
  endfacet
  facet normal 1 0 0
    outer loop
      vertex 35 0 8.5
      vertex 35 -14 8.5
      vertex 35 -0.862126 8.47799
    endloop
  endfacet
  facet normal 1 0 0
    outer loop
      vertex 35 -1.71341 8.41225
      vertex 35 -12.2866 8.41225
      vertex 35 -11.4569 8.30359
    endloop
  endfacet
  facet normal 1 0 0
    outer loop
      vertex 35 -0.862126 8.47799
      vertex 35 -13.1379 8.47799
      vertex 35 -12.2866 8.41225
    endloop
  endfacet
  facet normal 1 0 0
    outer loop
      vertex 35 -0.862126 8.47799
      vertex 35 -14 8.5
      vertex 35 -13.1379 8.47799
    endloop
  endfacet
  facet normal 1 0 0
    outer loop
      vertex 35 -21.6516 5.39188
      vertex 35 -53 10
      vertex 35 -21.7 5
    endloop
  endfacet
  facet normal 1 0 0
    outer loop
      vertex 35 -21.5069 5.77882
      vertex 35 -53 10
      vertex 35 -21.6516 5.39188
    endloop
  endfacet
  facet normal 1 0 0
    outer loop
      vertex 35 -21.2679 6.15598
      vertex 35 -53 10
      vertex 35 -21.5069 5.77882
    endloop
  endfacet
  facet normal 1 0 0
    outer loop
      vertex 35 -20.9375 6.51859
      vertex 35 -53 10
      vertex 35 -21.2679 6.15598
    endloop
  endfacet
  facet normal 1 0 0
    outer loop
      vertex 35 -20.5198 6.86211
      vertex 35 -53 10
      vertex 35 -20.9375 6.51859
    endloop
  endfacet
  facet normal 1 0 0
    outer loop
      vertex 35 -20.0201 7.18221
      vertex 35 -53 10
      vertex 35 -20.5198 6.86211
    endloop
  endfacet
  facet normal 1 0 0
    outer loop
      vertex 35 -19.4447 7.47487
      vertex 35 -53 10
      vertex 35 -20.0201 7.18221
    endloop
  endfacet
  facet normal 1 0 0
    outer loop
      vertex 35 -18.8009 7.73641
      vertex 35 -53 10
      vertex 35 -19.4447 7.47487
    endloop
  endfacet
  facet normal 1 0 0
    outer loop
      vertex 35 -18.0966 7.96353
      vertex 35 -53 10
      vertex 35 -18.8009 7.73641
    endloop
  endfacet
  facet normal 1 0 0
    outer loop
      vertex 35 -17.3409 8.15339
      vertex 35 -53 10
      vertex 35 -18.0966 7.96353
    endloop
  endfacet
  facet normal 1 0 0
    outer loop
      vertex 35 -16.5431 8.30359
      vertex 35 -53 10
      vertex 35 -17.3409 8.15339
    endloop
  endfacet
  facet normal 1 0 0
    outer loop
      vertex 35 -15.7134 8.41225
      vertex 35 -53 10
      vertex 35 -16.5431 8.30359
    endloop
  endfacet
  facet normal 1 0 0
    outer loop
      vertex 35 -14.8621 8.47799
      vertex 35 -53 10
      vertex 35 -15.7134 8.41225
    endloop
  endfacet
  facet normal 1 0 0
    outer loop
      vertex 35 -14 8.5
      vertex 35 -53 10
      vertex 35 -14.8621 8.47799
    endloop
  endfacet
  facet normal 1 0 0
    outer loop
      vertex 35 0 8.5
      vertex 35 -53 10
      vertex 35 -14 8.5
    endloop
  endfacet
  facet normal 1 -0 0
    outer loop
      vertex 35 21.6516 4.60812
      vertex 35 53 0
      vertex 35 21.7 5
    endloop
  endfacet
  facet normal 1 -0 0
    outer loop
      vertex 35 21.5069 4.22118
      vertex 35 53 0
      vertex 35 21.6516 4.60812
    endloop
  endfacet
  facet normal 1 -0 0
    outer loop
      vertex 35 21.2679 3.84402
      vertex 35 53 0
      vertex 35 21.5069 4.22118
    endloop
  endfacet
  facet normal 1 -0 0
    outer loop
      vertex 35 20.9375 3.48141
      vertex 35 53 0
      vertex 35 21.2679 3.84402
    endloop
  endfacet
  facet normal 1 -0 0
    outer loop
      vertex 35 20.5198 3.13789
      vertex 35 53 0
      vertex 35 20.9375 3.48141
    endloop
  endfacet
  facet normal 1 -0 0
    outer loop
      vertex 35 20.0201 2.81779
      vertex 35 53 0
      vertex 35 20.5198 3.13789
    endloop
  endfacet
  facet normal 1 -0 0
    outer loop
      vertex 35 19.4447 2.52513
      vertex 35 53 0
      vertex 35 20.0201 2.81779
    endloop
  endfacet
  facet normal 1 -0 0
    outer loop
      vertex 35 18.8009 2.26359
      vertex 35 53 0
      vertex 35 19.4447 2.52513
    endloop
  endfacet
  facet normal 1 -0 0
    outer loop
      vertex 35 18.0966 2.03646
      vertex 35 53 0
      vertex 35 18.8009 2.26359
    endloop
  endfacet
  facet normal 1 -0 0
    outer loop
      vertex 35 17.3409 1.84661
      vertex 35 53 0
      vertex 35 18.0966 2.03646
    endloop
  endfacet
  facet normal 1 -0 0
    outer loop
      vertex 35 16.5431 1.69641
      vertex 35 53 0
      vertex 35 17.3409 1.84661
    endloop
  endfacet
  facet normal 1 -0 0
    outer loop
      vertex 35 15.7134 1.58775
      vertex 35 53 0
      vertex 35 16.5431 1.69641
    endloop
  endfacet
  facet normal 1 -0 0
    outer loop
      vertex 35 14.8621 1.52201
      vertex 35 53 0
      vertex 35 15.7134 1.58775
    endloop
  endfacet
  facet normal 1 -0 0
    outer loop
      vertex 35 14 1.5
      vertex 35 53 0
      vertex 35 14.8621 1.52201
    endloop
  endfacet
  facet normal 1 0 0
    outer loop
      vertex 35 0 1.5
      vertex 35 14 1.5
      vertex 35 13.1379 1.52201
    endloop
  endfacet
  facet normal 1 0 0
    outer loop
      vertex 35 6.93746 3.48141
      vertex 35 7.06254 3.48141
      vertex 35 7 3.55004
    endloop
  endfacet
  facet normal 1 -0 0
    outer loop
      vertex 35 6.93746 3.48141
      vertex 35 7.48022 3.13789
      vertex 35 7.06254 3.48141
    endloop
  endfacet
  facet normal 1 0 0
    outer loop
      vertex 35 6.51978 3.13789
      vertex 35 7.48022 3.13789
      vertex 35 6.93746 3.48141
    endloop
  endfacet
  facet normal 1 0 0
    outer loop
      vertex 35 7.48022 3.13789
      vertex 35 6.51978 3.13789
      vertex 35 7.9799 2.81779
    endloop
  endfacet
  facet normal 1 0 0
    outer loop
      vertex 35 6.0201 2.81779
      vertex 35 7.9799 2.81779
      vertex 35 6.51978 3.13789
    endloop
  endfacet
  facet normal 1 0 0
    outer loop
      vertex 35 7.9799 2.81779
      vertex 35 6.0201 2.81779
      vertex 35 8.55528 2.52513
    endloop
  endfacet
  facet normal 1 0 0
    outer loop
      vertex 35 5.44472 2.52513
      vertex 35 8.55528 2.52513
      vertex 35 6.0201 2.81779
    endloop
  endfacet
  facet normal 1 0 0
    outer loop
      vertex 35 8.55528 2.52513
      vertex 35 5.44472 2.52513
      vertex 35 9.19913 2.26359
    endloop
  endfacet
  facet normal 1 0 0
    outer loop
      vertex 35 4.80087 2.26359
      vertex 35 9.19913 2.26359
      vertex 35 5.44472 2.52513
    endloop
  endfacet
  facet normal 1 0 0
    outer loop
      vertex 35 9.19913 2.26359
      vertex 35 4.80087 2.26359
      vertex 35 9.90335 2.03646
    endloop
  endfacet
  facet normal 1 0 0
    outer loop
      vertex 35 4.09665 2.03646
      vertex 35 9.90335 2.03646
      vertex 35 4.80087 2.26359
    endloop
  endfacet
  facet normal 1 0 0
    outer loop
      vertex 35 9.90335 2.03646
      vertex 35 4.09665 2.03646
      vertex 35 10.6591 1.84661
    endloop
  endfacet
  facet normal 1 0 0
    outer loop
      vertex 35 3.3409 1.84661
      vertex 35 10.6591 1.84661
      vertex 35 4.09665 2.03646
    endloop
  endfacet
  facet normal 1 0 0
    outer loop
      vertex 35 10.6591 1.84661
      vertex 35 3.3409 1.84661
      vertex 35 11.4569 1.69641
    endloop
  endfacet
  facet normal 1 0 0
    outer loop
      vertex 35 2.54315 1.69641
      vertex 35 11.4569 1.69641
      vertex 35 3.3409 1.84661
    endloop
  endfacet
  facet normal 1 0 0
    outer loop
      vertex 35 11.4569 1.69641
      vertex 35 2.54315 1.69641
      vertex 35 12.2866 1.58775
    endloop
  endfacet
  facet normal 1 0 0
    outer loop
      vertex 35 1.71341 1.58775
      vertex 35 12.2866 1.58775
      vertex 35 2.54315 1.69641
    endloop
  endfacet
  facet normal 1 0 0
    outer loop
      vertex 35 12.2866 1.58775
      vertex 35 1.71341 1.58775
      vertex 35 13.1379 1.52201
    endloop
  endfacet
  facet normal 1 0 0
    outer loop
      vertex 35 0.862126 1.52201
      vertex 35 13.1379 1.52201
      vertex 35 1.71341 1.58775
    endloop
  endfacet
  facet normal 1 0 0
    outer loop
      vertex 35 0 1.5
      vertex 35 13.1379 1.52201
      vertex 35 0.862126 1.52201
    endloop
  endfacet
  facet normal 1 0 0
    outer loop
      vertex 35 14 1.5
      vertex 35 0 1.5
      vertex 35 53 0
    endloop
  endfacet
  facet normal 1 0 0
    outer loop
      vertex 35 -14 1.5
      vertex 35 0 1.5
      vertex 35 -0.862126 1.52201
    endloop
  endfacet
  facet normal 1 0 0
    outer loop
      vertex 35 -7.06254 3.48141
      vertex 35 -6.93746 3.48141
      vertex 35 -7 3.55004
    endloop
  endfacet
  facet normal 1 -0 0
    outer loop
      vertex 35 -7.06254 3.48141
      vertex 35 -6.51978 3.13789
      vertex 35 -6.93746 3.48141
    endloop
  endfacet
  facet normal 1 0 0
    outer loop
      vertex 35 -7.48022 3.13789
      vertex 35 -6.51978 3.13789
      vertex 35 -7.06254 3.48141
    endloop
  endfacet
  facet normal 1 0 0
    outer loop
      vertex 35 -6.51978 3.13789
      vertex 35 -7.48022 3.13789
      vertex 35 -6.0201 2.81779
    endloop
  endfacet
  facet normal 1 0 0
    outer loop
      vertex 35 -7.9799 2.81779
      vertex 35 -6.0201 2.81779
      vertex 35 -7.48022 3.13789
    endloop
  endfacet
  facet normal 1 0 0
    outer loop
      vertex 35 -6.0201 2.81779
      vertex 35 -7.9799 2.81779
      vertex 35 -5.44472 2.52513
    endloop
  endfacet
  facet normal 1 0 0
    outer loop
      vertex 35 -8.55528 2.52513
      vertex 35 -5.44472 2.52513
      vertex 35 -7.9799 2.81779
    endloop
  endfacet
  facet normal 1 0 0
    outer loop
      vertex 35 -5.44472 2.52513
      vertex 35 -8.55528 2.52513
      vertex 35 -4.80087 2.26359
    endloop
  endfacet
  facet normal 1 0 0
    outer loop
      vertex 35 -9.19913 2.26359
      vertex 35 -4.80087 2.26359
      vertex 35 -8.55528 2.52513
    endloop
  endfacet
  facet normal 1 0 0
    outer loop
      vertex 35 -4.80087 2.26359
      vertex 35 -9.19913 2.26359
      vertex 35 -4.09665 2.03646
    endloop
  endfacet
  facet normal 1 0 0
    outer loop
      vertex 35 -9.90335 2.03646
      vertex 35 -4.09665 2.03646
      vertex 35 -9.19913 2.26359
    endloop
  endfacet
  facet normal 1 0 0
    outer loop
      vertex 35 -4.09665 2.03646
      vertex 35 -9.90335 2.03646
      vertex 35 -3.3409 1.84661
    endloop
  endfacet
  facet normal 1 0 0
    outer loop
      vertex 35 -10.6591 1.84661
      vertex 35 -3.3409 1.84661
      vertex 35 -9.90335 2.03646
    endloop
  endfacet
  facet normal 1 0 0
    outer loop
      vertex 35 -3.3409 1.84661
      vertex 35 -10.6591 1.84661
      vertex 35 -2.54315 1.69641
    endloop
  endfacet
  facet normal 1 0 0
    outer loop
      vertex 35 -11.4569 1.69641
      vertex 35 -2.54315 1.69641
      vertex 35 -10.6591 1.84661
    endloop
  endfacet
  facet normal 1 0 0
    outer loop
      vertex 35 -2.54315 1.69641
      vertex 35 -11.4569 1.69641
      vertex 35 -1.71341 1.58775
    endloop
  endfacet
  facet normal 1 0 0
    outer loop
      vertex 35 -12.2866 1.58775
      vertex 35 -1.71341 1.58775
      vertex 35 -11.4569 1.69641
    endloop
  endfacet
  facet normal 1 0 0
    outer loop
      vertex 35 -1.71341 1.58775
      vertex 35 -12.2866 1.58775
      vertex 35 -0.862126 1.52201
    endloop
  endfacet
  facet normal 1 0 0
    outer loop
      vertex 35 -13.1379 1.52201
      vertex 35 -0.862126 1.52201
      vertex 35 -12.2866 1.58775
    endloop
  endfacet
  facet normal 1 0 0
    outer loop
      vertex 35 -14 1.5
      vertex 35 -0.862126 1.52201
      vertex 35 -13.1379 1.52201
    endloop
  endfacet
  facet normal 1 0 0
    outer loop
      vertex 35 -53 0
      vertex 35 0 1.5
      vertex 35 -14 1.5
    endloop
  endfacet
  facet normal 1 0 0
    outer loop
      vertex 35 -53 0
      vertex 35 -21.7 5
      vertex 35 -53 10
    endloop
  endfacet
  facet normal 1 0 0
    outer loop
      vertex 35 -21.7 5
      vertex 35 -53 0
      vertex 35 -21.6516 4.60812
    endloop
  endfacet
  facet normal 1 0 0
    outer loop
      vertex 35 -21.6516 4.60812
      vertex 35 -53 0
      vertex 35 -21.5069 4.22118
    endloop
  endfacet
  facet normal 1 0 0
    outer loop
      vertex 35 -21.5069 4.22118
      vertex 35 -53 0
      vertex 35 -21.2679 3.84402
    endloop
  endfacet
  facet normal 1 0 0
    outer loop
      vertex 35 -21.2679 3.84402
      vertex 35 -53 0
      vertex 35 -20.9375 3.48141
    endloop
  endfacet
  facet normal 1 0 0
    outer loop
      vertex 35 -20.9375 3.48141
      vertex 35 -53 0
      vertex 35 -20.5198 3.13789
    endloop
  endfacet
  facet normal 1 0 0
    outer loop
      vertex 35 -20.5198 3.13789
      vertex 35 -53 0
      vertex 35 -20.0201 2.81779
    endloop
  endfacet
  facet normal 1 0 0
    outer loop
      vertex 35 -20.0201 2.81779
      vertex 35 -53 0
      vertex 35 -19.4447 2.52513
    endloop
  endfacet
  facet normal 1 0 0
    outer loop
      vertex 35 -19.4447 2.52513
      vertex 35 -53 0
      vertex 35 -18.8009 2.26359
    endloop
  endfacet
  facet normal 1 0 0
    outer loop
      vertex 35 -18.8009 2.26359
      vertex 35 -53 0
      vertex 35 -18.0966 2.03646
    endloop
  endfacet
  facet normal 1 0 0
    outer loop
      vertex 35 0 1.5
      vertex 35 -53 0
      vertex 35 53 0
    endloop
  endfacet
  facet normal 1 0 0
    outer loop
      vertex 35 -14.8621 1.52201
      vertex 35 -53 0
      vertex 35 -14 1.5
    endloop
  endfacet
  facet normal 1 0 0
    outer loop
      vertex 35 -15.7134 1.58775
      vertex 35 -53 0
      vertex 35 -14.8621 1.52201
    endloop
  endfacet
  facet normal 1 0 0
    outer loop
      vertex 35 -16.5431 1.69641
      vertex 35 -53 0
      vertex 35 -15.7134 1.58775
    endloop
  endfacet
  facet normal 1 0 0
    outer loop
      vertex 35 -17.3409 1.84661
      vertex 35 -53 0
      vertex 35 -16.5431 1.69641
    endloop
  endfacet
  facet normal 1 0 0
    outer loop
      vertex 35 -18.0966 2.03646
      vertex 35 -53 0
      vertex 35 -17.3409 1.84661
    endloop
  endfacet
  facet normal 0.707107 -0.707107 0
    outer loop
      vertex 25 -63 10
      vertex 35 -53 0
      vertex 35 -53 10
    endloop
  endfacet
  facet normal 0.707107 -0.707107 0
    outer loop
      vertex 25 -63 4.76837e-07
      vertex 35 -53 0
      vertex 25 -63 10
    endloop
  endfacet
  facet normal 0.707107 -0.707107 0
    outer loop
      vertex 35 -53 0
      vertex 25 -63 4.76837e-07
      vertex 25 -63 0
    endloop
  endfacet
  facet normal 0 0 1
    outer loop
      vertex -25.5 -55 10
      vertex -23 -55 10
      vertex -23.0252 -54.5521 10
    endloop
  endfacet
  facet normal 0 0 1
    outer loop
      vertex -25.5094 -54.8321 10
      vertex -23.0252 -54.5521 10
      vertex -23.1003 -54.1099 10
    endloop
  endfacet
  facet normal 0 0 1
    outer loop
      vertex -23 -55 10
      vertex -25.5 -55 10
      vertex -23.0252 -55.4479 10
    endloop
  endfacet
  facet normal 0 0 1
    outer loop
      vertex -25.5376 -54.6662 10
      vertex -23.1003 -54.1099 10
      vertex -23.2245 -53.6789 10
    endloop
  endfacet
  facet normal -0 0 1
    outer loop
      vertex -25.5094 -55.1679 10
      vertex -23.0252 -55.4479 10
      vertex -25.5 -55 10
    endloop
  endfacet
  facet normal 0 0 1
    outer loop
      vertex -25.5842 -54.5046 10
      vertex -23.2245 -53.6789 10
      vertex -23.3961 -53.2645 10
    endloop
  endfacet
  facet normal 0 0 1
    outer loop
      vertex -23.0252 -55.4479 10
      vertex -25.5094 -55.1679 10
      vertex -23.1003 -55.8901 10
    endloop
  endfacet
  facet normal 0 0 1
    outer loop
      vertex -25.6485 -54.3492 10
      vertex -23.3961 -53.2645 10
      vertex -23.6131 -52.8719 10
    endloop
  endfacet
  facet normal -0 0 1
    outer loop
      vertex -25.5376 -55.3338 10
      vertex -23.1003 -55.8901 10
      vertex -25.5094 -55.1679 10
    endloop
  endfacet
  facet normal 0 0 1
    outer loop
      vertex -25.7299 -54.202 10
      vertex -23.6131 -52.8719 10
      vertex -23.8727 -52.506 10
    endloop
  endfacet
  facet normal 0 0 1
    outer loop
      vertex -23.1003 -55.8901 10
      vertex -25.5376 -55.3338 10
      vertex -23.2245 -56.3211 10
    endloop
  endfacet
  facet normal 0 0 1
    outer loop
      vertex -25.8273 -54.0648 10
      vertex -23.8727 -52.506 10
      vertex -24.1716 -52.1716 10
    endloop
  endfacet
  facet normal -0 0 1
    outer loop
      vertex -25.5842 -55.4954 10
      vertex -23.2245 -56.3211 10
      vertex -25.5376 -55.3338 10
    endloop
  endfacet
  facet normal 0 0 1
    outer loop
      vertex -25.9393 -53.9393 10
      vertex -24.1716 -52.1716 10
      vertex -24.506 -51.8727 10
    endloop
  endfacet
  facet normal 0 0 1
    outer loop
      vertex -23.2245 -56.3211 10
      vertex -25.5842 -55.4954 10
      vertex -23.3961 -56.7355 10
    endloop
  endfacet
  facet normal 0 0 1
    outer loop
      vertex -26.0648 -53.8273 10
      vertex -24.506 -51.8727 10
      vertex -24.8719 -51.6131 10
    endloop
  endfacet
  facet normal -0 0 1
    outer loop
      vertex -25.6485 -55.6508 10
      vertex -23.3961 -56.7355 10
      vertex -25.5842 -55.4954 10
    endloop
  endfacet
  facet normal 0 0 1
    outer loop
      vertex -26.202 -53.7299 10
      vertex -24.8719 -51.6131 10
      vertex -25.2645 -51.3961 10
    endloop
  endfacet
  facet normal 0 0 1
    outer loop
      vertex -23.3961 -56.7355 10
      vertex -25.6485 -55.6508 10
      vertex -23.6131 -57.1281 10
    endloop
  endfacet
  facet normal -0 0 1
    outer loop
      vertex -25.7299 -55.798 10
      vertex -23.6131 -57.1281 10
      vertex -25.6485 -55.6508 10
    endloop
  endfacet
  facet normal 0 0 1
    outer loop
      vertex -23.0252 -54.5521 10
      vertex -25.5094 -54.8321 10
      vertex -25.5 -55 10
    endloop
  endfacet
  facet normal 0 0 1
    outer loop
      vertex -23.1003 -54.1099 10
      vertex -25.5376 -54.6662 10
      vertex -25.5094 -54.8321 10
    endloop
  endfacet
  facet normal 0 0 1
    outer loop
      vertex -23.2245 -53.6789 10
      vertex -25.5842 -54.5046 10
      vertex -25.5376 -54.6662 10
    endloop
  endfacet
  facet normal 0 0 1
    outer loop
      vertex -23.3961 -53.2645 10
      vertex -25.6485 -54.3492 10
      vertex -25.5842 -54.5046 10
    endloop
  endfacet
  facet normal 0 0 1
    outer loop
      vertex -26.3492 -53.6485 10
      vertex -25.2645 -51.3961 10
      vertex -25.6789 -51.2245 10
    endloop
  endfacet
  facet normal 0 0 1
    outer loop
      vertex -23.6131 -52.8719 10
      vertex -25.7299 -54.202 10
      vertex -25.6485 -54.3492 10
    endloop
  endfacet
  facet normal 0 0 1
    outer loop
      vertex -23.8727 -52.506 10
      vertex -25.8273 -54.0648 10
      vertex -25.7299 -54.202 10
    endloop
  endfacet
  facet normal 0 0 1
    outer loop
      vertex -24.1716 -52.1716 10
      vertex -25.9393 -53.9393 10
      vertex -25.8273 -54.0648 10
    endloop
  endfacet
  facet normal 0 0 1
    outer loop
      vertex -24.506 -51.8727 10
      vertex -26.0648 -53.8273 10
      vertex -25.9393 -53.9393 10
    endloop
  endfacet
  facet normal 0 0 1
    outer loop
      vertex -26.5046 -53.5842 10
      vertex -25.6789 -51.2245 10
      vertex -26.1099 -51.1003 10
    endloop
  endfacet
  facet normal 0 0 1
    outer loop
      vertex -24.8719 -51.6131 10
      vertex -26.202 -53.7299 10
      vertex -26.0648 -53.8273 10
    endloop
  endfacet
  facet normal 0 0 1
    outer loop
      vertex -25.2645 -51.3961 10
      vertex -26.3492 -53.6485 10
      vertex -26.202 -53.7299 10
    endloop
  endfacet
  facet normal 0 0 1
    outer loop
      vertex -25.6789 -51.2245 10
      vertex -26.5046 -53.5842 10
      vertex -26.3492 -53.6485 10
    endloop
  endfacet
  facet normal 0 0 1
    outer loop
      vertex -26.6662 -53.5376 10
      vertex -26.1099 -51.1003 10
      vertex -26.5521 -51.0252 10
    endloop
  endfacet
  facet normal 0 0 1
    outer loop
      vertex -26.1099 -51.1003 10
      vertex -26.6662 -53.5376 10
      vertex -26.5046 -53.5842 10
    endloop
  endfacet
  facet normal 0 0 1
    outer loop
      vertex -26.5521 -51.0252 10
      vertex -26.8321 -53.5094 10
      vertex -26.6662 -53.5376 10
    endloop
  endfacet
  facet normal 0 0 1
    outer loop
      vertex -27 -51 10
      vertex -26.8321 -53.5094 10
      vertex -26.5521 -51.0252 10
    endloop
  endfacet
  facet normal 0 0 1
    outer loop
      vertex -27 -51 10
      vertex -27 -53.5 10
      vertex -26.8321 -53.5094 10
    endloop
  endfacet
  facet normal 0 0 1
    outer loop
      vertex -27 -51 10
      vertex -27.1679 -53.5094 10
      vertex -27 -53.5 10
    endloop
  endfacet
  facet normal -0 0 1
    outer loop
      vertex -27.4479 -51.0252 10
      vertex -27.1679 -53.5094 10
      vertex -27 -51 10
    endloop
  endfacet
  facet normal 0 0 1
    outer loop
      vertex -27.1679 -53.5094 10
      vertex -27.4479 -51.0252 10
      vertex -27.3338 -53.5376 10
    endloop
  endfacet
  facet normal -0 0 1
    outer loop
      vertex -27.8901 -51.1003 10
      vertex -27.3338 -53.5376 10
      vertex -27.4479 -51.0252 10
    endloop
  endfacet
  facet normal 0 0 1
    outer loop
      vertex -27.3338 -53.5376 10
      vertex -27.8901 -51.1003 10
      vertex -27.4954 -53.5842 10
    endloop
  endfacet
  facet normal -0 0 1
    outer loop
      vertex -28.3211 -51.2245 10
      vertex -27.4954 -53.5842 10
      vertex -27.8901 -51.1003 10
    endloop
  endfacet
  facet normal 0 0 1
    outer loop
      vertex -27.4954 -53.5842 10
      vertex -28.3211 -51.2245 10
      vertex -27.6508 -53.6485 10
    endloop
  endfacet
  facet normal -0 0 1
    outer loop
      vertex -28.7355 -51.3961 10
      vertex -27.6508 -53.6485 10
      vertex -28.3211 -51.2245 10
    endloop
  endfacet
  facet normal 0 0 1
    outer loop
      vertex -27.6508 -53.6485 10
      vertex -28.7355 -51.3961 10
      vertex -27.798 -53.7299 10
    endloop
  endfacet
  facet normal -0 0 1
    outer loop
      vertex -29.1281 -51.6131 10
      vertex -27.798 -53.7299 10
      vertex -28.7355 -51.3961 10
    endloop
  endfacet
  facet normal 0 0 1
    outer loop
      vertex -27.798 -53.7299 10
      vertex -29.1281 -51.6131 10
      vertex -27.9352 -53.8273 10
    endloop
  endfacet
  facet normal -0 0 1
    outer loop
      vertex -29.494 -51.8727 10
      vertex -27.9352 -53.8273 10
      vertex -29.1281 -51.6131 10
    endloop
  endfacet
  facet normal 0 0 1
    outer loop
      vertex -27.9352 -53.8273 10
      vertex -29.494 -51.8727 10
      vertex -28.0607 -53.9393 10
    endloop
  endfacet
  facet normal -0 0 1
    outer loop
      vertex -29.8284 -52.1716 10
      vertex -28.0607 -53.9393 10
      vertex -29.494 -51.8727 10
    endloop
  endfacet
  facet normal 0 0 1
    outer loop
      vertex -28.0607 -53.9393 10
      vertex -29.8284 -52.1716 10
      vertex -28.1727 -54.0648 10
    endloop
  endfacet
  facet normal -0 0 1
    outer loop
      vertex -30.1273 -52.506 10
      vertex -28.1727 -54.0648 10
      vertex -29.8284 -52.1716 10
    endloop
  endfacet
  facet normal 0 0 1
    outer loop
      vertex -28.1727 -54.0648 10
      vertex -30.1273 -52.506 10
      vertex -28.2701 -54.202 10
    endloop
  endfacet
  facet normal -0 0 1
    outer loop
      vertex -30.3869 -52.8719 10
      vertex -28.2701 -54.202 10
      vertex -30.1273 -52.506 10
    endloop
  endfacet
  facet normal 0 0 1
    outer loop
      vertex -23.6131 -57.1281 10
      vertex -25.7299 -55.798 10
      vertex -23.8727 -57.494 10
    endloop
  endfacet
  facet normal -0 0 1
    outer loop
      vertex -25.8273 -55.9352 10
      vertex -23.8727 -57.494 10
      vertex -25.7299 -55.798 10
    endloop
  endfacet
  facet normal 0 0 1
    outer loop
      vertex -23.8727 -57.494 10
      vertex -25.8273 -55.9352 10
      vertex -24.1716 -57.8284 10
    endloop
  endfacet
  facet normal -0 0 1
    outer loop
      vertex -25.9393 -56.0607 10
      vertex -24.1716 -57.8284 10
      vertex -25.8273 -55.9352 10
    endloop
  endfacet
  facet normal 0 0 1
    outer loop
      vertex -24.1716 -57.8284 10
      vertex -25.9393 -56.0607 10
      vertex -24.506 -58.1273 10
    endloop
  endfacet
  facet normal -0 0 1
    outer loop
      vertex -26.0648 -56.1727 10
      vertex -24.506 -58.1273 10
      vertex -25.9393 -56.0607 10
    endloop
  endfacet
  facet normal 0 0 1
    outer loop
      vertex -24.506 -58.1273 10
      vertex -26.0648 -56.1727 10
      vertex -24.8719 -58.3869 10
    endloop
  endfacet
  facet normal -0 0 1
    outer loop
      vertex -26.202 -56.2701 10
      vertex -24.8719 -58.3869 10
      vertex -26.0648 -56.1727 10
    endloop
  endfacet
  facet normal 0 0 1
    outer loop
      vertex -24.8719 -58.3869 10
      vertex -26.202 -56.2701 10
      vertex -25.2645 -58.6039 10
    endloop
  endfacet
  facet normal -0 0 1
    outer loop
      vertex -26.3492 -56.3515 10
      vertex -25.2645 -58.6039 10
      vertex -26.202 -56.2701 10
    endloop
  endfacet
  facet normal 0 0 1
    outer loop
      vertex -25.2645 -58.6039 10
      vertex -26.3492 -56.3515 10
      vertex -25.6789 -58.7755 10
    endloop
  endfacet
  facet normal -0 0 1
    outer loop
      vertex -26.5046 -56.4158 10
      vertex -25.6789 -58.7755 10
      vertex -26.3492 -56.3515 10
    endloop
  endfacet
  facet normal 0 0 1
    outer loop
      vertex -25.6789 -58.7755 10
      vertex -26.5046 -56.4158 10
      vertex -26.1099 -58.8997 10
    endloop
  endfacet
  facet normal -0 0 1
    outer loop
      vertex -26.6662 -56.4624 10
      vertex -26.1099 -58.8997 10
      vertex -26.5046 -56.4158 10
    endloop
  endfacet
  facet normal 0 0 1
    outer loop
      vertex -26.1099 -58.8997 10
      vertex -26.6662 -56.4624 10
      vertex -26.5521 -58.9748 10
    endloop
  endfacet
  facet normal -0 0 1
    outer loop
      vertex -26.8321 -56.4906 10
      vertex -26.5521 -58.9748 10
      vertex -26.6662 -56.4624 10
    endloop
  endfacet
  facet normal 0 0 1
    outer loop
      vertex -25.5 55 10
      vertex -23 55 10
      vertex -23.0252 55.4479 10
    endloop
  endfacet
  facet normal 0 0 1
    outer loop
      vertex -25.5094 55.1679 10
      vertex -23.0252 55.4479 10
      vertex -23.1003 55.8901 10
    endloop
  endfacet
  facet normal 0 0 1
    outer loop
      vertex -23 55 10
      vertex -25.5 55 10
      vertex -23.0252 54.5521 10
    endloop
  endfacet
  facet normal 0 0 1
    outer loop
      vertex -25.5376 55.3338 10
      vertex -23.1003 55.8901 10
      vertex -23.2245 56.3211 10
    endloop
  endfacet
  facet normal -0 0 1
    outer loop
      vertex -25.5094 54.8321 10
      vertex -23.0252 54.5521 10
      vertex -25.5 55 10
    endloop
  endfacet
  facet normal 0 0 1
    outer loop
      vertex -25.5842 55.4954 10
      vertex -23.2245 56.3211 10
      vertex -23.3961 56.7355 10
    endloop
  endfacet
  facet normal 0 0 1
    outer loop
      vertex -23.0252 54.5521 10
      vertex -25.5094 54.8321 10
      vertex -23.1003 54.1099 10
    endloop
  endfacet
  facet normal 0 0 1
    outer loop
      vertex -25.6485 55.6508 10
      vertex -23.3961 56.7355 10
      vertex -23.6131 57.1281 10
    endloop
  endfacet
  facet normal -0 0 1
    outer loop
      vertex -25.5376 54.6662 10
      vertex -23.1003 54.1099 10
      vertex -25.5094 54.8321 10
    endloop
  endfacet
  facet normal 0 0 1
    outer loop
      vertex -25.7299 55.798 10
      vertex -23.6131 57.1281 10
      vertex -23.8727 57.494 10
    endloop
  endfacet
  facet normal 0 0 1
    outer loop
      vertex -23.1003 54.1099 10
      vertex -25.5376 54.6662 10
      vertex -23.2245 53.6789 10
    endloop
  endfacet
  facet normal 0 0 1
    outer loop
      vertex -25.8273 55.9352 10
      vertex -23.8727 57.494 10
      vertex -24.1716 57.8284 10
    endloop
  endfacet
  facet normal -0 0 1
    outer loop
      vertex -25.5842 54.5046 10
      vertex -23.2245 53.6789 10
      vertex -25.5376 54.6662 10
    endloop
  endfacet
  facet normal 0 0 1
    outer loop
      vertex -25.9393 56.0607 10
      vertex -24.1716 57.8284 10
      vertex -24.506 58.1273 10
    endloop
  endfacet
  facet normal 0 0 1
    outer loop
      vertex -23.2245 53.6789 10
      vertex -25.5842 54.5046 10
      vertex -23.3961 53.2645 10
    endloop
  endfacet
  facet normal 0 0 1
    outer loop
      vertex -26.0648 56.1727 10
      vertex -24.506 58.1273 10
      vertex -24.8719 58.3869 10
    endloop
  endfacet
  facet normal -0 0 1
    outer loop
      vertex -25.6485 54.3492 10
      vertex -23.3961 53.2645 10
      vertex -25.5842 54.5046 10
    endloop
  endfacet
  facet normal 0 0 1
    outer loop
      vertex -26.202 56.2701 10
      vertex -24.8719 58.3869 10
      vertex -25.2645 58.6039 10
    endloop
  endfacet
  facet normal 0 0 1
    outer loop
      vertex -23.3961 53.2645 10
      vertex -25.6485 54.3492 10
      vertex -23.6131 52.8719 10
    endloop
  endfacet
  facet normal -0 0 1
    outer loop
      vertex -25.7299 54.202 10
      vertex -23.6131 52.8719 10
      vertex -25.6485 54.3492 10
    endloop
  endfacet
  facet normal 0 0 1
    outer loop
      vertex -23.0252 55.4479 10
      vertex -25.5094 55.1679 10
      vertex -25.5 55 10
    endloop
  endfacet
  facet normal 0 0 1
    outer loop
      vertex -23.1003 55.8901 10
      vertex -25.5376 55.3338 10
      vertex -25.5094 55.1679 10
    endloop
  endfacet
  facet normal 0 0 1
    outer loop
      vertex -23.2245 56.3211 10
      vertex -25.5842 55.4954 10
      vertex -25.5376 55.3338 10
    endloop
  endfacet
  facet normal 0 0 1
    outer loop
      vertex -23.3961 56.7355 10
      vertex -25.6485 55.6508 10
      vertex -25.5842 55.4954 10
    endloop
  endfacet
  facet normal 0 0 1
    outer loop
      vertex -26.3492 56.3515 10
      vertex -25.2645 58.6039 10
      vertex -25.6789 58.7755 10
    endloop
  endfacet
  facet normal 0 0 1
    outer loop
      vertex -23.6131 57.1281 10
      vertex -25.7299 55.798 10
      vertex -25.6485 55.6508 10
    endloop
  endfacet
  facet normal 0 0 1
    outer loop
      vertex -23.8727 57.494 10
      vertex -25.8273 55.9352 10
      vertex -25.7299 55.798 10
    endloop
  endfacet
  facet normal 0 0 1
    outer loop
      vertex -24.1716 57.8284 10
      vertex -25.9393 56.0607 10
      vertex -25.8273 55.9352 10
    endloop
  endfacet
  facet normal 0 0 1
    outer loop
      vertex -24.506 58.1273 10
      vertex -26.0648 56.1727 10
      vertex -25.9393 56.0607 10
    endloop
  endfacet
  facet normal 0 0 1
    outer loop
      vertex -26.5046 56.4158 10
      vertex -25.6789 58.7755 10
      vertex -26.1099 58.8997 10
    endloop
  endfacet
  facet normal 0 0 1
    outer loop
      vertex -24.8719 58.3869 10
      vertex -26.202 56.2701 10
      vertex -26.0648 56.1727 10
    endloop
  endfacet
  facet normal 0 0 1
    outer loop
      vertex -25.2645 58.6039 10
      vertex -26.3492 56.3515 10
      vertex -26.202 56.2701 10
    endloop
  endfacet
  facet normal 0 0 1
    outer loop
      vertex -25.6789 58.7755 10
      vertex -26.5046 56.4158 10
      vertex -26.3492 56.3515 10
    endloop
  endfacet
  facet normal 0 0 1
    outer loop
      vertex -26.6662 56.4624 10
      vertex -26.1099 58.8997 10
      vertex -26.5521 58.9748 10
    endloop
  endfacet
  facet normal 0 0 1
    outer loop
      vertex -26.8321 56.4906 10
      vertex -26.5521 58.9748 10
      vertex -26.6213 58.9787 10
    endloop
  endfacet
  facet normal 0 0 1
    outer loop
      vertex -26.1099 58.8997 10
      vertex -26.6662 56.4624 10
      vertex -26.5046 56.4158 10
    endloop
  endfacet
  facet normal 0 0 1
    outer loop
      vertex -23.6131 52.8719 10
      vertex -25.7299 54.202 10
      vertex -23.8727 52.506 10
    endloop
  endfacet
  facet normal -0 0 1
    outer loop
      vertex -25.8273 54.0648 10
      vertex -23.8727 52.506 10
      vertex -25.7299 54.202 10
    endloop
  endfacet
  facet normal 0 0 1
    outer loop
      vertex -23.8727 52.506 10
      vertex -25.8273 54.0648 10
      vertex -24.1716 52.1716 10
    endloop
  endfacet
  facet normal -0 0 1
    outer loop
      vertex -25.9393 53.9393 10
      vertex -24.1716 52.1716 10
      vertex -25.8273 54.0648 10
    endloop
  endfacet
  facet normal 0 0 1
    outer loop
      vertex -24.1716 52.1716 10
      vertex -25.9393 53.9393 10
      vertex -24.506 51.8727 10
    endloop
  endfacet
  facet normal -0 0 1
    outer loop
      vertex -26.0648 53.8273 10
      vertex -24.506 51.8727 10
      vertex -25.9393 53.9393 10
    endloop
  endfacet
  facet normal 0 0 1
    outer loop
      vertex -24.506 51.8727 10
      vertex -26.0648 53.8273 10
      vertex -24.8719 51.6131 10
    endloop
  endfacet
  facet normal -0 0 1
    outer loop
      vertex -26.202 53.7299 10
      vertex -24.8719 51.6131 10
      vertex -26.0648 53.8273 10
    endloop
  endfacet
  facet normal 0 0 1
    outer loop
      vertex -24.8719 51.6131 10
      vertex -26.202 53.7299 10
      vertex -25.2645 51.3961 10
    endloop
  endfacet
  facet normal -0 0 1
    outer loop
      vertex -26.3492 53.6485 10
      vertex -25.2645 51.3961 10
      vertex -26.202 53.7299 10
    endloop
  endfacet
  facet normal 0 0 1
    outer loop
      vertex -25.2645 51.3961 10
      vertex -26.3492 53.6485 10
      vertex -25.6789 51.2245 10
    endloop
  endfacet
  facet normal -0 0 1
    outer loop
      vertex -26.5046 53.5842 10
      vertex -25.6789 51.2245 10
      vertex -26.3492 53.6485 10
    endloop
  endfacet
  facet normal 0 0 1
    outer loop
      vertex -25.6789 51.2245 10
      vertex -26.5046 53.5842 10
      vertex -26.1099 51.1003 10
    endloop
  endfacet
  facet normal -0 0 1
    outer loop
      vertex -26.6662 53.5376 10
      vertex -26.1099 51.1003 10
      vertex -26.5046 53.5842 10
    endloop
  endfacet
  facet normal 0 0 1
    outer loop
      vertex -26.1099 51.1003 10
      vertex -26.6662 53.5376 10
      vertex -26.5521 51.0252 10
    endloop
  endfacet
  facet normal -0 0 1
    outer loop
      vertex -26.8321 53.5094 10
      vertex -26.5521 51.0252 10
      vertex -26.6662 53.5376 10
    endloop
  endfacet
  facet normal -0 0 1
    outer loop
      vertex -27 53.5 10
      vertex -26.5521 51.0252 10
      vertex -26.8321 53.5094 10
    endloop
  endfacet
  facet normal 0 0 1
    outer loop
      vertex -27 53.5 10
      vertex -27 51 10
      vertex -26.5521 51.0252 10
    endloop
  endfacet
  facet normal 0 0 1
    outer loop
      vertex -27.1679 53.5094 10
      vertex -27 51 10
      vertex -27 53.5 10
    endloop
  endfacet
  facet normal 0 0 1
    outer loop
      vertex -27.4479 51.0252 10
      vertex -27.1679 53.5094 10
      vertex -27.3338 53.5376 10
    endloop
  endfacet
  facet normal 0 0 1
    outer loop
      vertex -27.1679 53.5094 10
      vertex -27.4479 51.0252 10
      vertex -27 51 10
    endloop
  endfacet
  facet normal 0 0 1
    outer loop
      vertex -27.8901 51.1003 10
      vertex -27.3338 53.5376 10
      vertex -27.4954 53.5842 10
    endloop
  endfacet
  facet normal 0 0 1
    outer loop
      vertex -28.3211 51.2245 10
      vertex -27.4954 53.5842 10
      vertex -27.6508 53.6485 10
    endloop
  endfacet
  facet normal 0 0 1
    outer loop
      vertex -28.7355 51.3961 10
      vertex -27.6508 53.6485 10
      vertex -27.798 53.7299 10
    endloop
  endfacet
  facet normal 0 0 1
    outer loop
      vertex -27.3338 53.5376 10
      vertex -27.8901 51.1003 10
      vertex -27.4479 51.0252 10
    endloop
  endfacet
  facet normal 0 0 1
    outer loop
      vertex -29.1281 51.6131 10
      vertex -27.798 53.7299 10
      vertex -27.9352 53.8273 10
    endloop
  endfacet
  facet normal 0 0 1
    outer loop
      vertex -29.494 51.8727 10
      vertex -27.9352 53.8273 10
      vertex -28.0607 53.9393 10
    endloop
  endfacet
  facet normal 0 0 1
    outer loop
      vertex -29.8284 52.1716 10
      vertex -28.0607 53.9393 10
      vertex -28.1727 54.0648 10
    endloop
  endfacet
  facet normal 0 0 1
    outer loop
      vertex -30.1273 52.506 10
      vertex -28.1727 54.0648 10
      vertex -28.2701 54.202 10
    endloop
  endfacet
  facet normal 0 0 1
    outer loop
      vertex -27.4954 53.5842 10
      vertex -28.3211 51.2245 10
      vertex -27.8901 51.1003 10
    endloop
  endfacet
  facet normal 0 0 1
    outer loop
      vertex -30.3869 52.8719 10
      vertex -28.2701 54.202 10
      vertex -28.3515 54.3492 10
    endloop
  endfacet
  facet normal 0 0 1
    outer loop
      vertex -30.6039 53.2645 10
      vertex -28.3515 54.3492 10
      vertex -28.4158 54.5046 10
    endloop
  endfacet
  facet normal 0 0 1
    outer loop
      vertex -30.7755 53.6789 10
      vertex -28.4158 54.5046 10
      vertex -28.4624 54.6662 10
    endloop
  endfacet
  facet normal 0 0 1
    outer loop
      vertex -30.8997 54.1099 10
      vertex -28.4624 54.6662 10
      vertex -28.4906 54.8321 10
    endloop
  endfacet
  facet normal 0 0 1
    outer loop
      vertex -30.9787 54.6213 10
      vertex -28.4906 54.8321 10
      vertex -28.5 55 10
    endloop
  endfacet
  facet normal 0 0 1
    outer loop
      vertex -27.6508 53.6485 10
      vertex -28.7355 51.3961 10
      vertex -28.3211 51.2245 10
    endloop
  endfacet
  facet normal 0 0 1
    outer loop
      vertex 26.8321 -56.4906 10
      vertex 26.5521 -58.9748 10
      vertex 26.6213 -58.9787 10
    endloop
  endfacet
  facet normal 0 0 1
    outer loop
      vertex 26.1099 -58.8997 10
      vertex 26.6662 -56.4624 10
      vertex 26.5046 -56.4158 10
    endloop
  endfacet
  facet normal 0 0 1
    outer loop
      vertex 25.6789 -58.7755 10
      vertex 26.5046 -56.4158 10
      vertex 26.3492 -56.3515 10
    endloop
  endfacet
  facet normal 0 0 1
    outer loop
      vertex 25.2645 -58.6039 10
      vertex 26.3492 -56.3515 10
      vertex 26.202 -56.2701 10
    endloop
  endfacet
  facet normal 0 0 1
    outer loop
      vertex 26.6662 -56.4624 10
      vertex 26.1099 -58.8997 10
      vertex 26.5521 -58.9748 10
    endloop
  endfacet
  facet normal 0 0 1
    outer loop
      vertex 24.8719 -58.3869 10
      vertex 26.202 -56.2701 10
      vertex 26.0648 -56.1727 10
    endloop
  endfacet
  facet normal 0 0 1
    outer loop
      vertex 24.506 -58.1273 10
      vertex 26.0648 -56.1727 10
      vertex 25.9393 -56.0607 10
    endloop
  endfacet
  facet normal 0 0 1
    outer loop
      vertex 24.1716 -57.8284 10
      vertex 25.9393 -56.0607 10
      vertex 25.8273 -55.9352 10
    endloop
  endfacet
  facet normal 0 0 1
    outer loop
      vertex 23.8727 -57.494 10
      vertex 25.8273 -55.9352 10
      vertex 25.7299 -55.798 10
    endloop
  endfacet
  facet normal 0 0 1
    outer loop
      vertex 26.5046 -56.4158 10
      vertex 25.6789 -58.7755 10
      vertex 26.1099 -58.8997 10
    endloop
  endfacet
  facet normal 0 0 1
    outer loop
      vertex 23.6131 -57.1281 10
      vertex 25.7299 -55.798 10
      vertex 25.6485 -55.6508 10
    endloop
  endfacet
  facet normal 0 0 1
    outer loop
      vertex 23.3961 -56.7355 10
      vertex 25.6485 -55.6508 10
      vertex 25.5842 -55.4954 10
    endloop
  endfacet
  facet normal 0 0 1
    outer loop
      vertex 23.2245 -56.3211 10
      vertex 25.5842 -55.4954 10
      vertex 25.5376 -55.3338 10
    endloop
  endfacet
  facet normal 0 0 1
    outer loop
      vertex 23.1003 -55.8901 10
      vertex 25.5376 -55.3338 10
      vertex 25.5094 -55.1679 10
    endloop
  endfacet
  facet normal 0 0 1
    outer loop
      vertex 23.0252 -55.4479 10
      vertex 25.5094 -55.1679 10
      vertex 25.5 -55 10
    endloop
  endfacet
  facet normal 0 0 1
    outer loop
      vertex 25.7299 -54.202 10
      vertex 23.6131 -52.8719 10
      vertex 25.6485 -54.3492 10
    endloop
  endfacet
  facet normal 0 0 1
    outer loop
      vertex 26.3492 -56.3515 10
      vertex 25.2645 -58.6039 10
      vertex 25.6789 -58.7755 10
    endloop
  endfacet
  facet normal -0 0 1
    outer loop
      vertex 23.3961 -53.2645 10
      vertex 25.6485 -54.3492 10
      vertex 23.6131 -52.8719 10
    endloop
  endfacet
  facet normal 0 0 1
    outer loop
      vertex 26.202 -56.2701 10
      vertex 24.8719 -58.3869 10
      vertex 25.2645 -58.6039 10
    endloop
  endfacet
  facet normal 0 0 1
    outer loop
      vertex 25.6485 -54.3492 10
      vertex 23.3961 -53.2645 10
      vertex 25.5842 -54.5046 10
    endloop
  endfacet
  facet normal 0 0 1
    outer loop
      vertex 26.0648 -56.1727 10
      vertex 24.506 -58.1273 10
      vertex 24.8719 -58.3869 10
    endloop
  endfacet
  facet normal -0 0 1
    outer loop
      vertex 23.2245 -53.6789 10
      vertex 25.5842 -54.5046 10
      vertex 23.3961 -53.2645 10
    endloop
  endfacet
  facet normal 0 0 1
    outer loop
      vertex 25.9393 -56.0607 10
      vertex 24.1716 -57.8284 10
      vertex 24.506 -58.1273 10
    endloop
  endfacet
  facet normal 0 0 1
    outer loop
      vertex 25.5842 -54.5046 10
      vertex 23.2245 -53.6789 10
      vertex 25.5376 -54.6662 10
    endloop
  endfacet
  facet normal 0 0 1
    outer loop
      vertex 25.8273 -55.9352 10
      vertex 23.8727 -57.494 10
      vertex 24.1716 -57.8284 10
    endloop
  endfacet
  facet normal -0 0 1
    outer loop
      vertex 23.1003 -54.1099 10
      vertex 25.5376 -54.6662 10
      vertex 23.2245 -53.6789 10
    endloop
  endfacet
  facet normal 0 0 1
    outer loop
      vertex 25.7299 -55.798 10
      vertex 23.6131 -57.1281 10
      vertex 23.8727 -57.494 10
    endloop
  endfacet
  facet normal 0 0 1
    outer loop
      vertex 25.5376 -54.6662 10
      vertex 23.1003 -54.1099 10
      vertex 25.5094 -54.8321 10
    endloop
  endfacet
  facet normal 0 0 1
    outer loop
      vertex 25.6485 -55.6508 10
      vertex 23.3961 -56.7355 10
      vertex 23.6131 -57.1281 10
    endloop
  endfacet
  facet normal -0 0 1
    outer loop
      vertex 23.0252 -54.5521 10
      vertex 25.5094 -54.8321 10
      vertex 23.1003 -54.1099 10
    endloop
  endfacet
  facet normal 0 0 1
    outer loop
      vertex 25.5842 -55.4954 10
      vertex 23.2245 -56.3211 10
      vertex 23.3961 -56.7355 10
    endloop
  endfacet
  facet normal 0 0 1
    outer loop
      vertex 25.5094 -54.8321 10
      vertex 23.0252 -54.5521 10
      vertex 25.5 -55 10
    endloop
  endfacet
  facet normal 0 0 1
    outer loop
      vertex 25.5376 -55.3338 10
      vertex 23.1003 -55.8901 10
      vertex 23.2245 -56.3211 10
    endloop
  endfacet
  facet normal 0 0 1
    outer loop
      vertex 23 -55 10
      vertex 25.5 -55 10
      vertex 23.0252 -54.5521 10
    endloop
  endfacet
  facet normal 0 0 1
    outer loop
      vertex 25.5094 -55.1679 10
      vertex 23.0252 -55.4479 10
      vertex 23.1003 -55.8901 10
    endloop
  endfacet
  facet normal 0 0 1
    outer loop
      vertex 25.5 -55 10
      vertex 23 -55 10
      vertex 23.0252 -55.4479 10
    endloop
  endfacet
  facet normal 0 0 1
    outer loop
      vertex 30.9787 -54.6213 10
      vertex 28.4906 -54.8321 10
      vertex 28.5 -55 10
    endloop
  endfacet
  facet normal 0 0 1
    outer loop
      vertex 29.1281 -51.6131 10
      vertex 28.4624 -54.6662 10
      vertex 28.4906 -54.8321 10
    endloop
  endfacet
  facet normal 0 0 1
    outer loop
      vertex 29.1281 -51.6131 10
      vertex 28.4158 -54.5046 10
      vertex 28.4624 -54.6662 10
    endloop
  endfacet
  facet normal 0 0 1
    outer loop
      vertex 29.1281 -51.6131 10
      vertex 28.3515 -54.3492 10
      vertex 28.4158 -54.5046 10
    endloop
  endfacet
  facet normal 0 0 1
    outer loop
      vertex 27.6508 -53.6485 10
      vertex 28.7355 -51.3961 10
      vertex 28.3211 -51.2245 10
    endloop
  endfacet
  facet normal 0 0 1
    outer loop
      vertex 29.1281 -51.6131 10
      vertex 28.2701 -54.202 10
      vertex 28.3515 -54.3492 10
    endloop
  endfacet
  facet normal 0 0 1
    outer loop
      vertex 29.1281 -51.6131 10
      vertex 28.1727 -54.0648 10
      vertex 28.2701 -54.202 10
    endloop
  endfacet
  facet normal 0 0 1
    outer loop
      vertex 29.1281 -51.6131 10
      vertex 28.0607 -53.9393 10
      vertex 28.1727 -54.0648 10
    endloop
  endfacet
  facet normal 0 0 1
    outer loop
      vertex 29.1281 -51.6131 10
      vertex 27.9352 -53.8273 10
      vertex 28.0607 -53.9393 10
    endloop
  endfacet
  facet normal 0 0 1
    outer loop
      vertex 27.4954 -53.5842 10
      vertex 28.3211 -51.2245 10
      vertex 27.8901 -51.1003 10
    endloop
  endfacet
  facet normal 0 0 1
    outer loop
      vertex 29.1281 -51.6131 10
      vertex 27.798 -53.7299 10
      vertex 27.9352 -53.8273 10
    endloop
  endfacet
  facet normal 0 0 1
    outer loop
      vertex 28.7355 -51.3961 10
      vertex 27.6508 -53.6485 10
      vertex 27.798 -53.7299 10
    endloop
  endfacet
  facet normal 0 0 1
    outer loop
      vertex 28.3211 -51.2245 10
      vertex 27.4954 -53.5842 10
      vertex 27.6508 -53.6485 10
    endloop
  endfacet
  facet normal 0 0 1
    outer loop
      vertex 27.3338 -53.5376 10
      vertex 27.8901 -51.1003 10
      vertex 27.4479 -51.0252 10
    endloop
  endfacet
  facet normal 0 0 1
    outer loop
      vertex 27.8901 -51.1003 10
      vertex 27.3338 -53.5376 10
      vertex 27.4954 -53.5842 10
    endloop
  endfacet
  facet normal 0 0 1
    outer loop
      vertex 27.4479 -51.0252 10
      vertex 27.1679 -53.5094 10
      vertex 27.3338 -53.5376 10
    endloop
  endfacet
  facet normal 0 0 1
    outer loop
      vertex 27 -51 10
      vertex 27.1679 -53.5094 10
      vertex 27.4479 -51.0252 10
    endloop
  endfacet
  facet normal 0 0 1
    outer loop
      vertex 27 -51 10
      vertex 27 -53.5 10
      vertex 27.1679 -53.5094 10
    endloop
  endfacet
  facet normal 0 0 1
    outer loop
      vertex 27 -51 10
      vertex 26.8321 -53.5094 10
      vertex 27 -53.5 10
    endloop
  endfacet
  facet normal -0 0 1
    outer loop
      vertex 26.5521 -51.0252 10
      vertex 26.8321 -53.5094 10
      vertex 27 -51 10
    endloop
  endfacet
  facet normal 0 0 1
    outer loop
      vertex 26.8321 -53.5094 10
      vertex 26.5521 -51.0252 10
      vertex 26.6662 -53.5376 10
    endloop
  endfacet
  facet normal -0 0 1
    outer loop
      vertex 26.1099 -51.1003 10
      vertex 26.6662 -53.5376 10
      vertex 26.5521 -51.0252 10
    endloop
  endfacet
  facet normal 0 0 1
    outer loop
      vertex 26.6662 -53.5376 10
      vertex 26.1099 -51.1003 10
      vertex 26.5046 -53.5842 10
    endloop
  endfacet
  facet normal -0 0 1
    outer loop
      vertex 25.6789 -51.2245 10
      vertex 26.5046 -53.5842 10
      vertex 26.1099 -51.1003 10
    endloop
  endfacet
  facet normal 0 0 1
    outer loop
      vertex 26.5046 -53.5842 10
      vertex 25.6789 -51.2245 10
      vertex 26.3492 -53.6485 10
    endloop
  endfacet
  facet normal -0 0 1
    outer loop
      vertex 25.2645 -51.3961 10
      vertex 26.3492 -53.6485 10
      vertex 25.6789 -51.2245 10
    endloop
  endfacet
  facet normal 0 0 1
    outer loop
      vertex 26.3492 -53.6485 10
      vertex 25.2645 -51.3961 10
      vertex 26.202 -53.7299 10
    endloop
  endfacet
  facet normal -0 0 1
    outer loop
      vertex 24.8719 -51.6131 10
      vertex 26.202 -53.7299 10
      vertex 25.2645 -51.3961 10
    endloop
  endfacet
  facet normal 0 0 1
    outer loop
      vertex 26.202 -53.7299 10
      vertex 24.8719 -51.6131 10
      vertex 26.0648 -53.8273 10
    endloop
  endfacet
  facet normal -0 0 1
    outer loop
      vertex 24.506 -51.8727 10
      vertex 26.0648 -53.8273 10
      vertex 24.8719 -51.6131 10
    endloop
  endfacet
  facet normal 0 0 1
    outer loop
      vertex 26.0648 -53.8273 10
      vertex 24.506 -51.8727 10
      vertex 25.9393 -53.9393 10
    endloop
  endfacet
  facet normal -0 0 1
    outer loop
      vertex 24.1716 -52.1716 10
      vertex 25.9393 -53.9393 10
      vertex 24.506 -51.8727 10
    endloop
  endfacet
  facet normal 0 0 1
    outer loop
      vertex 25.9393 -53.9393 10
      vertex 24.1716 -52.1716 10
      vertex 25.8273 -54.0648 10
    endloop
  endfacet
  facet normal -0 0 1
    outer loop
      vertex 23.8727 -52.506 10
      vertex 25.8273 -54.0648 10
      vertex 24.1716 -52.1716 10
    endloop
  endfacet
  facet normal 0 0 1
    outer loop
      vertex 25.8273 -54.0648 10
      vertex 23.8727 -52.506 10
      vertex 25.7299 -54.202 10
    endloop
  endfacet
  facet normal -0 0 1
    outer loop
      vertex 23.6131 -52.8719 10
      vertex 25.7299 -54.202 10
      vertex 23.8727 -52.506 10
    endloop
  endfacet
  facet normal 0 0 1
    outer loop
      vertex 35 53 10
      vertex 32.6 53 10
      vertex 35 -53 10
    endloop
  endfacet
  facet normal 0 0 1
    outer loop
      vertex 35 53 10
      vertex 30.9787 54.6213 10
      vertex 32.6 53 10
    endloop
  endfacet
  facet normal 0 0 1
    outer loop
      vertex 28.4906 54.8321 10
      vertex 30.9748 54.5521 10
      vertex 30.9787 54.6213 10
    endloop
  endfacet
  facet normal 0 0 1
    outer loop
      vertex 30.9748 54.5521 10
      vertex 28.4906 54.8321 10
      vertex 30.8997 54.1099 10
    endloop
  endfacet
  facet normal 0 0 1
    outer loop
      vertex 30.8997 54.1099 10
      vertex 28.4624 54.6662 10
      vertex 30.7755 53.6789 10
    endloop
  endfacet
  facet normal -0 0 1
    outer loop
      vertex 28.4158 54.5046 10
      vertex 30.7755 53.6789 10
      vertex 28.4624 54.6662 10
    endloop
  endfacet
  facet normal -0 0 1
    outer loop
      vertex 28.3515 54.3492 10
      vertex 30.6039 53.2645 10
      vertex 28.4158 54.5046 10
    endloop
  endfacet
  facet normal 0 0 1
    outer loop
      vertex 30.6039 53.2645 10
      vertex 28.3515 54.3492 10
      vertex 30.3869 52.8719 10
    endloop
  endfacet
  facet normal 0 0 1
    outer loop
      vertex 30.3869 52.8719 10
      vertex 28.2701 54.202 10
      vertex 30.1273 52.506 10
    endloop
  endfacet
  facet normal -0 0 1
    outer loop
      vertex 28.1727 54.0648 10
      vertex 30.1273 52.506 10
      vertex 28.2701 54.202 10
    endloop
  endfacet
  facet normal -0 0 1
    outer loop
      vertex 28.0607 53.9393 10
      vertex 29.8284 52.1716 10
      vertex 28.1727 54.0648 10
    endloop
  endfacet
  facet normal -0 0 1
    outer loop
      vertex 28.4906 54.8321 10
      vertex 30.9787 54.6213 10
      vertex 28.5 55 10
    endloop
  endfacet
  facet normal 0 0 1
    outer loop
      vertex 30.9787 54.6213 10
      vertex 28.4906 55.1679 10
      vertex 28.5 55 10
    endloop
  endfacet
  facet normal 0 0 1
    outer loop
      vertex 30.9787 54.6213 10
      vertex 28.4624 55.3338 10
      vertex 28.4906 55.1679 10
    endloop
  endfacet
  facet normal 0 0 1
    outer loop
      vertex 30.9787 54.6213 10
      vertex 28.4158 55.4954 10
      vertex 28.4624 55.3338 10
    endloop
  endfacet
  facet normal 0 0 1
    outer loop
      vertex 30.9787 54.6213 10
      vertex 28.3515 55.6508 10
      vertex 28.4158 55.4954 10
    endloop
  endfacet
  facet normal 0 0 1
    outer loop
      vertex 30.9787 54.6213 10
      vertex 28.2701 55.798 10
      vertex 28.3515 55.6508 10
    endloop
  endfacet
  facet normal 0 0 1
    outer loop
      vertex 26.6213 58.9787 10
      vertex 30.9787 54.6213 10
      vertex 35 53 10
    endloop
  endfacet
  facet normal 0 0 1
    outer loop
      vertex 30.9787 54.6213 10
      vertex 28.1727 55.9352 10
      vertex 28.2701 55.798 10
    endloop
  endfacet
  facet normal -0 -0 1
    outer loop
      vertex 28.0607 56.0607 10
      vertex 30.9787 54.6213 10
      vertex 26.6213 58.9787 10
    endloop
  endfacet
  facet normal 0 0 1
    outer loop
      vertex 30.9787 54.6213 10
      vertex 28.0607 56.0607 10
      vertex 28.1727 55.9352 10
    endloop
  endfacet
  facet normal 0 0 1
    outer loop
      vertex 28.0607 56.0607 10
      vertex 26.6213 58.9787 10
      vertex 27.9352 56.1727 10
    endloop
  endfacet
  facet normal 0 0 1
    outer loop
      vertex 27.9352 56.1727 10
      vertex 26.6213 58.9787 10
      vertex 27.798 56.2701 10
    endloop
  endfacet
  facet normal -0 0 1
    outer loop
      vertex 26.5521 58.9748 10
      vertex 26.8321 56.4906 10
      vertex 26.6213 58.9787 10
    endloop
  endfacet
  facet normal 0 0 1
    outer loop
      vertex 27 56.5 10
      vertex 26.6213 58.9787 10
      vertex 26.8321 56.4906 10
    endloop
  endfacet
  facet normal 0 0 1
    outer loop
      vertex 27.1679 56.4906 10
      vertex 26.6213 58.9787 10
      vertex 27 56.5 10
    endloop
  endfacet
  facet normal 0 0 1
    outer loop
      vertex 27.3338 56.4624 10
      vertex 26.6213 58.9787 10
      vertex 27.1679 56.4906 10
    endloop
  endfacet
  facet normal 0 0 1
    outer loop
      vertex 27.4954 56.4158 10
      vertex 26.6213 58.9787 10
      vertex 27.3338 56.4624 10
    endloop
  endfacet
  facet normal 0 0 1
    outer loop
      vertex 27.6508 56.3515 10
      vertex 26.6213 58.9787 10
      vertex 27.4954 56.4158 10
    endloop
  endfacet
  facet normal 0 0 1
    outer loop
      vertex 27.798 56.2701 10
      vertex 26.6213 58.9787 10
      vertex 27.6508 56.3515 10
    endloop
  endfacet
  facet normal 0 0 1
    outer loop
      vertex 25 63 10
      vertex 26.6213 58.9787 10
      vertex 35 53 10
    endloop
  endfacet
  facet normal 0 0 1
    outer loop
      vertex 25 63 10
      vertex 25 60.6 10
      vertex 26.6213 58.9787 10
    endloop
  endfacet
  facet normal -0 0 1
    outer loop
      vertex -25 63 10
      vertex 25 60.6 10
      vertex 25 63 10
    endloop
  endfacet
  facet normal 0 0 1
    outer loop
      vertex -25 63 10
      vertex -25 60.6 10
      vertex 25 60.6 10
    endloop
  endfacet
  facet normal 0 0 1
    outer loop
      vertex -25 63 10
      vertex -26.6213 58.9787 10
      vertex -25 60.6 10
    endloop
  endfacet
  facet normal 0 0 1
    outer loop
      vertex -26.5521 58.9748 10
      vertex -26.8321 56.4906 10
      vertex -26.6662 56.4624 10
    endloop
  endfacet
  facet normal 0 0 1
    outer loop
      vertex -26.6213 58.9787 10
      vertex -27 56.5 10
      vertex -26.8321 56.4906 10
    endloop
  endfacet
  facet normal 0 0 1
    outer loop
      vertex -26.6213 58.9787 10
      vertex -27.1679 56.4906 10
      vertex -27 56.5 10
    endloop
  endfacet
  facet normal 0 0 1
    outer loop
      vertex -26.6213 58.9787 10
      vertex -27.3338 56.4624 10
      vertex -27.1679 56.4906 10
    endloop
  endfacet
  facet normal 0 0 1
    outer loop
      vertex -26.6213 58.9787 10
      vertex -27.4954 56.4158 10
      vertex -27.3338 56.4624 10
    endloop
  endfacet
  facet normal 0 0 1
    outer loop
      vertex -26.6213 58.9787 10
      vertex -27.6508 56.3515 10
      vertex -27.4954 56.4158 10
    endloop
  endfacet
  facet normal 0 0 1
    outer loop
      vertex -26.6213 58.9787 10
      vertex -27.798 56.2701 10
      vertex -27.6508 56.3515 10
    endloop
  endfacet
  facet normal 0 0 1
    outer loop
      vertex -30.9787 54.6213 10
      vertex -26.6213 58.9787 10
      vertex -25 63 10
    endloop
  endfacet
  facet normal 0 0 1
    outer loop
      vertex -26.6213 58.9787 10
      vertex -27.9352 56.1727 10
      vertex -27.798 56.2701 10
    endloop
  endfacet
  facet normal 0 -0 1
    outer loop
      vertex -28.0607 56.0607 10
      vertex -26.6213 58.9787 10
      vertex -30.9787 54.6213 10
    endloop
  endfacet
  facet normal 0 0 1
    outer loop
      vertex -26.6213 58.9787 10
      vertex -28.0607 56.0607 10
      vertex -27.9352 56.1727 10
    endloop
  endfacet
  facet normal 0 0 1
    outer loop
      vertex -28.0607 56.0607 10
      vertex -30.9787 54.6213 10
      vertex -28.1727 55.9352 10
    endloop
  endfacet
  facet normal 0 0 1
    outer loop
      vertex -28.1727 55.9352 10
      vertex -30.9787 54.6213 10
      vertex -28.2701 55.798 10
    endloop
  endfacet
  facet normal 0 0 1
    outer loop
      vertex -30.9787 54.6213 10
      vertex -28.5 55 10
      vertex -28.4906 55.1679 10
    endloop
  endfacet
  facet normal 0 0 1
    outer loop
      vertex -27.798 53.7299 10
      vertex -29.1281 51.6131 10
      vertex -28.7355 51.3961 10
    endloop
  endfacet
  facet normal 0 0 1
    outer loop
      vertex -30.9787 54.6213 10
      vertex -28.4906 55.1679 10
      vertex -28.4624 55.3338 10
    endloop
  endfacet
  facet normal 0 0 1
    outer loop
      vertex -27.9352 53.8273 10
      vertex -29.494 51.8727 10
      vertex -29.1281 51.6131 10
    endloop
  endfacet
  facet normal 0 0 1
    outer loop
      vertex -30.9787 54.6213 10
      vertex -28.4624 55.3338 10
      vertex -28.4158 55.4954 10
    endloop
  endfacet
  facet normal 0 0 1
    outer loop
      vertex -28.0607 53.9393 10
      vertex -29.8284 52.1716 10
      vertex -29.494 51.8727 10
    endloop
  endfacet
  facet normal 0 0 1
    outer loop
      vertex -30.9787 54.6213 10
      vertex -28.4158 55.4954 10
      vertex -28.3515 55.6508 10
    endloop
  endfacet
  facet normal 0 0 1
    outer loop
      vertex -28.1727 54.0648 10
      vertex -30.1273 52.506 10
      vertex -29.8284 52.1716 10
    endloop
  endfacet
  facet normal 0 0 1
    outer loop
      vertex -28.2701 55.798 10
      vertex -30.9787 54.6213 10
      vertex -28.3515 55.6508 10
    endloop
  endfacet
  facet normal 0 0 1
    outer loop
      vertex -28.4906 54.8321 10
      vertex -30.9787 54.6213 10
      vertex -30.9748 54.5521 10
    endloop
  endfacet
  facet normal 0 0 1
    outer loop
      vertex -28.2701 54.202 10
      vertex -30.3869 52.8719 10
      vertex -30.1273 52.506 10
    endloop
  endfacet
  facet normal 0 0 1
    outer loop
      vertex -28.3515 54.3492 10
      vertex -30.6039 53.2645 10
      vertex -30.3869 52.8719 10
    endloop
  endfacet
  facet normal 0 0 1
    outer loop
      vertex -28.4158 54.5046 10
      vertex -30.7755 53.6789 10
      vertex -30.6039 53.2645 10
    endloop
  endfacet
  facet normal 0 0 1
    outer loop
      vertex -28.4624 54.6662 10
      vertex -30.8997 54.1099 10
      vertex -30.7755 53.6789 10
    endloop
  endfacet
  facet normal 0 0 1
    outer loop
      vertex -28.4906 54.8321 10
      vertex -30.9748 54.5521 10
      vertex -30.8997 54.1099 10
    endloop
  endfacet
  facet normal 0 0 1
    outer loop
      vertex -35 53 10
      vertex -30.9787 54.6213 10
      vertex -25 63 10
    endloop
  endfacet
  facet normal 0 0 1
    outer loop
      vertex -32.6 53 10
      vertex -35 53 10
      vertex -32.6 -53 10
    endloop
  endfacet
  facet normal 0 0 1
    outer loop
      vertex -30.9787 54.6213 10
      vertex -35 53 10
      vertex -32.6 53 10
    endloop
  endfacet
  facet normal 0 0 1
    outer loop
      vertex 32.6 -53 10
      vertex 35 -53 10
      vertex 32.6 53 10
    endloop
  endfacet
  facet normal 0 0 1
    outer loop
      vertex 30.9787 -54.6213 10
      vertex 35 -53 10
      vertex 32.6 -53 10
    endloop
  endfacet
  facet normal 0 0 1
    outer loop
      vertex 28.4906 -54.8321 10
      vertex 30.9748 -54.5521 10
      vertex 30.8997 -54.1099 10
    endloop
  endfacet
  facet normal 0 0 1
    outer loop
      vertex 28.4906 -54.8321 10
      vertex 30.8997 -54.1099 10
      vertex 30.7755 -53.6789 10
    endloop
  endfacet
  facet normal 0 0 1
    outer loop
      vertex 28.4906 -54.8321 10
      vertex 30.7755 -53.6789 10
      vertex 30.6039 -53.2645 10
    endloop
  endfacet
  facet normal 0 0 1
    outer loop
      vertex 28.4906 -54.8321 10
      vertex 30.6039 -53.2645 10
      vertex 30.3869 -52.8719 10
    endloop
  endfacet
  facet normal 0 0 1
    outer loop
      vertex 28.4906 -54.8321 10
      vertex 30.3869 -52.8719 10
      vertex 30.1273 -52.506 10
    endloop
  endfacet
  facet normal 0 0 1
    outer loop
      vertex 28.4906 -54.8321 10
      vertex 30.1273 -52.506 10
      vertex 29.8284 -52.1716 10
    endloop
  endfacet
  facet normal 0 0 1
    outer loop
      vertex 28.4906 -54.8321 10
      vertex 29.8284 -52.1716 10
      vertex 29.494 -51.8727 10
    endloop
  endfacet
  facet normal 0 0 1
    outer loop
      vertex 28.4906 -54.8321 10
      vertex 29.494 -51.8727 10
      vertex 29.1281 -51.6131 10
    endloop
  endfacet
  facet normal 0 0 1
    outer loop
      vertex 27.798 -53.7299 10
      vertex 29.1281 -51.6131 10
      vertex 28.7355 -51.3961 10
    endloop
  endfacet
  facet normal 0 0 1
    outer loop
      vertex 28.4906 -54.8321 10
      vertex 30.9787 -54.6213 10
      vertex 30.9748 -54.5521 10
    endloop
  endfacet
  facet normal 0 0 1
    outer loop
      vertex 28.4906 -55.1679 10
      vertex 30.9787 -54.6213 10
      vertex 28.5 -55 10
    endloop
  endfacet
  facet normal 0 0 1
    outer loop
      vertex 28.4624 -55.3338 10
      vertex 30.9787 -54.6213 10
      vertex 28.4906 -55.1679 10
    endloop
  endfacet
  facet normal 0 0 1
    outer loop
      vertex 28.4158 -55.4954 10
      vertex 30.9787 -54.6213 10
      vertex 28.4624 -55.3338 10
    endloop
  endfacet
  facet normal 0 0 1
    outer loop
      vertex 28.3515 -55.6508 10
      vertex 30.9787 -54.6213 10
      vertex 28.4158 -55.4954 10
    endloop
  endfacet
  facet normal 0 0 1
    outer loop
      vertex 28.2701 -55.798 10
      vertex 30.9787 -54.6213 10
      vertex 28.3515 -55.6508 10
    endloop
  endfacet
  facet normal 0 0 1
    outer loop
      vertex 28.1727 -55.9352 10
      vertex 30.9787 -54.6213 10
      vertex 28.2701 -55.798 10
    endloop
  endfacet
  facet normal 0 0 1
    outer loop
      vertex 28.0607 -56.0607 10
      vertex 30.9787 -54.6213 10
      vertex 28.1727 -55.9352 10
    endloop
  endfacet
  facet normal 0 0 1
    outer loop
      vertex 30.9787 -54.6213 10
      vertex 28.0607 -56.0607 10
      vertex 26.6213 -58.9787 10
    endloop
  endfacet
  facet normal 0 0 1
    outer loop
      vertex 26.6213 -58.9787 10
      vertex 28.0607 -56.0607 10
      vertex 27.9352 -56.1727 10
    endloop
  endfacet
  facet normal 0 0 1
    outer loop
      vertex 26.6213 -58.9787 10
      vertex 27.9352 -56.1727 10
      vertex 27.798 -56.2701 10
    endloop
  endfacet
  facet normal 0 0 1
    outer loop
      vertex 26.6213 -58.9787 10
      vertex 27.798 -56.2701 10
      vertex 27.6508 -56.3515 10
    endloop
  endfacet
  facet normal 0 0 1
    outer loop
      vertex 26.5521 -58.9748 10
      vertex 26.8321 -56.4906 10
      vertex 26.6662 -56.4624 10
    endloop
  endfacet
  facet normal 0 0 1
    outer loop
      vertex 26.6213 -58.9787 10
      vertex 27 -56.5 10
      vertex 26.8321 -56.4906 10
    endloop
  endfacet
  facet normal 0 0 1
    outer loop
      vertex 26.6213 -58.9787 10
      vertex 27.1679 -56.4906 10
      vertex 27 -56.5 10
    endloop
  endfacet
  facet normal 0 0 1
    outer loop
      vertex 26.6213 -58.9787 10
      vertex 27.3338 -56.4624 10
      vertex 27.1679 -56.4906 10
    endloop
  endfacet
  facet normal 0 0 1
    outer loop
      vertex 26.6213 -58.9787 10
      vertex 27.4954 -56.4158 10
      vertex 27.3338 -56.4624 10
    endloop
  endfacet
  facet normal 0 0 1
    outer loop
      vertex 26.6213 -58.9787 10
      vertex 27.6508 -56.3515 10
      vertex 27.4954 -56.4158 10
    endloop
  endfacet
  facet normal -0 0 1
    outer loop
      vertex 30.9787 -54.6213 10
      vertex 26.6213 -58.9787 10
      vertex 35 -53 10
    endloop
  endfacet
  facet normal 0 0 1
    outer loop
      vertex 25 -63 10
      vertex 26.6213 -58.9787 10
      vertex 25 -60.6 10
    endloop
  endfacet
  facet normal -0 0 1
    outer loop
      vertex 26.6213 -58.9787 10
      vertex 25 -63 10
      vertex 35 -53 10
    endloop
  endfacet
  facet normal -0 0 1
    outer loop
      vertex -25 -60.6 10
      vertex 25 -63 10
      vertex 25 -60.6 10
    endloop
  endfacet
  facet normal 0 0 1
    outer loop
      vertex -25 -60.6 10
      vertex -25 -63 10
      vertex 25 -63 10
    endloop
  endfacet
  facet normal 0 0 1
    outer loop
      vertex -26.6213 -58.9787 10
      vertex -25 -63 10
      vertex -25 -60.6 10
    endloop
  endfacet
  facet normal 0 0 1
    outer loop
      vertex -26.5521 -58.9748 10
      vertex -26.8321 -56.4906 10
      vertex -26.6213 -58.9787 10
    endloop
  endfacet
  facet normal -0 0 1
    outer loop
      vertex -27 -56.5 10
      vertex -26.6213 -58.9787 10
      vertex -26.8321 -56.4906 10
    endloop
  endfacet
  facet normal 0 0 1
    outer loop
      vertex -27.1679 -56.4906 10
      vertex -26.6213 -58.9787 10
      vertex -27 -56.5 10
    endloop
  endfacet
  facet normal 0 0 1
    outer loop
      vertex -27.3338 -56.4624 10
      vertex -26.6213 -58.9787 10
      vertex -27.1679 -56.4906 10
    endloop
  endfacet
  facet normal 0 0 1
    outer loop
      vertex -27.4954 -56.4158 10
      vertex -26.6213 -58.9787 10
      vertex -27.3338 -56.4624 10
    endloop
  endfacet
  facet normal 0 0 1
    outer loop
      vertex -27.6508 -56.3515 10
      vertex -26.6213 -58.9787 10
      vertex -27.4954 -56.4158 10
    endloop
  endfacet
  facet normal 0 0 1
    outer loop
      vertex -27.798 -56.2701 10
      vertex -26.6213 -58.9787 10
      vertex -27.6508 -56.3515 10
    endloop
  endfacet
  facet normal 0 0 1
    outer loop
      vertex -27.9352 -56.1727 10
      vertex -26.6213 -58.9787 10
      vertex -27.798 -56.2701 10
    endloop
  endfacet
  facet normal 0 0 1
    outer loop
      vertex -28.0607 -56.0607 10
      vertex -26.6213 -58.9787 10
      vertex -27.9352 -56.1727 10
    endloop
  endfacet
  facet normal 0 0 1
    outer loop
      vertex -26.6213 -58.9787 10
      vertex -28.0607 -56.0607 10
      vertex -30.9787 -54.6213 10
    endloop
  endfacet
  facet normal 0 0 1
    outer loop
      vertex -30.9787 -54.6213 10
      vertex -28.0607 -56.0607 10
      vertex -28.1727 -55.9352 10
    endloop
  endfacet
  facet normal 0 0 1
    outer loop
      vertex -30.9787 -54.6213 10
      vertex -28.1727 -55.9352 10
      vertex -28.2701 -55.798 10
    endloop
  endfacet
  facet normal 0 0 1
    outer loop
      vertex -30.9787 -54.6213 10
      vertex -28.2701 -55.798 10
      vertex -28.3515 -55.6508 10
    endloop
  endfacet
  facet normal 0 0 1
    outer loop
      vertex -28.2701 -54.202 10
      vertex -30.3869 -52.8719 10
      vertex -28.3515 -54.3492 10
    endloop
  endfacet
  facet normal -0 0 1
    outer loop
      vertex -30.6039 -53.2645 10
      vertex -28.3515 -54.3492 10
      vertex -30.3869 -52.8719 10
    endloop
  endfacet
  facet normal 0 0 1
    outer loop
      vertex -28.3515 -54.3492 10
      vertex -30.6039 -53.2645 10
      vertex -28.4158 -54.5046 10
    endloop
  endfacet
  facet normal -0 0 1
    outer loop
      vertex -30.7755 -53.6789 10
      vertex -28.4158 -54.5046 10
      vertex -30.6039 -53.2645 10
    endloop
  endfacet
  facet normal 0 0 1
    outer loop
      vertex -28.4158 -54.5046 10
      vertex -30.7755 -53.6789 10
      vertex -28.4624 -54.6662 10
    endloop
  endfacet
  facet normal -0 0 1
    outer loop
      vertex -30.8997 -54.1099 10
      vertex -28.4624 -54.6662 10
      vertex -30.7755 -53.6789 10
    endloop
  endfacet
  facet normal 0 0 1
    outer loop
      vertex -28.4624 -54.6662 10
      vertex -30.8997 -54.1099 10
      vertex -28.4906 -54.8321 10
    endloop
  endfacet
  facet normal -0 0 1
    outer loop
      vertex -30.9748 -54.5521 10
      vertex -28.4906 -54.8321 10
      vertex -30.8997 -54.1099 10
    endloop
  endfacet
  facet normal -0 0 1
    outer loop
      vertex -30.9787 -54.6213 10
      vertex -28.4906 -54.8321 10
      vertex -30.9748 -54.5521 10
    endloop
  endfacet
  facet normal 0 0 1
    outer loop
      vertex -28.4906 -54.8321 10
      vertex -30.9787 -54.6213 10
      vertex -28.5 -55 10
    endloop
  endfacet
  facet normal 0 0 1
    outer loop
      vertex -28.5 -55 10
      vertex -30.9787 -54.6213 10
      vertex -28.4906 -55.1679 10
    endloop
  endfacet
  facet normal 0 0 1
    outer loop
      vertex -28.4906 -55.1679 10
      vertex -30.9787 -54.6213 10
      vertex -28.4624 -55.3338 10
    endloop
  endfacet
  facet normal 0 0 1
    outer loop
      vertex -28.4624 -55.3338 10
      vertex -30.9787 -54.6213 10
      vertex -28.4158 -55.4954 10
    endloop
  endfacet
  facet normal 0 0 1
    outer loop
      vertex -28.4158 -55.4954 10
      vertex -30.9787 -54.6213 10
      vertex -28.3515 -55.6508 10
    endloop
  endfacet
  facet normal 0 0 1
    outer loop
      vertex -26.6213 -58.9787 10
      vertex -30.9787 -54.6213 10
      vertex -25 -63 10
    endloop
  endfacet
  facet normal -0 0 1
    outer loop
      vertex -35 -53 10
      vertex -30.9787 -54.6213 10
      vertex -32.6 -53 10
    endloop
  endfacet
  facet normal 0 0 1
    outer loop
      vertex -30.9787 -54.6213 10
      vertex -35 -53 10
      vertex -25 -63 10
    endloop
  endfacet
  facet normal 0 0 1
    outer loop
      vertex -35 -53 10
      vertex -32.6 -53 10
      vertex -35 53 10
    endloop
  endfacet
  facet normal 0 0 1
    outer loop
      vertex 30.8997 54.1099 10
      vertex 28.4906 54.8321 10
      vertex 28.4624 54.6662 10
    endloop
  endfacet
  facet normal 0 0 1
    outer loop
      vertex 30.7755 53.6789 10
      vertex 28.4158 54.5046 10
      vertex 30.6039 53.2645 10
    endloop
  endfacet
  facet normal -0 0 1
    outer loop
      vertex 28.2701 54.202 10
      vertex 30.3869 52.8719 10
      vertex 28.3515 54.3492 10
    endloop
  endfacet
  facet normal 0 0 1
    outer loop
      vertex 30.1273 52.506 10
      vertex 28.1727 54.0648 10
      vertex 29.8284 52.1716 10
    endloop
  endfacet
  facet normal 0 0 1
    outer loop
      vertex 29.8284 52.1716 10
      vertex 28.0607 53.9393 10
      vertex 29.494 51.8727 10
    endloop
  endfacet
  facet normal -0 0 1
    outer loop
      vertex 27.9352 53.8273 10
      vertex 29.494 51.8727 10
      vertex 28.0607 53.9393 10
    endloop
  endfacet
  facet normal 0 0 1
    outer loop
      vertex 29.494 51.8727 10
      vertex 27.9352 53.8273 10
      vertex 29.1281 51.6131 10
    endloop
  endfacet
  facet normal -0 0 1
    outer loop
      vertex 27.798 53.7299 10
      vertex 29.1281 51.6131 10
      vertex 27.9352 53.8273 10
    endloop
  endfacet
  facet normal 0 0 1
    outer loop
      vertex 29.1281 51.6131 10
      vertex 27.798 53.7299 10
      vertex 28.7355 51.3961 10
    endloop
  endfacet
  facet normal -0 0 1
    outer loop
      vertex 27.6508 53.6485 10
      vertex 28.7355 51.3961 10
      vertex 27.798 53.7299 10
    endloop
  endfacet
  facet normal 0 0 1
    outer loop
      vertex 28.7355 51.3961 10
      vertex 27.6508 53.6485 10
      vertex 28.3211 51.2245 10
    endloop
  endfacet
  facet normal -0 0 1
    outer loop
      vertex 27.4954 53.5842 10
      vertex 28.3211 51.2245 10
      vertex 27.6508 53.6485 10
    endloop
  endfacet
  facet normal 0 0 1
    outer loop
      vertex 28.3211 51.2245 10
      vertex 27.4954 53.5842 10
      vertex 27.8901 51.1003 10
    endloop
  endfacet
  facet normal -0 0 1
    outer loop
      vertex 27.3338 53.5376 10
      vertex 27.8901 51.1003 10
      vertex 27.4954 53.5842 10
    endloop
  endfacet
  facet normal 0 0 1
    outer loop
      vertex 27.8901 51.1003 10
      vertex 27.3338 53.5376 10
      vertex 27.4479 51.0252 10
    endloop
  endfacet
  facet normal -0 0 1
    outer loop
      vertex 27.1679 53.5094 10
      vertex 27.4479 51.0252 10
      vertex 27.3338 53.5376 10
    endloop
  endfacet
  facet normal -0 0 1
    outer loop
      vertex 27 53.5 10
      vertex 27.4479 51.0252 10
      vertex 27.1679 53.5094 10
    endloop
  endfacet
  facet normal 0 0 1
    outer loop
      vertex 27 53.5 10
      vertex 27 51 10
      vertex 27.4479 51.0252 10
    endloop
  endfacet
  facet normal 0 0 1
    outer loop
      vertex 26.8321 53.5094 10
      vertex 27 51 10
      vertex 27 53.5 10
    endloop
  endfacet
  facet normal 0 0 1
    outer loop
      vertex 26.5521 51.0252 10
      vertex 26.8321 53.5094 10
      vertex 26.6662 53.5376 10
    endloop
  endfacet
  facet normal 0 0 1
    outer loop
      vertex 26.8321 53.5094 10
      vertex 26.5521 51.0252 10
      vertex 27 51 10
    endloop
  endfacet
  facet normal 0 0 1
    outer loop
      vertex 26.1099 51.1003 10
      vertex 26.6662 53.5376 10
      vertex 26.5046 53.5842 10
    endloop
  endfacet
  facet normal 0 0 1
    outer loop
      vertex 25.6789 51.2245 10
      vertex 26.5046 53.5842 10
      vertex 26.3492 53.6485 10
    endloop
  endfacet
  facet normal 0 0 1
    outer loop
      vertex 25.2645 51.3961 10
      vertex 26.3492 53.6485 10
      vertex 26.202 53.7299 10
    endloop
  endfacet
  facet normal 0 0 1
    outer loop
      vertex 26.6662 53.5376 10
      vertex 26.1099 51.1003 10
      vertex 26.5521 51.0252 10
    endloop
  endfacet
  facet normal 0 0 1
    outer loop
      vertex 24.8719 51.6131 10
      vertex 26.202 53.7299 10
      vertex 26.0648 53.8273 10
    endloop
  endfacet
  facet normal 0 0 1
    outer loop
      vertex 24.506 51.8727 10
      vertex 26.0648 53.8273 10
      vertex 25.9393 53.9393 10
    endloop
  endfacet
  facet normal 0 0 1
    outer loop
      vertex 24.1716 52.1716 10
      vertex 25.9393 53.9393 10
      vertex 25.8273 54.0648 10
    endloop
  endfacet
  facet normal 0 0 1
    outer loop
      vertex 23.8727 52.506 10
      vertex 25.8273 54.0648 10
      vertex 25.7299 54.202 10
    endloop
  endfacet
  facet normal 0 0 1
    outer loop
      vertex 26.5046 53.5842 10
      vertex 25.6789 51.2245 10
      vertex 26.1099 51.1003 10
    endloop
  endfacet
  facet normal 0 0 1
    outer loop
      vertex 23.6131 52.8719 10
      vertex 25.7299 54.202 10
      vertex 25.6485 54.3492 10
    endloop
  endfacet
  facet normal 0 0 1
    outer loop
      vertex 23.3961 53.2645 10
      vertex 25.6485 54.3492 10
      vertex 25.5842 54.5046 10
    endloop
  endfacet
  facet normal 0 0 1
    outer loop
      vertex 23.2245 53.6789 10
      vertex 25.5842 54.5046 10
      vertex 25.5376 54.6662 10
    endloop
  endfacet
  facet normal 0 0 1
    outer loop
      vertex 23.1003 54.1099 10
      vertex 25.5376 54.6662 10
      vertex 25.5094 54.8321 10
    endloop
  endfacet
  facet normal 0 0 1
    outer loop
      vertex 23.0252 54.5521 10
      vertex 25.5094 54.8321 10
      vertex 25.5 55 10
    endloop
  endfacet
  facet normal 0 0 1
    outer loop
      vertex 25.7299 55.798 10
      vertex 23.6131 57.1281 10
      vertex 25.6485 55.6508 10
    endloop
  endfacet
  facet normal 0 0 1
    outer loop
      vertex 26.3492 53.6485 10
      vertex 25.2645 51.3961 10
      vertex 25.6789 51.2245 10
    endloop
  endfacet
  facet normal -0 0 1
    outer loop
      vertex 23.3961 56.7355 10
      vertex 25.6485 55.6508 10
      vertex 23.6131 57.1281 10
    endloop
  endfacet
  facet normal 0 0 1
    outer loop
      vertex 26.202 53.7299 10
      vertex 24.8719 51.6131 10
      vertex 25.2645 51.3961 10
    endloop
  endfacet
  facet normal 0 0 1
    outer loop
      vertex 25.6485 55.6508 10
      vertex 23.3961 56.7355 10
      vertex 25.5842 55.4954 10
    endloop
  endfacet
  facet normal 0 0 1
    outer loop
      vertex 26.0648 53.8273 10
      vertex 24.506 51.8727 10
      vertex 24.8719 51.6131 10
    endloop
  endfacet
  facet normal -0 0 1
    outer loop
      vertex 23.2245 56.3211 10
      vertex 25.5842 55.4954 10
      vertex 23.3961 56.7355 10
    endloop
  endfacet
  facet normal 0 0 1
    outer loop
      vertex 25.9393 53.9393 10
      vertex 24.1716 52.1716 10
      vertex 24.506 51.8727 10
    endloop
  endfacet
  facet normal 0 0 1
    outer loop
      vertex 25.5842 55.4954 10
      vertex 23.2245 56.3211 10
      vertex 25.5376 55.3338 10
    endloop
  endfacet
  facet normal 0 0 1
    outer loop
      vertex 25.8273 54.0648 10
      vertex 23.8727 52.506 10
      vertex 24.1716 52.1716 10
    endloop
  endfacet
  facet normal -0 0 1
    outer loop
      vertex 23.1003 55.8901 10
      vertex 25.5376 55.3338 10
      vertex 23.2245 56.3211 10
    endloop
  endfacet
  facet normal 0 0 1
    outer loop
      vertex 25.7299 54.202 10
      vertex 23.6131 52.8719 10
      vertex 23.8727 52.506 10
    endloop
  endfacet
  facet normal 0 0 1
    outer loop
      vertex 25.5376 55.3338 10
      vertex 23.1003 55.8901 10
      vertex 25.5094 55.1679 10
    endloop
  endfacet
  facet normal 0 0 1
    outer loop
      vertex 25.6485 54.3492 10
      vertex 23.3961 53.2645 10
      vertex 23.6131 52.8719 10
    endloop
  endfacet
  facet normal -0 0 1
    outer loop
      vertex 23.0252 55.4479 10
      vertex 25.5094 55.1679 10
      vertex 23.1003 55.8901 10
    endloop
  endfacet
  facet normal 0 0 1
    outer loop
      vertex 25.5842 54.5046 10
      vertex 23.2245 53.6789 10
      vertex 23.3961 53.2645 10
    endloop
  endfacet
  facet normal 0 0 1
    outer loop
      vertex 25.5094 55.1679 10
      vertex 23.0252 55.4479 10
      vertex 25.5 55 10
    endloop
  endfacet
  facet normal 0 0 1
    outer loop
      vertex 25.5376 54.6662 10
      vertex 23.1003 54.1099 10
      vertex 23.2245 53.6789 10
    endloop
  endfacet
  facet normal 0 0 1
    outer loop
      vertex 23 55 10
      vertex 25.5 55 10
      vertex 23.0252 55.4479 10
    endloop
  endfacet
  facet normal 0 0 1
    outer loop
      vertex 25.5094 54.8321 10
      vertex 23.0252 54.5521 10
      vertex 23.1003 54.1099 10
    endloop
  endfacet
  facet normal 0 0 1
    outer loop
      vertex 25.5 55 10
      vertex 23 55 10
      vertex 23.0252 54.5521 10
    endloop
  endfacet
  facet normal 0 0 1
    outer loop
      vertex 26.8321 56.4906 10
      vertex 26.5521 58.9748 10
      vertex 26.6662 56.4624 10
    endloop
  endfacet
  facet normal -0 0 1
    outer loop
      vertex 26.1099 58.8997 10
      vertex 26.6662 56.4624 10
      vertex 26.5521 58.9748 10
    endloop
  endfacet
  facet normal 0 0 1
    outer loop
      vertex 26.6662 56.4624 10
      vertex 26.1099 58.8997 10
      vertex 26.5046 56.4158 10
    endloop
  endfacet
  facet normal -0 0 1
    outer loop
      vertex 25.6789 58.7755 10
      vertex 26.5046 56.4158 10
      vertex 26.1099 58.8997 10
    endloop
  endfacet
  facet normal 0 0 1
    outer loop
      vertex 26.5046 56.4158 10
      vertex 25.6789 58.7755 10
      vertex 26.3492 56.3515 10
    endloop
  endfacet
  facet normal -0 0 1
    outer loop
      vertex 25.2645 58.6039 10
      vertex 26.3492 56.3515 10
      vertex 25.6789 58.7755 10
    endloop
  endfacet
  facet normal 0 0 1
    outer loop
      vertex 26.3492 56.3515 10
      vertex 25.2645 58.6039 10
      vertex 26.202 56.2701 10
    endloop
  endfacet
  facet normal -0 0 1
    outer loop
      vertex 24.8719 58.3869 10
      vertex 26.202 56.2701 10
      vertex 25.2645 58.6039 10
    endloop
  endfacet
  facet normal 0 0 1
    outer loop
      vertex 26.202 56.2701 10
      vertex 24.8719 58.3869 10
      vertex 26.0648 56.1727 10
    endloop
  endfacet
  facet normal -0 0 1
    outer loop
      vertex 24.506 58.1273 10
      vertex 26.0648 56.1727 10
      vertex 24.8719 58.3869 10
    endloop
  endfacet
  facet normal 0 0 1
    outer loop
      vertex 26.0648 56.1727 10
      vertex 24.506 58.1273 10
      vertex 25.9393 56.0607 10
    endloop
  endfacet
  facet normal -0 0 1
    outer loop
      vertex 24.1716 57.8284 10
      vertex 25.9393 56.0607 10
      vertex 24.506 58.1273 10
    endloop
  endfacet
  facet normal 0 0 1
    outer loop
      vertex 25.9393 56.0607 10
      vertex 24.1716 57.8284 10
      vertex 25.8273 55.9352 10
    endloop
  endfacet
  facet normal -0 0 1
    outer loop
      vertex 23.8727 57.494 10
      vertex 25.8273 55.9352 10
      vertex 24.1716 57.8284 10
    endloop
  endfacet
  facet normal 0 0 1
    outer loop
      vertex 25.8273 55.9352 10
      vertex 23.8727 57.494 10
      vertex 25.7299 55.798 10
    endloop
  endfacet
  facet normal -0 0 1
    outer loop
      vertex 23.6131 57.1281 10
      vertex 25.7299 55.798 10
      vertex 23.8727 57.494 10
    endloop
  endfacet
  facet normal -1 0 0
    outer loop
      vertex -35 53 0
      vertex -35 21.7 5
      vertex -35 53 10
    endloop
  endfacet
  facet normal -1 0 0
    outer loop
      vertex -35 53 0
      vertex -35 21.6516 4.60812
      vertex -35 21.7 5
    endloop
  endfacet
  facet normal -1 0 0
    outer loop
      vertex -35 53 0
      vertex -35 21.5069 4.22118
      vertex -35 21.6516 4.60812
    endloop
  endfacet
  facet normal -1 0 0
    outer loop
      vertex -35 53 0
      vertex -35 21.2679 3.84402
      vertex -35 21.5069 4.22118
    endloop
  endfacet
  facet normal -1 0 0
    outer loop
      vertex -35 53 0
      vertex -35 20.9375 3.48141
      vertex -35 21.2679 3.84402
    endloop
  endfacet
  facet normal -1 0 0
    outer loop
      vertex -35 53 0
      vertex -35 20.5198 3.13789
      vertex -35 20.9375 3.48141
    endloop
  endfacet
  facet normal -1 0 0
    outer loop
      vertex -35 53 0
      vertex -35 20.0201 2.81779
      vertex -35 20.5198 3.13789
    endloop
  endfacet
  facet normal -1 0 0
    outer loop
      vertex -35 53 0
      vertex -35 19.4447 2.52513
      vertex -35 20.0201 2.81779
    endloop
  endfacet
  facet normal -1 0 0
    outer loop
      vertex -35 53 0
      vertex -35 18.8009 2.26359
      vertex -35 19.4447 2.52513
    endloop
  endfacet
  facet normal -1 0 0
    outer loop
      vertex -35 53 0
      vertex -35 18.0966 2.03646
      vertex -35 18.8009 2.26359
    endloop
  endfacet
  facet normal -1 0 0
    outer loop
      vertex -35 53 0
      vertex -35 17.3409 1.84661
      vertex -35 18.0966 2.03646
    endloop
  endfacet
  facet normal -1 0 0
    outer loop
      vertex -35 53 0
      vertex -35 16.5431 1.69641
      vertex -35 17.3409 1.84661
    endloop
  endfacet
  facet normal -1 0 0
    outer loop
      vertex -35 53 0
      vertex -35 15.7134 1.58775
      vertex -35 16.5431 1.69641
    endloop
  endfacet
  facet normal -1 0 0
    outer loop
      vertex -35 53 0
      vertex -35 14.8621 1.52201
      vertex -35 15.7134 1.58775
    endloop
  endfacet
  facet normal -1 0 0
    outer loop
      vertex -35 53 0
      vertex -35 14 1.5
      vertex -35 14.8621 1.52201
    endloop
  endfacet
  facet normal -1 0 0
    outer loop
      vertex -35 0 1.5
      vertex -35 14 1.5
      vertex -35 53 0
    endloop
  endfacet
  facet normal -1 0 0
    outer loop
      vertex -35 7.06254 3.48141
      vertex -35 6.93746 3.48141
      vertex -35 7 3.55004
    endloop
  endfacet
  facet normal -1 0 0
    outer loop
      vertex -35 7.48022 3.13789
      vertex -35 6.93746 3.48141
      vertex -35 7.06254 3.48141
    endloop
  endfacet
  facet normal -1 0 0
    outer loop
      vertex -35 6.51978 3.13789
      vertex -35 7.48022 3.13789
      vertex -35 7.9799 2.81779
    endloop
  endfacet
  facet normal -1 0 0
    outer loop
      vertex -35 7.48022 3.13789
      vertex -35 6.51978 3.13789
      vertex -35 6.93746 3.48141
    endloop
  endfacet
  facet normal -1 0 0
    outer loop
      vertex -35 6.0201 2.81779
      vertex -35 7.9799 2.81779
      vertex -35 8.55528 2.52513
    endloop
  endfacet
  facet normal -1 0 0
    outer loop
      vertex -35 5.44472 2.52513
      vertex -35 8.55528 2.52513
      vertex -35 9.19913 2.26359
    endloop
  endfacet
  facet normal -1 0 0
    outer loop
      vertex -35 7.9799 2.81779
      vertex -35 6.0201 2.81779
      vertex -35 6.51978 3.13789
    endloop
  endfacet
  facet normal -1 0 0
    outer loop
      vertex -35 4.80087 2.26359
      vertex -35 9.19913 2.26359
      vertex -35 9.90335 2.03646
    endloop
  endfacet
  facet normal -1 0 0
    outer loop
      vertex -35 4.09665 2.03646
      vertex -35 9.90335 2.03646
      vertex -35 10.6591 1.84661
    endloop
  endfacet
  facet normal -1 0 0
    outer loop
      vertex -35 8.55528 2.52513
      vertex -35 5.44472 2.52513
      vertex -35 6.0201 2.81779
    endloop
  endfacet
  facet normal -1 0 0
    outer loop
      vertex -35 3.3409 1.84661
      vertex -35 10.6591 1.84661
      vertex -35 11.4569 1.69641
    endloop
  endfacet
  facet normal -1 0 0
    outer loop
      vertex -35 9.19913 2.26359
      vertex -35 4.80087 2.26359
      vertex -35 5.44472 2.52513
    endloop
  endfacet
  facet normal -1 0 0
    outer loop
      vertex -35 2.54315 1.69641
      vertex -35 11.4569 1.69641
      vertex -35 12.2866 1.58775
    endloop
  endfacet
  facet normal -1 0 0
    outer loop
      vertex -35 9.90335 2.03646
      vertex -35 4.09665 2.03646
      vertex -35 4.80087 2.26359
    endloop
  endfacet
  facet normal -1 0 0
    outer loop
      vertex -35 1.71341 1.58775
      vertex -35 12.2866 1.58775
      vertex -35 13.1379 1.52201
    endloop
  endfacet
  facet normal -1 0 0
    outer loop
      vertex -35 10.6591 1.84661
      vertex -35 3.3409 1.84661
      vertex -35 4.09665 2.03646
    endloop
  endfacet
  facet normal -1 0 0
    outer loop
      vertex -35 14 1.5
      vertex -35 0 1.5
      vertex -35 13.1379 1.52201
    endloop
  endfacet
  facet normal -1 0 0
    outer loop
      vertex -35 11.4569 1.69641
      vertex -35 2.54315 1.69641
      vertex -35 3.3409 1.84661
    endloop
  endfacet
  facet normal -1 0 0
    outer loop
      vertex -35 12.2866 1.58775
      vertex -35 1.71341 1.58775
      vertex -35 2.54315 1.69641
    endloop
  endfacet
  facet normal -1 0 0
    outer loop
      vertex -35 13.1379 1.52201
      vertex -35 0.862126 1.52201
      vertex -35 1.71341 1.58775
    endloop
  endfacet
  facet normal -1 -0 0
    outer loop
      vertex -35 13.1379 1.52201
      vertex -35 0 1.5
      vertex -35 0.862126 1.52201
    endloop
  endfacet
  facet normal -1 0 0
    outer loop
      vertex -35 -53 0
      vertex -35 0 1.5
      vertex -35 53 0
    endloop
  endfacet
  facet normal -1 0 0
    outer loop
      vertex -35 -6.93746 3.48141
      vertex -35 -7.06254 3.48141
      vertex -35 -7 3.55004
    endloop
  endfacet
  facet normal -1 0 0
    outer loop
      vertex -35 -6.51978 3.13789
      vertex -35 -7.06254 3.48141
      vertex -35 -6.93746 3.48141
    endloop
  endfacet
  facet normal -1 0 0
    outer loop
      vertex -35 -7.48022 3.13789
      vertex -35 -6.51978 3.13789
      vertex -35 -6.0201 2.81779
    endloop
  endfacet
  facet normal -1 0 0
    outer loop
      vertex -35 -6.51978 3.13789
      vertex -35 -7.48022 3.13789
      vertex -35 -7.06254 3.48141
    endloop
  endfacet
  facet normal -1 0 0
    outer loop
      vertex -35 -7.9799 2.81779
      vertex -35 -6.0201 2.81779
      vertex -35 -5.44472 2.52513
    endloop
  endfacet
  facet normal -1 0 0
    outer loop
      vertex -35 -8.55528 2.52513
      vertex -35 -5.44472 2.52513
      vertex -35 -4.80087 2.26359
    endloop
  endfacet
  facet normal -1 0 0
    outer loop
      vertex -35 -6.0201 2.81779
      vertex -35 -7.9799 2.81779
      vertex -35 -7.48022 3.13789
    endloop
  endfacet
  facet normal -1 0 0
    outer loop
      vertex -35 -9.19913 2.26359
      vertex -35 -4.80087 2.26359
      vertex -35 -4.09665 2.03646
    endloop
  endfacet
  facet normal -1 0 0
    outer loop
      vertex -35 -9.90335 2.03646
      vertex -35 -4.09665 2.03646
      vertex -35 -3.3409 1.84661
    endloop
  endfacet
  facet normal -1 0 0
    outer loop
      vertex -35 -5.44472 2.52513
      vertex -35 -8.55528 2.52513
      vertex -35 -7.9799 2.81779
    endloop
  endfacet
  facet normal -1 0 0
    outer loop
      vertex -35 -10.6591 1.84661
      vertex -35 -3.3409 1.84661
      vertex -35 -2.54315 1.69641
    endloop
  endfacet
  facet normal -1 0 0
    outer loop
      vertex -35 -4.80087 2.26359
      vertex -35 -9.19913 2.26359
      vertex -35 -8.55528 2.52513
    endloop
  endfacet
  facet normal -1 0 0
    outer loop
      vertex -35 -11.4569 1.69641
      vertex -35 -2.54315 1.69641
      vertex -35 -1.71341 1.58775
    endloop
  endfacet
  facet normal -1 0 0
    outer loop
      vertex -35 -4.09665 2.03646
      vertex -35 -9.90335 2.03646
      vertex -35 -9.19913 2.26359
    endloop
  endfacet
  facet normal -1 0 0
    outer loop
      vertex -35 -12.2866 1.58775
      vertex -35 -1.71341 1.58775
      vertex -35 -0.862126 1.52201
    endloop
  endfacet
  facet normal -1 0 0
    outer loop
      vertex -35 -3.3409 1.84661
      vertex -35 -10.6591 1.84661
      vertex -35 -9.90335 2.03646
    endloop
  endfacet
  facet normal -1 0 0
    outer loop
      vertex -35 -2.54315 1.69641
      vertex -35 -11.4569 1.69641
      vertex -35 -10.6591 1.84661
    endloop
  endfacet
  facet normal -1 0 0
    outer loop
      vertex -35 0 1.5
      vertex -35 -14 1.5
      vertex -35 -0.862126 1.52201
    endloop
  endfacet
  facet normal -1 0 0
    outer loop
      vertex -35 -1.71341 1.58775
      vertex -35 -12.2866 1.58775
      vertex -35 -11.4569 1.69641
    endloop
  endfacet
  facet normal -1 0 0
    outer loop
      vertex -35 -0.862126 1.52201
      vertex -35 -13.1379 1.52201
      vertex -35 -12.2866 1.58775
    endloop
  endfacet
  facet normal -1 -0 0
    outer loop
      vertex -35 -0.862126 1.52201
      vertex -35 -14 1.5
      vertex -35 -13.1379 1.52201
    endloop
  endfacet
  facet normal -1 -0 0
    outer loop
      vertex -35 -21.6516 4.60812
      vertex -35 -53 0
      vertex -35 -21.7 5
    endloop
  endfacet
  facet normal -1 -0 0
    outer loop
      vertex -35 -21.5069 4.22118
      vertex -35 -53 0
      vertex -35 -21.6516 4.60812
    endloop
  endfacet
  facet normal -1 -0 0
    outer loop
      vertex -35 -21.2679 3.84402
      vertex -35 -53 0
      vertex -35 -21.5069 4.22118
    endloop
  endfacet
  facet normal -1 -0 0
    outer loop
      vertex -35 -20.9375 3.48141
      vertex -35 -53 0
      vertex -35 -21.2679 3.84402
    endloop
  endfacet
  facet normal -1 -0 0
    outer loop
      vertex -35 -20.5198 3.13789
      vertex -35 -53 0
      vertex -35 -20.9375 3.48141
    endloop
  endfacet
  facet normal -1 -0 0
    outer loop
      vertex -35 -20.0201 2.81779
      vertex -35 -53 0
      vertex -35 -20.5198 3.13789
    endloop
  endfacet
  facet normal -1 -0 0
    outer loop
      vertex -35 -19.4447 2.52513
      vertex -35 -53 0
      vertex -35 -20.0201 2.81779
    endloop
  endfacet
  facet normal -1 -0 0
    outer loop
      vertex -35 -18.8009 2.26359
      vertex -35 -53 0
      vertex -35 -19.4447 2.52513
    endloop
  endfacet
  facet normal -1 -0 0
    outer loop
      vertex -35 -18.0966 2.03646
      vertex -35 -53 0
      vertex -35 -18.8009 2.26359
    endloop
  endfacet
  facet normal -1 -0 0
    outer loop
      vertex -35 -17.3409 1.84661
      vertex -35 -53 0
      vertex -35 -18.0966 2.03646
    endloop
  endfacet
  facet normal -1 -0 0
    outer loop
      vertex -35 -16.5431 1.69641
      vertex -35 -53 0
      vertex -35 -17.3409 1.84661
    endloop
  endfacet
  facet normal -1 -0 0
    outer loop
      vertex -35 -15.7134 1.58775
      vertex -35 -53 0
      vertex -35 -16.5431 1.69641
    endloop
  endfacet
  facet normal -1 -0 0
    outer loop
      vertex -35 -14.8621 1.52201
      vertex -35 -53 0
      vertex -35 -15.7134 1.58775
    endloop
  endfacet
  facet normal -1 -0 0
    outer loop
      vertex -35 -14 1.5
      vertex -35 -53 0
      vertex -35 -14.8621 1.52201
    endloop
  endfacet
  facet normal -1 -0 0
    outer loop
      vertex -35 0 1.5
      vertex -35 -53 0
      vertex -35 -14 1.5
    endloop
  endfacet
  facet normal -1 0 0
    outer loop
      vertex -35 21.6516 5.39188
      vertex -35 53 10
      vertex -35 21.7 5
    endloop
  endfacet
  facet normal -1 0 0
    outer loop
      vertex -35 21.5069 5.77882
      vertex -35 53 10
      vertex -35 21.6516 5.39188
    endloop
  endfacet
  facet normal -1 0 0
    outer loop
      vertex -35 21.2679 6.15598
      vertex -35 53 10
      vertex -35 21.5069 5.77882
    endloop
  endfacet
  facet normal -1 0 0
    outer loop
      vertex -35 20.9375 6.51859
      vertex -35 53 10
      vertex -35 21.2679 6.15598
    endloop
  endfacet
  facet normal -1 0 0
    outer loop
      vertex -35 20.5198 6.86211
      vertex -35 53 10
      vertex -35 20.9375 6.51859
    endloop
  endfacet
  facet normal -1 0 0
    outer loop
      vertex -35 20.0201 7.18221
      vertex -35 53 10
      vertex -35 20.5198 6.86211
    endloop
  endfacet
  facet normal -1 0 0
    outer loop
      vertex -35 19.4447 7.47487
      vertex -35 53 10
      vertex -35 20.0201 7.18221
    endloop
  endfacet
  facet normal -1 0 0
    outer loop
      vertex -35 18.8009 7.73641
      vertex -35 53 10
      vertex -35 19.4447 7.47487
    endloop
  endfacet
  facet normal -1 0 0
    outer loop
      vertex -35 18.0966 7.96353
      vertex -35 53 10
      vertex -35 18.8009 7.73641
    endloop
  endfacet
  facet normal -1 0 0
    outer loop
      vertex -35 17.3409 8.15339
      vertex -35 53 10
      vertex -35 18.0966 7.96353
    endloop
  endfacet
  facet normal -1 0 0
    outer loop
      vertex -35 16.5431 8.30359
      vertex -35 53 10
      vertex -35 17.3409 8.15339
    endloop
  endfacet
  facet normal -1 0 0
    outer loop
      vertex -35 15.7134 8.41225
      vertex -35 53 10
      vertex -35 16.5431 8.30359
    endloop
  endfacet
  facet normal -1 0 0
    outer loop
      vertex -35 14.8621 8.47799
      vertex -35 53 10
      vertex -35 15.7134 8.41225
    endloop
  endfacet
  facet normal -1 0 0
    outer loop
      vertex -35 14 8.5
      vertex -35 53 10
      vertex -35 14.8621 8.47799
    endloop
  endfacet
  facet normal -1 0 0
    outer loop
      vertex -35 0 8.5
      vertex -35 14 8.5
      vertex -35 13.1379 8.47799
    endloop
  endfacet
  facet normal -1 0 0
    outer loop
      vertex -35 6.93746 6.51859
      vertex -35 7.06254 6.51859
      vertex -35 7 6.44996
    endloop
  endfacet
  facet normal -1 0 0
    outer loop
      vertex -35 6.93746 6.51859
      vertex -35 7.48022 6.86211
      vertex -35 7.06254 6.51859
    endloop
  endfacet
  facet normal -1 0 0
    outer loop
      vertex -35 6.51978 6.86211
      vertex -35 7.48022 6.86211
      vertex -35 6.93746 6.51859
    endloop
  endfacet
  facet normal -1 0 0
    outer loop
      vertex -35 7.48022 6.86211
      vertex -35 6.51978 6.86211
      vertex -35 7.9799 7.18221
    endloop
  endfacet
  facet normal -1 0 0
    outer loop
      vertex -35 6.0201 7.18221
      vertex -35 7.9799 7.18221
      vertex -35 6.51978 6.86211
    endloop
  endfacet
  facet normal -1 0 0
    outer loop
      vertex -35 7.9799 7.18221
      vertex -35 6.0201 7.18221
      vertex -35 8.55528 7.47487
    endloop
  endfacet
  facet normal -1 0 0
    outer loop
      vertex -35 5.44472 7.47487
      vertex -35 8.55528 7.47487
      vertex -35 6.0201 7.18221
    endloop
  endfacet
  facet normal -1 0 0
    outer loop
      vertex -35 8.55528 7.47487
      vertex -35 5.44472 7.47487
      vertex -35 9.19913 7.73641
    endloop
  endfacet
  facet normal -1 0 0
    outer loop
      vertex -35 4.80087 7.73641
      vertex -35 9.19913 7.73641
      vertex -35 5.44472 7.47487
    endloop
  endfacet
  facet normal -1 0 0
    outer loop
      vertex -35 9.19913 7.73641
      vertex -35 4.80087 7.73641
      vertex -35 9.90335 7.96353
    endloop
  endfacet
  facet normal -1 0 0
    outer loop
      vertex -35 4.09665 7.96353
      vertex -35 9.90335 7.96353
      vertex -35 4.80087 7.73641
    endloop
  endfacet
  facet normal -1 0 0
    outer loop
      vertex -35 9.90335 7.96353
      vertex -35 4.09665 7.96353
      vertex -35 10.6591 8.15339
    endloop
  endfacet
  facet normal -1 0 0
    outer loop
      vertex -35 3.3409 8.15339
      vertex -35 10.6591 8.15339
      vertex -35 4.09665 7.96353
    endloop
  endfacet
  facet normal -1 0 0
    outer loop
      vertex -35 10.6591 8.15339
      vertex -35 3.3409 8.15339
      vertex -35 11.4569 8.30359
    endloop
  endfacet
  facet normal -1 0 0
    outer loop
      vertex -35 2.54315 8.30359
      vertex -35 11.4569 8.30359
      vertex -35 3.3409 8.15339
    endloop
  endfacet
  facet normal -1 0 0
    outer loop
      vertex -35 11.4569 8.30359
      vertex -35 2.54315 8.30359
      vertex -35 12.2866 8.41225
    endloop
  endfacet
  facet normal -1 0 0
    outer loop
      vertex -35 1.71341 8.41225
      vertex -35 12.2866 8.41225
      vertex -35 2.54315 8.30359
    endloop
  endfacet
  facet normal -1 0 0
    outer loop
      vertex -35 12.2866 8.41225
      vertex -35 1.71341 8.41225
      vertex -35 13.1379 8.47799
    endloop
  endfacet
  facet normal -1 0 0
    outer loop
      vertex -35 0.862126 8.47799
      vertex -35 13.1379 8.47799
      vertex -35 1.71341 8.41225
    endloop
  endfacet
  facet normal -1 0 0
    outer loop
      vertex -35 0 8.5
      vertex -35 13.1379 8.47799
      vertex -35 0.862126 8.47799
    endloop
  endfacet
  facet normal -1 0 0
    outer loop
      vertex -35 14 8.5
      vertex -35 0 8.5
      vertex -35 53 10
    endloop
  endfacet
  facet normal -1 0 0
    outer loop
      vertex -35 -14 8.5
      vertex -35 0 8.5
      vertex -35 -0.862126 8.47799
    endloop
  endfacet
  facet normal -1 0 0
    outer loop
      vertex -35 -7.06254 6.51859
      vertex -35 -6.93746 6.51859
      vertex -35 -7 6.44996
    endloop
  endfacet
  facet normal -1 0 0
    outer loop
      vertex -35 -7.06254 6.51859
      vertex -35 -6.51978 6.86211
      vertex -35 -6.93746 6.51859
    endloop
  endfacet
  facet normal -1 0 0
    outer loop
      vertex -35 -7.48022 6.86211
      vertex -35 -6.51978 6.86211
      vertex -35 -7.06254 6.51859
    endloop
  endfacet
  facet normal -1 0 0
    outer loop
      vertex -35 -6.51978 6.86211
      vertex -35 -7.48022 6.86211
      vertex -35 -6.0201 7.18221
    endloop
  endfacet
  facet normal -1 0 0
    outer loop
      vertex -35 -7.9799 7.18221
      vertex -35 -6.0201 7.18221
      vertex -35 -7.48022 6.86211
    endloop
  endfacet
  facet normal -1 0 0
    outer loop
      vertex -35 -6.0201 7.18221
      vertex -35 -7.9799 7.18221
      vertex -35 -5.44472 7.47487
    endloop
  endfacet
  facet normal -1 0 0
    outer loop
      vertex -35 -8.55528 7.47487
      vertex -35 -5.44472 7.47487
      vertex -35 -7.9799 7.18221
    endloop
  endfacet
  facet normal -1 0 0
    outer loop
      vertex -35 -5.44472 7.47487
      vertex -35 -8.55528 7.47487
      vertex -35 -4.80087 7.73641
    endloop
  endfacet
  facet normal -1 0 0
    outer loop
      vertex -35 -9.19913 7.73641
      vertex -35 -4.80087 7.73641
      vertex -35 -8.55528 7.47487
    endloop
  endfacet
  facet normal -1 0 0
    outer loop
      vertex -35 -4.80087 7.73641
      vertex -35 -9.19913 7.73641
      vertex -35 -4.09665 7.96353
    endloop
  endfacet
  facet normal -1 0 0
    outer loop
      vertex -35 -9.90335 7.96353
      vertex -35 -4.09665 7.96353
      vertex -35 -9.19913 7.73641
    endloop
  endfacet
  facet normal -1 0 0
    outer loop
      vertex -35 -4.09665 7.96353
      vertex -35 -9.90335 7.96353
      vertex -35 -3.3409 8.15339
    endloop
  endfacet
  facet normal -1 0 0
    outer loop
      vertex -35 -10.6591 8.15339
      vertex -35 -3.3409 8.15339
      vertex -35 -9.90335 7.96353
    endloop
  endfacet
  facet normal -1 0 0
    outer loop
      vertex -35 -3.3409 8.15339
      vertex -35 -10.6591 8.15339
      vertex -35 -2.54315 8.30359
    endloop
  endfacet
  facet normal -1 0 0
    outer loop
      vertex -35 -11.4569 8.30359
      vertex -35 -2.54315 8.30359
      vertex -35 -10.6591 8.15339
    endloop
  endfacet
  facet normal -1 0 0
    outer loop
      vertex -35 -2.54315 8.30359
      vertex -35 -11.4569 8.30359
      vertex -35 -1.71341 8.41225
    endloop
  endfacet
  facet normal -1 0 0
    outer loop
      vertex -35 -12.2866 8.41225
      vertex -35 -1.71341 8.41225
      vertex -35 -11.4569 8.30359
    endloop
  endfacet
  facet normal -1 0 0
    outer loop
      vertex -35 -1.71341 8.41225
      vertex -35 -12.2866 8.41225
      vertex -35 -0.862126 8.47799
    endloop
  endfacet
  facet normal -1 0 0
    outer loop
      vertex -35 -13.1379 8.47799
      vertex -35 -0.862126 8.47799
      vertex -35 -12.2866 8.41225
    endloop
  endfacet
  facet normal -1 0 0
    outer loop
      vertex -35 -14 8.5
      vertex -35 -0.862126 8.47799
      vertex -35 -13.1379 8.47799
    endloop
  endfacet
  facet normal -1 0 0
    outer loop
      vertex -35 -53 10
      vertex -35 0 8.5
      vertex -35 -14 8.5
    endloop
  endfacet
  facet normal -1 0 0
    outer loop
      vertex -35 -53 10
      vertex -35 -21.7 5
      vertex -35 -53 0
    endloop
  endfacet
  facet normal -1 0 0
    outer loop
      vertex -35 -21.7 5
      vertex -35 -53 10
      vertex -35 -21.6516 5.39188
    endloop
  endfacet
  facet normal -1 0 0
    outer loop
      vertex -35 -21.6516 5.39188
      vertex -35 -53 10
      vertex -35 -21.5069 5.77882
    endloop
  endfacet
  facet normal -1 0 0
    outer loop
      vertex -35 -21.5069 5.77882
      vertex -35 -53 10
      vertex -35 -21.2679 6.15598
    endloop
  endfacet
  facet normal -1 0 0
    outer loop
      vertex -35 -21.2679 6.15598
      vertex -35 -53 10
      vertex -35 -20.9375 6.51859
    endloop
  endfacet
  facet normal -1 0 0
    outer loop
      vertex -35 -20.9375 6.51859
      vertex -35 -53 10
      vertex -35 -20.5198 6.86211
    endloop
  endfacet
  facet normal -1 0 0
    outer loop
      vertex -35 -20.5198 6.86211
      vertex -35 -53 10
      vertex -35 -20.0201 7.18221
    endloop
  endfacet
  facet normal -1 0 0
    outer loop
      vertex -35 -20.0201 7.18221
      vertex -35 -53 10
      vertex -35 -19.4447 7.47487
    endloop
  endfacet
  facet normal -1 0 0
    outer loop
      vertex -35 -19.4447 7.47487
      vertex -35 -53 10
      vertex -35 -18.8009 7.73641
    endloop
  endfacet
  facet normal -1 0 0
    outer loop
      vertex -35 -18.8009 7.73641
      vertex -35 -53 10
      vertex -35 -18.0966 7.96353
    endloop
  endfacet
  facet normal -1 0 0
    outer loop
      vertex -35 0 8.5
      vertex -35 -53 10
      vertex -35 53 10
    endloop
  endfacet
  facet normal -1 0 0
    outer loop
      vertex -35 -14.8621 8.47799
      vertex -35 -53 10
      vertex -35 -14 8.5
    endloop
  endfacet
  facet normal -1 0 0
    outer loop
      vertex -35 -15.7134 8.41225
      vertex -35 -53 10
      vertex -35 -14.8621 8.47799
    endloop
  endfacet
  facet normal -1 0 0
    outer loop
      vertex -35 -16.5431 8.30359
      vertex -35 -53 10
      vertex -35 -15.7134 8.41225
    endloop
  endfacet
  facet normal -1 0 0
    outer loop
      vertex -35 -17.3409 8.15339
      vertex -35 -53 10
      vertex -35 -16.5431 8.30359
    endloop
  endfacet
  facet normal -1 0 0
    outer loop
      vertex -35 -18.0966 7.96353
      vertex -35 -53 10
      vertex -35 -17.3409 8.15339
    endloop
  endfacet
  facet normal 0 -1 0
    outer loop
      vertex -25 -63 4.76837e-07
      vertex 25 -63 10
      vertex -25 -63 10
    endloop
  endfacet
  facet normal 0 -1 -0
    outer loop
      vertex 25 -63 10
      vertex -25 -63 4.76837e-07
      vertex 25 -63 4.76837e-07
    endloop
  endfacet
  facet normal 0.707107 0.707107 0
    outer loop
      vertex 35 53 10
      vertex 25 63 4.76837e-07
      vertex 25 63 10
    endloop
  endfacet
  facet normal 0.707107 0.707107 -0
    outer loop
      vertex 35 53 0
      vertex 25 63 4.76837e-07
      vertex 35 53 10
    endloop
  endfacet
  facet normal 0.707107 0.707107 0
    outer loop
      vertex 25 63 4.76837e-07
      vertex 35 53 0
      vertex 25 63 0
    endloop
  endfacet
  facet normal -0.707107 0.707107 0
    outer loop
      vertex -35 53 0
      vertex -25 63 4.76837e-07
      vertex -25 63 0
    endloop
  endfacet
  facet normal -0.707107 0.707107 0
    outer loop
      vertex -25 63 4.76837e-07
      vertex -35 53 0
      vertex -25 63 10
    endloop
  endfacet
  facet normal -0.707107 0.707107 0
    outer loop
      vertex -25 63 10
      vertex -35 53 0
      vertex -35 53 10
    endloop
  endfacet
  facet normal -0 0 -1
    outer loop
      vertex -26.0803 53.0197 0
      vertex -28.5 50.6 0
      vertex -27.8336 54.773 0
    endloop
  endfacet
  facet normal 0 0 -1
    outer loop
      vertex -22 -50 0
      vertex 22 -48.2 0
      vertex 22 -50 0
    endloop
  endfacet
  facet normal -0 0 -1
    outer loop
      vertex 22 -48.2 0
      vertex -22 -50 0
      vertex -22 -48.2 0
    endloop
  endfacet
  facet normal 0 0 -1
    outer loop
      vertex 25 -63 0
      vertex -22 -51.2 0
      vertex 22 -51.2 0
    endloop
  endfacet
  facet normal 0 0 -1
    outer loop
      vertex -35 -53 0
      vertex -22 -50 0
      vertex -22 -51.2 0
    endloop
  endfacet
  facet normal -0 0 -1
    outer loop
      vertex -22 -50 0
      vertex -35 -53 0
      vertex -22 -48.2 0
    endloop
  endfacet
  facet normal 0 0 -1
    outer loop
      vertex -35 -53 0
      vertex -22 -51.2 0
      vertex -25 -63 0
    endloop
  endfacet
  facet normal 0 0 -1
    outer loop
      vertex -25 -63 0
      vertex -22 -51.2 0
      vertex 25 -63 0
    endloop
  endfacet
  facet normal 0 0 -1
    outer loop
      vertex 28.5 50.6 0
      vertex 26.0803 53.0197 0
      vertex 27.8336 54.773 0
    endloop
  endfacet
  facet normal 0 0 -1
    outer loop
      vertex 35 -53 0
      vertex 28.5 -7.4 0
      vertex 35 53 0
    endloop
  endfacet
  facet normal 0 0 -1
    outer loop
      vertex 22 -51.2 0
      vertex 35 -53 0
      vertex 25 -63 0
    endloop
  endfacet
  facet normal 0 0 -1
    outer loop
      vertex 35 -53 0
      vertex 22 -51.2 0
      vertex 22 -50 0
    endloop
  endfacet
  facet normal 0 0 -1
    outer loop
      vertex 35 -53 0
      vertex 22 -50 0
      vertex 22 -48.2 0
    endloop
  endfacet
  facet normal 0 0 -1
    outer loop
      vertex 35 -53 0
      vertex 22 -48.2 0
      vertex 22 -47 0
    endloop
  endfacet
  facet normal 0 0 -1
    outer loop
      vertex 21.5 -14.4 0
      vertex 35 -53 0
      vertex 22 -47 0
    endloop
  endfacet
  facet normal 0 0 -1
    outer loop
      vertex 35 -53 0
      vertex 21.5 -14.4 0
      vertex 28.5 -7.4 0
    endloop
  endfacet
  facet normal 0 0 -1
    outer loop
      vertex 22 -47 0
      vertex -21.5 -14.4 0
      vertex 21.5 -14.4 0
    endloop
  endfacet
  facet normal 0 0 -1
    outer loop
      vertex -22 -47 0
      vertex -21.5 -14.4 0
      vertex 22 -47 0
    endloop
  endfacet
  facet normal -0 0 -1
    outer loop
      vertex -22 -48.2 0
      vertex -35 -53 0
      vertex -22 -47 0
    endloop
  endfacet
  facet normal -0 0 -1
    outer loop
      vertex -22 -47 0
      vertex -35 -53 0
      vertex -21.5 -14.4 0
    endloop
  endfacet
  facet normal 0 0 -1
    outer loop
      vertex -35 53 0
      vertex -28.5 -7.4 0
      vertex -35 -53 0
    endloop
  endfacet
  facet normal -0 0 -1
    outer loop
      vertex -21.5 -14.4 0
      vertex -35 -53 0
      vertex -28.5 -7.4 0
    endloop
  endfacet
  facet normal 0 0 -1
    outer loop
      vertex 28.5 50.6 0
      vertex 35 53 0
      vertex 28.5 -7.4 0
    endloop
  endfacet
  facet normal 0 0 -1
    outer loop
      vertex 27.8336 54.773 0
      vertex 35 53 0
      vertex 28.5 50.6 0
    endloop
  endfacet
  facet normal 0 0 -1
    outer loop
      vertex 26.773 55.8336 0
      vertex 35 53 0
      vertex 27.8336 54.773 0
    endloop
  endfacet
  facet normal 0 0 -1
    outer loop
      vertex 26.773 55.8336 0
      vertex 25 63 0
      vertex 35 53 0
    endloop
  endfacet
  facet normal 0 0 -1
    outer loop
      vertex 21.5 57.6 0
      vertex 26.773 55.8336 0
      vertex 25.0197 54.0803 0
    endloop
  endfacet
  facet normal 0 0 -1
    outer loop
      vertex 26.773 55.8336 0
      vertex 21.5 57.6 0
      vertex 25 63 0
    endloop
  endfacet
  facet normal 0 0 -1
    outer loop
      vertex -21.5 57.6 0
      vertex 25 63 0
      vertex 21.5 57.6 0
    endloop
  endfacet
  facet normal 0 0 -1
    outer loop
      vertex -21.5 57.6 0
      vertex -25 63 0
      vertex 25 63 0
    endloop
  endfacet
  facet normal 0 0 -1
    outer loop
      vertex -26.773 55.8336 0
      vertex -21.5 57.6 0
      vertex -25.0197 54.0803 0
    endloop
  endfacet
  facet normal -0 0 -1
    outer loop
      vertex -21.5 57.6 0
      vertex -26.773 55.8336 0
      vertex -25 63 0
    endloop
  endfacet
  facet normal 0 0 -1
    outer loop
      vertex -27.8336 54.773 0
      vertex -25 63 0
      vertex -26.773 55.8336 0
    endloop
  endfacet
  facet normal -0 0 -1
    outer loop
      vertex -27.8336 54.773 0
      vertex -35 53 0
      vertex -25 63 0
    endloop
  endfacet
  facet normal 0 0 -1
    outer loop
      vertex -28.5 50.6 0
      vertex -35 53 0
      vertex -27.8336 54.773 0
    endloop
  endfacet
  facet normal 0 0 -1
    outer loop
      vertex -28.5 -7.4 0
      vertex -35 53 0
      vertex -28.5 50.6 0
    endloop
  endfacet
  facet normal 0 -1 0
    outer loop
      vertex -25 60.6 2.4
      vertex 25 60.6 10
      vertex -25 60.6 10
    endloop
  endfacet
  facet normal 0 -1 -0
    outer loop
      vertex 25 60.6 10
      vertex -25 60.6 2.4
      vertex 25 60.6 2.4
    endloop
  endfacet
  facet normal 0.707107 0.707107 0
    outer loop
      vertex -30.9787 -54.6213 10
      vertex -32.6 -53 2.4
      vertex -32.6 -53 10
    endloop
  endfacet
  facet normal 0.707107 0.707107 0
    outer loop
      vertex -32.6 -53 2.4
      vertex -30.9787 -54.6213 10
      vertex -30.9787 -54.6213 2.4
    endloop
  endfacet
  facet normal 0.707107 0.707107 0
    outer loop
      vertex -25 -60.6 10
      vertex -26.6213 -58.9787 2.4
      vertex -26.6213 -58.9787 10
    endloop
  endfacet
  facet normal 0.707107 0.707107 0
    outer loop
      vertex -26.6213 -58.9787 2.4
      vertex -25 -60.6 10
      vertex -25 -60.6 2.4
    endloop
  endfacet
  facet normal -1 0 0
    outer loop
      vertex 32.6 -53 2.4
      vertex 32.6 53 10
      vertex 32.6 53 2.4
    endloop
  endfacet
  facet normal -1 -0 0
    outer loop
      vertex 32.6 53 10
      vertex 32.6 -53 2.4
      vertex 32.6 -53 10
    endloop
  endfacet
  facet normal -0.707107 0.707107 0
    outer loop
      vertex 30.9787 -54.6213 2.4
      vertex 32.6 -53 10
      vertex 32.6 -53 2.4
    endloop
  endfacet
  facet normal -0.707107 0.707107 0
    outer loop
      vertex 32.6 -53 10
      vertex 30.9787 -54.6213 2.4
      vertex 30.9787 -54.6213 10
    endloop
  endfacet
  facet normal -0.707107 0.707107 0
    outer loop
      vertex 25 -60.6 2.4
      vertex 26.6213 -58.9787 10
      vertex 26.6213 -58.9787 2.4
    endloop
  endfacet
  facet normal -0.707107 0.707107 0
    outer loop
      vertex 26.6213 -58.9787 10
      vertex 25 -60.6 2.4
      vertex 25 -60.6 10
    endloop
  endfacet
  facet normal 1 -0 0
    outer loop
      vertex -32.6 -53 10
      vertex -32.6 53 2.4
      vertex -32.6 53 10
    endloop
  endfacet
  facet normal 1 0 0
    outer loop
      vertex -32.6 53 2.4
      vertex -32.6 -53 10
      vertex -32.6 -53 2.4
    endloop
  endfacet
  facet normal 0 1 -0
    outer loop
      vertex 25 -60.6 2.4
      vertex -25 -60.6 10
      vertex 25 -60.6 10
    endloop
  endfacet
  facet normal 0 1 0
    outer loop
      vertex -25 -60.6 10
      vertex 25 -60.6 2.4
      vertex -25 -60.6 2.4
    endloop
  endfacet
  facet normal -0.707107 -0.707107 0
    outer loop
      vertex 32.6 53 2.4
      vertex 30.9787 54.6213 10
      vertex 30.9787 54.6213 2.4
    endloop
  endfacet
  facet normal -0.707107 -0.707107 0
    outer loop
      vertex 30.9787 54.6213 10
      vertex 32.6 53 2.4
      vertex 32.6 53 10
    endloop
  endfacet
  facet normal -0.707107 -0.707107 0
    outer loop
      vertex 26.6213 58.9787 2.4
      vertex 25 60.6 10
      vertex 25 60.6 2.4
    endloop
  endfacet
  facet normal -0.707107 -0.707107 0
    outer loop
      vertex 25 60.6 10
      vertex 26.6213 58.9787 2.4
      vertex 26.6213 58.9787 10
    endloop
  endfacet
  facet normal 0.707107 -0.707107 0
    outer loop
      vertex -26.6213 58.9787 10
      vertex -25 60.6 2.4
      vertex -25 60.6 10
    endloop
  endfacet
  facet normal 0.707107 -0.707107 0
    outer loop
      vertex -25 60.6 2.4
      vertex -26.6213 58.9787 10
      vertex -26.6213 58.9787 2.4
    endloop
  endfacet
  facet normal 0.707107 -0.707107 0
    outer loop
      vertex -32.6 53 10
      vertex -30.9787 54.6213 2.4
      vertex -30.9787 54.6213 10
    endloop
  endfacet
  facet normal 0.707107 -0.707107 0
    outer loop
      vertex -30.9787 54.6213 2.4
      vertex -32.6 53 10
      vertex -32.6 53 2.4
    endloop
  endfacet
  facet normal -0 0 1
    outer loop
      vertex -23.3961 53.2645 2.4
      vertex -18.5 51.6 2.4
      vertex -23.2245 53.6789 2.4
    endloop
  endfacet
  facet normal 0 0 1
    outer loop
      vertex -22.5 -4.4 2.4
      vertex -23.0252 -54.5521 2.4
      vertex -23 -55 2.4
    endloop
  endfacet
  facet normal -0 0 1
    outer loop
      vertex -23.6131 52.8719 2.4
      vertex -18.5 51.6 2.4
      vertex -23.3961 53.2645 2.4
    endloop
  endfacet
  facet normal 0 0 1
    outer loop
      vertex -22.5 -4.4 2.4
      vertex -23.1003 -54.1099 2.4
      vertex -23.0252 -54.5521 2.4
    endloop
  endfacet
  facet normal -0 0 1
    outer loop
      vertex -23.8727 52.506 2.4
      vertex -18.5 51.6 2.4
      vertex -23.6131 52.8719 2.4
    endloop
  endfacet
  facet normal 0 0 1
    outer loop
      vertex -22.5 -4.4 2.4
      vertex -23.2245 -53.6789 2.4
      vertex -23.1003 -54.1099 2.4
    endloop
  endfacet
  facet normal 0 0 1
    outer loop
      vertex -18.5 51.6 2.4
      vertex -23.8727 52.506 2.4
      vertex -22.5 47.6 2.4
    endloop
  endfacet
  facet normal 0 0 1
    outer loop
      vertex -22.5 -4.4 2.4
      vertex -23.3961 -53.2645 2.4
      vertex -23.2245 -53.6789 2.4
    endloop
  endfacet
  facet normal -0 0 1
    outer loop
      vertex -24.1716 52.1716 2.4
      vertex -22.5 47.6 2.4
      vertex -23.8727 52.506 2.4
    endloop
  endfacet
  facet normal 0 0 1
    outer loop
      vertex -22.5 -4.4 2.4
      vertex -23.6131 -52.8719 2.4
      vertex -23.3961 -53.2645 2.4
    endloop
  endfacet
  facet normal -0 0 1
    outer loop
      vertex -24.506 51.8727 2.4
      vertex -22.5 47.6 2.4
      vertex -24.1716 52.1716 2.4
    endloop
  endfacet
  facet normal 0 0 1
    outer loop
      vertex -22.5 -4.4 2.4
      vertex -23.8727 -52.506 2.4
      vertex -23.6131 -52.8719 2.4
    endloop
  endfacet
  facet normal -0 0 1
    outer loop
      vertex -24.8719 51.6131 2.4
      vertex -22.5 47.6 2.4
      vertex -24.506 51.8727 2.4
    endloop
  endfacet
  facet normal 0 0 1
    outer loop
      vertex -22.5 -4.4 2.4
      vertex -24.1716 -52.1716 2.4
      vertex -23.8727 -52.506 2.4
    endloop
  endfacet
  facet normal -0 0 1
    outer loop
      vertex -25.2645 51.3961 2.4
      vertex -22.5 47.6 2.4
      vertex -24.8719 51.6131 2.4
    endloop
  endfacet
  facet normal 0 0 1
    outer loop
      vertex -22.5 -4.4 2.4
      vertex -24.506 -51.8727 2.4
      vertex -24.1716 -52.1716 2.4
    endloop
  endfacet
  facet normal -0 0 1
    outer loop
      vertex -25.6789 51.2245 2.4
      vertex -22.5 47.6 2.4
      vertex -25.2645 51.3961 2.4
    endloop
  endfacet
  facet normal 0 0 1
    outer loop
      vertex -22.5 -4.4 2.4
      vertex -24.8719 -51.6131 2.4
      vertex -24.506 -51.8727 2.4
    endloop
  endfacet
  facet normal -0 0 1
    outer loop
      vertex -26.1099 51.1003 2.4
      vertex -22.5 47.6 2.4
      vertex -25.6789 51.2245 2.4
    endloop
  endfacet
  facet normal 0 0 1
    outer loop
      vertex -22.5 -4.4 2.4
      vertex -25.2645 -51.3961 2.4
      vertex -24.8719 -51.6131 2.4
    endloop
  endfacet
  facet normal -0 0 1
    outer loop
      vertex -26.5521 51.0252 2.4
      vertex -22.5 47.6 2.4
      vertex -26.1099 51.1003 2.4
    endloop
  endfacet
  facet normal 0 0 1
    outer loop
      vertex -22.5 -4.4 2.4
      vertex -25.6789 -51.2245 2.4
      vertex -25.2645 -51.3961 2.4
    endloop
  endfacet
  facet normal -0 0 1
    outer loop
      vertex -27 51 2.4
      vertex -22.5 47.6 2.4
      vertex -26.5521 51.0252 2.4
    endloop
  endfacet
  facet normal 0 0 1
    outer loop
      vertex -22.5 -4.4 2.4
      vertex -26.1099 -51.1003 2.4
      vertex -25.6789 -51.2245 2.4
    endloop
  endfacet
  facet normal 0 0 1
    outer loop
      vertex -27.4479 51.0252 2.4
      vertex -22.5 47.6 2.4
      vertex -27 51 2.4
    endloop
  endfacet
  facet normal 0 0 1
    outer loop
      vertex -22.5 -4.4 2.4
      vertex -26.5521 -51.0252 2.4
      vertex -26.1099 -51.1003 2.4
    endloop
  endfacet
  facet normal 0 0 1
    outer loop
      vertex -27.8901 51.1003 2.4
      vertex -22.5 47.6 2.4
      vertex -27.4479 51.0252 2.4
    endloop
  endfacet
  facet normal 0 0 1
    outer loop
      vertex -22.5 -4.4 2.4
      vertex -27 -51 2.4
      vertex -26.5521 -51.0252 2.4
    endloop
  endfacet
  facet normal 0 0 1
    outer loop
      vertex -28.3211 51.2245 2.4
      vertex -22.5 47.6 2.4
      vertex -27.8901 51.1003 2.4
    endloop
  endfacet
  facet normal 0 0 1
    outer loop
      vertex -22.5 -4.4 2.4
      vertex -27.4479 -51.0252 2.4
      vertex -27 -51 2.4
    endloop
  endfacet
  facet normal 0 0 1
    outer loop
      vertex -28.7355 51.3961 2.4
      vertex -22.5 47.6 2.4
      vertex -28.3211 51.2245 2.4
    endloop
  endfacet
  facet normal 0 0 1
    outer loop
      vertex -22.5 -4.4 2.4
      vertex -27.8901 -51.1003 2.4
      vertex -27.4479 -51.0252 2.4
    endloop
  endfacet
  facet normal 0 0 1
    outer loop
      vertex -22.5 47.6 2.4
      vertex -28.7355 51.3961 2.4
      vertex -22.5 -4.4 2.4
    endloop
  endfacet
  facet normal 0 0 1
    outer loop
      vertex -22.5 -4.4 2.4
      vertex -28.3211 -51.2245 2.4
      vertex -27.8901 -51.1003 2.4
    endloop
  endfacet
  facet normal 0 0 1
    outer loop
      vertex -32.6 53 2.4
      vertex -22.5 -4.4 2.4
      vertex -28.7355 51.3961 2.4
    endloop
  endfacet
  facet normal 0 0 1
    outer loop
      vertex -22.5 -4.4 2.4
      vertex -28.7355 -51.3961 2.4
      vertex -28.3211 -51.2245 2.4
    endloop
  endfacet
  facet normal 0 0 1
    outer loop
      vertex -32.6 53 2.4
      vertex -28.7355 51.3961 2.4
      vertex -29.1281 51.6131 2.4
    endloop
  endfacet
  facet normal 0 0 1
    outer loop
      vertex -32.6 -53 2.4
      vertex -22.5 -4.4 2.4
      vertex -32.6 53 2.4
    endloop
  endfacet
  facet normal 0 0 1
    outer loop
      vertex -32.6 53 2.4
      vertex -29.1281 51.6131 2.4
      vertex -29.494 51.8727 2.4
    endloop
  endfacet
  facet normal 0 0 1
    outer loop
      vertex -22.5 -4.4 2.4
      vertex -32.6 -53 2.4
      vertex -28.7355 -51.3961 2.4
    endloop
  endfacet
  facet normal 0 0 1
    outer loop
      vertex -32.6 53 2.4
      vertex -29.494 51.8727 2.4
      vertex -29.8284 52.1716 2.4
    endloop
  endfacet
  facet normal 0 0 1
    outer loop
      vertex -28.7355 -51.3961 2.4
      vertex -32.6 -53 2.4
      vertex -29.1281 -51.6131 2.4
    endloop
  endfacet
  facet normal 0 0 1
    outer loop
      vertex -32.6 53 2.4
      vertex -29.8284 52.1716 2.4
      vertex -30.1273 52.506 2.4
    endloop
  endfacet
  facet normal 0 0 1
    outer loop
      vertex -29.1281 -51.6131 2.4
      vertex -32.6 -53 2.4
      vertex -29.494 -51.8727 2.4
    endloop
  endfacet
  facet normal 0 0 1
    outer loop
      vertex -32.6 53 2.4
      vertex -30.1273 52.506 2.4
      vertex -30.3869 52.8719 2.4
    endloop
  endfacet
  facet normal 0 0 1
    outer loop
      vertex -29.494 -51.8727 2.4
      vertex -32.6 -53 2.4
      vertex -29.8284 -52.1716 2.4
    endloop
  endfacet
  facet normal -0 0 1
    outer loop
      vertex -32.6 53 2.4
      vertex -30.3869 52.8719 2.4
      vertex -30.6039 53.2645 2.4
    endloop
  endfacet
  facet normal 0 0 1
    outer loop
      vertex -29.8284 -52.1716 2.4
      vertex -32.6 -53 2.4
      vertex -30.1273 -52.506 2.4
    endloop
  endfacet
  facet normal 0 0 1
    outer loop
      vertex -32.6 53 2.4
      vertex -30.6039 53.2645 2.4
      vertex -30.7755 53.6789 2.4
    endloop
  endfacet
  facet normal 0 0 1
    outer loop
      vertex -30.1273 -52.506 2.4
      vertex -32.6 -53 2.4
      vertex -30.3869 -52.8719 2.4
    endloop
  endfacet
  facet normal 0 0 1
    outer loop
      vertex -32.6 53 2.4
      vertex -30.7755 53.6789 2.4
      vertex -30.8997 54.1099 2.4
    endloop
  endfacet
  facet normal 0 0 1
    outer loop
      vertex -30.3869 -52.8719 2.4
      vertex -32.6 -53 2.4
      vertex -30.6039 -53.2645 2.4
    endloop
  endfacet
  facet normal 0 0 1
    outer loop
      vertex -32.6 53 2.4
      vertex -30.8997 54.1099 2.4
      vertex -30.9748 54.5521 2.4
    endloop
  endfacet
  facet normal 0 0 1
    outer loop
      vertex -30.6039 -53.2645 2.4
      vertex -32.6 -53 2.4
      vertex -30.7755 -53.6789 2.4
    endloop
  endfacet
  facet normal 0 0 1
    outer loop
      vertex -32.6 53 2.4
      vertex -30.9748 54.5521 2.4
      vertex -30.9787 54.6213 2.4
    endloop
  endfacet
  facet normal 0 0 1
    outer loop
      vertex -30.7755 -53.6789 2.4
      vertex -32.6 -53 2.4
      vertex -30.8997 -54.1099 2.4
    endloop
  endfacet
  facet normal 0 0 1
    outer loop
      vertex -30.8997 -54.1099 2.4
      vertex -32.6 -53 2.4
      vertex -30.9748 -54.5521 2.4
    endloop
  endfacet
  facet normal 0 0 1
    outer loop
      vertex -30.9748 -54.5521 2.4
      vertex -32.6 -53 2.4
      vertex -30.9787 -54.6213 2.4
    endloop
  endfacet
  facet normal -0 0 1
    outer loop
      vertex 18.5 -8.4 2.4
      vertex 22 -14 2.4
      vertex 22.5 -4.4 2.4
    endloop
  endfacet
  facet normal 0 0 1
    outer loop
      vertex 18.5 -8.4 2.4
      vertex 18 -10 2.4
      vertex 22 -14 2.4
    endloop
  endfacet
  facet normal 0 0 1
    outer loop
      vertex 18.5 -8.4 2.4
      vertex -18 -10 2.4
      vertex 18 -10 2.4
    endloop
  endfacet
  facet normal -0 0 1
    outer loop
      vertex -18.5 -8.4 2.4
      vertex -18 -10 2.4
      vertex 18.5 -8.4 2.4
    endloop
  endfacet
  facet normal 0 0 1
    outer loop
      vertex -18.5 -8.4 2.4
      vertex -22 -14 2.4
      vertex -18 -10 2.4
    endloop
  endfacet
  facet normal 0 0 1
    outer loop
      vertex -23 -55 2.4
      vertex -22 -14 2.4
      vertex -22.5 -4.4 2.4
    endloop
  endfacet
  facet normal 0 0 1
    outer loop
      vertex -22.5 -4.4 2.4
      vertex -22 -14 2.4
      vertex -18.5 -8.4 2.4
    endloop
  endfacet
  facet normal 0 0 1
    outer loop
      vertex 25 60.6 2.4
      vertex 26.5521 58.9748 2.4
      vertex 26.6213 58.9787 2.4
    endloop
  endfacet
  facet normal 0 0 1
    outer loop
      vertex 25 60.6 2.4
      vertex 26.1099 58.8997 2.4
      vertex 26.5521 58.9748 2.4
    endloop
  endfacet
  facet normal 0 0 1
    outer loop
      vertex 25 60.6 2.4
      vertex 25.6789 58.7755 2.4
      vertex 26.1099 58.8997 2.4
    endloop
  endfacet
  facet normal 0 0 1
    outer loop
      vertex 25 60.6 2.4
      vertex 25.2645 58.6039 2.4
      vertex 25.6789 58.7755 2.4
    endloop
  endfacet
  facet normal 0 0 1
    outer loop
      vertex 25 60.6 2.4
      vertex 24.8719 58.3869 2.4
      vertex 25.2645 58.6039 2.4
    endloop
  endfacet
  facet normal 0 0 1
    outer loop
      vertex 25 60.6 2.4
      vertex 24.506 58.1273 2.4
      vertex 24.8719 58.3869 2.4
    endloop
  endfacet
  facet normal 0 0 1
    outer loop
      vertex 25 60.6 2.4
      vertex 24.1716 57.8284 2.4
      vertex 24.506 58.1273 2.4
    endloop
  endfacet
  facet normal 0 0 1
    outer loop
      vertex 25 60.6 2.4
      vertex 23.8727 57.494 2.4
      vertex 24.1716 57.8284 2.4
    endloop
  endfacet
  facet normal 0 0 1
    outer loop
      vertex 25 60.6 2.4
      vertex 23.6131 57.1281 2.4
      vertex 23.8727 57.494 2.4
    endloop
  endfacet
  facet normal 0 0 1
    outer loop
      vertex 18.5 51.6 2.4
      vertex 23.6131 57.1281 2.4
      vertex 25 60.6 2.4
    endloop
  endfacet
  facet normal 0 0 1
    outer loop
      vertex 23.6131 -52.8719 2.4
      vertex 18 -50 2.4
      vertex 23.3961 -53.2645 2.4
    endloop
  endfacet
  facet normal 0 0 1
    outer loop
      vertex 18.5 51.6 2.4
      vertex 23 55 2.4
      vertex 23.0252 55.4479 2.4
    endloop
  endfacet
  facet normal 0 0 1
    outer loop
      vertex 23.0252 54.5521 2.4
      vertex 18.5 51.6 2.4
      vertex 22.5 47.6 2.4
    endloop
  endfacet
  facet normal 0 0 1
    outer loop
      vertex 23.1003 55.8901 2.4
      vertex 18.5 51.6 2.4
      vertex 23.0252 55.4479 2.4
    endloop
  endfacet
  facet normal 0 0 1
    outer loop
      vertex 23.2245 56.3211 2.4
      vertex 18.5 51.6 2.4
      vertex 23.1003 55.8901 2.4
    endloop
  endfacet
  facet normal 0 0 1
    outer loop
      vertex 23.3961 56.7355 2.4
      vertex 18.5 51.6 2.4
      vertex 23.2245 56.3211 2.4
    endloop
  endfacet
  facet normal 0 0 1
    outer loop
      vertex 23.6131 57.1281 2.4
      vertex 18.5 51.6 2.4
      vertex 23.3961 56.7355 2.4
    endloop
  endfacet
  facet normal 0 0 1
    outer loop
      vertex 25 60.6 2.4
      vertex -18.5 51.6 2.4
      vertex 18.5 51.6 2.4
    endloop
  endfacet
  facet normal -0 0 1
    outer loop
      vertex -23.1003 54.1099 2.4
      vertex -18.5 51.6 2.4
      vertex -23.0252 54.5521 2.4
    endloop
  endfacet
  facet normal -0 0 1
    outer loop
      vertex -23.0252 54.5521 2.4
      vertex -18.5 51.6 2.4
      vertex -23 55 2.4
    endloop
  endfacet
  facet normal -0 0 1
    outer loop
      vertex -25 60.6 2.4
      vertex -18.5 51.6 2.4
      vertex 25 60.6 2.4
    endloop
  endfacet
  facet normal 0 0 1
    outer loop
      vertex -18.5 51.6 2.4
      vertex -23.0252 55.4479 2.4
      vertex -23 55 2.4
    endloop
  endfacet
  facet normal 0 0 1
    outer loop
      vertex -18.5 51.6 2.4
      vertex -23.1003 55.8901 2.4
      vertex -23.0252 55.4479 2.4
    endloop
  endfacet
  facet normal 0 0 1
    outer loop
      vertex -18.5 51.6 2.4
      vertex -23.2245 56.3211 2.4
      vertex -23.1003 55.8901 2.4
    endloop
  endfacet
  facet normal 0 0 1
    outer loop
      vertex -18.5 51.6 2.4
      vertex -23.3961 56.7355 2.4
      vertex -23.2245 56.3211 2.4
    endloop
  endfacet
  facet normal -0 -0 1
    outer loop
      vertex -23.6131 57.1281 2.4
      vertex -18.5 51.6 2.4
      vertex -25 60.6 2.4
    endloop
  endfacet
  facet normal 0 0 1
    outer loop
      vertex -18.5 51.6 2.4
      vertex -23.6131 57.1281 2.4
      vertex -23.3961 56.7355 2.4
    endloop
  endfacet
  facet normal 0 0 1
    outer loop
      vertex -23.6131 57.1281 2.4
      vertex -25 60.6 2.4
      vertex -23.8727 57.494 2.4
    endloop
  endfacet
  facet normal 0 0 1
    outer loop
      vertex -23.8727 57.494 2.4
      vertex -25 60.6 2.4
      vertex -24.1716 57.8284 2.4
    endloop
  endfacet
  facet normal 0 0 1
    outer loop
      vertex -24.1716 57.8284 2.4
      vertex -25 60.6 2.4
      vertex -24.506 58.1273 2.4
    endloop
  endfacet
  facet normal 0 0 1
    outer loop
      vertex -24.506 58.1273 2.4
      vertex -25 60.6 2.4
      vertex -24.8719 58.3869 2.4
    endloop
  endfacet
  facet normal 0 0 1
    outer loop
      vertex -25 60.6 2.4
      vertex -25.2645 58.6039 2.4
      vertex -24.8719 58.3869 2.4
    endloop
  endfacet
  facet normal 0 0 1
    outer loop
      vertex -25 60.6 2.4
      vertex -25.6789 58.7755 2.4
      vertex -25.2645 58.6039 2.4
    endloop
  endfacet
  facet normal 0 0 1
    outer loop
      vertex -25 60.6 2.4
      vertex -26.1099 58.8997 2.4
      vertex -25.6789 58.7755 2.4
    endloop
  endfacet
  facet normal 0 0 1
    outer loop
      vertex -25 60.6 2.4
      vertex -26.5521 58.9748 2.4
      vertex -26.1099 58.8997 2.4
    endloop
  endfacet
  facet normal 0 -0 1
    outer loop
      vertex -26.5521 58.9748 2.4
      vertex -25 60.6 2.4
      vertex -26.6213 58.9787 2.4
    endloop
  endfacet
  facet normal -0 0 1
    outer loop
      vertex 30.9748 54.5521 2.4
      vertex 32.6 53 2.4
      vertex 30.9787 54.6213 2.4
    endloop
  endfacet
  facet normal -0 0 1
    outer loop
      vertex 30.8997 54.1099 2.4
      vertex 32.6 53 2.4
      vertex 30.9748 54.5521 2.4
    endloop
  endfacet
  facet normal -0 0 1
    outer loop
      vertex 30.7755 53.6789 2.4
      vertex 32.6 53 2.4
      vertex 30.8997 54.1099 2.4
    endloop
  endfacet
  facet normal 0 0 1
    outer loop
      vertex 32.6 -53 2.4
      vertex 30.9748 -54.5521 2.4
      vertex 30.9787 -54.6213 2.4
    endloop
  endfacet
  facet normal -0 0 1
    outer loop
      vertex 30.6039 53.2645 2.4
      vertex 32.6 53 2.4
      vertex 30.7755 53.6789 2.4
    endloop
  endfacet
  facet normal 0 0 1
    outer loop
      vertex 32.6 -53 2.4
      vertex 30.8997 -54.1099 2.4
      vertex 30.9748 -54.5521 2.4
    endloop
  endfacet
  facet normal 0 0 1
    outer loop
      vertex 30.3869 52.8719 2.4
      vertex 32.6 53 2.4
      vertex 30.6039 53.2645 2.4
    endloop
  endfacet
  facet normal 0 0 1
    outer loop
      vertex 32.6 -53 2.4
      vertex 30.7755 -53.6789 2.4
      vertex 30.8997 -54.1099 2.4
    endloop
  endfacet
  facet normal 0 0 1
    outer loop
      vertex 30.1273 52.506 2.4
      vertex 32.6 53 2.4
      vertex 30.3869 52.8719 2.4
    endloop
  endfacet
  facet normal 0 0 1
    outer loop
      vertex 32.6 -53 2.4
      vertex 30.6039 -53.2645 2.4
      vertex 30.7755 -53.6789 2.4
    endloop
  endfacet
  facet normal 0 0 1
    outer loop
      vertex 29.8284 52.1716 2.4
      vertex 32.6 53 2.4
      vertex 30.1273 52.506 2.4
    endloop
  endfacet
  facet normal 0 0 1
    outer loop
      vertex 32.6 -53 2.4
      vertex 30.3869 -52.8719 2.4
      vertex 30.6039 -53.2645 2.4
    endloop
  endfacet
  facet normal 0 0 1
    outer loop
      vertex 29.494 51.8727 2.4
      vertex 32.6 53 2.4
      vertex 29.8284 52.1716 2.4
    endloop
  endfacet
  facet normal 0 0 1
    outer loop
      vertex 32.6 -53 2.4
      vertex 30.1273 -52.506 2.4
      vertex 30.3869 -52.8719 2.4
    endloop
  endfacet
  facet normal 0 0 1
    outer loop
      vertex 29.1281 51.6131 2.4
      vertex 32.6 53 2.4
      vertex 29.494 51.8727 2.4
    endloop
  endfacet
  facet normal 0 0 1
    outer loop
      vertex 32.6 -53 2.4
      vertex 29.8284 -52.1716 2.4
      vertex 30.1273 -52.506 2.4
    endloop
  endfacet
  facet normal 0 0 1
    outer loop
      vertex 28.7355 51.3961 2.4
      vertex 32.6 53 2.4
      vertex 29.1281 51.6131 2.4
    endloop
  endfacet
  facet normal 0 0 1
    outer loop
      vertex 32.6 -53 2.4
      vertex 29.494 -51.8727 2.4
      vertex 29.8284 -52.1716 2.4
    endloop
  endfacet
  facet normal 0 0 1
    outer loop
      vertex 22.5 -4.4 2.4
      vertex 28.7355 51.3961 2.4
      vertex 22.5 47.6 2.4
    endloop
  endfacet
  facet normal 0 0 1
    outer loop
      vertex 32.6 -53 2.4
      vertex 29.1281 -51.6131 2.4
      vertex 29.494 -51.8727 2.4
    endloop
  endfacet
  facet normal -0 0 1
    outer loop
      vertex 28.7355 51.3961 2.4
      vertex 22.5 -4.4 2.4
      vertex 32.6 53 2.4
    endloop
  endfacet
  facet normal 0 0 1
    outer loop
      vertex 32.6 -53 2.4
      vertex 28.7355 -51.3961 2.4
      vertex 29.1281 -51.6131 2.4
    endloop
  endfacet
  facet normal 0 0 1
    outer loop
      vertex 22.5 47.6 2.4
      vertex 28.7355 51.3961 2.4
      vertex 28.3211 51.2245 2.4
    endloop
  endfacet
  facet normal 0 0 1
    outer loop
      vertex 32.6 53 2.4
      vertex 22.5 -4.4 2.4
      vertex 32.6 -53 2.4
    endloop
  endfacet
  facet normal 0 0 1
    outer loop
      vertex 22.5 47.6 2.4
      vertex 28.3211 51.2245 2.4
      vertex 27.8901 51.1003 2.4
    endloop
  endfacet
  facet normal -0 0 1
    outer loop
      vertex 22 -14 2.4
      vertex 32.6 -53 2.4
      vertex 22.5 -4.4 2.4
    endloop
  endfacet
  facet normal 0 0 1
    outer loop
      vertex 22.5 47.6 2.4
      vertex 27.8901 51.1003 2.4
      vertex 27.4479 51.0252 2.4
    endloop
  endfacet
  facet normal -0 0 1
    outer loop
      vertex 22 -46 2.4
      vertex 32.6 -53 2.4
      vertex 22 -14 2.4
    endloop
  endfacet
  facet normal 0 0 1
    outer loop
      vertex 22.5 47.6 2.4
      vertex 27.4479 51.0252 2.4
      vertex 27 51 2.4
    endloop
  endfacet
  facet normal 0 0 1
    outer loop
      vertex 32.6 -53 2.4
      vertex 22 -46 2.4
      vertex 28.7355 -51.3961 2.4
    endloop
  endfacet
  facet normal 0 0 1
    outer loop
      vertex 22.5 47.6 2.4
      vertex 27 51 2.4
      vertex 26.5521 51.0252 2.4
    endloop
  endfacet
  facet normal 0 0 1
    outer loop
      vertex 28.7355 -51.3961 2.4
      vertex 22 -46 2.4
      vertex 28.3211 -51.2245 2.4
    endloop
  endfacet
  facet normal 0 0 1
    outer loop
      vertex 22.5 47.6 2.4
      vertex 26.5521 51.0252 2.4
      vertex 26.1099 51.1003 2.4
    endloop
  endfacet
  facet normal 0 0 1
    outer loop
      vertex 28.3211 -51.2245 2.4
      vertex 22 -46 2.4
      vertex 27.8901 -51.1003 2.4
    endloop
  endfacet
  facet normal 0 0 1
    outer loop
      vertex 22.5 47.6 2.4
      vertex 26.1099 51.1003 2.4
      vertex 25.6789 51.2245 2.4
    endloop
  endfacet
  facet normal 0 0 1
    outer loop
      vertex 27.8901 -51.1003 2.4
      vertex 22 -46 2.4
      vertex 27.4479 -51.0252 2.4
    endloop
  endfacet
  facet normal 0 0 1
    outer loop
      vertex 22.5 47.6 2.4
      vertex 25.6789 51.2245 2.4
      vertex 25.2645 51.3961 2.4
    endloop
  endfacet
  facet normal 0 0 1
    outer loop
      vertex 27.4479 -51.0252 2.4
      vertex 22 -46 2.4
      vertex 27 -51 2.4
    endloop
  endfacet
  facet normal 0 0 1
    outer loop
      vertex 22.5 47.6 2.4
      vertex 25.2645 51.3961 2.4
      vertex 24.8719 51.6131 2.4
    endloop
  endfacet
  facet normal 0 0 1
    outer loop
      vertex 27 -51 2.4
      vertex 22 -46 2.4
      vertex 26.5521 -51.0252 2.4
    endloop
  endfacet
  facet normal 0 0 1
    outer loop
      vertex 22.5 47.6 2.4
      vertex 24.8719 51.6131 2.4
      vertex 24.506 51.8727 2.4
    endloop
  endfacet
  facet normal 0 0 1
    outer loop
      vertex 26.5521 -51.0252 2.4
      vertex 22 -46 2.4
      vertex 26.1099 -51.1003 2.4
    endloop
  endfacet
  facet normal 0 0 1
    outer loop
      vertex 22.5 47.6 2.4
      vertex 24.506 51.8727 2.4
      vertex 24.1716 52.1716 2.4
    endloop
  endfacet
  facet normal 0 0 1
    outer loop
      vertex 26.1099 -51.1003 2.4
      vertex 22 -46 2.4
      vertex 25.6789 -51.2245 2.4
    endloop
  endfacet
  facet normal 0 0 1
    outer loop
      vertex 22.5 47.6 2.4
      vertex 24.1716 52.1716 2.4
      vertex 23.8727 52.506 2.4
    endloop
  endfacet
  facet normal 0 0 1
    outer loop
      vertex 25.6789 -51.2245 2.4
      vertex 22 -46 2.4
      vertex 25.2645 -51.3961 2.4
    endloop
  endfacet
  facet normal 0 0 1
    outer loop
      vertex 22.5 47.6 2.4
      vertex 23.8727 52.506 2.4
      vertex 23.6131 52.8719 2.4
    endloop
  endfacet
  facet normal 0 0 1
    outer loop
      vertex 25.2645 -51.3961 2.4
      vertex 22 -46 2.4
      vertex 24.8719 -51.6131 2.4
    endloop
  endfacet
  facet normal 0 0 1
    outer loop
      vertex 22.5 47.6 2.4
      vertex 23.6131 52.8719 2.4
      vertex 23.3961 53.2645 2.4
    endloop
  endfacet
  facet normal 0 0 1
    outer loop
      vertex 24.8719 -51.6131 2.4
      vertex 22 -46 2.4
      vertex 24.506 -51.8727 2.4
    endloop
  endfacet
  facet normal 0 0 1
    outer loop
      vertex 22.5 47.6 2.4
      vertex 23.3961 53.2645 2.4
      vertex 23.2245 53.6789 2.4
    endloop
  endfacet
  facet normal 0 0 1
    outer loop
      vertex 24.506 -51.8727 2.4
      vertex 22 -46 2.4
      vertex 24.1716 -52.1716 2.4
    endloop
  endfacet
  facet normal 0 0 1
    outer loop
      vertex 22.5 47.6 2.4
      vertex 23.2245 53.6789 2.4
      vertex 23.1003 54.1099 2.4
    endloop
  endfacet
  facet normal -0 0 1
    outer loop
      vertex 18 -50 2.4
      vertex 24.1716 -52.1716 2.4
      vertex 22 -46 2.4
    endloop
  endfacet
  facet normal 0 0 1
    outer loop
      vertex 22.5 47.6 2.4
      vertex 23.1003 54.1099 2.4
      vertex 23.0252 54.5521 2.4
    endloop
  endfacet
  facet normal 0 0 1
    outer loop
      vertex 24.1716 -52.1716 2.4
      vertex 18 -50 2.4
      vertex 23.8727 -52.506 2.4
    endloop
  endfacet
  facet normal 0 0 1
    outer loop
      vertex 18.5 51.6 2.4
      vertex 23.0252 54.5521 2.4
      vertex 23 55 2.4
    endloop
  endfacet
  facet normal 0 0 1
    outer loop
      vertex 23.8727 -52.506 2.4
      vertex 18 -50 2.4
      vertex 23.6131 -52.8719 2.4
    endloop
  endfacet
  facet normal 0 0 1
    outer loop
      vertex 26.5521 -58.9748 2.4
      vertex 25 -60.6 2.4
      vertex 26.6213 -58.9787 2.4
    endloop
  endfacet
  facet normal 0 0 1
    outer loop
      vertex 26.1099 -58.8997 2.4
      vertex 25 -60.6 2.4
      vertex 26.5521 -58.9748 2.4
    endloop
  endfacet
  facet normal 0 0 1
    outer loop
      vertex 25.6789 -58.7755 2.4
      vertex 25 -60.6 2.4
      vertex 26.1099 -58.8997 2.4
    endloop
  endfacet
  facet normal 0 0 1
    outer loop
      vertex 25.2645 -58.6039 2.4
      vertex 25 -60.6 2.4
      vertex 25.6789 -58.7755 2.4
    endloop
  endfacet
  facet normal 0 0 1
    outer loop
      vertex 24.8719 -58.3869 2.4
      vertex 25 -60.6 2.4
      vertex 25.2645 -58.6039 2.4
    endloop
  endfacet
  facet normal 0 0 1
    outer loop
      vertex 24.506 -58.1273 2.4
      vertex 25 -60.6 2.4
      vertex 24.8719 -58.3869 2.4
    endloop
  endfacet
  facet normal 0 0 1
    outer loop
      vertex 24.1716 -57.8284 2.4
      vertex 25 -60.6 2.4
      vertex 24.506 -58.1273 2.4
    endloop
  endfacet
  facet normal 0 0 1
    outer loop
      vertex 23.8727 -57.494 2.4
      vertex 25 -60.6 2.4
      vertex 24.1716 -57.8284 2.4
    endloop
  endfacet
  facet normal 0 0 1
    outer loop
      vertex 23.6131 -57.1281 2.4
      vertex 25 -60.6 2.4
      vertex 23.8727 -57.494 2.4
    endloop
  endfacet
  facet normal 0 0 1
    outer loop
      vertex 23.3961 -56.7355 2.4
      vertex 25 -60.6 2.4
      vertex 23.6131 -57.1281 2.4
    endloop
  endfacet
  facet normal 0 0 1
    outer loop
      vertex 23.3961 -53.2645 2.4
      vertex 18 -50 2.4
      vertex 23.2245 -53.6789 2.4
    endloop
  endfacet
  facet normal 0 0 1
    outer loop
      vertex 23.2245 -53.6789 2.4
      vertex 18 -50 2.4
      vertex 23.1003 -54.1099 2.4
    endloop
  endfacet
  facet normal 0 0 1
    outer loop
      vertex 23.1003 -54.1099 2.4
      vertex 18 -50 2.4
      vertex 23.0252 -54.5521 2.4
    endloop
  endfacet
  facet normal 0 0 1
    outer loop
      vertex 23.0252 -54.5521 2.4
      vertex 18 -50 2.4
      vertex 23 -55 2.4
    endloop
  endfacet
  facet normal 0 0 1
    outer loop
      vertex 23 -55 2.4
      vertex 18 -50 2.4
      vertex 23.0252 -55.4479 2.4
    endloop
  endfacet
  facet normal 0 0 1
    outer loop
      vertex 18 -50 2.4
      vertex 23.1003 -55.8901 2.4
      vertex 23.0252 -55.4479 2.4
    endloop
  endfacet
  facet normal 0 0 1
    outer loop
      vertex 18 -50 2.4
      vertex 23.2245 -56.3211 2.4
      vertex 23.1003 -55.8901 2.4
    endloop
  endfacet
  facet normal 0 0 1
    outer loop
      vertex 18 -50 2.4
      vertex 23.3961 -56.7355 2.4
      vertex 23.2245 -56.3211 2.4
    endloop
  endfacet
  facet normal 0 0 1
    outer loop
      vertex 18 -50 2.4
      vertex 25 -60.6 2.4
      vertex 23.3961 -56.7355 2.4
    endloop
  endfacet
  facet normal -0 0 1
    outer loop
      vertex -18 -50 2.4
      vertex 25 -60.6 2.4
      vertex 18 -50 2.4
    endloop
  endfacet
  facet normal -0 0 1
    outer loop
      vertex -23.2245 53.6789 2.4
      vertex -18.5 51.6 2.4
      vertex -23.1003 54.1099 2.4
    endloop
  endfacet
  facet normal 0 0 1
    outer loop
      vertex -22 -14 2.4
      vertex -23 -55 2.4
      vertex -22 -46 2.4
    endloop
  endfacet
  facet normal 0 0 1
    outer loop
      vertex -23 -55 2.4
      vertex -18 -50 2.4
      vertex -22 -46 2.4
    endloop
  endfacet
  facet normal 0 0 1
    outer loop
      vertex -23.0252 -55.4479 2.4
      vertex -18 -50 2.4
      vertex -23 -55 2.4
    endloop
  endfacet
  facet normal 0 0 1
    outer loop
      vertex -23.1003 -55.8901 2.4
      vertex -18 -50 2.4
      vertex -23.0252 -55.4479 2.4
    endloop
  endfacet
  facet normal 0 0 1
    outer loop
      vertex -23.2245 -56.3211 2.4
      vertex -18 -50 2.4
      vertex -23.1003 -55.8901 2.4
    endloop
  endfacet
  facet normal 0 0 1
    outer loop
      vertex -23.3961 -56.7355 2.4
      vertex -18 -50 2.4
      vertex -23.2245 -56.3211 2.4
    endloop
  endfacet
  facet normal 0 0 1
    outer loop
      vertex -25 -60.6 2.4
      vertex -18 -50 2.4
      vertex -23.3961 -56.7355 2.4
    endloop
  endfacet
  facet normal 0 0 1
    outer loop
      vertex -25 -60.6 2.4
      vertex -23.3961 -56.7355 2.4
      vertex -23.6131 -57.1281 2.4
    endloop
  endfacet
  facet normal 0 0 1
    outer loop
      vertex -25 -60.6 2.4
      vertex -23.6131 -57.1281 2.4
      vertex -23.8727 -57.494 2.4
    endloop
  endfacet
  facet normal 0 0 1
    outer loop
      vertex -25 -60.6 2.4
      vertex -23.8727 -57.494 2.4
      vertex -24.1716 -57.8284 2.4
    endloop
  endfacet
  facet normal 0 0 1
    outer loop
      vertex -25 -60.6 2.4
      vertex -24.1716 -57.8284 2.4
      vertex -24.506 -58.1273 2.4
    endloop
  endfacet
  facet normal 0 0 1
    outer loop
      vertex -25 -60.6 2.4
      vertex -24.506 -58.1273 2.4
      vertex -24.8719 -58.3869 2.4
    endloop
  endfacet
  facet normal 0 0 1
    outer loop
      vertex -18 -50 2.4
      vertex -25 -60.6 2.4
      vertex 25 -60.6 2.4
    endloop
  endfacet
  facet normal -0 0 1
    outer loop
      vertex -25.2645 -58.6039 2.4
      vertex -25 -60.6 2.4
      vertex -24.8719 -58.3869 2.4
    endloop
  endfacet
  facet normal -0 0 1
    outer loop
      vertex -25.6789 -58.7755 2.4
      vertex -25 -60.6 2.4
      vertex -25.2645 -58.6039 2.4
    endloop
  endfacet
  facet normal -0 0 1
    outer loop
      vertex -26.1099 -58.8997 2.4
      vertex -25 -60.6 2.4
      vertex -25.6789 -58.7755 2.4
    endloop
  endfacet
  facet normal -0 0 1
    outer loop
      vertex -26.5521 -58.9748 2.4
      vertex -25 -60.6 2.4
      vertex -26.1099 -58.8997 2.4
    endloop
  endfacet
  facet normal 0 0 1
    outer loop
      vertex -25 -60.6 2.4
      vertex -26.5521 -58.9748 2.4
      vertex -26.6213 -58.9787 2.4
    endloop
  endfacet
  facet normal 0 0 1
    outer loop
      vertex -25.5094 -54.8321 2.4
      vertex -25.5094 -55.1679 2.4
      vertex -25.5 -55 2.4
    endloop
  endfacet
  facet normal 0 0 1
    outer loop
      vertex -25.5376 -54.6662 2.4
      vertex -25.5094 -55.1679 2.4
      vertex -25.5094 -54.8321 2.4
    endloop
  endfacet
  facet normal 0 0 1
    outer loop
      vertex -25.5376 -54.6662 2.4
      vertex -25.5376 -55.3338 2.4
      vertex -25.5094 -55.1679 2.4
    endloop
  endfacet
  facet normal 0 0 1
    outer loop
      vertex -25.5842 -54.5046 2.4
      vertex -25.5376 -55.3338 2.4
      vertex -25.5376 -54.6662 2.4
    endloop
  endfacet
  facet normal 0 0 1
    outer loop
      vertex -25.5842 -54.5046 2.4
      vertex -25.5842 -55.4954 2.4
      vertex -25.5376 -55.3338 2.4
    endloop
  endfacet
  facet normal 0 0 1
    outer loop
      vertex -25.6485 -54.3492 2.4
      vertex -25.5842 -55.4954 2.4
      vertex -25.5842 -54.5046 2.4
    endloop
  endfacet
  facet normal 0 0 1
    outer loop
      vertex -25.6485 -54.3492 2.4
      vertex -25.6485 -55.6508 2.4
      vertex -25.5842 -55.4954 2.4
    endloop
  endfacet
  facet normal 0 0 1
    outer loop
      vertex -25.7299 -54.202 2.4
      vertex -25.6485 -55.6508 2.4
      vertex -25.6485 -54.3492 2.4
    endloop
  endfacet
  facet normal 0 0 1
    outer loop
      vertex -25.7299 -54.202 2.4
      vertex -25.7299 -55.798 2.4
      vertex -25.6485 -55.6508 2.4
    endloop
  endfacet
  facet normal 0 0 1
    outer loop
      vertex -25.8273 -54.0648 2.4
      vertex -25.7299 -55.798 2.4
      vertex -25.7299 -54.202 2.4
    endloop
  endfacet
  facet normal 0 0 1
    outer loop
      vertex -25.8273 -54.0648 2.4
      vertex -25.8273 -55.9352 2.4
      vertex -25.7299 -55.798 2.4
    endloop
  endfacet
  facet normal 0 0 1
    outer loop
      vertex -25.9393 -53.9393 2.4
      vertex -25.8273 -55.9352 2.4
      vertex -25.8273 -54.0648 2.4
    endloop
  endfacet
  facet normal 0 0 1
    outer loop
      vertex -25.9393 -53.9393 2.4
      vertex -25.9393 -56.0607 2.4
      vertex -25.8273 -55.9352 2.4
    endloop
  endfacet
  facet normal 0 0 1
    outer loop
      vertex -26.0648 -53.8273 2.4
      vertex -25.9393 -56.0607 2.4
      vertex -25.9393 -53.9393 2.4
    endloop
  endfacet
  facet normal 0 0 1
    outer loop
      vertex -26.0648 -53.8273 2.4
      vertex -26.0648 -56.1727 2.4
      vertex -25.9393 -56.0607 2.4
    endloop
  endfacet
  facet normal 0 0 1
    outer loop
      vertex -26.202 -53.7299 2.4
      vertex -26.0648 -56.1727 2.4
      vertex -26.0648 -53.8273 2.4
    endloop
  endfacet
  facet normal 0 0 1
    outer loop
      vertex -26.202 -53.7299 2.4
      vertex -26.202 -56.2701 2.4
      vertex -26.0648 -56.1727 2.4
    endloop
  endfacet
  facet normal 0 0 1
    outer loop
      vertex -26.3492 -53.6485 2.4
      vertex -26.202 -56.2701 2.4
      vertex -26.202 -53.7299 2.4
    endloop
  endfacet
  facet normal 0 0 1
    outer loop
      vertex -26.3492 -53.6485 2.4
      vertex -26.3492 -56.3515 2.4
      vertex -26.202 -56.2701 2.4
    endloop
  endfacet
  facet normal 0 0 1
    outer loop
      vertex -26.5046 -53.5842 2.4
      vertex -26.3492 -56.3515 2.4
      vertex -26.3492 -53.6485 2.4
    endloop
  endfacet
  facet normal 0 0 1
    outer loop
      vertex -26.5046 -53.5842 2.4
      vertex -26.5046 -56.4158 2.4
      vertex -26.3492 -56.3515 2.4
    endloop
  endfacet
  facet normal 0 0 1
    outer loop
      vertex -26.6662 -53.5376 2.4
      vertex -26.5046 -56.4158 2.4
      vertex -26.5046 -53.5842 2.4
    endloop
  endfacet
  facet normal 0 0 1
    outer loop
      vertex -26.6662 -53.5376 2.4
      vertex -26.6662 -56.4624 2.4
      vertex -26.5046 -56.4158 2.4
    endloop
  endfacet
  facet normal 0 0 1
    outer loop
      vertex -26.8321 -53.5094 2.4
      vertex -26.6662 -56.4624 2.4
      vertex -26.6662 -53.5376 2.4
    endloop
  endfacet
  facet normal 0 0 1
    outer loop
      vertex -26.8321 -53.5094 2.4
      vertex -26.8321 -56.4906 2.4
      vertex -26.6662 -56.4624 2.4
    endloop
  endfacet
  facet normal 0 0 1
    outer loop
      vertex -27 -53.5 2.4
      vertex -26.8321 -56.4906 2.4
      vertex -26.8321 -53.5094 2.4
    endloop
  endfacet
  facet normal 0 0 1
    outer loop
      vertex -27 -53.5 2.4
      vertex -27 -56.5 2.4
      vertex -26.8321 -56.4906 2.4
    endloop
  endfacet
  facet normal -0 0 1
    outer loop
      vertex -27.1679 -53.5094 2.4
      vertex -27 -56.5 2.4
      vertex -27 -53.5 2.4
    endloop
  endfacet
  facet normal 0 0 1
    outer loop
      vertex -27.1679 -53.5094 2.4
      vertex -27.1679 -56.4906 2.4
      vertex -27 -56.5 2.4
    endloop
  endfacet
  facet normal -0 0 1
    outer loop
      vertex -27.3338 -53.5376 2.4
      vertex -27.1679 -56.4906 2.4
      vertex -27.1679 -53.5094 2.4
    endloop
  endfacet
  facet normal 0 0 1
    outer loop
      vertex -27.3338 -53.5376 2.4
      vertex -27.3338 -56.4624 2.4
      vertex -27.1679 -56.4906 2.4
    endloop
  endfacet
  facet normal -0 0 1
    outer loop
      vertex -27.4954 -53.5842 2.4
      vertex -27.3338 -56.4624 2.4
      vertex -27.3338 -53.5376 2.4
    endloop
  endfacet
  facet normal 0 0 1
    outer loop
      vertex -27.4954 -53.5842 2.4
      vertex -27.4954 -56.4158 2.4
      vertex -27.3338 -56.4624 2.4
    endloop
  endfacet
  facet normal -0 0 1
    outer loop
      vertex -27.6508 -53.6485 2.4
      vertex -27.4954 -56.4158 2.4
      vertex -27.4954 -53.5842 2.4
    endloop
  endfacet
  facet normal 0 0 1
    outer loop
      vertex -27.6508 -53.6485 2.4
      vertex -27.6508 -56.3515 2.4
      vertex -27.4954 -56.4158 2.4
    endloop
  endfacet
  facet normal -0 0 1
    outer loop
      vertex -27.798 -53.7299 2.4
      vertex -27.6508 -56.3515 2.4
      vertex -27.6508 -53.6485 2.4
    endloop
  endfacet
  facet normal 0 0 1
    outer loop
      vertex -27.798 -53.7299 2.4
      vertex -27.798 -56.2701 2.4
      vertex -27.6508 -56.3515 2.4
    endloop
  endfacet
  facet normal -0 0 1
    outer loop
      vertex -27.9352 -53.8273 2.4
      vertex -27.798 -56.2701 2.4
      vertex -27.798 -53.7299 2.4
    endloop
  endfacet
  facet normal 0 0 1
    outer loop
      vertex -27.9352 -53.8273 2.4
      vertex -27.9352 -56.1727 2.4
      vertex -27.798 -56.2701 2.4
    endloop
  endfacet
  facet normal -0 0 1
    outer loop
      vertex -28.0607 -53.9393 2.4
      vertex -27.9352 -56.1727 2.4
      vertex -27.9352 -53.8273 2.4
    endloop
  endfacet
  facet normal 0 0 1
    outer loop
      vertex -28.0607 -53.9393 2.4
      vertex -28.0607 -56.0607 2.4
      vertex -27.9352 -56.1727 2.4
    endloop
  endfacet
  facet normal -0 0 1
    outer loop
      vertex -28.1727 -54.0648 2.4
      vertex -28.0607 -56.0607 2.4
      vertex -28.0607 -53.9393 2.4
    endloop
  endfacet
  facet normal 0 0 1
    outer loop
      vertex -28.1727 -54.0648 2.4
      vertex -28.1727 -55.9352 2.4
      vertex -28.0607 -56.0607 2.4
    endloop
  endfacet
  facet normal -0 0 1
    outer loop
      vertex -28.2701 -54.202 2.4
      vertex -28.1727 -55.9352 2.4
      vertex -28.1727 -54.0648 2.4
    endloop
  endfacet
  facet normal 0 0 1
    outer loop
      vertex -28.2701 -54.202 2.4
      vertex -28.2701 -55.798 2.4
      vertex -28.1727 -55.9352 2.4
    endloop
  endfacet
  facet normal -0 0 1
    outer loop
      vertex -28.3515 -54.3492 2.4
      vertex -28.2701 -55.798 2.4
      vertex -28.2701 -54.202 2.4
    endloop
  endfacet
  facet normal 0 0 1
    outer loop
      vertex -28.3515 -54.3492 2.4
      vertex -28.3515 -55.6508 2.4
      vertex -28.2701 -55.798 2.4
    endloop
  endfacet
  facet normal -0 0 1
    outer loop
      vertex -28.4158 -54.5046 2.4
      vertex -28.3515 -55.6508 2.4
      vertex -28.3515 -54.3492 2.4
    endloop
  endfacet
  facet normal 0 0 1
    outer loop
      vertex -28.4158 -54.5046 2.4
      vertex -28.4158 -55.4954 2.4
      vertex -28.3515 -55.6508 2.4
    endloop
  endfacet
  facet normal -0 0 1
    outer loop
      vertex -28.4624 -54.6662 2.4
      vertex -28.4158 -55.4954 2.4
      vertex -28.4158 -54.5046 2.4
    endloop
  endfacet
  facet normal 0 0 1
    outer loop
      vertex -28.4624 -54.6662 2.4
      vertex -28.4624 -55.3338 2.4
      vertex -28.4158 -55.4954 2.4
    endloop
  endfacet
  facet normal -0 0 1
    outer loop
      vertex -28.4906 -54.8321 2.4
      vertex -28.4624 -55.3338 2.4
      vertex -28.4624 -54.6662 2.4
    endloop
  endfacet
  facet normal 0 0 1
    outer loop
      vertex -28.4906 -54.8321 2.4
      vertex -28.4906 -55.1679 2.4
      vertex -28.4624 -55.3338 2.4
    endloop
  endfacet
  facet normal 0 -0 1
    outer loop
      vertex -28.4906 -55.1679 2.4
      vertex -28.4906 -54.8321 2.4
      vertex -28.5 -55 2.4
    endloop
  endfacet
  facet normal 0 0 1
    outer loop
      vertex -25.5094 55.1679 2.4
      vertex -25.5094 54.8321 2.4
      vertex -25.5 55 2.4
    endloop
  endfacet
  facet normal 0 0 1
    outer loop
      vertex -25.5376 55.3338 2.4
      vertex -25.5094 54.8321 2.4
      vertex -25.5094 55.1679 2.4
    endloop
  endfacet
  facet normal 0 0 1
    outer loop
      vertex -25.5376 55.3338 2.4
      vertex -25.5376 54.6662 2.4
      vertex -25.5094 54.8321 2.4
    endloop
  endfacet
  facet normal 0 0 1
    outer loop
      vertex -25.5842 55.4954 2.4
      vertex -25.5376 54.6662 2.4
      vertex -25.5376 55.3338 2.4
    endloop
  endfacet
  facet normal 0 0 1
    outer loop
      vertex -25.5842 55.4954 2.4
      vertex -25.5842 54.5046 2.4
      vertex -25.5376 54.6662 2.4
    endloop
  endfacet
  facet normal 0 0 1
    outer loop
      vertex -25.6485 55.6508 2.4
      vertex -25.5842 54.5046 2.4
      vertex -25.5842 55.4954 2.4
    endloop
  endfacet
  facet normal 0 0 1
    outer loop
      vertex -25.6485 55.6508 2.4
      vertex -25.6485 54.3492 2.4
      vertex -25.5842 54.5046 2.4
    endloop
  endfacet
  facet normal 0 0 1
    outer loop
      vertex -25.7299 55.798 2.4
      vertex -25.6485 54.3492 2.4
      vertex -25.6485 55.6508 2.4
    endloop
  endfacet
  facet normal 0 0 1
    outer loop
      vertex -25.7299 55.798 2.4
      vertex -25.7299 54.202 2.4
      vertex -25.6485 54.3492 2.4
    endloop
  endfacet
  facet normal 0 0 1
    outer loop
      vertex -25.8273 55.9352 2.4
      vertex -25.7299 54.202 2.4
      vertex -25.7299 55.798 2.4
    endloop
  endfacet
  facet normal 0 0 1
    outer loop
      vertex -25.8273 55.9352 2.4
      vertex -25.8273 54.0648 2.4
      vertex -25.7299 54.202 2.4
    endloop
  endfacet
  facet normal 0 0 1
    outer loop
      vertex -25.9393 56.0607 2.4
      vertex -25.8273 54.0648 2.4
      vertex -25.8273 55.9352 2.4
    endloop
  endfacet
  facet normal 0 0 1
    outer loop
      vertex -25.9393 56.0607 2.4
      vertex -25.9393 53.9393 2.4
      vertex -25.8273 54.0648 2.4
    endloop
  endfacet
  facet normal 0 0 1
    outer loop
      vertex -26.0648 56.1727 2.4
      vertex -25.9393 53.9393 2.4
      vertex -25.9393 56.0607 2.4
    endloop
  endfacet
  facet normal 0 0 1
    outer loop
      vertex -26.0648 56.1727 2.4
      vertex -26.0648 53.8273 2.4
      vertex -25.9393 53.9393 2.4
    endloop
  endfacet
  facet normal 0 0 1
    outer loop
      vertex -26.202 56.2701 2.4
      vertex -26.0648 53.8273 2.4
      vertex -26.0648 56.1727 2.4
    endloop
  endfacet
  facet normal 0 0 1
    outer loop
      vertex -26.202 56.2701 2.4
      vertex -26.202 53.7299 2.4
      vertex -26.0648 53.8273 2.4
    endloop
  endfacet
  facet normal 0 0 1
    outer loop
      vertex -26.3492 56.3515 2.4
      vertex -26.202 53.7299 2.4
      vertex -26.202 56.2701 2.4
    endloop
  endfacet
  facet normal 0 0 1
    outer loop
      vertex -26.3492 56.3515 2.4
      vertex -26.3492 53.6485 2.4
      vertex -26.202 53.7299 2.4
    endloop
  endfacet
  facet normal 0 0 1
    outer loop
      vertex -26.5046 56.4158 2.4
      vertex -26.3492 53.6485 2.4
      vertex -26.3492 56.3515 2.4
    endloop
  endfacet
  facet normal 0 0 1
    outer loop
      vertex -26.5046 56.4158 2.4
      vertex -26.5046 53.5842 2.4
      vertex -26.3492 53.6485 2.4
    endloop
  endfacet
  facet normal 0 0 1
    outer loop
      vertex -26.6662 56.4624 2.4
      vertex -26.5046 53.5842 2.4
      vertex -26.5046 56.4158 2.4
    endloop
  endfacet
  facet normal 0 0 1
    outer loop
      vertex -26.6662 56.4624 2.4
      vertex -26.6662 53.5376 2.4
      vertex -26.5046 53.5842 2.4
    endloop
  endfacet
  facet normal 0 0 1
    outer loop
      vertex -26.8321 56.4906 2.4
      vertex -26.6662 53.5376 2.4
      vertex -26.6662 56.4624 2.4
    endloop
  endfacet
  facet normal 0 0 1
    outer loop
      vertex -26.8321 56.4906 2.4
      vertex -26.8321 53.5094 2.4
      vertex -26.6662 53.5376 2.4
    endloop
  endfacet
  facet normal 0 0 1
    outer loop
      vertex -27 56.5 2.4
      vertex -26.8321 53.5094 2.4
      vertex -26.8321 56.4906 2.4
    endloop
  endfacet
  facet normal 0 0 1
    outer loop
      vertex -27 56.5 2.4
      vertex -27 53.5 2.4
      vertex -26.8321 53.5094 2.4
    endloop
  endfacet
  facet normal -0 0 1
    outer loop
      vertex -27.1679 56.4906 2.4
      vertex -27 53.5 2.4
      vertex -27 56.5 2.4
    endloop
  endfacet
  facet normal 0 0 1
    outer loop
      vertex -27.1679 56.4906 2.4
      vertex -27.1679 53.5094 2.4
      vertex -27 53.5 2.4
    endloop
  endfacet
  facet normal -0 0 1
    outer loop
      vertex -27.3338 56.4624 2.4
      vertex -27.1679 53.5094 2.4
      vertex -27.1679 56.4906 2.4
    endloop
  endfacet
  facet normal 0 0 1
    outer loop
      vertex -27.3338 56.4624 2.4
      vertex -27.3338 53.5376 2.4
      vertex -27.1679 53.5094 2.4
    endloop
  endfacet
  facet normal -0 0 1
    outer loop
      vertex -27.4954 56.4158 2.4
      vertex -27.3338 53.5376 2.4
      vertex -27.3338 56.4624 2.4
    endloop
  endfacet
  facet normal 0 0 1
    outer loop
      vertex -27.4954 56.4158 2.4
      vertex -27.4954 53.5842 2.4
      vertex -27.3338 53.5376 2.4
    endloop
  endfacet
  facet normal -0 0 1
    outer loop
      vertex -27.6508 56.3515 2.4
      vertex -27.4954 53.5842 2.4
      vertex -27.4954 56.4158 2.4
    endloop
  endfacet
  facet normal 0 0 1
    outer loop
      vertex -27.6508 56.3515 2.4
      vertex -27.6508 53.6485 2.4
      vertex -27.4954 53.5842 2.4
    endloop
  endfacet
  facet normal -0 0 1
    outer loop
      vertex -27.798 56.2701 2.4
      vertex -27.6508 53.6485 2.4
      vertex -27.6508 56.3515 2.4
    endloop
  endfacet
  facet normal 0 0 1
    outer loop
      vertex -27.798 56.2701 2.4
      vertex -27.798 53.7299 2.4
      vertex -27.6508 53.6485 2.4
    endloop
  endfacet
  facet normal -0 0 1
    outer loop
      vertex -27.9352 56.1727 2.4
      vertex -27.798 53.7299 2.4
      vertex -27.798 56.2701 2.4
    endloop
  endfacet
  facet normal 0 0 1
    outer loop
      vertex -27.9352 56.1727 2.4
      vertex -27.9352 53.8273 2.4
      vertex -27.798 53.7299 2.4
    endloop
  endfacet
  facet normal -0 0 1
    outer loop
      vertex -28.0607 56.0607 2.4
      vertex -27.9352 53.8273 2.4
      vertex -27.9352 56.1727 2.4
    endloop
  endfacet
  facet normal 0 0 1
    outer loop
      vertex -28.0607 56.0607 2.4
      vertex -28.0607 53.9393 2.4
      vertex -27.9352 53.8273 2.4
    endloop
  endfacet
  facet normal -0 0 1
    outer loop
      vertex -28.1727 55.9352 2.4
      vertex -28.0607 53.9393 2.4
      vertex -28.0607 56.0607 2.4
    endloop
  endfacet
  facet normal 0 0 1
    outer loop
      vertex -28.1727 55.9352 2.4
      vertex -28.1727 54.0648 2.4
      vertex -28.0607 53.9393 2.4
    endloop
  endfacet
  facet normal -0 0 1
    outer loop
      vertex -28.2701 55.798 2.4
      vertex -28.1727 54.0648 2.4
      vertex -28.1727 55.9352 2.4
    endloop
  endfacet
  facet normal 0 0 1
    outer loop
      vertex -28.2701 55.798 2.4
      vertex -28.2701 54.202 2.4
      vertex -28.1727 54.0648 2.4
    endloop
  endfacet
  facet normal -0 0 1
    outer loop
      vertex -28.3515 55.6508 2.4
      vertex -28.2701 54.202 2.4
      vertex -28.2701 55.798 2.4
    endloop
  endfacet
  facet normal 0 0 1
    outer loop
      vertex -28.3515 55.6508 2.4
      vertex -28.3515 54.3492 2.4
      vertex -28.2701 54.202 2.4
    endloop
  endfacet
  facet normal -0 0 1
    outer loop
      vertex -28.4158 55.4954 2.4
      vertex -28.3515 54.3492 2.4
      vertex -28.3515 55.6508 2.4
    endloop
  endfacet
  facet normal 0 0 1
    outer loop
      vertex -28.4158 55.4954 2.4
      vertex -28.4158 54.5046 2.4
      vertex -28.3515 54.3492 2.4
    endloop
  endfacet
  facet normal -0 0 1
    outer loop
      vertex -28.4624 55.3338 2.4
      vertex -28.4158 54.5046 2.4
      vertex -28.4158 55.4954 2.4
    endloop
  endfacet
  facet normal 0 0 1
    outer loop
      vertex -28.4624 55.3338 2.4
      vertex -28.4624 54.6662 2.4
      vertex -28.4158 54.5046 2.4
    endloop
  endfacet
  facet normal -0 0 1
    outer loop
      vertex -28.4906 55.1679 2.4
      vertex -28.4624 54.6662 2.4
      vertex -28.4624 55.3338 2.4
    endloop
  endfacet
  facet normal 0 0 1
    outer loop
      vertex -28.4906 55.1679 2.4
      vertex -28.4906 54.8321 2.4
      vertex -28.4624 54.6662 2.4
    endloop
  endfacet
  facet normal 0 -0 1
    outer loop
      vertex -28.4906 54.8321 2.4
      vertex -28.4906 55.1679 2.4
      vertex -28.5 55 2.4
    endloop
  endfacet
  facet normal 0 0 1
    outer loop
      vertex 28.4906 -54.8321 2.4
      vertex 28.4906 -55.1679 2.4
      vertex 28.5 -55 2.4
    endloop
  endfacet
  facet normal 0 0 1
    outer loop
      vertex 28.4624 -54.6662 2.4
      vertex 28.4906 -55.1679 2.4
      vertex 28.4906 -54.8321 2.4
    endloop
  endfacet
  facet normal 0 0 1
    outer loop
      vertex 28.4624 -54.6662 2.4
      vertex 28.4624 -55.3338 2.4
      vertex 28.4906 -55.1679 2.4
    endloop
  endfacet
  facet normal 0 0 1
    outer loop
      vertex 28.4158 -54.5046 2.4
      vertex 28.4624 -55.3338 2.4
      vertex 28.4624 -54.6662 2.4
    endloop
  endfacet
  facet normal 0 0 1
    outer loop
      vertex 28.4158 -54.5046 2.4
      vertex 28.4158 -55.4954 2.4
      vertex 28.4624 -55.3338 2.4
    endloop
  endfacet
  facet normal 0 0 1
    outer loop
      vertex 28.3515 -54.3492 2.4
      vertex 28.4158 -55.4954 2.4
      vertex 28.4158 -54.5046 2.4
    endloop
  endfacet
  facet normal 0 0 1
    outer loop
      vertex 28.3515 -54.3492 2.4
      vertex 28.3515 -55.6508 2.4
      vertex 28.4158 -55.4954 2.4
    endloop
  endfacet
  facet normal 0 0 1
    outer loop
      vertex 28.2701 -54.202 2.4
      vertex 28.3515 -55.6508 2.4
      vertex 28.3515 -54.3492 2.4
    endloop
  endfacet
  facet normal 0 0 1
    outer loop
      vertex 28.2701 -54.202 2.4
      vertex 28.2701 -55.798 2.4
      vertex 28.3515 -55.6508 2.4
    endloop
  endfacet
  facet normal 0 0 1
    outer loop
      vertex 28.1727 -54.0648 2.4
      vertex 28.2701 -55.798 2.4
      vertex 28.2701 -54.202 2.4
    endloop
  endfacet
  facet normal 0 0 1
    outer loop
      vertex 28.1727 -54.0648 2.4
      vertex 28.1727 -55.9352 2.4
      vertex 28.2701 -55.798 2.4
    endloop
  endfacet
  facet normal 0 0 1
    outer loop
      vertex 28.0607 -53.9393 2.4
      vertex 28.1727 -55.9352 2.4
      vertex 28.1727 -54.0648 2.4
    endloop
  endfacet
  facet normal 0 0 1
    outer loop
      vertex 28.0607 -53.9393 2.4
      vertex 28.0607 -56.0607 2.4
      vertex 28.1727 -55.9352 2.4
    endloop
  endfacet
  facet normal 0 0 1
    outer loop
      vertex 27.9352 -53.8273 2.4
      vertex 28.0607 -56.0607 2.4
      vertex 28.0607 -53.9393 2.4
    endloop
  endfacet
  facet normal 0 0 1
    outer loop
      vertex 27.9352 -53.8273 2.4
      vertex 27.9352 -56.1727 2.4
      vertex 28.0607 -56.0607 2.4
    endloop
  endfacet
  facet normal 0 0 1
    outer loop
      vertex 27.798 -53.7299 2.4
      vertex 27.9352 -56.1727 2.4
      vertex 27.9352 -53.8273 2.4
    endloop
  endfacet
  facet normal 0 0 1
    outer loop
      vertex 27.798 -53.7299 2.4
      vertex 27.798 -56.2701 2.4
      vertex 27.9352 -56.1727 2.4
    endloop
  endfacet
  facet normal 0 0 1
    outer loop
      vertex 27.6508 -53.6485 2.4
      vertex 27.798 -56.2701 2.4
      vertex 27.798 -53.7299 2.4
    endloop
  endfacet
  facet normal 0 0 1
    outer loop
      vertex 27.6508 -53.6485 2.4
      vertex 27.6508 -56.3515 2.4
      vertex 27.798 -56.2701 2.4
    endloop
  endfacet
  facet normal 0 0 1
    outer loop
      vertex 27.4954 -53.5842 2.4
      vertex 27.6508 -56.3515 2.4
      vertex 27.6508 -53.6485 2.4
    endloop
  endfacet
  facet normal 0 0 1
    outer loop
      vertex 27.4954 -53.5842 2.4
      vertex 27.4954 -56.4158 2.4
      vertex 27.6508 -56.3515 2.4
    endloop
  endfacet
  facet normal 0 0 1
    outer loop
      vertex 27.3338 -53.5376 2.4
      vertex 27.4954 -56.4158 2.4
      vertex 27.4954 -53.5842 2.4
    endloop
  endfacet
  facet normal 0 0 1
    outer loop
      vertex 27.3338 -53.5376 2.4
      vertex 27.3338 -56.4624 2.4
      vertex 27.4954 -56.4158 2.4
    endloop
  endfacet
  facet normal 0 0 1
    outer loop
      vertex 27.1679 -53.5094 2.4
      vertex 27.3338 -56.4624 2.4
      vertex 27.3338 -53.5376 2.4
    endloop
  endfacet
  facet normal 0 0 1
    outer loop
      vertex 27.1679 -53.5094 2.4
      vertex 27.1679 -56.4906 2.4
      vertex 27.3338 -56.4624 2.4
    endloop
  endfacet
  facet normal 0 0 1
    outer loop
      vertex 27 -53.5 2.4
      vertex 27.1679 -56.4906 2.4
      vertex 27.1679 -53.5094 2.4
    endloop
  endfacet
  facet normal 0 0 1
    outer loop
      vertex 27 -53.5 2.4
      vertex 27 -56.5 2.4
      vertex 27.1679 -56.4906 2.4
    endloop
  endfacet
  facet normal -0 0 1
    outer loop
      vertex 26.8321 -53.5094 2.4
      vertex 27 -56.5 2.4
      vertex 27 -53.5 2.4
    endloop
  endfacet
  facet normal 0 0 1
    outer loop
      vertex 26.8321 -53.5094 2.4
      vertex 26.8321 -56.4906 2.4
      vertex 27 -56.5 2.4
    endloop
  endfacet
  facet normal -0 0 1
    outer loop
      vertex 26.6662 -53.5376 2.4
      vertex 26.8321 -56.4906 2.4
      vertex 26.8321 -53.5094 2.4
    endloop
  endfacet
  facet normal 0 0 1
    outer loop
      vertex 26.6662 -53.5376 2.4
      vertex 26.6662 -56.4624 2.4
      vertex 26.8321 -56.4906 2.4
    endloop
  endfacet
  facet normal -0 0 1
    outer loop
      vertex 26.5046 -53.5842 2.4
      vertex 26.6662 -56.4624 2.4
      vertex 26.6662 -53.5376 2.4
    endloop
  endfacet
  facet normal 0 0 1
    outer loop
      vertex 26.5046 -53.5842 2.4
      vertex 26.5046 -56.4158 2.4
      vertex 26.6662 -56.4624 2.4
    endloop
  endfacet
  facet normal -0 0 1
    outer loop
      vertex 26.3492 -53.6485 2.4
      vertex 26.5046 -56.4158 2.4
      vertex 26.5046 -53.5842 2.4
    endloop
  endfacet
  facet normal 0 0 1
    outer loop
      vertex 26.3492 -53.6485 2.4
      vertex 26.3492 -56.3515 2.4
      vertex 26.5046 -56.4158 2.4
    endloop
  endfacet
  facet normal -0 0 1
    outer loop
      vertex 26.202 -53.7299 2.4
      vertex 26.3492 -56.3515 2.4
      vertex 26.3492 -53.6485 2.4
    endloop
  endfacet
  facet normal 0 0 1
    outer loop
      vertex 26.202 -53.7299 2.4
      vertex 26.202 -56.2701 2.4
      vertex 26.3492 -56.3515 2.4
    endloop
  endfacet
  facet normal -0 0 1
    outer loop
      vertex 26.0648 -53.8273 2.4
      vertex 26.202 -56.2701 2.4
      vertex 26.202 -53.7299 2.4
    endloop
  endfacet
  facet normal 0 0 1
    outer loop
      vertex 26.0648 -53.8273 2.4
      vertex 26.0648 -56.1727 2.4
      vertex 26.202 -56.2701 2.4
    endloop
  endfacet
  facet normal -0 0 1
    outer loop
      vertex 25.9393 -53.9393 2.4
      vertex 26.0648 -56.1727 2.4
      vertex 26.0648 -53.8273 2.4
    endloop
  endfacet
  facet normal 0 0 1
    outer loop
      vertex 25.9393 -53.9393 2.4
      vertex 25.9393 -56.0607 2.4
      vertex 26.0648 -56.1727 2.4
    endloop
  endfacet
  facet normal -0 0 1
    outer loop
      vertex 25.8273 -54.0648 2.4
      vertex 25.9393 -56.0607 2.4
      vertex 25.9393 -53.9393 2.4
    endloop
  endfacet
  facet normal 0 0 1
    outer loop
      vertex 25.8273 -54.0648 2.4
      vertex 25.8273 -55.9352 2.4
      vertex 25.9393 -56.0607 2.4
    endloop
  endfacet
  facet normal -0 0 1
    outer loop
      vertex 25.7299 -54.202 2.4
      vertex 25.8273 -55.9352 2.4
      vertex 25.8273 -54.0648 2.4
    endloop
  endfacet
  facet normal 0 0 1
    outer loop
      vertex 25.7299 -54.202 2.4
      vertex 25.7299 -55.798 2.4
      vertex 25.8273 -55.9352 2.4
    endloop
  endfacet
  facet normal -0 0 1
    outer loop
      vertex 25.6485 -54.3492 2.4
      vertex 25.7299 -55.798 2.4
      vertex 25.7299 -54.202 2.4
    endloop
  endfacet
  facet normal 0 0 1
    outer loop
      vertex 25.6485 -54.3492 2.4
      vertex 25.6485 -55.6508 2.4
      vertex 25.7299 -55.798 2.4
    endloop
  endfacet
  facet normal -0 0 1
    outer loop
      vertex 25.5842 -54.5046 2.4
      vertex 25.6485 -55.6508 2.4
      vertex 25.6485 -54.3492 2.4
    endloop
  endfacet
  facet normal 0 0 1
    outer loop
      vertex 25.5842 -54.5046 2.4
      vertex 25.5842 -55.4954 2.4
      vertex 25.6485 -55.6508 2.4
    endloop
  endfacet
  facet normal -0 0 1
    outer loop
      vertex 25.5376 -54.6662 2.4
      vertex 25.5842 -55.4954 2.4
      vertex 25.5842 -54.5046 2.4
    endloop
  endfacet
  facet normal 0 0 1
    outer loop
      vertex 25.5376 -54.6662 2.4
      vertex 25.5376 -55.3338 2.4
      vertex 25.5842 -55.4954 2.4
    endloop
  endfacet
  facet normal -0 0 1
    outer loop
      vertex 25.5094 -54.8321 2.4
      vertex 25.5376 -55.3338 2.4
      vertex 25.5376 -54.6662 2.4
    endloop
  endfacet
  facet normal 0 0 1
    outer loop
      vertex 25.5094 -54.8321 2.4
      vertex 25.5094 -55.1679 2.4
      vertex 25.5376 -55.3338 2.4
    endloop
  endfacet
  facet normal 0 -0 1
    outer loop
      vertex 25.5094 -55.1679 2.4
      vertex 25.5094 -54.8321 2.4
      vertex 25.5 -55 2.4
    endloop
  endfacet
  facet normal 0 0 1
    outer loop
      vertex 28.4906 55.1679 2.4
      vertex 28.4906 54.8321 2.4
      vertex 28.5 55 2.4
    endloop
  endfacet
  facet normal 0 0 1
    outer loop
      vertex 28.4624 55.3338 2.4
      vertex 28.4906 54.8321 2.4
      vertex 28.4906 55.1679 2.4
    endloop
  endfacet
  facet normal 0 0 1
    outer loop
      vertex 28.4624 55.3338 2.4
      vertex 28.4624 54.6662 2.4
      vertex 28.4906 54.8321 2.4
    endloop
  endfacet
  facet normal 0 0 1
    outer loop
      vertex 28.4158 55.4954 2.4
      vertex 28.4624 54.6662 2.4
      vertex 28.4624 55.3338 2.4
    endloop
  endfacet
  facet normal 0 0 1
    outer loop
      vertex 28.4158 55.4954 2.4
      vertex 28.4158 54.5046 2.4
      vertex 28.4624 54.6662 2.4
    endloop
  endfacet
  facet normal 0 0 1
    outer loop
      vertex 28.3515 55.6508 2.4
      vertex 28.4158 54.5046 2.4
      vertex 28.4158 55.4954 2.4
    endloop
  endfacet
  facet normal 0 0 1
    outer loop
      vertex 28.3515 55.6508 2.4
      vertex 28.3515 54.3492 2.4
      vertex 28.4158 54.5046 2.4
    endloop
  endfacet
  facet normal 0 0 1
    outer loop
      vertex 28.2701 55.798 2.4
      vertex 28.3515 54.3492 2.4
      vertex 28.3515 55.6508 2.4
    endloop
  endfacet
  facet normal 0 0 1
    outer loop
      vertex 28.2701 55.798 2.4
      vertex 28.2701 54.202 2.4
      vertex 28.3515 54.3492 2.4
    endloop
  endfacet
  facet normal 0 0 1
    outer loop
      vertex 28.1727 55.9352 2.4
      vertex 28.2701 54.202 2.4
      vertex 28.2701 55.798 2.4
    endloop
  endfacet
  facet normal 0 0 1
    outer loop
      vertex 28.1727 55.9352 2.4
      vertex 28.1727 54.0648 2.4
      vertex 28.2701 54.202 2.4
    endloop
  endfacet
  facet normal 0 0 1
    outer loop
      vertex 28.0607 56.0607 2.4
      vertex 28.1727 54.0648 2.4
      vertex 28.1727 55.9352 2.4
    endloop
  endfacet
  facet normal 0 0 1
    outer loop
      vertex 28.0607 56.0607 2.4
      vertex 28.0607 53.9393 2.4
      vertex 28.1727 54.0648 2.4
    endloop
  endfacet
  facet normal 0 0 1
    outer loop
      vertex 27.9352 56.1727 2.4
      vertex 28.0607 53.9393 2.4
      vertex 28.0607 56.0607 2.4
    endloop
  endfacet
  facet normal 0 0 1
    outer loop
      vertex 27.9352 56.1727 2.4
      vertex 27.9352 53.8273 2.4
      vertex 28.0607 53.9393 2.4
    endloop
  endfacet
  facet normal 0 0 1
    outer loop
      vertex 27.798 56.2701 2.4
      vertex 27.9352 53.8273 2.4
      vertex 27.9352 56.1727 2.4
    endloop
  endfacet
  facet normal 0 0 1
    outer loop
      vertex 27.798 56.2701 2.4
      vertex 27.798 53.7299 2.4
      vertex 27.9352 53.8273 2.4
    endloop
  endfacet
  facet normal 0 0 1
    outer loop
      vertex 27.6508 56.3515 2.4
      vertex 27.798 53.7299 2.4
      vertex 27.798 56.2701 2.4
    endloop
  endfacet
  facet normal 0 0 1
    outer loop
      vertex 27.6508 56.3515 2.4
      vertex 27.6508 53.6485 2.4
      vertex 27.798 53.7299 2.4
    endloop
  endfacet
  facet normal 0 0 1
    outer loop
      vertex 27.4954 56.4158 2.4
      vertex 27.6508 53.6485 2.4
      vertex 27.6508 56.3515 2.4
    endloop
  endfacet
  facet normal 0 0 1
    outer loop
      vertex 27.4954 56.4158 2.4
      vertex 27.4954 53.5842 2.4
      vertex 27.6508 53.6485 2.4
    endloop
  endfacet
  facet normal 0 0 1
    outer loop
      vertex 27.3338 56.4624 2.4
      vertex 27.4954 53.5842 2.4
      vertex 27.4954 56.4158 2.4
    endloop
  endfacet
  facet normal 0 0 1
    outer loop
      vertex 27.3338 56.4624 2.4
      vertex 27.3338 53.5376 2.4
      vertex 27.4954 53.5842 2.4
    endloop
  endfacet
  facet normal 0 0 1
    outer loop
      vertex 27.1679 56.4906 2.4
      vertex 27.3338 53.5376 2.4
      vertex 27.3338 56.4624 2.4
    endloop
  endfacet
  facet normal 0 0 1
    outer loop
      vertex 27.1679 56.4906 2.4
      vertex 27.1679 53.5094 2.4
      vertex 27.3338 53.5376 2.4
    endloop
  endfacet
  facet normal 0 0 1
    outer loop
      vertex 27 56.5 2.4
      vertex 27.1679 53.5094 2.4
      vertex 27.1679 56.4906 2.4
    endloop
  endfacet
  facet normal 0 0 1
    outer loop
      vertex 27 56.5 2.4
      vertex 27 53.5 2.4
      vertex 27.1679 53.5094 2.4
    endloop
  endfacet
  facet normal -0 0 1
    outer loop
      vertex 26.8321 56.4906 2.4
      vertex 27 53.5 2.4
      vertex 27 56.5 2.4
    endloop
  endfacet
  facet normal 0 0 1
    outer loop
      vertex 26.8321 56.4906 2.4
      vertex 26.8321 53.5094 2.4
      vertex 27 53.5 2.4
    endloop
  endfacet
  facet normal -0 0 1
    outer loop
      vertex 26.6662 56.4624 2.4
      vertex 26.8321 53.5094 2.4
      vertex 26.8321 56.4906 2.4
    endloop
  endfacet
  facet normal 0 0 1
    outer loop
      vertex 26.6662 56.4624 2.4
      vertex 26.6662 53.5376 2.4
      vertex 26.8321 53.5094 2.4
    endloop
  endfacet
  facet normal -0 0 1
    outer loop
      vertex 26.5046 56.4158 2.4
      vertex 26.6662 53.5376 2.4
      vertex 26.6662 56.4624 2.4
    endloop
  endfacet
  facet normal 0 0 1
    outer loop
      vertex 26.5046 56.4158 2.4
      vertex 26.5046 53.5842 2.4
      vertex 26.6662 53.5376 2.4
    endloop
  endfacet
  facet normal -0 0 1
    outer loop
      vertex 26.3492 56.3515 2.4
      vertex 26.5046 53.5842 2.4
      vertex 26.5046 56.4158 2.4
    endloop
  endfacet
  facet normal 0 0 1
    outer loop
      vertex 26.3492 56.3515 2.4
      vertex 26.3492 53.6485 2.4
      vertex 26.5046 53.5842 2.4
    endloop
  endfacet
  facet normal -0 0 1
    outer loop
      vertex 26.202 56.2701 2.4
      vertex 26.3492 53.6485 2.4
      vertex 26.3492 56.3515 2.4
    endloop
  endfacet
  facet normal 0 0 1
    outer loop
      vertex 26.202 56.2701 2.4
      vertex 26.202 53.7299 2.4
      vertex 26.3492 53.6485 2.4
    endloop
  endfacet
  facet normal -0 0 1
    outer loop
      vertex 26.0648 56.1727 2.4
      vertex 26.202 53.7299 2.4
      vertex 26.202 56.2701 2.4
    endloop
  endfacet
  facet normal 0 0 1
    outer loop
      vertex 26.0648 56.1727 2.4
      vertex 26.0648 53.8273 2.4
      vertex 26.202 53.7299 2.4
    endloop
  endfacet
  facet normal -0 0 1
    outer loop
      vertex 25.9393 56.0607 2.4
      vertex 26.0648 53.8273 2.4
      vertex 26.0648 56.1727 2.4
    endloop
  endfacet
  facet normal 0 0 1
    outer loop
      vertex 25.9393 56.0607 2.4
      vertex 25.9393 53.9393 2.4
      vertex 26.0648 53.8273 2.4
    endloop
  endfacet
  facet normal -0 0 1
    outer loop
      vertex 25.8273 55.9352 2.4
      vertex 25.9393 53.9393 2.4
      vertex 25.9393 56.0607 2.4
    endloop
  endfacet
  facet normal 0 0 1
    outer loop
      vertex 25.8273 55.9352 2.4
      vertex 25.8273 54.0648 2.4
      vertex 25.9393 53.9393 2.4
    endloop
  endfacet
  facet normal -0 0 1
    outer loop
      vertex 25.7299 55.798 2.4
      vertex 25.8273 54.0648 2.4
      vertex 25.8273 55.9352 2.4
    endloop
  endfacet
  facet normal 0 0 1
    outer loop
      vertex 25.7299 55.798 2.4
      vertex 25.7299 54.202 2.4
      vertex 25.8273 54.0648 2.4
    endloop
  endfacet
  facet normal -0 0 1
    outer loop
      vertex 25.6485 55.6508 2.4
      vertex 25.7299 54.202 2.4
      vertex 25.7299 55.798 2.4
    endloop
  endfacet
  facet normal 0 0 1
    outer loop
      vertex 25.6485 55.6508 2.4
      vertex 25.6485 54.3492 2.4
      vertex 25.7299 54.202 2.4
    endloop
  endfacet
  facet normal -0 0 1
    outer loop
      vertex 25.5842 55.4954 2.4
      vertex 25.6485 54.3492 2.4
      vertex 25.6485 55.6508 2.4
    endloop
  endfacet
  facet normal 0 0 1
    outer loop
      vertex 25.5842 55.4954 2.4
      vertex 25.5842 54.5046 2.4
      vertex 25.6485 54.3492 2.4
    endloop
  endfacet
  facet normal -0 0 1
    outer loop
      vertex 25.5376 55.3338 2.4
      vertex 25.5842 54.5046 2.4
      vertex 25.5842 55.4954 2.4
    endloop
  endfacet
  facet normal 0 0 1
    outer loop
      vertex 25.5376 55.3338 2.4
      vertex 25.5376 54.6662 2.4
      vertex 25.5842 54.5046 2.4
    endloop
  endfacet
  facet normal -0 0 1
    outer loop
      vertex 25.5094 55.1679 2.4
      vertex 25.5376 54.6662 2.4
      vertex 25.5376 55.3338 2.4
    endloop
  endfacet
  facet normal 0 0 1
    outer loop
      vertex 25.5094 55.1679 2.4
      vertex 25.5094 54.8321 2.4
      vertex 25.5376 54.6662 2.4
    endloop
  endfacet
  facet normal 0 -0 1
    outer loop
      vertex 25.5094 54.8321 2.4
      vertex 25.5094 55.1679 2.4
      vertex 25.5 55 2.4
    endloop
  endfacet
  facet normal 0.815582 0.578642 0
    outer loop
      vertex -23.6131 -52.8719 10
      vertex -23.8727 -52.506 2.4
      vertex -23.8727 -52.506 10
    endloop
  endfacet
  facet normal 0.815582 0.578642 0
    outer loop
      vertex -23.8727 -52.506 2.4
      vertex -23.6131 -52.8719 10
      vertex -23.6131 -52.8719 2.4
    endloop
  endfacet
  facet normal 0.985883 0.167435 0
    outer loop
      vertex -23.0252 -54.5521 10
      vertex -23.1003 -54.1099 2.4
      vertex -23.1003 -54.1099 10
    endloop
  endfacet
  facet normal 0.985883 0.167435 0
    outer loop
      vertex -23.1003 -54.1099 2.4
      vertex -23.0252 -54.5521 10
      vertex -23.0252 -54.5521 2.4
    endloop
  endfacet
  facet normal 0.998421 0.0561737 0
    outer loop
      vertex -23 -55 10
      vertex -23.0252 -54.5521 2.4
      vertex -23.0252 -54.5521 10
    endloop
  endfacet
  facet normal 0.998421 0.0561737 0
    outer loop
      vertex -23.0252 -54.5521 2.4
      vertex -23 -55 10
      vertex -23 -55 2.4
    endloop
  endfacet
  facet normal 0.923919 -0.382588 0
    outer loop
      vertex -23.3961 -56.7355 10
      vertex -23.2245 -56.3211 2.4
      vertex -23.2245 -56.3211 10
    endloop
  endfacet
  facet normal 0.923919 -0.382588 0
    outer loop
      vertex -23.2245 -56.3211 2.4
      vertex -23.3961 -56.7355 10
      vertex -23.3961 -56.7355 2.4
    endloop
  endfacet
  facet normal -0.923919 0.382588 0
    outer loop
      vertex -30.7755 -53.6789 2.4
      vertex -30.6039 -53.2645 10
      vertex -30.6039 -53.2645 2.4
    endloop
  endfacet
  facet normal -0.923919 0.382588 0
    outer loop
      vertex -30.6039 -53.2645 10
      vertex -30.7755 -53.6789 2.4
      vertex -30.7755 -53.6789 10
    endloop
  endfacet
  facet normal 0.815582 -0.578642 0
    outer loop
      vertex -23.8727 -57.494 10
      vertex -23.6131 -57.1281 2.4
      vertex -23.6131 -57.1281 10
    endloop
  endfacet
  facet normal 0.815582 -0.578642 0
    outer loop
      vertex -23.6131 -57.1281 2.4
      vertex -23.8727 -57.494 10
      vertex -23.8727 -57.494 2.4
    endloop
  endfacet
  facet normal -0.0561737 0.998421 0
    outer loop
      vertex -27 -51 2.4
      vertex -27.4479 -51.0252 10
      vertex -27 -51 10
    endloop
  endfacet
  facet normal -0.0561737 0.998421 0
    outer loop
      vertex -27.4479 -51.0252 10
      vertex -27 -51 2.4
      vertex -27.4479 -51.0252 2.4
    endloop
  endfacet
  facet normal -0.578642 0.815582 0
    outer loop
      vertex -29.1281 -51.6131 2.4
      vertex -29.494 -51.8727 10
      vertex -29.1281 -51.6131 10
    endloop
  endfacet
  facet normal -0.578642 0.815582 0
    outer loop
      vertex -29.494 -51.8727 10
      vertex -29.1281 -51.6131 2.4
      vertex -29.494 -51.8727 2.4
    endloop
  endfacet
  facet normal 0.875207 0.483749 0
    outer loop
      vertex -23.3961 -53.2645 10
      vertex -23.6131 -52.8719 2.4
      vertex -23.6131 -52.8719 10
    endloop
  endfacet
  facet normal 0.875207 0.483749 0
    outer loop
      vertex -23.6131 -52.8719 2.4
      vertex -23.3961 -53.2645 10
      vertex -23.3961 -53.2645 2.4
    endloop
  endfacet
  facet normal 0.578642 -0.815582 0
    outer loop
      vertex -24.8719 -58.3869 2.4
      vertex -24.506 -58.1273 10
      vertex -24.8719 -58.3869 10
    endloop
  endfacet
  facet normal 0.578642 -0.815582 0
    outer loop
      vertex -24.506 -58.1273 10
      vertex -24.8719 -58.3869 2.4
      vertex -24.506 -58.1273 2.4
    endloop
  endfacet
  facet normal -0.745574 0.666423 0
    outer loop
      vertex -30.1273 -52.506 2.4
      vertex -29.8284 -52.1716 10
      vertex -29.8284 -52.1716 2.4
    endloop
  endfacet
  facet normal -0.745574 0.666423 0
    outer loop
      vertex -29.8284 -52.1716 10
      vertex -30.1273 -52.506 2.4
      vertex -30.1273 -52.506 10
    endloop
  endfacet
  facet normal -0.960899 0.276899 0
    outer loop
      vertex -30.8997 -54.1099 2.4
      vertex -30.7755 -53.6789 10
      vertex -30.7755 -53.6789 2.4
    endloop
  endfacet
  facet normal -0.960899 0.276899 0
    outer loop
      vertex -30.7755 -53.6789 10
      vertex -30.8997 -54.1099 2.4
      vertex -30.8997 -54.1099 10
    endloop
  endfacet
  facet normal 0.923919 0.382588 0
    outer loop
      vertex -23.2245 -53.6789 10
      vertex -23.3961 -53.2645 2.4
      vertex -23.3961 -53.2645 10
    endloop
  endfacet
  facet normal 0.923919 0.382588 0
    outer loop
      vertex -23.3961 -53.2645 2.4
      vertex -23.2245 -53.6789 10
      vertex -23.2245 -53.6789 2.4
    endloop
  endfacet
  facet normal 0.578642 0.815582 -0
    outer loop
      vertex -24.506 -51.8727 2.4
      vertex -24.8719 -51.6131 10
      vertex -24.506 -51.8727 10
    endloop
  endfacet
  facet normal 0.578642 0.815582 0
    outer loop
      vertex -24.8719 -51.6131 10
      vertex -24.506 -51.8727 2.4
      vertex -24.8719 -51.6131 2.4
    endloop
  endfacet
  facet normal -0.382588 0.923919 0
    outer loop
      vertex -28.3211 -51.2245 2.4
      vertex -28.7355 -51.3961 10
      vertex -28.3211 -51.2245 10
    endloop
  endfacet
  facet normal -0.382588 0.923919 0
    outer loop
      vertex -28.7355 -51.3961 10
      vertex -28.3211 -51.2245 2.4
      vertex -28.7355 -51.3961 2.4
    endloop
  endfacet
  facet normal -0.276899 0.960899 0
    outer loop
      vertex -27.8901 -51.1003 2.4
      vertex -28.3211 -51.2245 10
      vertex -27.8901 -51.1003 10
    endloop
  endfacet
  facet normal -0.276899 0.960899 0
    outer loop
      vertex -28.3211 -51.2245 10
      vertex -27.8901 -51.1003 2.4
      vertex -28.3211 -51.2245 2.4
    endloop
  endfacet
  facet normal 0.960899 0.276899 0
    outer loop
      vertex -23.1003 -54.1099 10
      vertex -23.2245 -53.6789 2.4
      vertex -23.2245 -53.6789 10
    endloop
  endfacet
  facet normal 0.960899 0.276899 0
    outer loop
      vertex -23.2245 -53.6789 2.4
      vertex -23.1003 -54.1099 10
      vertex -23.1003 -54.1099 2.4
    endloop
  endfacet
  facet normal 0.167435 0.985883 -0
    outer loop
      vertex -26.1099 -51.1003 2.4
      vertex -26.5521 -51.0252 10
      vertex -26.1099 -51.1003 10
    endloop
  endfacet
  facet normal 0.167435 0.985883 0
    outer loop
      vertex -26.5521 -51.0252 10
      vertex -26.1099 -51.1003 2.4
      vertex -26.5521 -51.0252 2.4
    endloop
  endfacet
  facet normal 0.666423 0.745574 -0
    outer loop
      vertex -24.1716 -52.1716 2.4
      vertex -24.506 -51.8727 10
      vertex -24.1716 -52.1716 10
    endloop
  endfacet
  facet normal 0.666423 0.745574 0
    outer loop
      vertex -24.506 -51.8727 10
      vertex -24.1716 -52.1716 2.4
      vertex -24.506 -51.8727 2.4
    endloop
  endfacet
  facet normal 0.745574 0.666423 0
    outer loop
      vertex -23.8727 -52.506 10
      vertex -24.1716 -52.1716 2.4
      vertex -24.1716 -52.1716 10
    endloop
  endfacet
  facet normal 0.745574 0.666423 0
    outer loop
      vertex -24.1716 -52.1716 2.4
      vertex -23.8727 -52.506 10
      vertex -23.8727 -52.506 2.4
    endloop
  endfacet
  facet normal 0.382588 -0.923919 0
    outer loop
      vertex -25.6789 -58.7755 2.4
      vertex -25.2645 -58.6039 10
      vertex -25.6789 -58.7755 10
    endloop
  endfacet
  facet normal 0.382588 -0.923919 0
    outer loop
      vertex -25.2645 -58.6039 10
      vertex -25.6789 -58.7755 2.4
      vertex -25.2645 -58.6039 2.4
    endloop
  endfacet
  facet normal -0.483749 0.875207 0
    outer loop
      vertex -28.7355 -51.3961 2.4
      vertex -29.1281 -51.6131 10
      vertex -28.7355 -51.3961 10
    endloop
  endfacet
  facet normal -0.483749 0.875207 0
    outer loop
      vertex -29.1281 -51.6131 10
      vertex -28.7355 -51.3961 2.4
      vertex -29.1281 -51.6131 2.4
    endloop
  endfacet
  facet normal 0.483749 0.875207 -0
    outer loop
      vertex -24.8719 -51.6131 2.4
      vertex -25.2645 -51.3961 10
      vertex -24.8719 -51.6131 10
    endloop
  endfacet
  facet normal 0.483749 0.875207 0
    outer loop
      vertex -25.2645 -51.3961 10
      vertex -24.8719 -51.6131 2.4
      vertex -25.2645 -51.3961 2.4
    endloop
  endfacet
  facet normal 0.985883 -0.167435 0
    outer loop
      vertex -23.1003 -55.8901 10
      vertex -23.0252 -55.4479 2.4
      vertex -23.0252 -55.4479 10
    endloop
  endfacet
  facet normal 0.985883 -0.167435 0
    outer loop
      vertex -23.0252 -55.4479 2.4
      vertex -23.1003 -55.8901 10
      vertex -23.1003 -55.8901 2.4
    endloop
  endfacet
  facet normal 0.0562691 -0.998416 0
    outer loop
      vertex -26.6213 -58.9787 2.4
      vertex -26.5521 -58.9748 10
      vertex -26.6213 -58.9787 10
    endloop
  endfacet
  facet normal 0.0562691 -0.998416 0
    outer loop
      vertex -26.5521 -58.9748 10
      vertex -26.6213 -58.9787 2.4
      vertex -26.5521 -58.9748 2.4
    endloop
  endfacet
  facet normal 0.483749 -0.875207 0
    outer loop
      vertex -25.2645 -58.6039 2.4
      vertex -24.8719 -58.3869 10
      vertex -25.2645 -58.6039 10
    endloop
  endfacet
  facet normal 0.483749 -0.875207 0
    outer loop
      vertex -24.8719 -58.3869 10
      vertex -25.2645 -58.6039 2.4
      vertex -24.8719 -58.3869 2.4
    endloop
  endfacet
  facet normal -0.875207 0.483749 0
    outer loop
      vertex -30.6039 -53.2645 2.4
      vertex -30.3869 -52.8719 10
      vertex -30.3869 -52.8719 2.4
    endloop
  endfacet
  facet normal -0.875207 0.483749 0
    outer loop
      vertex -30.3869 -52.8719 10
      vertex -30.6039 -53.2645 2.4
      vertex -30.6039 -53.2645 10
    endloop
  endfacet
  facet normal 0.0561737 0.998421 -0
    outer loop
      vertex -26.5521 -51.0252 2.4
      vertex -27 -51 10
      vertex -26.5521 -51.0252 10
    endloop
  endfacet
  facet normal 0.0561737 0.998421 0
    outer loop
      vertex -27 -51 10
      vertex -26.5521 -51.0252 2.4
      vertex -27 -51 2.4
    endloop
  endfacet
  facet normal 0.167435 -0.985883 0
    outer loop
      vertex -26.5521 -58.9748 2.4
      vertex -26.1099 -58.8997 10
      vertex -26.5521 -58.9748 10
    endloop
  endfacet
  facet normal 0.167435 -0.985883 0
    outer loop
      vertex -26.1099 -58.8997 10
      vertex -26.5521 -58.9748 2.4
      vertex -26.1099 -58.8997 2.4
    endloop
  endfacet
  facet normal 0.960899 -0.276899 0
    outer loop
      vertex -23.2245 -56.3211 10
      vertex -23.1003 -55.8901 2.4
      vertex -23.1003 -55.8901 10
    endloop
  endfacet
  facet normal 0.960899 -0.276899 0
    outer loop
      vertex -23.1003 -55.8901 2.4
      vertex -23.2245 -56.3211 10
      vertex -23.2245 -56.3211 2.4
    endloop
  endfacet
  facet normal -0.815582 0.578642 0
    outer loop
      vertex -30.3869 -52.8719 2.4
      vertex -30.1273 -52.506 10
      vertex -30.1273 -52.506 2.4
    endloop
  endfacet
  facet normal -0.815582 0.578642 0
    outer loop
      vertex -30.1273 -52.506 10
      vertex -30.3869 -52.8719 2.4
      vertex -30.3869 -52.8719 10
    endloop
  endfacet
  facet normal 0.745574 -0.666423 0
    outer loop
      vertex -24.1716 -57.8284 10
      vertex -23.8727 -57.494 2.4
      vertex -23.8727 -57.494 10
    endloop
  endfacet
  facet normal 0.745574 -0.666423 0
    outer loop
      vertex -23.8727 -57.494 2.4
      vertex -24.1716 -57.8284 10
      vertex -24.1716 -57.8284 2.4
    endloop
  endfacet
  facet normal -0.666423 0.745574 0
    outer loop
      vertex -29.494 -51.8727 2.4
      vertex -29.8284 -52.1716 10
      vertex -29.494 -51.8727 10
    endloop
  endfacet
  facet normal -0.666423 0.745574 0
    outer loop
      vertex -29.8284 -52.1716 10
      vertex -29.494 -51.8727 2.4
      vertex -29.8284 -52.1716 2.4
    endloop
  endfacet
  facet normal 0.666423 -0.745574 0
    outer loop
      vertex -24.506 -58.1273 2.4
      vertex -24.1716 -57.8284 10
      vertex -24.506 -58.1273 10
    endloop
  endfacet
  facet normal 0.666423 -0.745574 0
    outer loop
      vertex -24.1716 -57.8284 10
      vertex -24.506 -58.1273 2.4
      vertex -24.1716 -57.8284 2.4
    endloop
  endfacet
  facet normal -0.167435 0.985883 0
    outer loop
      vertex -27.4479 -51.0252 2.4
      vertex -27.8901 -51.1003 10
      vertex -27.4479 -51.0252 10
    endloop
  endfacet
  facet normal -0.167435 0.985883 0
    outer loop
      vertex -27.8901 -51.1003 10
      vertex -27.4479 -51.0252 2.4
      vertex -27.8901 -51.1003 2.4
    endloop
  endfacet
  facet normal 0.998421 -0.0561737 0
    outer loop
      vertex -23.0252 -55.4479 10
      vertex -23 -55 2.4
      vertex -23 -55 10
    endloop
  endfacet
  facet normal 0.998421 -0.0561737 0
    outer loop
      vertex -23 -55 2.4
      vertex -23.0252 -55.4479 10
      vertex -23.0252 -55.4479 2.4
    endloop
  endfacet
  facet normal 0.276899 0.960899 -0
    outer loop
      vertex -25.6789 -51.2245 2.4
      vertex -26.1099 -51.1003 10
      vertex -25.6789 -51.2245 10
    endloop
  endfacet
  facet normal 0.276899 0.960899 0
    outer loop
      vertex -26.1099 -51.1003 10
      vertex -25.6789 -51.2245 2.4
      vertex -26.1099 -51.1003 2.4
    endloop
  endfacet
  facet normal 0.276899 -0.960899 0
    outer loop
      vertex -26.1099 -58.8997 2.4
      vertex -25.6789 -58.7755 10
      vertex -26.1099 -58.8997 10
    endloop
  endfacet
  facet normal 0.276899 -0.960899 0
    outer loop
      vertex -25.6789 -58.7755 10
      vertex -26.1099 -58.8997 2.4
      vertex -25.6789 -58.7755 2.4
    endloop
  endfacet
  facet normal 0.875207 -0.483749 0
    outer loop
      vertex -23.6131 -57.1281 10
      vertex -23.3961 -56.7355 2.4
      vertex -23.3961 -56.7355 10
    endloop
  endfacet
  facet normal 0.875207 -0.483749 0
    outer loop
      vertex -23.3961 -56.7355 2.4
      vertex -23.6131 -57.1281 10
      vertex -23.6131 -57.1281 2.4
    endloop
  endfacet
  facet normal 0.382588 0.923919 -0
    outer loop
      vertex -25.2645 -51.3961 2.4
      vertex -25.6789 -51.2245 10
      vertex -25.2645 -51.3961 10
    endloop
  endfacet
  facet normal 0.382588 0.923919 0
    outer loop
      vertex -25.6789 -51.2245 10
      vertex -25.2645 -51.3961 2.4
      vertex -25.6789 -51.2245 2.4
    endloop
  endfacet
  facet normal -0.985883 0.167435 0
    outer loop
      vertex -30.9748 -54.5521 2.4
      vertex -30.8997 -54.1099 10
      vertex -30.8997 -54.1099 2.4
    endloop
  endfacet
  facet normal -0.985883 0.167435 0
    outer loop
      vertex -30.8997 -54.1099 10
      vertex -30.9748 -54.5521 2.4
      vertex -30.9748 -54.5521 10
    endloop
  endfacet
  facet normal -0.998416 0.0562691 0
    outer loop
      vertex -30.9787 -54.6213 2.4
      vertex -30.9748 -54.5521 10
      vertex -30.9748 -54.5521 2.4
    endloop
  endfacet
  facet normal -0.998416 0.0562691 0
    outer loop
      vertex -30.9748 -54.5521 10
      vertex -30.9787 -54.6213 2.4
      vertex -30.9787 -54.6213 10
    endloop
  endfacet
  facet normal 0.815417 -0.578875 0
    outer loop
      vertex -28.2701 -54.202 10
      vertex -28.1727 -54.0648 2.4
      vertex -28.1727 -54.0648 10
    endloop
  endfacet
  facet normal 0.815417 -0.578875 0
    outer loop
      vertex -28.1727 -54.0648 2.4
      vertex -28.2701 -54.202 10
      vertex -28.2701 -54.202 2.4
    endloop
  endfacet
  facet normal -0.985859 -0.167578 0
    outer loop
      vertex -25.5094 -54.8321 2.4
      vertex -25.5376 -54.6662 10
      vertex -25.5376 -54.6662 2.4
    endloop
  endfacet
  facet normal -0.985859 -0.167578 0
    outer loop
      vertex -25.5376 -54.6662 10
      vertex -25.5094 -54.8321 2.4
      vertex -25.5094 -54.8321 10
    endloop
  endfacet
  facet normal -0.998436 -0.0558982 0
    outer loop
      vertex -25.5 -55 2.4
      vertex -25.5094 -54.8321 10
      vertex -25.5094 -54.8321 2.4
    endloop
  endfacet
  facet normal -0.998436 -0.0558982 0
    outer loop
      vertex -25.5094 -54.8321 10
      vertex -25.5 -55 2.4
      vertex -25.5 -55 10
    endloop
  endfacet
  facet normal -0.960848 -0.277076 0
    outer loop
      vertex -25.5376 -54.6662 2.4
      vertex -25.5842 -54.5046 10
      vertex -25.5842 -54.5046 2.4
    endloop
  endfacet
  facet normal -0.960848 -0.277076 0
    outer loop
      vertex -25.5842 -54.5046 10
      vertex -25.5376 -54.6662 2.4
      vertex -25.5376 -54.6662 10
    endloop
  endfacet
  facet normal 0.167578 -0.985859 0
    outer loop
      vertex -27.3338 -53.5376 2.4
      vertex -27.1679 -53.5094 10
      vertex -27.3338 -53.5376 10
    endloop
  endfacet
  facet normal 0.167578 -0.985859 0
    outer loop
      vertex -27.1679 -53.5094 10
      vertex -27.3338 -53.5376 2.4
      vertex -27.1679 -53.5094 2.4
    endloop
  endfacet
  facet normal -0.578875 -0.815417 0
    outer loop
      vertex -26.202 -53.7299 2.4
      vertex -26.0648 -53.8273 10
      vertex -26.202 -53.7299 10
    endloop
  endfacet
  facet normal -0.578875 -0.815417 -0
    outer loop
      vertex -26.0648 -53.8273 10
      vertex -26.202 -53.7299 2.4
      vertex -26.0648 -53.8273 2.4
    endloop
  endfacet
  facet normal 0.985859 0.167578 0
    outer loop
      vertex -28.4624 -55.3338 10
      vertex -28.4906 -55.1679 2.4
      vertex -28.4906 -55.1679 10
    endloop
  endfacet
  facet normal 0.985859 0.167578 0
    outer loop
      vertex -28.4906 -55.1679 2.4
      vertex -28.4624 -55.3338 10
      vertex -28.4624 -55.3338 2.4
    endloop
  endfacet
  facet normal -0.277076 -0.960848 0
    outer loop
      vertex -26.6662 -53.5376 2.4
      vertex -26.5046 -53.5842 10
      vertex -26.6662 -53.5376 10
    endloop
  endfacet
  facet normal -0.277076 -0.960848 -0
    outer loop
      vertex -26.5046 -53.5842 10
      vertex -26.6662 -53.5376 2.4
      vertex -26.5046 -53.5842 2.4
    endloop
  endfacet
  facet normal 0.665839 -0.746096 0
    outer loop
      vertex -28.0607 -53.9393 2.4
      vertex -27.9352 -53.8273 10
      vertex -28.0607 -53.9393 10
    endloop
  endfacet
  facet normal 0.665839 -0.746096 0
    outer loop
      vertex -27.9352 -53.8273 10
      vertex -28.0607 -53.9393 2.4
      vertex -27.9352 -53.8273 2.4
    endloop
  endfacet
  facet normal -0.875109 0.483926 0
    outer loop
      vertex -25.7299 -55.798 2.4
      vertex -25.6485 -55.6508 10
      vertex -25.6485 -55.6508 2.4
    endloop
  endfacet
  facet normal -0.875109 0.483926 0
    outer loop
      vertex -25.6485 -55.6508 10
      vertex -25.7299 -55.798 2.4
      vertex -25.7299 -55.798 10
    endloop
  endfacet
  facet normal -0.815417 0.578875 0
    outer loop
      vertex -25.8273 -55.9352 2.4
      vertex -25.7299 -55.798 10
      vertex -25.7299 -55.798 2.4
    endloop
  endfacet
  facet normal -0.815417 0.578875 0
    outer loop
      vertex -25.7299 -55.798 10
      vertex -25.8273 -55.9352 2.4
      vertex -25.8273 -55.9352 10
    endloop
  endfacet
  facet normal -0.382334 -0.924024 0
    outer loop
      vertex -26.5046 -53.5842 2.4
      vertex -26.3492 -53.6485 10
      vertex -26.5046 -53.5842 10
    endloop
  endfacet
  facet normal -0.382334 -0.924024 -0
    outer loop
      vertex -26.3492 -53.6485 10
      vertex -26.5046 -53.5842 2.4
      vertex -26.3492 -53.6485 2.4
    endloop
  endfacet
  facet normal 0.483926 -0.875109 0
    outer loop
      vertex -27.798 -53.7299 2.4
      vertex -27.6508 -53.6485 10
      vertex -27.798 -53.7299 10
    endloop
  endfacet
  facet normal 0.483926 -0.875109 0
    outer loop
      vertex -27.6508 -53.6485 10
      vertex -27.798 -53.7299 2.4
      vertex -27.6508 -53.6485 2.4
    endloop
  endfacet
  facet normal 0.167578 0.985859 -0
    outer loop
      vertex -27.1679 -56.4906 2.4
      vertex -27.3338 -56.4624 10
      vertex -27.1679 -56.4906 10
    endloop
  endfacet
  facet normal 0.167578 0.985859 0
    outer loop
      vertex -27.3338 -56.4624 10
      vertex -27.1679 -56.4906 2.4
      vertex -27.3338 -56.4624 2.4
    endloop
  endfacet
  facet normal -0.483926 -0.875109 0
    outer loop
      vertex -26.3492 -53.6485 2.4
      vertex -26.202 -53.7299 10
      vertex -26.3492 -53.6485 10
    endloop
  endfacet
  facet normal -0.483926 -0.875109 -0
    outer loop
      vertex -26.202 -53.7299 10
      vertex -26.3492 -53.6485 2.4
      vertex -26.202 -53.7299 2.4
    endloop
  endfacet
  facet normal 0.998436 0.0558982 0
    outer loop
      vertex -28.4906 -55.1679 10
      vertex -28.5 -55 2.4
      vertex -28.5 -55 10
    endloop
  endfacet
  facet normal 0.998436 0.0558982 0
    outer loop
      vertex -28.5 -55 2.4
      vertex -28.4906 -55.1679 10
      vertex -28.4906 -55.1679 2.4
    endloop
  endfacet
  facet normal -0.815417 -0.578875 0
    outer loop
      vertex -25.7299 -54.202 2.4
      vertex -25.8273 -54.0648 10
      vertex -25.8273 -54.0648 2.4
    endloop
  endfacet
  facet normal -0.815417 -0.578875 0
    outer loop
      vertex -25.8273 -54.0648 10
      vertex -25.7299 -54.202 2.4
      vertex -25.7299 -54.202 10
    endloop
  endfacet
  facet normal 0.0558982 0.998436 -0
    outer loop
      vertex -27 -56.5 2.4
      vertex -27.1679 -56.4906 10
      vertex -27 -56.5 10
    endloop
  endfacet
  facet normal 0.0558982 0.998436 0
    outer loop
      vertex -27.1679 -56.4906 10
      vertex -27 -56.5 2.4
      vertex -27.1679 -56.4906 2.4
    endloop
  endfacet
  facet normal -0.0558982 -0.998436 0
    outer loop
      vertex -27 -53.5 2.4
      vertex -26.8321 -53.5094 10
      vertex -27 -53.5 10
    endloop
  endfacet
  facet normal -0.0558982 -0.998436 -0
    outer loop
      vertex -26.8321 -53.5094 10
      vertex -27 -53.5 2.4
      vertex -26.8321 -53.5094 2.4
    endloop
  endfacet
  facet normal -0.960848 0.277076 0
    outer loop
      vertex -25.5842 -55.4954 2.4
      vertex -25.5376 -55.3338 10
      vertex -25.5376 -55.3338 2.4
    endloop
  endfacet
  facet normal -0.960848 0.277076 0
    outer loop
      vertex -25.5376 -55.3338 10
      vertex -25.5842 -55.4954 2.4
      vertex -25.5842 -55.4954 10
    endloop
  endfacet
  facet normal -0.746096 0.665839 0
    outer loop
      vertex -25.9393 -56.0607 2.4
      vertex -25.8273 -55.9352 10
      vertex -25.8273 -55.9352 2.4
    endloop
  endfacet
  facet normal -0.746096 0.665839 0
    outer loop
      vertex -25.8273 -55.9352 10
      vertex -25.9393 -56.0607 2.4
      vertex -25.9393 -56.0607 10
    endloop
  endfacet
  facet normal -0.746096 -0.665839 0
    outer loop
      vertex -25.8273 -54.0648 2.4
      vertex -25.9393 -53.9393 10
      vertex -25.9393 -53.9393 2.4
    endloop
  endfacet
  facet normal -0.746096 -0.665839 0
    outer loop
      vertex -25.9393 -53.9393 10
      vertex -25.8273 -54.0648 2.4
      vertex -25.8273 -54.0648 10
    endloop
  endfacet
  facet normal 0.815417 0.578875 0
    outer loop
      vertex -28.1727 -55.9352 10
      vertex -28.2701 -55.798 2.4
      vertex -28.2701 -55.798 10
    endloop
  endfacet
  facet normal 0.815417 0.578875 0
    outer loop
      vertex -28.2701 -55.798 2.4
      vertex -28.1727 -55.9352 10
      vertex -28.1727 -55.9352 2.4
    endloop
  endfacet
  facet normal -0.665839 -0.746096 0
    outer loop
      vertex -26.0648 -53.8273 2.4
      vertex -25.9393 -53.9393 10
      vertex -26.0648 -53.8273 10
    endloop
  endfacet
  facet normal -0.665839 -0.746096 -0
    outer loop
      vertex -25.9393 -53.9393 10
      vertex -26.0648 -53.8273 2.4
      vertex -25.9393 -53.9393 2.4
    endloop
  endfacet
  facet normal 0.875109 0.483926 0
    outer loop
      vertex -28.2701 -55.798 10
      vertex -28.3515 -55.6508 2.4
      vertex -28.3515 -55.6508 10
    endloop
  endfacet
  facet normal 0.875109 0.483926 0
    outer loop
      vertex -28.3515 -55.6508 2.4
      vertex -28.2701 -55.798 10
      vertex -28.2701 -55.798 2.4
    endloop
  endfacet
  facet normal -0.167578 0.985859 0
    outer loop
      vertex -26.6662 -56.4624 2.4
      vertex -26.8321 -56.4906 10
      vertex -26.6662 -56.4624 10
    endloop
  endfacet
  facet normal -0.167578 0.985859 0
    outer loop
      vertex -26.8321 -56.4906 10
      vertex -26.6662 -56.4624 2.4
      vertex -26.8321 -56.4906 2.4
    endloop
  endfacet
  facet normal -0.0558982 0.998436 0
    outer loop
      vertex -26.8321 -56.4906 2.4
      vertex -27 -56.5 10
      vertex -26.8321 -56.4906 10
    endloop
  endfacet
  facet normal -0.0558982 0.998436 0
    outer loop
      vertex -27 -56.5 10
      vertex -26.8321 -56.4906 2.4
      vertex -27 -56.5 2.4
    endloop
  endfacet
  facet normal 0.746096 -0.665839 0
    outer loop
      vertex -28.1727 -54.0648 10
      vertex -28.0607 -53.9393 2.4
      vertex -28.0607 -53.9393 10
    endloop
  endfacet
  facet normal 0.746096 -0.665839 0
    outer loop
      vertex -28.0607 -53.9393 2.4
      vertex -28.1727 -54.0648 10
      vertex -28.1727 -54.0648 2.4
    endloop
  endfacet
  facet normal 0.277076 -0.960848 0
    outer loop
      vertex -27.4954 -53.5842 2.4
      vertex -27.3338 -53.5376 10
      vertex -27.4954 -53.5842 10
    endloop
  endfacet
  facet normal 0.277076 -0.960848 0
    outer loop
      vertex -27.3338 -53.5376 10
      vertex -27.4954 -53.5842 2.4
      vertex -27.3338 -53.5376 2.4
    endloop
  endfacet
  facet normal 0.746096 0.665839 0
    outer loop
      vertex -28.0607 -56.0607 10
      vertex -28.1727 -55.9352 2.4
      vertex -28.1727 -55.9352 10
    endloop
  endfacet
  facet normal 0.746096 0.665839 0
    outer loop
      vertex -28.1727 -55.9352 2.4
      vertex -28.0607 -56.0607 10
      vertex -28.0607 -56.0607 2.4
    endloop
  endfacet
  facet normal -0.924024 -0.382334 0
    outer loop
      vertex -25.5842 -54.5046 2.4
      vertex -25.6485 -54.3492 10
      vertex -25.6485 -54.3492 2.4
    endloop
  endfacet
  facet normal -0.924024 -0.382334 0
    outer loop
      vertex -25.6485 -54.3492 10
      vertex -25.5842 -54.5046 2.4
      vertex -25.5842 -54.5046 10
    endloop
  endfacet
  facet normal 0.578875 0.815417 -0
    outer loop
      vertex -27.798 -56.2701 2.4
      vertex -27.9352 -56.1727 10
      vertex -27.798 -56.2701 10
    endloop
  endfacet
  facet normal 0.578875 0.815417 0
    outer loop
      vertex -27.9352 -56.1727 10
      vertex -27.798 -56.2701 2.4
      vertex -27.9352 -56.1727 2.4
    endloop
  endfacet
  facet normal -0.483926 0.875109 0
    outer loop
      vertex -26.202 -56.2701 2.4
      vertex -26.3492 -56.3515 10
      vertex -26.202 -56.2701 10
    endloop
  endfacet
  facet normal -0.483926 0.875109 0
    outer loop
      vertex -26.3492 -56.3515 10
      vertex -26.202 -56.2701 2.4
      vertex -26.3492 -56.3515 2.4
    endloop
  endfacet
  facet normal 0.960848 -0.277076 0
    outer loop
      vertex -28.4624 -54.6662 10
      vertex -28.4158 -54.5046 2.4
      vertex -28.4158 -54.5046 10
    endloop
  endfacet
  facet normal 0.960848 -0.277076 0
    outer loop
      vertex -28.4158 -54.5046 2.4
      vertex -28.4624 -54.6662 10
      vertex -28.4624 -54.6662 2.4
    endloop
  endfacet
  facet normal -0.998436 0.0558982 0
    outer loop
      vertex -25.5094 -55.1679 2.4
      vertex -25.5 -55 10
      vertex -25.5 -55 2.4
    endloop
  endfacet
  facet normal -0.998436 0.0558982 0
    outer loop
      vertex -25.5 -55 10
      vertex -25.5094 -55.1679 2.4
      vertex -25.5094 -55.1679 10
    endloop
  endfacet
  facet normal -0.985859 0.167578 0
    outer loop
      vertex -25.5376 -55.3338 2.4
      vertex -25.5094 -55.1679 10
      vertex -25.5094 -55.1679 2.4
    endloop
  endfacet
  facet normal -0.985859 0.167578 0
    outer loop
      vertex -25.5094 -55.1679 10
      vertex -25.5376 -55.3338 2.4
      vertex -25.5376 -55.3338 10
    endloop
  endfacet
  facet normal 0.960848 0.277076 0
    outer loop
      vertex -28.4158 -55.4954 10
      vertex -28.4624 -55.3338 2.4
      vertex -28.4624 -55.3338 10
    endloop
  endfacet
  facet normal 0.960848 0.277076 0
    outer loop
      vertex -28.4624 -55.3338 2.4
      vertex -28.4158 -55.4954 10
      vertex -28.4158 -55.4954 2.4
    endloop
  endfacet
  facet normal -0.924024 0.382334 0
    outer loop
      vertex -25.6485 -55.6508 2.4
      vertex -25.5842 -55.4954 10
      vertex -25.5842 -55.4954 2.4
    endloop
  endfacet
  facet normal -0.924024 0.382334 0
    outer loop
      vertex -25.5842 -55.4954 10
      vertex -25.6485 -55.6508 2.4
      vertex -25.6485 -55.6508 10
    endloop
  endfacet
  facet normal 0.0558982 -0.998436 0
    outer loop
      vertex -27.1679 -53.5094 2.4
      vertex -27 -53.5 10
      vertex -27.1679 -53.5094 10
    endloop
  endfacet
  facet normal 0.0558982 -0.998436 0
    outer loop
      vertex -27 -53.5 10
      vertex -27.1679 -53.5094 2.4
      vertex -27 -53.5 2.4
    endloop
  endfacet
  facet normal 0.483926 0.875109 -0
    outer loop
      vertex -27.6508 -56.3515 2.4
      vertex -27.798 -56.2701 10
      vertex -27.6508 -56.3515 10
    endloop
  endfacet
  facet normal 0.483926 0.875109 0
    outer loop
      vertex -27.798 -56.2701 10
      vertex -27.6508 -56.3515 2.4
      vertex -27.798 -56.2701 2.4
    endloop
  endfacet
  facet normal 0.875109 -0.483926 0
    outer loop
      vertex -28.3515 -54.3492 10
      vertex -28.2701 -54.202 2.4
      vertex -28.2701 -54.202 10
    endloop
  endfacet
  facet normal 0.875109 -0.483926 0
    outer loop
      vertex -28.2701 -54.202 2.4
      vertex -28.3515 -54.3492 10
      vertex -28.3515 -54.3492 2.4
    endloop
  endfacet
  facet normal 0.998436 -0.0558982 0
    outer loop
      vertex -28.5 -55 10
      vertex -28.4906 -54.8321 2.4
      vertex -28.4906 -54.8321 10
    endloop
  endfacet
  facet normal 0.998436 -0.0558982 0
    outer loop
      vertex -28.4906 -54.8321 2.4
      vertex -28.5 -55 10
      vertex -28.5 -55 2.4
    endloop
  endfacet
  facet normal -0.875109 -0.483926 0
    outer loop
      vertex -25.6485 -54.3492 2.4
      vertex -25.7299 -54.202 10
      vertex -25.7299 -54.202 2.4
    endloop
  endfacet
  facet normal -0.875109 -0.483926 0
    outer loop
      vertex -25.7299 -54.202 10
      vertex -25.6485 -54.3492 2.4
      vertex -25.6485 -54.3492 10
    endloop
  endfacet
  facet normal 0.924024 -0.382334 0
    outer loop
      vertex -28.4158 -54.5046 10
      vertex -28.3515 -54.3492 2.4
      vertex -28.3515 -54.3492 10
    endloop
  endfacet
  facet normal 0.924024 -0.382334 0
    outer loop
      vertex -28.3515 -54.3492 2.4
      vertex -28.4158 -54.5046 10
      vertex -28.4158 -54.5046 2.4
    endloop
  endfacet
  facet normal 0.924024 0.382334 0
    outer loop
      vertex -28.3515 -55.6508 10
      vertex -28.4158 -55.4954 2.4
      vertex -28.4158 -55.4954 10
    endloop
  endfacet
  facet normal 0.924024 0.382334 0
    outer loop
      vertex -28.4158 -55.4954 2.4
      vertex -28.3515 -55.6508 10
      vertex -28.3515 -55.6508 2.4
    endloop
  endfacet
  facet normal 0.578875 -0.815417 0
    outer loop
      vertex -27.9352 -53.8273 2.4
      vertex -27.798 -53.7299 10
      vertex -27.9352 -53.8273 10
    endloop
  endfacet
  facet normal 0.578875 -0.815417 0
    outer loop
      vertex -27.798 -53.7299 10
      vertex -27.9352 -53.8273 2.4
      vertex -27.798 -53.7299 2.4
    endloop
  endfacet
  facet normal 0.985859 -0.167578 0
    outer loop
      vertex -28.4906 -54.8321 10
      vertex -28.4624 -54.6662 2.4
      vertex -28.4624 -54.6662 10
    endloop
  endfacet
  facet normal 0.985859 -0.167578 0
    outer loop
      vertex -28.4624 -54.6662 2.4
      vertex -28.4906 -54.8321 10
      vertex -28.4906 -54.8321 2.4
    endloop
  endfacet
  facet normal -0.277076 0.960848 0
    outer loop
      vertex -26.5046 -56.4158 2.4
      vertex -26.6662 -56.4624 10
      vertex -26.5046 -56.4158 10
    endloop
  endfacet
  facet normal -0.277076 0.960848 0
    outer loop
      vertex -26.6662 -56.4624 10
      vertex -26.5046 -56.4158 2.4
      vertex -26.6662 -56.4624 2.4
    endloop
  endfacet
  facet normal 0.277076 0.960848 -0
    outer loop
      vertex -27.3338 -56.4624 2.4
      vertex -27.4954 -56.4158 10
      vertex -27.3338 -56.4624 10
    endloop
  endfacet
  facet normal 0.277076 0.960848 0
    outer loop
      vertex -27.4954 -56.4158 10
      vertex -27.3338 -56.4624 2.4
      vertex -27.4954 -56.4158 2.4
    endloop
  endfacet
  facet normal 0.382334 -0.924024 0
    outer loop
      vertex -27.6508 -53.6485 2.4
      vertex -27.4954 -53.5842 10
      vertex -27.6508 -53.6485 10
    endloop
  endfacet
  facet normal 0.382334 -0.924024 0
    outer loop
      vertex -27.4954 -53.5842 10
      vertex -27.6508 -53.6485 2.4
      vertex -27.4954 -53.5842 2.4
    endloop
  endfacet
  facet normal -0.167578 -0.985859 0
    outer loop
      vertex -26.8321 -53.5094 2.4
      vertex -26.6662 -53.5376 10
      vertex -26.8321 -53.5094 10
    endloop
  endfacet
  facet normal -0.167578 -0.985859 -0
    outer loop
      vertex -26.6662 -53.5376 10
      vertex -26.8321 -53.5094 2.4
      vertex -26.6662 -53.5376 2.4
    endloop
  endfacet
  facet normal -0.382334 0.924024 0
    outer loop
      vertex -26.3492 -56.3515 2.4
      vertex -26.5046 -56.4158 10
      vertex -26.3492 -56.3515 10
    endloop
  endfacet
  facet normal -0.382334 0.924024 0
    outer loop
      vertex -26.5046 -56.4158 10
      vertex -26.3492 -56.3515 2.4
      vertex -26.5046 -56.4158 2.4
    endloop
  endfacet
  facet normal -0.578875 0.815417 0
    outer loop
      vertex -26.0648 -56.1727 2.4
      vertex -26.202 -56.2701 10
      vertex -26.0648 -56.1727 10
    endloop
  endfacet
  facet normal -0.578875 0.815417 0
    outer loop
      vertex -26.202 -56.2701 10
      vertex -26.0648 -56.1727 2.4
      vertex -26.202 -56.2701 2.4
    endloop
  endfacet
  facet normal 0.665839 0.746096 -0
    outer loop
      vertex -27.9352 -56.1727 2.4
      vertex -28.0607 -56.0607 10
      vertex -27.9352 -56.1727 10
    endloop
  endfacet
  facet normal 0.665839 0.746096 0
    outer loop
      vertex -28.0607 -56.0607 10
      vertex -27.9352 -56.1727 2.4
      vertex -28.0607 -56.0607 2.4
    endloop
  endfacet
  facet normal 0.382334 0.924024 -0
    outer loop
      vertex -27.4954 -56.4158 2.4
      vertex -27.6508 -56.3515 10
      vertex -27.4954 -56.4158 10
    endloop
  endfacet
  facet normal 0.382334 0.924024 0
    outer loop
      vertex -27.6508 -56.3515 10
      vertex -27.4954 -56.4158 2.4
      vertex -27.6508 -56.3515 2.4
    endloop
  endfacet
  facet normal -0.665839 0.746096 0
    outer loop
      vertex -25.9393 -56.0607 2.4
      vertex -26.0648 -56.1727 10
      vertex -25.9393 -56.0607 10
    endloop
  endfacet
  facet normal -0.665839 0.746096 0
    outer loop
      vertex -26.0648 -56.1727 10
      vertex -25.9393 -56.0607 2.4
      vertex -26.0648 -56.1727 2.4
    endloop
  endfacet
  facet normal 0.815582 0.578642 0
    outer loop
      vertex -23.6131 57.1281 10
      vertex -23.8727 57.494 2.4
      vertex -23.8727 57.494 10
    endloop
  endfacet
  facet normal 0.815582 0.578642 0
    outer loop
      vertex -23.8727 57.494 2.4
      vertex -23.6131 57.1281 10
      vertex -23.6131 57.1281 2.4
    endloop
  endfacet
  facet normal 0.985883 0.167435 0
    outer loop
      vertex -23.0252 55.4479 10
      vertex -23.1003 55.8901 2.4
      vertex -23.1003 55.8901 10
    endloop
  endfacet
  facet normal 0.985883 0.167435 0
    outer loop
      vertex -23.1003 55.8901 2.4
      vertex -23.0252 55.4479 10
      vertex -23.0252 55.4479 2.4
    endloop
  endfacet
  facet normal 0.998421 0.0561737 0
    outer loop
      vertex -23 55 10
      vertex -23.0252 55.4479 2.4
      vertex -23.0252 55.4479 10
    endloop
  endfacet
  facet normal 0.998421 0.0561737 0
    outer loop
      vertex -23.0252 55.4479 2.4
      vertex -23 55 10
      vertex -23 55 2.4
    endloop
  endfacet
  facet normal 0.923919 -0.382588 0
    outer loop
      vertex -23.3961 53.2645 10
      vertex -23.2245 53.6789 2.4
      vertex -23.2245 53.6789 10
    endloop
  endfacet
  facet normal 0.923919 -0.382588 0
    outer loop
      vertex -23.2245 53.6789 2.4
      vertex -23.3961 53.2645 10
      vertex -23.3961 53.2645 2.4
    endloop
  endfacet
  facet normal 0.815582 -0.578642 0
    outer loop
      vertex -23.8727 52.506 10
      vertex -23.6131 52.8719 2.4
      vertex -23.6131 52.8719 10
    endloop
  endfacet
  facet normal 0.815582 -0.578642 0
    outer loop
      vertex -23.6131 52.8719 2.4
      vertex -23.8727 52.506 10
      vertex -23.8727 52.506 2.4
    endloop
  endfacet
  facet normal 0.875207 0.483749 0
    outer loop
      vertex -23.3961 56.7355 10
      vertex -23.6131 57.1281 2.4
      vertex -23.6131 57.1281 10
    endloop
  endfacet
  facet normal 0.875207 0.483749 0
    outer loop
      vertex -23.6131 57.1281 2.4
      vertex -23.3961 56.7355 10
      vertex -23.3961 56.7355 2.4
    endloop
  endfacet
  facet normal 0.578642 -0.815582 0
    outer loop
      vertex -24.8719 51.6131 2.4
      vertex -24.506 51.8727 10
      vertex -24.8719 51.6131 10
    endloop
  endfacet
  facet normal 0.578642 -0.815582 0
    outer loop
      vertex -24.506 51.8727 10
      vertex -24.8719 51.6131 2.4
      vertex -24.506 51.8727 2.4
    endloop
  endfacet
  facet normal 0.923919 0.382588 0
    outer loop
      vertex -23.2245 56.3211 10
      vertex -23.3961 56.7355 2.4
      vertex -23.3961 56.7355 10
    endloop
  endfacet
  facet normal 0.923919 0.382588 0
    outer loop
      vertex -23.3961 56.7355 2.4
      vertex -23.2245 56.3211 10
      vertex -23.2245 56.3211 2.4
    endloop
  endfacet
  facet normal 0.578642 0.815582 -0
    outer loop
      vertex -24.506 58.1273 2.4
      vertex -24.8719 58.3869 10
      vertex -24.506 58.1273 10
    endloop
  endfacet
  facet normal 0.578642 0.815582 0
    outer loop
      vertex -24.8719 58.3869 10
      vertex -24.506 58.1273 2.4
      vertex -24.8719 58.3869 2.4
    endloop
  endfacet
  facet normal -0.985883 -0.167435 0
    outer loop
      vertex -30.8997 54.1099 2.4
      vertex -30.9748 54.5521 10
      vertex -30.9748 54.5521 2.4
    endloop
  endfacet
  facet normal -0.985883 -0.167435 0
    outer loop
      vertex -30.9748 54.5521 10
      vertex -30.8997 54.1099 2.4
      vertex -30.8997 54.1099 10
    endloop
  endfacet
  facet normal 0.960899 0.276899 0
    outer loop
      vertex -23.1003 55.8901 10
      vertex -23.2245 56.3211 2.4
      vertex -23.2245 56.3211 10
    endloop
  endfacet
  facet normal 0.960899 0.276899 0
    outer loop
      vertex -23.2245 56.3211 2.4
      vertex -23.1003 55.8901 10
      vertex -23.1003 55.8901 2.4
    endloop
  endfacet
  facet normal 0.167435 0.985883 -0
    outer loop
      vertex -26.1099 58.8997 2.4
      vertex -26.5521 58.9748 10
      vertex -26.1099 58.8997 10
    endloop
  endfacet
  facet normal 0.167435 0.985883 0
    outer loop
      vertex -26.5521 58.9748 10
      vertex -26.1099 58.8997 2.4
      vertex -26.5521 58.9748 2.4
    endloop
  endfacet
  facet normal 0.666423 0.745574 -0
    outer loop
      vertex -24.1716 57.8284 2.4
      vertex -24.506 58.1273 10
      vertex -24.1716 57.8284 10
    endloop
  endfacet
  facet normal 0.666423 0.745574 0
    outer loop
      vertex -24.506 58.1273 10
      vertex -24.1716 57.8284 2.4
      vertex -24.506 58.1273 2.4
    endloop
  endfacet
  facet normal -0.167435 -0.985883 0
    outer loop
      vertex -27.8901 51.1003 2.4
      vertex -27.4479 51.0252 10
      vertex -27.8901 51.1003 10
    endloop
  endfacet
  facet normal -0.167435 -0.985883 -0
    outer loop
      vertex -27.4479 51.0252 10
      vertex -27.8901 51.1003 2.4
      vertex -27.4479 51.0252 2.4
    endloop
  endfacet
  facet normal 0.745574 0.666423 0
    outer loop
      vertex -23.8727 57.494 10
      vertex -24.1716 57.8284 2.4
      vertex -24.1716 57.8284 10
    endloop
  endfacet
  facet normal 0.745574 0.666423 0
    outer loop
      vertex -24.1716 57.8284 2.4
      vertex -23.8727 57.494 10
      vertex -23.8727 57.494 2.4
    endloop
  endfacet
  facet normal 0.382588 -0.923919 0
    outer loop
      vertex -25.6789 51.2245 2.4
      vertex -25.2645 51.3961 10
      vertex -25.6789 51.2245 10
    endloop
  endfacet
  facet normal 0.382588 -0.923919 0
    outer loop
      vertex -25.2645 51.3961 10
      vertex -25.6789 51.2245 2.4
      vertex -25.2645 51.3961 2.4
    endloop
  endfacet
  facet normal 0.483749 0.875207 -0
    outer loop
      vertex -24.8719 58.3869 2.4
      vertex -25.2645 58.6039 10
      vertex -24.8719 58.3869 10
    endloop
  endfacet
  facet normal 0.483749 0.875207 0
    outer loop
      vertex -25.2645 58.6039 10
      vertex -24.8719 58.3869 2.4
      vertex -25.2645 58.6039 2.4
    endloop
  endfacet
  facet normal 0.985883 -0.167435 0
    outer loop
      vertex -23.1003 54.1099 10
      vertex -23.0252 54.5521 2.4
      vertex -23.0252 54.5521 10
    endloop
  endfacet
  facet normal 0.985883 -0.167435 0
    outer loop
      vertex -23.0252 54.5521 2.4
      vertex -23.1003 54.1099 10
      vertex -23.1003 54.1099 2.4
    endloop
  endfacet
  facet normal 0.0561737 -0.998421 0
    outer loop
      vertex -27 51 2.4
      vertex -26.5521 51.0252 10
      vertex -27 51 10
    endloop
  endfacet
  facet normal 0.0561737 -0.998421 0
    outer loop
      vertex -26.5521 51.0252 10
      vertex -27 51 2.4
      vertex -26.5521 51.0252 2.4
    endloop
  endfacet
  facet normal 0.483749 -0.875207 0
    outer loop
      vertex -25.2645 51.3961 2.4
      vertex -24.8719 51.6131 10
      vertex -25.2645 51.3961 10
    endloop
  endfacet
  facet normal 0.483749 -0.875207 0
    outer loop
      vertex -24.8719 51.6131 10
      vertex -25.2645 51.3961 2.4
      vertex -24.8719 51.6131 2.4
    endloop
  endfacet
  facet normal -0.578642 -0.815582 0
    outer loop
      vertex -29.494 51.8727 2.4
      vertex -29.1281 51.6131 10
      vertex -29.494 51.8727 10
    endloop
  endfacet
  facet normal -0.578642 -0.815582 -0
    outer loop
      vertex -29.1281 51.6131 10
      vertex -29.494 51.8727 2.4
      vertex -29.1281 51.6131 2.4
    endloop
  endfacet
  facet normal -0.815582 -0.578642 0
    outer loop
      vertex -30.1273 52.506 2.4
      vertex -30.3869 52.8719 10
      vertex -30.3869 52.8719 2.4
    endloop
  endfacet
  facet normal -0.815582 -0.578642 0
    outer loop
      vertex -30.3869 52.8719 10
      vertex -30.1273 52.506 2.4
      vertex -30.1273 52.506 10
    endloop
  endfacet
  facet normal -0.875207 -0.483749 0
    outer loop
      vertex -30.3869 52.8719 2.4
      vertex -30.6039 53.2645 10
      vertex -30.6039 53.2645 2.4
    endloop
  endfacet
  facet normal -0.875207 -0.483749 0
    outer loop
      vertex -30.6039 53.2645 10
      vertex -30.3869 52.8719 2.4
      vertex -30.3869 52.8719 10
    endloop
  endfacet
  facet normal 0.0562691 0.998416 -0
    outer loop
      vertex -26.5521 58.9748 2.4
      vertex -26.6213 58.9787 10
      vertex -26.5521 58.9748 10
    endloop
  endfacet
  facet normal 0.0562691 0.998416 0
    outer loop
      vertex -26.6213 58.9787 10
      vertex -26.5521 58.9748 2.4
      vertex -26.6213 58.9787 2.4
    endloop
  endfacet
  facet normal 0.167435 -0.985883 0
    outer loop
      vertex -26.5521 51.0252 2.4
      vertex -26.1099 51.1003 10
      vertex -26.5521 51.0252 10
    endloop
  endfacet
  facet normal 0.167435 -0.985883 0
    outer loop
      vertex -26.1099 51.1003 10
      vertex -26.5521 51.0252 2.4
      vertex -26.1099 51.1003 2.4
    endloop
  endfacet
  facet normal 0.960899 -0.276899 0
    outer loop
      vertex -23.2245 53.6789 10
      vertex -23.1003 54.1099 2.4
      vertex -23.1003 54.1099 10
    endloop
  endfacet
  facet normal 0.960899 -0.276899 0
    outer loop
      vertex -23.1003 54.1099 2.4
      vertex -23.2245 53.6789 10
      vertex -23.2245 53.6789 2.4
    endloop
  endfacet
  facet normal 0.745574 -0.666423 0
    outer loop
      vertex -24.1716 52.1716 10
      vertex -23.8727 52.506 2.4
      vertex -23.8727 52.506 10
    endloop
  endfacet
  facet normal 0.745574 -0.666423 0
    outer loop
      vertex -23.8727 52.506 2.4
      vertex -24.1716 52.1716 10
      vertex -24.1716 52.1716 2.4
    endloop
  endfacet
  facet normal -0.276899 -0.960899 0
    outer loop
      vertex -28.3211 51.2245 2.4
      vertex -27.8901 51.1003 10
      vertex -28.3211 51.2245 10
    endloop
  endfacet
  facet normal -0.276899 -0.960899 -0
    outer loop
      vertex -27.8901 51.1003 10
      vertex -28.3211 51.2245 2.4
      vertex -27.8901 51.1003 2.4
    endloop
  endfacet
  facet normal 0.666423 -0.745574 0
    outer loop
      vertex -24.506 51.8727 2.4
      vertex -24.1716 52.1716 10
      vertex -24.506 51.8727 10
    endloop
  endfacet
  facet normal 0.666423 -0.745574 0
    outer loop
      vertex -24.1716 52.1716 10
      vertex -24.506 51.8727 2.4
      vertex -24.1716 52.1716 2.4
    endloop
  endfacet
  facet normal -0.960899 -0.276899 0
    outer loop
      vertex -30.7755 53.6789 2.4
      vertex -30.8997 54.1099 10
      vertex -30.8997 54.1099 2.4
    endloop
  endfacet
  facet normal -0.960899 -0.276899 0
    outer loop
      vertex -30.8997 54.1099 10
      vertex -30.7755 53.6789 2.4
      vertex -30.7755 53.6789 10
    endloop
  endfacet
  facet normal -0.923919 -0.382588 0
    outer loop
      vertex -30.6039 53.2645 2.4
      vertex -30.7755 53.6789 10
      vertex -30.7755 53.6789 2.4
    endloop
  endfacet
  facet normal -0.923919 -0.382588 0
    outer loop
      vertex -30.7755 53.6789 10
      vertex -30.6039 53.2645 2.4
      vertex -30.6039 53.2645 10
    endloop
  endfacet
  facet normal 0.998421 -0.0561737 0
    outer loop
      vertex -23.0252 54.5521 10
      vertex -23 55 2.4
      vertex -23 55 10
    endloop
  endfacet
  facet normal 0.998421 -0.0561737 0
    outer loop
      vertex -23 55 2.4
      vertex -23.0252 54.5521 10
      vertex -23.0252 54.5521 2.4
    endloop
  endfacet
  facet normal 0.276899 0.960899 -0
    outer loop
      vertex -25.6789 58.7755 2.4
      vertex -26.1099 58.8997 10
      vertex -25.6789 58.7755 10
    endloop
  endfacet
  facet normal 0.276899 0.960899 0
    outer loop
      vertex -26.1099 58.8997 10
      vertex -25.6789 58.7755 2.4
      vertex -26.1099 58.8997 2.4
    endloop
  endfacet
  facet normal 0.276899 -0.960899 0
    outer loop
      vertex -26.1099 51.1003 2.4
      vertex -25.6789 51.2245 10
      vertex -26.1099 51.1003 10
    endloop
  endfacet
  facet normal 0.276899 -0.960899 0
    outer loop
      vertex -25.6789 51.2245 10
      vertex -26.1099 51.1003 2.4
      vertex -25.6789 51.2245 2.4
    endloop
  endfacet
  facet normal -0.998416 -0.0562691 0
    outer loop
      vertex -30.9748 54.5521 2.4
      vertex -30.9787 54.6213 10
      vertex -30.9787 54.6213 2.4
    endloop
  endfacet
  facet normal -0.998416 -0.0562691 0
    outer loop
      vertex -30.9787 54.6213 10
      vertex -30.9748 54.5521 2.4
      vertex -30.9748 54.5521 10
    endloop
  endfacet
  facet normal -0.745574 -0.666423 0
    outer loop
      vertex -29.8284 52.1716 2.4
      vertex -30.1273 52.506 10
      vertex -30.1273 52.506 2.4
    endloop
  endfacet
  facet normal -0.745574 -0.666423 0
    outer loop
      vertex -30.1273 52.506 10
      vertex -29.8284 52.1716 2.4
      vertex -29.8284 52.1716 10
    endloop
  endfacet
  facet normal -0.666423 -0.745574 0
    outer loop
      vertex -29.8284 52.1716 2.4
      vertex -29.494 51.8727 10
      vertex -29.8284 52.1716 10
    endloop
  endfacet
  facet normal -0.666423 -0.745574 -0
    outer loop
      vertex -29.494 51.8727 10
      vertex -29.8284 52.1716 2.4
      vertex -29.494 51.8727 2.4
    endloop
  endfacet
  facet normal 0.875207 -0.483749 0
    outer loop
      vertex -23.6131 52.8719 10
      vertex -23.3961 53.2645 2.4
      vertex -23.3961 53.2645 10
    endloop
  endfacet
  facet normal 0.875207 -0.483749 0
    outer loop
      vertex -23.3961 53.2645 2.4
      vertex -23.6131 52.8719 10
      vertex -23.6131 52.8719 2.4
    endloop
  endfacet
  facet normal 0.382588 0.923919 -0
    outer loop
      vertex -25.2645 58.6039 2.4
      vertex -25.6789 58.7755 10
      vertex -25.2645 58.6039 10
    endloop
  endfacet
  facet normal 0.382588 0.923919 0
    outer loop
      vertex -25.6789 58.7755 10
      vertex -25.2645 58.6039 2.4
      vertex -25.6789 58.7755 2.4
    endloop
  endfacet
  facet normal -0.483749 -0.875207 0
    outer loop
      vertex -29.1281 51.6131 2.4
      vertex -28.7355 51.3961 10
      vertex -29.1281 51.6131 10
    endloop
  endfacet
  facet normal -0.483749 -0.875207 -0
    outer loop
      vertex -28.7355 51.3961 10
      vertex -29.1281 51.6131 2.4
      vertex -28.7355 51.3961 2.4
    endloop
  endfacet
  facet normal -0.0561737 -0.998421 0
    outer loop
      vertex -27.4479 51.0252 2.4
      vertex -27 51 10
      vertex -27.4479 51.0252 10
    endloop
  endfacet
  facet normal -0.0561737 -0.998421 -0
    outer loop
      vertex -27 51 10
      vertex -27.4479 51.0252 2.4
      vertex -27 51 2.4
    endloop
  endfacet
  facet normal -0.382588 -0.923919 0
    outer loop
      vertex -28.7355 51.3961 2.4
      vertex -28.3211 51.2245 10
      vertex -28.7355 51.3961 10
    endloop
  endfacet
  facet normal -0.382588 -0.923919 -0
    outer loop
      vertex -28.3211 51.2245 10
      vertex -28.7355 51.3961 2.4
      vertex -28.3211 51.2245 2.4
    endloop
  endfacet
  facet normal 0.815417 -0.578875 0
    outer loop
      vertex -28.2701 55.798 10
      vertex -28.1727 55.9352 2.4
      vertex -28.1727 55.9352 10
    endloop
  endfacet
  facet normal 0.815417 -0.578875 0
    outer loop
      vertex -28.1727 55.9352 2.4
      vertex -28.2701 55.798 10
      vertex -28.2701 55.798 2.4
    endloop
  endfacet
  facet normal -0.985859 -0.167578 0
    outer loop
      vertex -25.5094 55.1679 2.4
      vertex -25.5376 55.3338 10
      vertex -25.5376 55.3338 2.4
    endloop
  endfacet
  facet normal -0.985859 -0.167578 0
    outer loop
      vertex -25.5376 55.3338 10
      vertex -25.5094 55.1679 2.4
      vertex -25.5094 55.1679 10
    endloop
  endfacet
  facet normal -0.998436 -0.0558982 0
    outer loop
      vertex -25.5 55 2.4
      vertex -25.5094 55.1679 10
      vertex -25.5094 55.1679 2.4
    endloop
  endfacet
  facet normal -0.998436 -0.0558982 0
    outer loop
      vertex -25.5094 55.1679 10
      vertex -25.5 55 2.4
      vertex -25.5 55 10
    endloop
  endfacet
  facet normal -0.960848 -0.277076 0
    outer loop
      vertex -25.5376 55.3338 2.4
      vertex -25.5842 55.4954 10
      vertex -25.5842 55.4954 2.4
    endloop
  endfacet
  facet normal -0.960848 -0.277076 0
    outer loop
      vertex -25.5842 55.4954 10
      vertex -25.5376 55.3338 2.4
      vertex -25.5376 55.3338 10
    endloop
  endfacet
  facet normal 0.167578 -0.985859 0
    outer loop
      vertex -27.3338 56.4624 2.4
      vertex -27.1679 56.4906 10
      vertex -27.3338 56.4624 10
    endloop
  endfacet
  facet normal 0.167578 -0.985859 0
    outer loop
      vertex -27.1679 56.4906 10
      vertex -27.3338 56.4624 2.4
      vertex -27.1679 56.4906 2.4
    endloop
  endfacet
  facet normal -0.578875 -0.815417 0
    outer loop
      vertex -26.202 56.2701 2.4
      vertex -26.0648 56.1727 10
      vertex -26.202 56.2701 10
    endloop
  endfacet
  facet normal -0.578875 -0.815417 -0
    outer loop
      vertex -26.0648 56.1727 10
      vertex -26.202 56.2701 2.4
      vertex -26.0648 56.1727 2.4
    endloop
  endfacet
  facet normal 0.985859 0.167578 0
    outer loop
      vertex -28.4624 54.6662 10
      vertex -28.4906 54.8321 2.4
      vertex -28.4906 54.8321 10
    endloop
  endfacet
  facet normal 0.985859 0.167578 0
    outer loop
      vertex -28.4906 54.8321 2.4
      vertex -28.4624 54.6662 10
      vertex -28.4624 54.6662 2.4
    endloop
  endfacet
  facet normal -0.277076 -0.960848 0
    outer loop
      vertex -26.6662 56.4624 2.4
      vertex -26.5046 56.4158 10
      vertex -26.6662 56.4624 10
    endloop
  endfacet
  facet normal -0.277076 -0.960848 -0
    outer loop
      vertex -26.5046 56.4158 10
      vertex -26.6662 56.4624 2.4
      vertex -26.5046 56.4158 2.4
    endloop
  endfacet
  facet normal 0.665839 -0.746096 0
    outer loop
      vertex -28.0607 56.0607 2.4
      vertex -27.9352 56.1727 10
      vertex -28.0607 56.0607 10
    endloop
  endfacet
  facet normal 0.665839 -0.746096 0
    outer loop
      vertex -27.9352 56.1727 10
      vertex -28.0607 56.0607 2.4
      vertex -27.9352 56.1727 2.4
    endloop
  endfacet
  facet normal -0.875109 0.483926 0
    outer loop
      vertex -25.7299 54.202 2.4
      vertex -25.6485 54.3492 10
      vertex -25.6485 54.3492 2.4
    endloop
  endfacet
  facet normal -0.875109 0.483926 0
    outer loop
      vertex -25.6485 54.3492 10
      vertex -25.7299 54.202 2.4
      vertex -25.7299 54.202 10
    endloop
  endfacet
  facet normal -0.815417 0.578875 0
    outer loop
      vertex -25.8273 54.0648 2.4
      vertex -25.7299 54.202 10
      vertex -25.7299 54.202 2.4
    endloop
  endfacet
  facet normal -0.815417 0.578875 0
    outer loop
      vertex -25.7299 54.202 10
      vertex -25.8273 54.0648 2.4
      vertex -25.8273 54.0648 10
    endloop
  endfacet
  facet normal -0.382334 -0.924024 0
    outer loop
      vertex -26.5046 56.4158 2.4
      vertex -26.3492 56.3515 10
      vertex -26.5046 56.4158 10
    endloop
  endfacet
  facet normal -0.382334 -0.924024 -0
    outer loop
      vertex -26.3492 56.3515 10
      vertex -26.5046 56.4158 2.4
      vertex -26.3492 56.3515 2.4
    endloop
  endfacet
  facet normal 0.483926 -0.875109 0
    outer loop
      vertex -27.798 56.2701 2.4
      vertex -27.6508 56.3515 10
      vertex -27.798 56.2701 10
    endloop
  endfacet
  facet normal 0.483926 -0.875109 0
    outer loop
      vertex -27.6508 56.3515 10
      vertex -27.798 56.2701 2.4
      vertex -27.6508 56.3515 2.4
    endloop
  endfacet
  facet normal 0.167578 0.985859 -0
    outer loop
      vertex -27.1679 53.5094 2.4
      vertex -27.3338 53.5376 10
      vertex -27.1679 53.5094 10
    endloop
  endfacet
  facet normal 0.167578 0.985859 0
    outer loop
      vertex -27.3338 53.5376 10
      vertex -27.1679 53.5094 2.4
      vertex -27.3338 53.5376 2.4
    endloop
  endfacet
  facet normal -0.483926 -0.875109 0
    outer loop
      vertex -26.3492 56.3515 2.4
      vertex -26.202 56.2701 10
      vertex -26.3492 56.3515 10
    endloop
  endfacet
  facet normal -0.483926 -0.875109 -0
    outer loop
      vertex -26.202 56.2701 10
      vertex -26.3492 56.3515 2.4
      vertex -26.202 56.2701 2.4
    endloop
  endfacet
  facet normal 0.998436 0.0558982 0
    outer loop
      vertex -28.4906 54.8321 10
      vertex -28.5 55 2.4
      vertex -28.5 55 10
    endloop
  endfacet
  facet normal 0.998436 0.0558982 0
    outer loop
      vertex -28.5 55 2.4
      vertex -28.4906 54.8321 10
      vertex -28.4906 54.8321 2.4
    endloop
  endfacet
  facet normal -0.815417 -0.578875 0
    outer loop
      vertex -25.7299 55.798 2.4
      vertex -25.8273 55.9352 10
      vertex -25.8273 55.9352 2.4
    endloop
  endfacet
  facet normal -0.815417 -0.578875 0
    outer loop
      vertex -25.8273 55.9352 10
      vertex -25.7299 55.798 2.4
      vertex -25.7299 55.798 10
    endloop
  endfacet
  facet normal 0.0558982 0.998436 -0
    outer loop
      vertex -27 53.5 2.4
      vertex -27.1679 53.5094 10
      vertex -27 53.5 10
    endloop
  endfacet
  facet normal 0.0558982 0.998436 0
    outer loop
      vertex -27.1679 53.5094 10
      vertex -27 53.5 2.4
      vertex -27.1679 53.5094 2.4
    endloop
  endfacet
  facet normal -0.0558982 -0.998436 0
    outer loop
      vertex -27 56.5 2.4
      vertex -26.8321 56.4906 10
      vertex -27 56.5 10
    endloop
  endfacet
  facet normal -0.0558982 -0.998436 -0
    outer loop
      vertex -26.8321 56.4906 10
      vertex -27 56.5 2.4
      vertex -26.8321 56.4906 2.4
    endloop
  endfacet
  facet normal -0.960848 0.277076 0
    outer loop
      vertex -25.5842 54.5046 2.4
      vertex -25.5376 54.6662 10
      vertex -25.5376 54.6662 2.4
    endloop
  endfacet
  facet normal -0.960848 0.277076 0
    outer loop
      vertex -25.5376 54.6662 10
      vertex -25.5842 54.5046 2.4
      vertex -25.5842 54.5046 10
    endloop
  endfacet
  facet normal -0.746096 0.665839 0
    outer loop
      vertex -25.9393 53.9393 2.4
      vertex -25.8273 54.0648 10
      vertex -25.8273 54.0648 2.4
    endloop
  endfacet
  facet normal -0.746096 0.665839 0
    outer loop
      vertex -25.8273 54.0648 10
      vertex -25.9393 53.9393 2.4
      vertex -25.9393 53.9393 10
    endloop
  endfacet
  facet normal -0.746096 -0.665839 0
    outer loop
      vertex -25.8273 55.9352 2.4
      vertex -25.9393 56.0607 10
      vertex -25.9393 56.0607 2.4
    endloop
  endfacet
  facet normal -0.746096 -0.665839 0
    outer loop
      vertex -25.9393 56.0607 10
      vertex -25.8273 55.9352 2.4
      vertex -25.8273 55.9352 10
    endloop
  endfacet
  facet normal 0.815417 0.578875 0
    outer loop
      vertex -28.1727 54.0648 10
      vertex -28.2701 54.202 2.4
      vertex -28.2701 54.202 10
    endloop
  endfacet
  facet normal 0.815417 0.578875 0
    outer loop
      vertex -28.2701 54.202 2.4
      vertex -28.1727 54.0648 10
      vertex -28.1727 54.0648 2.4
    endloop
  endfacet
  facet normal -0.665839 -0.746096 0
    outer loop
      vertex -26.0648 56.1727 2.4
      vertex -25.9393 56.0607 10
      vertex -26.0648 56.1727 10
    endloop
  endfacet
  facet normal -0.665839 -0.746096 -0
    outer loop
      vertex -25.9393 56.0607 10
      vertex -26.0648 56.1727 2.4
      vertex -25.9393 56.0607 2.4
    endloop
  endfacet
  facet normal 0.875109 0.483926 0
    outer loop
      vertex -28.2701 54.202 10
      vertex -28.3515 54.3492 2.4
      vertex -28.3515 54.3492 10
    endloop
  endfacet
  facet normal 0.875109 0.483926 0
    outer loop
      vertex -28.3515 54.3492 2.4
      vertex -28.2701 54.202 10
      vertex -28.2701 54.202 2.4
    endloop
  endfacet
  facet normal -0.167578 0.985859 0
    outer loop
      vertex -26.6662 53.5376 2.4
      vertex -26.8321 53.5094 10
      vertex -26.6662 53.5376 10
    endloop
  endfacet
  facet normal -0.167578 0.985859 0
    outer loop
      vertex -26.8321 53.5094 10
      vertex -26.6662 53.5376 2.4
      vertex -26.8321 53.5094 2.4
    endloop
  endfacet
  facet normal -0.0558982 0.998436 0
    outer loop
      vertex -26.8321 53.5094 2.4
      vertex -27 53.5 10
      vertex -26.8321 53.5094 10
    endloop
  endfacet
  facet normal -0.0558982 0.998436 0
    outer loop
      vertex -27 53.5 10
      vertex -26.8321 53.5094 2.4
      vertex -27 53.5 2.4
    endloop
  endfacet
  facet normal 0.746096 -0.665839 0
    outer loop
      vertex -28.1727 55.9352 10
      vertex -28.0607 56.0607 2.4
      vertex -28.0607 56.0607 10
    endloop
  endfacet
  facet normal 0.746096 -0.665839 0
    outer loop
      vertex -28.0607 56.0607 2.4
      vertex -28.1727 55.9352 10
      vertex -28.1727 55.9352 2.4
    endloop
  endfacet
  facet normal 0.277076 -0.960848 0
    outer loop
      vertex -27.4954 56.4158 2.4
      vertex -27.3338 56.4624 10
      vertex -27.4954 56.4158 10
    endloop
  endfacet
  facet normal 0.277076 -0.960848 0
    outer loop
      vertex -27.3338 56.4624 10
      vertex -27.4954 56.4158 2.4
      vertex -27.3338 56.4624 2.4
    endloop
  endfacet
  facet normal 0.746096 0.665839 0
    outer loop
      vertex -28.0607 53.9393 10
      vertex -28.1727 54.0648 2.4
      vertex -28.1727 54.0648 10
    endloop
  endfacet
  facet normal 0.746096 0.665839 0
    outer loop
      vertex -28.1727 54.0648 2.4
      vertex -28.0607 53.9393 10
      vertex -28.0607 53.9393 2.4
    endloop
  endfacet
  facet normal -0.924024 -0.382334 0
    outer loop
      vertex -25.5842 55.4954 2.4
      vertex -25.6485 55.6508 10
      vertex -25.6485 55.6508 2.4
    endloop
  endfacet
  facet normal -0.924024 -0.382334 0
    outer loop
      vertex -25.6485 55.6508 10
      vertex -25.5842 55.4954 2.4
      vertex -25.5842 55.4954 10
    endloop
  endfacet
  facet normal 0.578875 0.815417 -0
    outer loop
      vertex -27.798 53.7299 2.4
      vertex -27.9352 53.8273 10
      vertex -27.798 53.7299 10
    endloop
  endfacet
  facet normal 0.578875 0.815417 0
    outer loop
      vertex -27.9352 53.8273 10
      vertex -27.798 53.7299 2.4
      vertex -27.9352 53.8273 2.4
    endloop
  endfacet
  facet normal -0.483926 0.875109 0
    outer loop
      vertex -26.202 53.7299 2.4
      vertex -26.3492 53.6485 10
      vertex -26.202 53.7299 10
    endloop
  endfacet
  facet normal -0.483926 0.875109 0
    outer loop
      vertex -26.3492 53.6485 10
      vertex -26.202 53.7299 2.4
      vertex -26.3492 53.6485 2.4
    endloop
  endfacet
  facet normal 0.960848 -0.277076 0
    outer loop
      vertex -28.4624 55.3338 10
      vertex -28.4158 55.4954 2.4
      vertex -28.4158 55.4954 10
    endloop
  endfacet
  facet normal 0.960848 -0.277076 0
    outer loop
      vertex -28.4158 55.4954 2.4
      vertex -28.4624 55.3338 10
      vertex -28.4624 55.3338 2.4
    endloop
  endfacet
  facet normal -0.998436 0.0558982 0
    outer loop
      vertex -25.5094 54.8321 2.4
      vertex -25.5 55 10
      vertex -25.5 55 2.4
    endloop
  endfacet
  facet normal -0.998436 0.0558982 0
    outer loop
      vertex -25.5 55 10
      vertex -25.5094 54.8321 2.4
      vertex -25.5094 54.8321 10
    endloop
  endfacet
  facet normal -0.985859 0.167578 0
    outer loop
      vertex -25.5376 54.6662 2.4
      vertex -25.5094 54.8321 10
      vertex -25.5094 54.8321 2.4
    endloop
  endfacet
  facet normal -0.985859 0.167578 0
    outer loop
      vertex -25.5094 54.8321 10
      vertex -25.5376 54.6662 2.4
      vertex -25.5376 54.6662 10
    endloop
  endfacet
  facet normal 0.960848 0.277076 0
    outer loop
      vertex -28.4158 54.5046 10
      vertex -28.4624 54.6662 2.4
      vertex -28.4624 54.6662 10
    endloop
  endfacet
  facet normal 0.960848 0.277076 0
    outer loop
      vertex -28.4624 54.6662 2.4
      vertex -28.4158 54.5046 10
      vertex -28.4158 54.5046 2.4
    endloop
  endfacet
  facet normal -0.924024 0.382334 0
    outer loop
      vertex -25.6485 54.3492 2.4
      vertex -25.5842 54.5046 10
      vertex -25.5842 54.5046 2.4
    endloop
  endfacet
  facet normal -0.924024 0.382334 0
    outer loop
      vertex -25.5842 54.5046 10
      vertex -25.6485 54.3492 2.4
      vertex -25.6485 54.3492 10
    endloop
  endfacet
  facet normal 0.0558982 -0.998436 0
    outer loop
      vertex -27.1679 56.4906 2.4
      vertex -27 56.5 10
      vertex -27.1679 56.4906 10
    endloop
  endfacet
  facet normal 0.0558982 -0.998436 0
    outer loop
      vertex -27 56.5 10
      vertex -27.1679 56.4906 2.4
      vertex -27 56.5 2.4
    endloop
  endfacet
  facet normal 0.483926 0.875109 -0
    outer loop
      vertex -27.6508 53.6485 2.4
      vertex -27.798 53.7299 10
      vertex -27.6508 53.6485 10
    endloop
  endfacet
  facet normal 0.483926 0.875109 0
    outer loop
      vertex -27.798 53.7299 10
      vertex -27.6508 53.6485 2.4
      vertex -27.798 53.7299 2.4
    endloop
  endfacet
  facet normal 0.875109 -0.483926 0
    outer loop
      vertex -28.3515 55.6508 10
      vertex -28.2701 55.798 2.4
      vertex -28.2701 55.798 10
    endloop
  endfacet
  facet normal 0.875109 -0.483926 0
    outer loop
      vertex -28.2701 55.798 2.4
      vertex -28.3515 55.6508 10
      vertex -28.3515 55.6508 2.4
    endloop
  endfacet
  facet normal 0.998436 -0.0558982 0
    outer loop
      vertex -28.5 55 10
      vertex -28.4906 55.1679 2.4
      vertex -28.4906 55.1679 10
    endloop
  endfacet
  facet normal 0.998436 -0.0558982 0
    outer loop
      vertex -28.4906 55.1679 2.4
      vertex -28.5 55 10
      vertex -28.5 55 2.4
    endloop
  endfacet
  facet normal -0.875109 -0.483926 0
    outer loop
      vertex -25.6485 55.6508 2.4
      vertex -25.7299 55.798 10
      vertex -25.7299 55.798 2.4
    endloop
  endfacet
  facet normal -0.875109 -0.483926 0
    outer loop
      vertex -25.7299 55.798 10
      vertex -25.6485 55.6508 2.4
      vertex -25.6485 55.6508 10
    endloop
  endfacet
  facet normal 0.924024 -0.382334 0
    outer loop
      vertex -28.4158 55.4954 10
      vertex -28.3515 55.6508 2.4
      vertex -28.3515 55.6508 10
    endloop
  endfacet
  facet normal 0.924024 -0.382334 0
    outer loop
      vertex -28.3515 55.6508 2.4
      vertex -28.4158 55.4954 10
      vertex -28.4158 55.4954 2.4
    endloop
  endfacet
  facet normal 0.924024 0.382334 0
    outer loop
      vertex -28.3515 54.3492 10
      vertex -28.4158 54.5046 2.4
      vertex -28.4158 54.5046 10
    endloop
  endfacet
  facet normal 0.924024 0.382334 0
    outer loop
      vertex -28.4158 54.5046 2.4
      vertex -28.3515 54.3492 10
      vertex -28.3515 54.3492 2.4
    endloop
  endfacet
  facet normal 0.578875 -0.815417 0
    outer loop
      vertex -27.9352 56.1727 2.4
      vertex -27.798 56.2701 10
      vertex -27.9352 56.1727 10
    endloop
  endfacet
  facet normal 0.578875 -0.815417 0
    outer loop
      vertex -27.798 56.2701 10
      vertex -27.9352 56.1727 2.4
      vertex -27.798 56.2701 2.4
    endloop
  endfacet
  facet normal 0.985859 -0.167578 0
    outer loop
      vertex -28.4906 55.1679 10
      vertex -28.4624 55.3338 2.4
      vertex -28.4624 55.3338 10
    endloop
  endfacet
  facet normal 0.985859 -0.167578 0
    outer loop
      vertex -28.4624 55.3338 2.4
      vertex -28.4906 55.1679 10
      vertex -28.4906 55.1679 2.4
    endloop
  endfacet
  facet normal -0.277076 0.960848 0
    outer loop
      vertex -26.5046 53.5842 2.4
      vertex -26.6662 53.5376 10
      vertex -26.5046 53.5842 10
    endloop
  endfacet
  facet normal -0.277076 0.960848 0
    outer loop
      vertex -26.6662 53.5376 10
      vertex -26.5046 53.5842 2.4
      vertex -26.6662 53.5376 2.4
    endloop
  endfacet
  facet normal 0.277076 0.960848 -0
    outer loop
      vertex -27.3338 53.5376 2.4
      vertex -27.4954 53.5842 10
      vertex -27.3338 53.5376 10
    endloop
  endfacet
  facet normal 0.277076 0.960848 0
    outer loop
      vertex -27.4954 53.5842 10
      vertex -27.3338 53.5376 2.4
      vertex -27.4954 53.5842 2.4
    endloop
  endfacet
  facet normal 0.382334 -0.924024 0
    outer loop
      vertex -27.6508 56.3515 2.4
      vertex -27.4954 56.4158 10
      vertex -27.6508 56.3515 10
    endloop
  endfacet
  facet normal 0.382334 -0.924024 0
    outer loop
      vertex -27.4954 56.4158 10
      vertex -27.6508 56.3515 2.4
      vertex -27.4954 56.4158 2.4
    endloop
  endfacet
  facet normal -0.167578 -0.985859 0
    outer loop
      vertex -26.8321 56.4906 2.4
      vertex -26.6662 56.4624 10
      vertex -26.8321 56.4906 10
    endloop
  endfacet
  facet normal -0.167578 -0.985859 -0
    outer loop
      vertex -26.6662 56.4624 10
      vertex -26.8321 56.4906 2.4
      vertex -26.6662 56.4624 2.4
    endloop
  endfacet
  facet normal -0.382334 0.924024 0
    outer loop
      vertex -26.3492 53.6485 2.4
      vertex -26.5046 53.5842 10
      vertex -26.3492 53.6485 10
    endloop
  endfacet
  facet normal -0.382334 0.924024 0
    outer loop
      vertex -26.5046 53.5842 10
      vertex -26.3492 53.6485 2.4
      vertex -26.5046 53.5842 2.4
    endloop
  endfacet
  facet normal -0.578875 0.815417 0
    outer loop
      vertex -26.0648 53.8273 2.4
      vertex -26.202 53.7299 10
      vertex -26.0648 53.8273 10
    endloop
  endfacet
  facet normal -0.578875 0.815417 0
    outer loop
      vertex -26.202 53.7299 10
      vertex -26.0648 53.8273 2.4
      vertex -26.202 53.7299 2.4
    endloop
  endfacet
  facet normal 0.665839 0.746096 -0
    outer loop
      vertex -27.9352 53.8273 2.4
      vertex -28.0607 53.9393 10
      vertex -27.9352 53.8273 10
    endloop
  endfacet
  facet normal 0.665839 0.746096 0
    outer loop
      vertex -28.0607 53.9393 10
      vertex -27.9352 53.8273 2.4
      vertex -28.0607 53.9393 2.4
    endloop
  endfacet
  facet normal 0.382334 0.924024 -0
    outer loop
      vertex -27.4954 53.5842 2.4
      vertex -27.6508 53.6485 10
      vertex -27.4954 53.5842 10
    endloop
  endfacet
  facet normal 0.382334 0.924024 0
    outer loop
      vertex -27.6508 53.6485 10
      vertex -27.4954 53.5842 2.4
      vertex -27.6508 53.6485 2.4
    endloop
  endfacet
  facet normal -0.665839 0.746096 0
    outer loop
      vertex -25.9393 53.9393 2.4
      vertex -26.0648 53.8273 10
      vertex -25.9393 53.9393 10
    endloop
  endfacet
  facet normal -0.665839 0.746096 0
    outer loop
      vertex -26.0648 53.8273 10
      vertex -25.9393 53.9393 2.4
      vertex -26.0648 53.8273 2.4
    endloop
  endfacet
  facet normal 0.815582 0.578642 0
    outer loop
      vertex 30.3869 -52.8719 10
      vertex 30.1273 -52.506 2.4
      vertex 30.1273 -52.506 10
    endloop
  endfacet
  facet normal 0.815582 0.578642 0
    outer loop
      vertex 30.1273 -52.506 2.4
      vertex 30.3869 -52.8719 10
      vertex 30.3869 -52.8719 2.4
    endloop
  endfacet
  facet normal 0.985883 0.167435 0
    outer loop
      vertex 30.9748 -54.5521 10
      vertex 30.8997 -54.1099 2.4
      vertex 30.8997 -54.1099 10
    endloop
  endfacet
  facet normal 0.985883 0.167435 0
    outer loop
      vertex 30.8997 -54.1099 2.4
      vertex 30.9748 -54.5521 10
      vertex 30.9748 -54.5521 2.4
    endloop
  endfacet
  facet normal 0.998416 0.0562691 0
    outer loop
      vertex 30.9787 -54.6213 10
      vertex 30.9748 -54.5521 2.4
      vertex 30.9748 -54.5521 10
    endloop
  endfacet
  facet normal 0.998416 0.0562691 0
    outer loop
      vertex 30.9748 -54.5521 2.4
      vertex 30.9787 -54.6213 10
      vertex 30.9787 -54.6213 2.4
    endloop
  endfacet
  facet normal -0.923919 0.382588 0
    outer loop
      vertex 23.2245 -53.6789 2.4
      vertex 23.3961 -53.2645 10
      vertex 23.3961 -53.2645 2.4
    endloop
  endfacet
  facet normal -0.923919 0.382588 0
    outer loop
      vertex 23.3961 -53.2645 10
      vertex 23.2245 -53.6789 2.4
      vertex 23.2245 -53.6789 10
    endloop
  endfacet
  facet normal -0.0561737 0.998421 0
    outer loop
      vertex 27 -51 2.4
      vertex 26.5521 -51.0252 10
      vertex 27 -51 10
    endloop
  endfacet
  facet normal -0.0561737 0.998421 0
    outer loop
      vertex 26.5521 -51.0252 10
      vertex 27 -51 2.4
      vertex 26.5521 -51.0252 2.4
    endloop
  endfacet
  facet normal -0.578642 0.815582 0
    outer loop
      vertex 24.8719 -51.6131 2.4
      vertex 24.506 -51.8727 10
      vertex 24.8719 -51.6131 10
    endloop
  endfacet
  facet normal -0.578642 0.815582 0
    outer loop
      vertex 24.506 -51.8727 10
      vertex 24.8719 -51.6131 2.4
      vertex 24.506 -51.8727 2.4
    endloop
  endfacet
  facet normal 0.875207 0.483749 0
    outer loop
      vertex 30.6039 -53.2645 10
      vertex 30.3869 -52.8719 2.4
      vertex 30.3869 -52.8719 10
    endloop
  endfacet
  facet normal 0.875207 0.483749 0
    outer loop
      vertex 30.3869 -52.8719 2.4
      vertex 30.6039 -53.2645 10
      vertex 30.6039 -53.2645 2.4
    endloop
  endfacet
  facet normal -0.745574 0.666423 0
    outer loop
      vertex 23.8727 -52.506 2.4
      vertex 24.1716 -52.1716 10
      vertex 24.1716 -52.1716 2.4
    endloop
  endfacet
  facet normal -0.745574 0.666423 0
    outer loop
      vertex 24.1716 -52.1716 10
      vertex 23.8727 -52.506 2.4
      vertex 23.8727 -52.506 10
    endloop
  endfacet
  facet normal -0.960899 0.276899 0
    outer loop
      vertex 23.1003 -54.1099 2.4
      vertex 23.2245 -53.6789 10
      vertex 23.2245 -53.6789 2.4
    endloop
  endfacet
  facet normal -0.960899 0.276899 0
    outer loop
      vertex 23.2245 -53.6789 10
      vertex 23.1003 -54.1099 2.4
      vertex 23.1003 -54.1099 10
    endloop
  endfacet
  facet normal 0.923919 0.382588 0
    outer loop
      vertex 30.7755 -53.6789 10
      vertex 30.6039 -53.2645 2.4
      vertex 30.6039 -53.2645 10
    endloop
  endfacet
  facet normal 0.923919 0.382588 0
    outer loop
      vertex 30.6039 -53.2645 2.4
      vertex 30.7755 -53.6789 10
      vertex 30.7755 -53.6789 2.4
    endloop
  endfacet
  facet normal 0.578642 0.815582 -0
    outer loop
      vertex 29.494 -51.8727 2.4
      vertex 29.1281 -51.6131 10
      vertex 29.494 -51.8727 10
    endloop
  endfacet
  facet normal 0.578642 0.815582 0
    outer loop
      vertex 29.1281 -51.6131 10
      vertex 29.494 -51.8727 2.4
      vertex 29.1281 -51.6131 2.4
    endloop
  endfacet
  facet normal -0.985883 -0.167435 0
    outer loop
      vertex 23.1003 -55.8901 2.4
      vertex 23.0252 -55.4479 10
      vertex 23.0252 -55.4479 2.4
    endloop
  endfacet
  facet normal -0.985883 -0.167435 0
    outer loop
      vertex 23.0252 -55.4479 10
      vertex 23.1003 -55.8901 2.4
      vertex 23.1003 -55.8901 10
    endloop
  endfacet
  facet normal -0.382588 0.923919 0
    outer loop
      vertex 25.6789 -51.2245 2.4
      vertex 25.2645 -51.3961 10
      vertex 25.6789 -51.2245 10
    endloop
  endfacet
  facet normal -0.382588 0.923919 0
    outer loop
      vertex 25.2645 -51.3961 10
      vertex 25.6789 -51.2245 2.4
      vertex 25.2645 -51.3961 2.4
    endloop
  endfacet
  facet normal -0.276899 0.960899 0
    outer loop
      vertex 26.1099 -51.1003 2.4
      vertex 25.6789 -51.2245 10
      vertex 26.1099 -51.1003 10
    endloop
  endfacet
  facet normal -0.276899 0.960899 0
    outer loop
      vertex 25.6789 -51.2245 10
      vertex 26.1099 -51.1003 2.4
      vertex 25.6789 -51.2245 2.4
    endloop
  endfacet
  facet normal 0.960899 0.276899 0
    outer loop
      vertex 30.8997 -54.1099 10
      vertex 30.7755 -53.6789 2.4
      vertex 30.7755 -53.6789 10
    endloop
  endfacet
  facet normal 0.960899 0.276899 0
    outer loop
      vertex 30.7755 -53.6789 2.4
      vertex 30.8997 -54.1099 10
      vertex 30.8997 -54.1099 2.4
    endloop
  endfacet
  facet normal 0.167435 0.985883 -0
    outer loop
      vertex 27.8901 -51.1003 2.4
      vertex 27.4479 -51.0252 10
      vertex 27.8901 -51.1003 10
    endloop
  endfacet
  facet normal 0.167435 0.985883 0
    outer loop
      vertex 27.4479 -51.0252 10
      vertex 27.8901 -51.1003 2.4
      vertex 27.4479 -51.0252 2.4
    endloop
  endfacet
  facet normal 0.666423 0.745574 -0
    outer loop
      vertex 29.8284 -52.1716 2.4
      vertex 29.494 -51.8727 10
      vertex 29.8284 -52.1716 10
    endloop
  endfacet
  facet normal 0.666423 0.745574 0
    outer loop
      vertex 29.494 -51.8727 10
      vertex 29.8284 -52.1716 2.4
      vertex 29.494 -51.8727 2.4
    endloop
  endfacet
  facet normal -0.167435 -0.985883 0
    outer loop
      vertex 26.1099 -58.8997 2.4
      vertex 26.5521 -58.9748 10
      vertex 26.1099 -58.8997 10
    endloop
  endfacet
  facet normal -0.167435 -0.985883 -0
    outer loop
      vertex 26.5521 -58.9748 10
      vertex 26.1099 -58.8997 2.4
      vertex 26.5521 -58.9748 2.4
    endloop
  endfacet
  facet normal 0.745574 0.666423 0
    outer loop
      vertex 30.1273 -52.506 10
      vertex 29.8284 -52.1716 2.4
      vertex 29.8284 -52.1716 10
    endloop
  endfacet
  facet normal 0.745574 0.666423 0
    outer loop
      vertex 29.8284 -52.1716 2.4
      vertex 30.1273 -52.506 10
      vertex 30.1273 -52.506 2.4
    endloop
  endfacet
  facet normal -0.483749 0.875207 0
    outer loop
      vertex 25.2645 -51.3961 2.4
      vertex 24.8719 -51.6131 10
      vertex 25.2645 -51.3961 10
    endloop
  endfacet
  facet normal -0.483749 0.875207 0
    outer loop
      vertex 24.8719 -51.6131 10
      vertex 25.2645 -51.3961 2.4
      vertex 24.8719 -51.6131 2.4
    endloop
  endfacet
  facet normal 0.483749 0.875207 -0
    outer loop
      vertex 29.1281 -51.6131 2.4
      vertex 28.7355 -51.3961 10
      vertex 29.1281 -51.6131 10
    endloop
  endfacet
  facet normal 0.483749 0.875207 0
    outer loop
      vertex 28.7355 -51.3961 10
      vertex 29.1281 -51.6131 2.4
      vertex 28.7355 -51.3961 2.4
    endloop
  endfacet
  facet normal -0.578642 -0.815582 0
    outer loop
      vertex 24.506 -58.1273 2.4
      vertex 24.8719 -58.3869 10
      vertex 24.506 -58.1273 10
    endloop
  endfacet
  facet normal -0.578642 -0.815582 -0
    outer loop
      vertex 24.8719 -58.3869 10
      vertex 24.506 -58.1273 2.4
      vertex 24.8719 -58.3869 2.4
    endloop
  endfacet
  facet normal -0.815582 -0.578642 0
    outer loop
      vertex 23.8727 -57.494 2.4
      vertex 23.6131 -57.1281 10
      vertex 23.6131 -57.1281 2.4
    endloop
  endfacet
  facet normal -0.815582 -0.578642 0
    outer loop
      vertex 23.6131 -57.1281 10
      vertex 23.8727 -57.494 2.4
      vertex 23.8727 -57.494 10
    endloop
  endfacet
  facet normal -0.875207 -0.483749 0
    outer loop
      vertex 23.6131 -57.1281 2.4
      vertex 23.3961 -56.7355 10
      vertex 23.3961 -56.7355 2.4
    endloop
  endfacet
  facet normal -0.875207 -0.483749 0
    outer loop
      vertex 23.3961 -56.7355 10
      vertex 23.6131 -57.1281 2.4
      vertex 23.6131 -57.1281 10
    endloop
  endfacet
  facet normal -0.875207 0.483749 0
    outer loop
      vertex 23.3961 -53.2645 2.4
      vertex 23.6131 -52.8719 10
      vertex 23.6131 -52.8719 2.4
    endloop
  endfacet
  facet normal -0.875207 0.483749 0
    outer loop
      vertex 23.6131 -52.8719 10
      vertex 23.3961 -53.2645 2.4
      vertex 23.3961 -53.2645 10
    endloop
  endfacet
  facet normal 0.0561737 0.998421 -0
    outer loop
      vertex 27.4479 -51.0252 2.4
      vertex 27 -51 10
      vertex 27.4479 -51.0252 10
    endloop
  endfacet
  facet normal 0.0561737 0.998421 0
    outer loop
      vertex 27 -51 10
      vertex 27.4479 -51.0252 2.4
      vertex 27 -51 2.4
    endloop
  endfacet
  facet normal -0.815582 0.578642 0
    outer loop
      vertex 23.6131 -52.8719 2.4
      vertex 23.8727 -52.506 10
      vertex 23.8727 -52.506 2.4
    endloop
  endfacet
  facet normal -0.815582 0.578642 0
    outer loop
      vertex 23.8727 -52.506 10
      vertex 23.6131 -52.8719 2.4
      vertex 23.6131 -52.8719 10
    endloop
  endfacet
  facet normal -0.276899 -0.960899 0
    outer loop
      vertex 25.6789 -58.7755 2.4
      vertex 26.1099 -58.8997 10
      vertex 25.6789 -58.7755 10
    endloop
  endfacet
  facet normal -0.276899 -0.960899 -0
    outer loop
      vertex 26.1099 -58.8997 10
      vertex 25.6789 -58.7755 2.4
      vertex 26.1099 -58.8997 2.4
    endloop
  endfacet
  facet normal -0.666423 0.745574 0
    outer loop
      vertex 24.506 -51.8727 2.4
      vertex 24.1716 -52.1716 10
      vertex 24.506 -51.8727 10
    endloop
  endfacet
  facet normal -0.666423 0.745574 0
    outer loop
      vertex 24.1716 -52.1716 10
      vertex 24.506 -51.8727 2.4
      vertex 24.1716 -52.1716 2.4
    endloop
  endfacet
  facet normal -0.960899 -0.276899 0
    outer loop
      vertex 23.2245 -56.3211 2.4
      vertex 23.1003 -55.8901 10
      vertex 23.1003 -55.8901 2.4
    endloop
  endfacet
  facet normal -0.960899 -0.276899 0
    outer loop
      vertex 23.1003 -55.8901 10
      vertex 23.2245 -56.3211 2.4
      vertex 23.2245 -56.3211 10
    endloop
  endfacet
  facet normal -0.923919 -0.382588 0
    outer loop
      vertex 23.3961 -56.7355 2.4
      vertex 23.2245 -56.3211 10
      vertex 23.2245 -56.3211 2.4
    endloop
  endfacet
  facet normal -0.923919 -0.382588 0
    outer loop
      vertex 23.2245 -56.3211 10
      vertex 23.3961 -56.7355 2.4
      vertex 23.3961 -56.7355 10
    endloop
  endfacet
  facet normal -0.167435 0.985883 0
    outer loop
      vertex 26.5521 -51.0252 2.4
      vertex 26.1099 -51.1003 10
      vertex 26.5521 -51.0252 10
    endloop
  endfacet
  facet normal -0.167435 0.985883 0
    outer loop
      vertex 26.1099 -51.1003 10
      vertex 26.5521 -51.0252 2.4
      vertex 26.1099 -51.1003 2.4
    endloop
  endfacet
  facet normal 0.276899 0.960899 -0
    outer loop
      vertex 28.3211 -51.2245 2.4
      vertex 27.8901 -51.1003 10
      vertex 28.3211 -51.2245 10
    endloop
  endfacet
  facet normal 0.276899 0.960899 0
    outer loop
      vertex 27.8901 -51.1003 10
      vertex 28.3211 -51.2245 2.4
      vertex 27.8901 -51.1003 2.4
    endloop
  endfacet
  facet normal -0.998421 -0.0561737 0
    outer loop
      vertex 23.0252 -55.4479 2.4
      vertex 23 -55 10
      vertex 23 -55 2.4
    endloop
  endfacet
  facet normal -0.998421 -0.0561737 0
    outer loop
      vertex 23 -55 10
      vertex 23.0252 -55.4479 2.4
      vertex 23.0252 -55.4479 10
    endloop
  endfacet
  facet normal -0.745574 -0.666423 0
    outer loop
      vertex 24.1716 -57.8284 2.4
      vertex 23.8727 -57.494 10
      vertex 23.8727 -57.494 2.4
    endloop
  endfacet
  facet normal -0.745574 -0.666423 0
    outer loop
      vertex 23.8727 -57.494 10
      vertex 24.1716 -57.8284 2.4
      vertex 24.1716 -57.8284 10
    endloop
  endfacet
  facet normal -0.666423 -0.745574 0
    outer loop
      vertex 24.1716 -57.8284 2.4
      vertex 24.506 -58.1273 10
      vertex 24.1716 -57.8284 10
    endloop
  endfacet
  facet normal -0.666423 -0.745574 -0
    outer loop
      vertex 24.506 -58.1273 10
      vertex 24.1716 -57.8284 2.4
      vertex 24.506 -58.1273 2.4
    endloop
  endfacet
  facet normal 0.382588 0.923919 -0
    outer loop
      vertex 28.7355 -51.3961 2.4
      vertex 28.3211 -51.2245 10
      vertex 28.7355 -51.3961 10
    endloop
  endfacet
  facet normal 0.382588 0.923919 0
    outer loop
      vertex 28.3211 -51.2245 10
      vertex 28.7355 -51.3961 2.4
      vertex 28.3211 -51.2245 2.4
    endloop
  endfacet
  facet normal -0.483749 -0.875207 0
    outer loop
      vertex 24.8719 -58.3869 2.4
      vertex 25.2645 -58.6039 10
      vertex 24.8719 -58.3869 10
    endloop
  endfacet
  facet normal -0.483749 -0.875207 -0
    outer loop
      vertex 25.2645 -58.6039 10
      vertex 24.8719 -58.3869 2.4
      vertex 25.2645 -58.6039 2.4
    endloop
  endfacet
  facet normal -0.985883 0.167435 0
    outer loop
      vertex 23.0252 -54.5521 2.4
      vertex 23.1003 -54.1099 10
      vertex 23.1003 -54.1099 2.4
    endloop
  endfacet
  facet normal -0.985883 0.167435 0
    outer loop
      vertex 23.1003 -54.1099 10
      vertex 23.0252 -54.5521 2.4
      vertex 23.0252 -54.5521 10
    endloop
  endfacet
  facet normal -0.0562691 -0.998416 0
    outer loop
      vertex 26.5521 -58.9748 2.4
      vertex 26.6213 -58.9787 10
      vertex 26.5521 -58.9748 10
    endloop
  endfacet
  facet normal -0.0562691 -0.998416 -0
    outer loop
      vertex 26.6213 -58.9787 10
      vertex 26.5521 -58.9748 2.4
      vertex 26.6213 -58.9787 2.4
    endloop
  endfacet
  facet normal -0.382588 -0.923919 0
    outer loop
      vertex 25.2645 -58.6039 2.4
      vertex 25.6789 -58.7755 10
      vertex 25.2645 -58.6039 10
    endloop
  endfacet
  facet normal -0.382588 -0.923919 -0
    outer loop
      vertex 25.6789 -58.7755 10
      vertex 25.2645 -58.6039 2.4
      vertex 25.6789 -58.7755 2.4
    endloop
  endfacet
  facet normal -0.998421 0.0561737 0
    outer loop
      vertex 23 -55 2.4
      vertex 23.0252 -54.5521 10
      vertex 23.0252 -54.5521 2.4
    endloop
  endfacet
  facet normal -0.998421 0.0561737 0
    outer loop
      vertex 23.0252 -54.5521 10
      vertex 23 -55 2.4
      vertex 23 -55 10
    endloop
  endfacet
  facet normal 0.815417 -0.578875 0
    outer loop
      vertex 25.7299 -54.202 10
      vertex 25.8273 -54.0648 2.4
      vertex 25.8273 -54.0648 10
    endloop
  endfacet
  facet normal 0.815417 -0.578875 0
    outer loop
      vertex 25.8273 -54.0648 2.4
      vertex 25.7299 -54.202 10
      vertex 25.7299 -54.202 2.4
    endloop
  endfacet
  facet normal -0.985859 -0.167578 0
    outer loop
      vertex 28.4906 -54.8321 2.4
      vertex 28.4624 -54.6662 10
      vertex 28.4624 -54.6662 2.4
    endloop
  endfacet
  facet normal -0.985859 -0.167578 0
    outer loop
      vertex 28.4624 -54.6662 10
      vertex 28.4906 -54.8321 2.4
      vertex 28.4906 -54.8321 10
    endloop
  endfacet
  facet normal -0.998436 -0.0558982 0
    outer loop
      vertex 28.5 -55 2.4
      vertex 28.4906 -54.8321 10
      vertex 28.4906 -54.8321 2.4
    endloop
  endfacet
  facet normal -0.998436 -0.0558982 0
    outer loop
      vertex 28.4906 -54.8321 10
      vertex 28.5 -55 2.4
      vertex 28.5 -55 10
    endloop
  endfacet
  facet normal -0.960848 -0.277076 0
    outer loop
      vertex 28.4624 -54.6662 2.4
      vertex 28.4158 -54.5046 10
      vertex 28.4158 -54.5046 2.4
    endloop
  endfacet
  facet normal -0.960848 -0.277076 0
    outer loop
      vertex 28.4158 -54.5046 10
      vertex 28.4624 -54.6662 2.4
      vertex 28.4624 -54.6662 10
    endloop
  endfacet
  facet normal 0.167578 -0.985859 0
    outer loop
      vertex 26.6662 -53.5376 2.4
      vertex 26.8321 -53.5094 10
      vertex 26.6662 -53.5376 10
    endloop
  endfacet
  facet normal 0.167578 -0.985859 0
    outer loop
      vertex 26.8321 -53.5094 10
      vertex 26.6662 -53.5376 2.4
      vertex 26.8321 -53.5094 2.4
    endloop
  endfacet
  facet normal -0.578875 -0.815417 0
    outer loop
      vertex 27.798 -53.7299 2.4
      vertex 27.9352 -53.8273 10
      vertex 27.798 -53.7299 10
    endloop
  endfacet
  facet normal -0.578875 -0.815417 -0
    outer loop
      vertex 27.9352 -53.8273 10
      vertex 27.798 -53.7299 2.4
      vertex 27.9352 -53.8273 2.4
    endloop
  endfacet
  facet normal 0.985859 0.167578 0
    outer loop
      vertex 25.5376 -55.3338 10
      vertex 25.5094 -55.1679 2.4
      vertex 25.5094 -55.1679 10
    endloop
  endfacet
  facet normal 0.985859 0.167578 0
    outer loop
      vertex 25.5094 -55.1679 2.4
      vertex 25.5376 -55.3338 10
      vertex 25.5376 -55.3338 2.4
    endloop
  endfacet
  facet normal -0.277076 -0.960848 0
    outer loop
      vertex 27.3338 -53.5376 2.4
      vertex 27.4954 -53.5842 10
      vertex 27.3338 -53.5376 10
    endloop
  endfacet
  facet normal -0.277076 -0.960848 -0
    outer loop
      vertex 27.4954 -53.5842 10
      vertex 27.3338 -53.5376 2.4
      vertex 27.4954 -53.5842 2.4
    endloop
  endfacet
  facet normal 0.665839 -0.746096 0
    outer loop
      vertex 25.9393 -53.9393 2.4
      vertex 26.0648 -53.8273 10
      vertex 25.9393 -53.9393 10
    endloop
  endfacet
  facet normal 0.665839 -0.746096 0
    outer loop
      vertex 26.0648 -53.8273 10
      vertex 25.9393 -53.9393 2.4
      vertex 26.0648 -53.8273 2.4
    endloop
  endfacet
  facet normal -0.875109 0.483926 0
    outer loop
      vertex 28.2701 -55.798 2.4
      vertex 28.3515 -55.6508 10
      vertex 28.3515 -55.6508 2.4
    endloop
  endfacet
  facet normal -0.875109 0.483926 0
    outer loop
      vertex 28.3515 -55.6508 10
      vertex 28.2701 -55.798 2.4
      vertex 28.2701 -55.798 10
    endloop
  endfacet
  facet normal -0.815417 0.578875 0
    outer loop
      vertex 28.1727 -55.9352 2.4
      vertex 28.2701 -55.798 10
      vertex 28.2701 -55.798 2.4
    endloop
  endfacet
  facet normal -0.815417 0.578875 0
    outer loop
      vertex 28.2701 -55.798 10
      vertex 28.1727 -55.9352 2.4
      vertex 28.1727 -55.9352 10
    endloop
  endfacet
  facet normal -0.382334 -0.924024 0
    outer loop
      vertex 27.4954 -53.5842 2.4
      vertex 27.6508 -53.6485 10
      vertex 27.4954 -53.5842 10
    endloop
  endfacet
  facet normal -0.382334 -0.924024 -0
    outer loop
      vertex 27.6508 -53.6485 10
      vertex 27.4954 -53.5842 2.4
      vertex 27.6508 -53.6485 2.4
    endloop
  endfacet
  facet normal 0.483926 -0.875109 0
    outer loop
      vertex 26.202 -53.7299 2.4
      vertex 26.3492 -53.6485 10
      vertex 26.202 -53.7299 10
    endloop
  endfacet
  facet normal 0.483926 -0.875109 0
    outer loop
      vertex 26.3492 -53.6485 10
      vertex 26.202 -53.7299 2.4
      vertex 26.3492 -53.6485 2.4
    endloop
  endfacet
  facet normal 0.167578 0.985859 -0
    outer loop
      vertex 26.8321 -56.4906 2.4
      vertex 26.6662 -56.4624 10
      vertex 26.8321 -56.4906 10
    endloop
  endfacet
  facet normal 0.167578 0.985859 0
    outer loop
      vertex 26.6662 -56.4624 10
      vertex 26.8321 -56.4906 2.4
      vertex 26.6662 -56.4624 2.4
    endloop
  endfacet
  facet normal -0.483926 -0.875109 0
    outer loop
      vertex 27.6508 -53.6485 2.4
      vertex 27.798 -53.7299 10
      vertex 27.6508 -53.6485 10
    endloop
  endfacet
  facet normal -0.483926 -0.875109 -0
    outer loop
      vertex 27.798 -53.7299 10
      vertex 27.6508 -53.6485 2.4
      vertex 27.798 -53.7299 2.4
    endloop
  endfacet
  facet normal 0.998436 0.0558982 0
    outer loop
      vertex 25.5094 -55.1679 10
      vertex 25.5 -55 2.4
      vertex 25.5 -55 10
    endloop
  endfacet
  facet normal 0.998436 0.0558982 0
    outer loop
      vertex 25.5 -55 2.4
      vertex 25.5094 -55.1679 10
      vertex 25.5094 -55.1679 2.4
    endloop
  endfacet
  facet normal -0.815417 -0.578875 0
    outer loop
      vertex 28.2701 -54.202 2.4
      vertex 28.1727 -54.0648 10
      vertex 28.1727 -54.0648 2.4
    endloop
  endfacet
  facet normal -0.815417 -0.578875 0
    outer loop
      vertex 28.1727 -54.0648 10
      vertex 28.2701 -54.202 2.4
      vertex 28.2701 -54.202 10
    endloop
  endfacet
  facet normal 0.0558982 0.998436 -0
    outer loop
      vertex 27 -56.5 2.4
      vertex 26.8321 -56.4906 10
      vertex 27 -56.5 10
    endloop
  endfacet
  facet normal 0.0558982 0.998436 0
    outer loop
      vertex 26.8321 -56.4906 10
      vertex 27 -56.5 2.4
      vertex 26.8321 -56.4906 2.4
    endloop
  endfacet
  facet normal -0.0558982 -0.998436 0
    outer loop
      vertex 27 -53.5 2.4
      vertex 27.1679 -53.5094 10
      vertex 27 -53.5 10
    endloop
  endfacet
  facet normal -0.0558982 -0.998436 -0
    outer loop
      vertex 27.1679 -53.5094 10
      vertex 27 -53.5 2.4
      vertex 27.1679 -53.5094 2.4
    endloop
  endfacet
  facet normal -0.960848 0.277076 0
    outer loop
      vertex 28.4158 -55.4954 2.4
      vertex 28.4624 -55.3338 10
      vertex 28.4624 -55.3338 2.4
    endloop
  endfacet
  facet normal -0.960848 0.277076 0
    outer loop
      vertex 28.4624 -55.3338 10
      vertex 28.4158 -55.4954 2.4
      vertex 28.4158 -55.4954 10
    endloop
  endfacet
  facet normal -0.746096 0.665839 0
    outer loop
      vertex 28.0607 -56.0607 2.4
      vertex 28.1727 -55.9352 10
      vertex 28.1727 -55.9352 2.4
    endloop
  endfacet
  facet normal -0.746096 0.665839 0
    outer loop
      vertex 28.1727 -55.9352 10
      vertex 28.0607 -56.0607 2.4
      vertex 28.0607 -56.0607 10
    endloop
  endfacet
  facet normal -0.746096 -0.665839 0
    outer loop
      vertex 28.1727 -54.0648 2.4
      vertex 28.0607 -53.9393 10
      vertex 28.0607 -53.9393 2.4
    endloop
  endfacet
  facet normal -0.746096 -0.665839 0
    outer loop
      vertex 28.0607 -53.9393 10
      vertex 28.1727 -54.0648 2.4
      vertex 28.1727 -54.0648 10
    endloop
  endfacet
  facet normal 0.815417 0.578875 0
    outer loop
      vertex 25.8273 -55.9352 10
      vertex 25.7299 -55.798 2.4
      vertex 25.7299 -55.798 10
    endloop
  endfacet
  facet normal 0.815417 0.578875 0
    outer loop
      vertex 25.7299 -55.798 2.4
      vertex 25.8273 -55.9352 10
      vertex 25.8273 -55.9352 2.4
    endloop
  endfacet
  facet normal -0.665839 -0.746096 0
    outer loop
      vertex 27.9352 -53.8273 2.4
      vertex 28.0607 -53.9393 10
      vertex 27.9352 -53.8273 10
    endloop
  endfacet
  facet normal -0.665839 -0.746096 -0
    outer loop
      vertex 28.0607 -53.9393 10
      vertex 27.9352 -53.8273 2.4
      vertex 28.0607 -53.9393 2.4
    endloop
  endfacet
  facet normal 0.875109 0.483926 0
    outer loop
      vertex 25.7299 -55.798 10
      vertex 25.6485 -55.6508 2.4
      vertex 25.6485 -55.6508 10
    endloop
  endfacet
  facet normal 0.875109 0.483926 0
    outer loop
      vertex 25.6485 -55.6508 2.4
      vertex 25.7299 -55.798 10
      vertex 25.7299 -55.798 2.4
    endloop
  endfacet
  facet normal -0.167578 0.985859 0
    outer loop
      vertex 27.3338 -56.4624 2.4
      vertex 27.1679 -56.4906 10
      vertex 27.3338 -56.4624 10
    endloop
  endfacet
  facet normal -0.167578 0.985859 0
    outer loop
      vertex 27.1679 -56.4906 10
      vertex 27.3338 -56.4624 2.4
      vertex 27.1679 -56.4906 2.4
    endloop
  endfacet
  facet normal -0.0558982 0.998436 0
    outer loop
      vertex 27.1679 -56.4906 2.4
      vertex 27 -56.5 10
      vertex 27.1679 -56.4906 10
    endloop
  endfacet
  facet normal -0.0558982 0.998436 0
    outer loop
      vertex 27 -56.5 10
      vertex 27.1679 -56.4906 2.4
      vertex 27 -56.5 2.4
    endloop
  endfacet
  facet normal 0.746096 -0.665839 0
    outer loop
      vertex 25.8273 -54.0648 10
      vertex 25.9393 -53.9393 2.4
      vertex 25.9393 -53.9393 10
    endloop
  endfacet
  facet normal 0.746096 -0.665839 0
    outer loop
      vertex 25.9393 -53.9393 2.4
      vertex 25.8273 -54.0648 10
      vertex 25.8273 -54.0648 2.4
    endloop
  endfacet
  facet normal 0.277076 -0.960848 0
    outer loop
      vertex 26.5046 -53.5842 2.4
      vertex 26.6662 -53.5376 10
      vertex 26.5046 -53.5842 10
    endloop
  endfacet
  facet normal 0.277076 -0.960848 0
    outer loop
      vertex 26.6662 -53.5376 10
      vertex 26.5046 -53.5842 2.4
      vertex 26.6662 -53.5376 2.4
    endloop
  endfacet
  facet normal 0.746096 0.665839 0
    outer loop
      vertex 25.9393 -56.0607 10
      vertex 25.8273 -55.9352 2.4
      vertex 25.8273 -55.9352 10
    endloop
  endfacet
  facet normal 0.746096 0.665839 0
    outer loop
      vertex 25.8273 -55.9352 2.4
      vertex 25.9393 -56.0607 10
      vertex 25.9393 -56.0607 2.4
    endloop
  endfacet
  facet normal -0.924024 -0.382334 0
    outer loop
      vertex 28.4158 -54.5046 2.4
      vertex 28.3515 -54.3492 10
      vertex 28.3515 -54.3492 2.4
    endloop
  endfacet
  facet normal -0.924024 -0.382334 0
    outer loop
      vertex 28.3515 -54.3492 10
      vertex 28.4158 -54.5046 2.4
      vertex 28.4158 -54.5046 10
    endloop
  endfacet
  facet normal 0.578875 0.815417 -0
    outer loop
      vertex 26.202 -56.2701 2.4
      vertex 26.0648 -56.1727 10
      vertex 26.202 -56.2701 10
    endloop
  endfacet
  facet normal 0.578875 0.815417 0
    outer loop
      vertex 26.0648 -56.1727 10
      vertex 26.202 -56.2701 2.4
      vertex 26.0648 -56.1727 2.4
    endloop
  endfacet
  facet normal -0.483926 0.875109 0
    outer loop
      vertex 27.798 -56.2701 2.4
      vertex 27.6508 -56.3515 10
      vertex 27.798 -56.2701 10
    endloop
  endfacet
  facet normal -0.483926 0.875109 0
    outer loop
      vertex 27.6508 -56.3515 10
      vertex 27.798 -56.2701 2.4
      vertex 27.6508 -56.3515 2.4
    endloop
  endfacet
  facet normal 0.960848 -0.277076 0
    outer loop
      vertex 25.5376 -54.6662 10
      vertex 25.5842 -54.5046 2.4
      vertex 25.5842 -54.5046 10
    endloop
  endfacet
  facet normal 0.960848 -0.277076 0
    outer loop
      vertex 25.5842 -54.5046 2.4
      vertex 25.5376 -54.6662 10
      vertex 25.5376 -54.6662 2.4
    endloop
  endfacet
  facet normal -0.998436 0.0558982 0
    outer loop
      vertex 28.4906 -55.1679 2.4
      vertex 28.5 -55 10
      vertex 28.5 -55 2.4
    endloop
  endfacet
  facet normal -0.998436 0.0558982 0
    outer loop
      vertex 28.5 -55 10
      vertex 28.4906 -55.1679 2.4
      vertex 28.4906 -55.1679 10
    endloop
  endfacet
  facet normal -0.985859 0.167578 0
    outer loop
      vertex 28.4624 -55.3338 2.4
      vertex 28.4906 -55.1679 10
      vertex 28.4906 -55.1679 2.4
    endloop
  endfacet
  facet normal -0.985859 0.167578 0
    outer loop
      vertex 28.4906 -55.1679 10
      vertex 28.4624 -55.3338 2.4
      vertex 28.4624 -55.3338 10
    endloop
  endfacet
  facet normal 0.960848 0.277076 0
    outer loop
      vertex 25.5842 -55.4954 10
      vertex 25.5376 -55.3338 2.4
      vertex 25.5376 -55.3338 10
    endloop
  endfacet
  facet normal 0.960848 0.277076 0
    outer loop
      vertex 25.5376 -55.3338 2.4
      vertex 25.5842 -55.4954 10
      vertex 25.5842 -55.4954 2.4
    endloop
  endfacet
  facet normal -0.924024 0.382334 0
    outer loop
      vertex 28.3515 -55.6508 2.4
      vertex 28.4158 -55.4954 10
      vertex 28.4158 -55.4954 2.4
    endloop
  endfacet
  facet normal -0.924024 0.382334 0
    outer loop
      vertex 28.4158 -55.4954 10
      vertex 28.3515 -55.6508 2.4
      vertex 28.3515 -55.6508 10
    endloop
  endfacet
  facet normal 0.0558982 -0.998436 0
    outer loop
      vertex 26.8321 -53.5094 2.4
      vertex 27 -53.5 10
      vertex 26.8321 -53.5094 10
    endloop
  endfacet
  facet normal 0.0558982 -0.998436 0
    outer loop
      vertex 27 -53.5 10
      vertex 26.8321 -53.5094 2.4
      vertex 27 -53.5 2.4
    endloop
  endfacet
  facet normal 0.483926 0.875109 -0
    outer loop
      vertex 26.3492 -56.3515 2.4
      vertex 26.202 -56.2701 10
      vertex 26.3492 -56.3515 10
    endloop
  endfacet
  facet normal 0.483926 0.875109 0
    outer loop
      vertex 26.202 -56.2701 10
      vertex 26.3492 -56.3515 2.4
      vertex 26.202 -56.2701 2.4
    endloop
  endfacet
  facet normal 0.875109 -0.483926 0
    outer loop
      vertex 25.6485 -54.3492 10
      vertex 25.7299 -54.202 2.4
      vertex 25.7299 -54.202 10
    endloop
  endfacet
  facet normal 0.875109 -0.483926 0
    outer loop
      vertex 25.7299 -54.202 2.4
      vertex 25.6485 -54.3492 10
      vertex 25.6485 -54.3492 2.4
    endloop
  endfacet
  facet normal 0.998436 -0.0558982 0
    outer loop
      vertex 25.5 -55 10
      vertex 25.5094 -54.8321 2.4
      vertex 25.5094 -54.8321 10
    endloop
  endfacet
  facet normal 0.998436 -0.0558982 0
    outer loop
      vertex 25.5094 -54.8321 2.4
      vertex 25.5 -55 10
      vertex 25.5 -55 2.4
    endloop
  endfacet
  facet normal -0.875109 -0.483926 0
    outer loop
      vertex 28.3515 -54.3492 2.4
      vertex 28.2701 -54.202 10
      vertex 28.2701 -54.202 2.4
    endloop
  endfacet
  facet normal -0.875109 -0.483926 0
    outer loop
      vertex 28.2701 -54.202 10
      vertex 28.3515 -54.3492 2.4
      vertex 28.3515 -54.3492 10
    endloop
  endfacet
  facet normal 0.924024 -0.382334 0
    outer loop
      vertex 25.5842 -54.5046 10
      vertex 25.6485 -54.3492 2.4
      vertex 25.6485 -54.3492 10
    endloop
  endfacet
  facet normal 0.924024 -0.382334 0
    outer loop
      vertex 25.6485 -54.3492 2.4
      vertex 25.5842 -54.5046 10
      vertex 25.5842 -54.5046 2.4
    endloop
  endfacet
  facet normal 0.924024 0.382334 0
    outer loop
      vertex 25.6485 -55.6508 10
      vertex 25.5842 -55.4954 2.4
      vertex 25.5842 -55.4954 10
    endloop
  endfacet
  facet normal 0.924024 0.382334 0
    outer loop
      vertex 25.5842 -55.4954 2.4
      vertex 25.6485 -55.6508 10
      vertex 25.6485 -55.6508 2.4
    endloop
  endfacet
  facet normal 0.578875 -0.815417 0
    outer loop
      vertex 26.0648 -53.8273 2.4
      vertex 26.202 -53.7299 10
      vertex 26.0648 -53.8273 10
    endloop
  endfacet
  facet normal 0.578875 -0.815417 0
    outer loop
      vertex 26.202 -53.7299 10
      vertex 26.0648 -53.8273 2.4
      vertex 26.202 -53.7299 2.4
    endloop
  endfacet
  facet normal 0.985859 -0.167578 0
    outer loop
      vertex 25.5094 -54.8321 10
      vertex 25.5376 -54.6662 2.4
      vertex 25.5376 -54.6662 10
    endloop
  endfacet
  facet normal 0.985859 -0.167578 0
    outer loop
      vertex 25.5376 -54.6662 2.4
      vertex 25.5094 -54.8321 10
      vertex 25.5094 -54.8321 2.4
    endloop
  endfacet
  facet normal -0.277076 0.960848 0
    outer loop
      vertex 27.4954 -56.4158 2.4
      vertex 27.3338 -56.4624 10
      vertex 27.4954 -56.4158 10
    endloop
  endfacet
  facet normal -0.277076 0.960848 0
    outer loop
      vertex 27.3338 -56.4624 10
      vertex 27.4954 -56.4158 2.4
      vertex 27.3338 -56.4624 2.4
    endloop
  endfacet
  facet normal 0.277076 0.960848 -0
    outer loop
      vertex 26.6662 -56.4624 2.4
      vertex 26.5046 -56.4158 10
      vertex 26.6662 -56.4624 10
    endloop
  endfacet
  facet normal 0.277076 0.960848 0
    outer loop
      vertex 26.5046 -56.4158 10
      vertex 26.6662 -56.4624 2.4
      vertex 26.5046 -56.4158 2.4
    endloop
  endfacet
  facet normal 0.382334 -0.924024 0
    outer loop
      vertex 26.3492 -53.6485 2.4
      vertex 26.5046 -53.5842 10
      vertex 26.3492 -53.6485 10
    endloop
  endfacet
  facet normal 0.382334 -0.924024 0
    outer loop
      vertex 26.5046 -53.5842 10
      vertex 26.3492 -53.6485 2.4
      vertex 26.5046 -53.5842 2.4
    endloop
  endfacet
  facet normal -0.167578 -0.985859 0
    outer loop
      vertex 27.1679 -53.5094 2.4
      vertex 27.3338 -53.5376 10
      vertex 27.1679 -53.5094 10
    endloop
  endfacet
  facet normal -0.167578 -0.985859 -0
    outer loop
      vertex 27.3338 -53.5376 10
      vertex 27.1679 -53.5094 2.4
      vertex 27.3338 -53.5376 2.4
    endloop
  endfacet
  facet normal -0.382334 0.924024 0
    outer loop
      vertex 27.6508 -56.3515 2.4
      vertex 27.4954 -56.4158 10
      vertex 27.6508 -56.3515 10
    endloop
  endfacet
  facet normal -0.382334 0.924024 0
    outer loop
      vertex 27.4954 -56.4158 10
      vertex 27.6508 -56.3515 2.4
      vertex 27.4954 -56.4158 2.4
    endloop
  endfacet
  facet normal -0.578875 0.815417 0
    outer loop
      vertex 27.9352 -56.1727 2.4
      vertex 27.798 -56.2701 10
      vertex 27.9352 -56.1727 10
    endloop
  endfacet
  facet normal -0.578875 0.815417 0
    outer loop
      vertex 27.798 -56.2701 10
      vertex 27.9352 -56.1727 2.4
      vertex 27.798 -56.2701 2.4
    endloop
  endfacet
  facet normal 0.665839 0.746096 -0
    outer loop
      vertex 26.0648 -56.1727 2.4
      vertex 25.9393 -56.0607 10
      vertex 26.0648 -56.1727 10
    endloop
  endfacet
  facet normal 0.665839 0.746096 0
    outer loop
      vertex 25.9393 -56.0607 10
      vertex 26.0648 -56.1727 2.4
      vertex 25.9393 -56.0607 2.4
    endloop
  endfacet
  facet normal 0.382334 0.924024 -0
    outer loop
      vertex 26.5046 -56.4158 2.4
      vertex 26.3492 -56.3515 10
      vertex 26.5046 -56.4158 10
    endloop
  endfacet
  facet normal 0.382334 0.924024 0
    outer loop
      vertex 26.3492 -56.3515 10
      vertex 26.5046 -56.4158 2.4
      vertex 26.3492 -56.3515 2.4
    endloop
  endfacet
  facet normal -0.665839 0.746096 0
    outer loop
      vertex 28.0607 -56.0607 2.4
      vertex 27.9352 -56.1727 10
      vertex 28.0607 -56.0607 10
    endloop
  endfacet
  facet normal -0.665839 0.746096 0
    outer loop
      vertex 27.9352 -56.1727 10
      vertex 28.0607 -56.0607 2.4
      vertex 27.9352 -56.1727 2.4
    endloop
  endfacet
  facet normal 0.923919 -0.382588 0
    outer loop
      vertex 30.6039 53.2645 10
      vertex 30.7755 53.6789 2.4
      vertex 30.7755 53.6789 10
    endloop
  endfacet
  facet normal 0.923919 -0.382588 0
    outer loop
      vertex 30.7755 53.6789 2.4
      vertex 30.6039 53.2645 10
      vertex 30.6039 53.2645 2.4
    endloop
  endfacet
  facet normal -0.923919 0.382588 0
    outer loop
      vertex 23.2245 56.3211 2.4
      vertex 23.3961 56.7355 10
      vertex 23.3961 56.7355 2.4
    endloop
  endfacet
  facet normal -0.923919 0.382588 0
    outer loop
      vertex 23.3961 56.7355 10
      vertex 23.2245 56.3211 2.4
      vertex 23.2245 56.3211 10
    endloop
  endfacet
  facet normal 0.815582 -0.578642 0
    outer loop
      vertex 30.1273 52.506 10
      vertex 30.3869 52.8719 2.4
      vertex 30.3869 52.8719 10
    endloop
  endfacet
  facet normal 0.815582 -0.578642 0
    outer loop
      vertex 30.3869 52.8719 2.4
      vertex 30.1273 52.506 10
      vertex 30.1273 52.506 2.4
    endloop
  endfacet
  facet normal -0.0562691 0.998416 0
    outer loop
      vertex 26.6213 58.9787 2.4
      vertex 26.5521 58.9748 10
      vertex 26.6213 58.9787 10
    endloop
  endfacet
  facet normal -0.0562691 0.998416 0
    outer loop
      vertex 26.5521 58.9748 10
      vertex 26.6213 58.9787 2.4
      vertex 26.5521 58.9748 2.4
    endloop
  endfacet
  facet normal -0.578642 0.815582 0
    outer loop
      vertex 24.8719 58.3869 2.4
      vertex 24.506 58.1273 10
      vertex 24.8719 58.3869 10
    endloop
  endfacet
  facet normal -0.578642 0.815582 0
    outer loop
      vertex 24.506 58.1273 10
      vertex 24.8719 58.3869 2.4
      vertex 24.506 58.1273 2.4
    endloop
  endfacet
  facet normal 0.578642 -0.815582 0
    outer loop
      vertex 29.1281 51.6131 2.4
      vertex 29.494 51.8727 10
      vertex 29.1281 51.6131 10
    endloop
  endfacet
  facet normal 0.578642 -0.815582 0
    outer loop
      vertex 29.494 51.8727 10
      vertex 29.1281 51.6131 2.4
      vertex 29.494 51.8727 2.4
    endloop
  endfacet
  facet normal -0.745574 0.666423 0
    outer loop
      vertex 23.8727 57.494 2.4
      vertex 24.1716 57.8284 10
      vertex 24.1716 57.8284 2.4
    endloop
  endfacet
  facet normal -0.745574 0.666423 0
    outer loop
      vertex 24.1716 57.8284 10
      vertex 23.8727 57.494 2.4
      vertex 23.8727 57.494 10
    endloop
  endfacet
  facet normal -0.960899 0.276899 0
    outer loop
      vertex 23.1003 55.8901 2.4
      vertex 23.2245 56.3211 10
      vertex 23.2245 56.3211 2.4
    endloop
  endfacet
  facet normal -0.960899 0.276899 0
    outer loop
      vertex 23.2245 56.3211 10
      vertex 23.1003 55.8901 2.4
      vertex 23.1003 55.8901 10
    endloop
  endfacet
  facet normal -0.985883 -0.167435 0
    outer loop
      vertex 23.1003 54.1099 2.4
      vertex 23.0252 54.5521 10
      vertex 23.0252 54.5521 2.4
    endloop
  endfacet
  facet normal -0.985883 -0.167435 0
    outer loop
      vertex 23.0252 54.5521 10
      vertex 23.1003 54.1099 2.4
      vertex 23.1003 54.1099 10
    endloop
  endfacet
  facet normal -0.382588 0.923919 0
    outer loop
      vertex 25.6789 58.7755 2.4
      vertex 25.2645 58.6039 10
      vertex 25.6789 58.7755 10
    endloop
  endfacet
  facet normal -0.382588 0.923919 0
    outer loop
      vertex 25.2645 58.6039 10
      vertex 25.6789 58.7755 2.4
      vertex 25.2645 58.6039 2.4
    endloop
  endfacet
  facet normal -0.276899 0.960899 0
    outer loop
      vertex 26.1099 58.8997 2.4
      vertex 25.6789 58.7755 10
      vertex 26.1099 58.8997 10
    endloop
  endfacet
  facet normal -0.276899 0.960899 0
    outer loop
      vertex 25.6789 58.7755 10
      vertex 26.1099 58.8997 2.4
      vertex 25.6789 58.7755 2.4
    endloop
  endfacet
  facet normal -0.167435 -0.985883 0
    outer loop
      vertex 26.1099 51.1003 2.4
      vertex 26.5521 51.0252 10
      vertex 26.1099 51.1003 10
    endloop
  endfacet
  facet normal -0.167435 -0.985883 -0
    outer loop
      vertex 26.5521 51.0252 10
      vertex 26.1099 51.1003 2.4
      vertex 26.5521 51.0252 2.4
    endloop
  endfacet
  facet normal 0.382588 -0.923919 0
    outer loop
      vertex 28.3211 51.2245 2.4
      vertex 28.7355 51.3961 10
      vertex 28.3211 51.2245 10
    endloop
  endfacet
  facet normal 0.382588 -0.923919 0
    outer loop
      vertex 28.7355 51.3961 10
      vertex 28.3211 51.2245 2.4
      vertex 28.7355 51.3961 2.4
    endloop
  endfacet
  facet normal -0.483749 0.875207 0
    outer loop
      vertex 25.2645 58.6039 2.4
      vertex 24.8719 58.3869 10
      vertex 25.2645 58.6039 10
    endloop
  endfacet
  facet normal -0.483749 0.875207 0
    outer loop
      vertex 24.8719 58.3869 10
      vertex 25.2645 58.6039 2.4
      vertex 24.8719 58.3869 2.4
    endloop
  endfacet
  facet normal 0.985883 -0.167435 0
    outer loop
      vertex 30.8997 54.1099 10
      vertex 30.9748 54.5521 2.4
      vertex 30.9748 54.5521 10
    endloop
  endfacet
  facet normal 0.985883 -0.167435 0
    outer loop
      vertex 30.9748 54.5521 2.4
      vertex 30.8997 54.1099 10
      vertex 30.8997 54.1099 2.4
    endloop
  endfacet
  facet normal 0.0561737 -0.998421 0
    outer loop
      vertex 27 51 2.4
      vertex 27.4479 51.0252 10
      vertex 27 51 10
    endloop
  endfacet
  facet normal 0.0561737 -0.998421 0
    outer loop
      vertex 27.4479 51.0252 10
      vertex 27 51 2.4
      vertex 27.4479 51.0252 2.4
    endloop
  endfacet
  facet normal 0.483749 -0.875207 0
    outer loop
      vertex 28.7355 51.3961 2.4
      vertex 29.1281 51.6131 10
      vertex 28.7355 51.3961 10
    endloop
  endfacet
  facet normal 0.483749 -0.875207 0
    outer loop
      vertex 29.1281 51.6131 10
      vertex 28.7355 51.3961 2.4
      vertex 29.1281 51.6131 2.4
    endloop
  endfacet
  facet normal -0.578642 -0.815582 0
    outer loop
      vertex 24.506 51.8727 2.4
      vertex 24.8719 51.6131 10
      vertex 24.506 51.8727 10
    endloop
  endfacet
  facet normal -0.578642 -0.815582 -0
    outer loop
      vertex 24.8719 51.6131 10
      vertex 24.506 51.8727 2.4
      vertex 24.8719 51.6131 2.4
    endloop
  endfacet
  facet normal -0.815582 -0.578642 0
    outer loop
      vertex 23.8727 52.506 2.4
      vertex 23.6131 52.8719 10
      vertex 23.6131 52.8719 2.4
    endloop
  endfacet
  facet normal -0.815582 -0.578642 0
    outer loop
      vertex 23.6131 52.8719 10
      vertex 23.8727 52.506 2.4
      vertex 23.8727 52.506 10
    endloop
  endfacet
  facet normal -0.875207 -0.483749 0
    outer loop
      vertex 23.6131 52.8719 2.4
      vertex 23.3961 53.2645 10
      vertex 23.3961 53.2645 2.4
    endloop
  endfacet
  facet normal -0.875207 -0.483749 0
    outer loop
      vertex 23.3961 53.2645 10
      vertex 23.6131 52.8719 2.4
      vertex 23.6131 52.8719 10
    endloop
  endfacet
  facet normal -0.875207 0.483749 0
    outer loop
      vertex 23.3961 56.7355 2.4
      vertex 23.6131 57.1281 10
      vertex 23.6131 57.1281 2.4
    endloop
  endfacet
  facet normal -0.875207 0.483749 0
    outer loop
      vertex 23.6131 57.1281 10
      vertex 23.3961 56.7355 2.4
      vertex 23.3961 56.7355 10
    endloop
  endfacet
  facet normal 0.167435 -0.985883 0
    outer loop
      vertex 27.4479 51.0252 2.4
      vertex 27.8901 51.1003 10
      vertex 27.4479 51.0252 10
    endloop
  endfacet
  facet normal 0.167435 -0.985883 0
    outer loop
      vertex 27.8901 51.1003 10
      vertex 27.4479 51.0252 2.4
      vertex 27.8901 51.1003 2.4
    endloop
  endfacet
  facet normal 0.960899 -0.276899 0
    outer loop
      vertex 30.7755 53.6789 10
      vertex 30.8997 54.1099 2.4
      vertex 30.8997 54.1099 10
    endloop
  endfacet
  facet normal 0.960899 -0.276899 0
    outer loop
      vertex 30.8997 54.1099 2.4
      vertex 30.7755 53.6789 10
      vertex 30.7755 53.6789 2.4
    endloop
  endfacet
  facet normal -0.815582 0.578642 0
    outer loop
      vertex 23.6131 57.1281 2.4
      vertex 23.8727 57.494 10
      vertex 23.8727 57.494 2.4
    endloop
  endfacet
  facet normal -0.815582 0.578642 0
    outer loop
      vertex 23.8727 57.494 10
      vertex 23.6131 57.1281 2.4
      vertex 23.6131 57.1281 10
    endloop
  endfacet
  facet normal 0.745574 -0.666423 0
    outer loop
      vertex 29.8284 52.1716 10
      vertex 30.1273 52.506 2.4
      vertex 30.1273 52.506 10
    endloop
  endfacet
  facet normal 0.745574 -0.666423 0
    outer loop
      vertex 30.1273 52.506 2.4
      vertex 29.8284 52.1716 10
      vertex 29.8284 52.1716 2.4
    endloop
  endfacet
  facet normal -0.276899 -0.960899 0
    outer loop
      vertex 25.6789 51.2245 2.4
      vertex 26.1099 51.1003 10
      vertex 25.6789 51.2245 10
    endloop
  endfacet
  facet normal -0.276899 -0.960899 -0
    outer loop
      vertex 26.1099 51.1003 10
      vertex 25.6789 51.2245 2.4
      vertex 26.1099 51.1003 2.4
    endloop
  endfacet
  facet normal -0.666423 0.745574 0
    outer loop
      vertex 24.506 58.1273 2.4
      vertex 24.1716 57.8284 10
      vertex 24.506 58.1273 10
    endloop
  endfacet
  facet normal -0.666423 0.745574 0
    outer loop
      vertex 24.1716 57.8284 10
      vertex 24.506 58.1273 2.4
      vertex 24.1716 57.8284 2.4
    endloop
  endfacet
  facet normal 0.666423 -0.745574 0
    outer loop
      vertex 29.494 51.8727 2.4
      vertex 29.8284 52.1716 10
      vertex 29.494 51.8727 10
    endloop
  endfacet
  facet normal 0.666423 -0.745574 0
    outer loop
      vertex 29.8284 52.1716 10
      vertex 29.494 51.8727 2.4
      vertex 29.8284 52.1716 2.4
    endloop
  endfacet
  facet normal -0.960899 -0.276899 0
    outer loop
      vertex 23.2245 53.6789 2.4
      vertex 23.1003 54.1099 10
      vertex 23.1003 54.1099 2.4
    endloop
  endfacet
  facet normal -0.960899 -0.276899 0
    outer loop
      vertex 23.1003 54.1099 10
      vertex 23.2245 53.6789 2.4
      vertex 23.2245 53.6789 10
    endloop
  endfacet
  facet normal -0.923919 -0.382588 0
    outer loop
      vertex 23.3961 53.2645 2.4
      vertex 23.2245 53.6789 10
      vertex 23.2245 53.6789 2.4
    endloop
  endfacet
  facet normal -0.923919 -0.382588 0
    outer loop
      vertex 23.2245 53.6789 10
      vertex 23.3961 53.2645 2.4
      vertex 23.3961 53.2645 10
    endloop
  endfacet
  facet normal -0.167435 0.985883 0
    outer loop
      vertex 26.5521 58.9748 2.4
      vertex 26.1099 58.8997 10
      vertex 26.5521 58.9748 10
    endloop
  endfacet
  facet normal -0.167435 0.985883 0
    outer loop
      vertex 26.1099 58.8997 10
      vertex 26.5521 58.9748 2.4
      vertex 26.1099 58.8997 2.4
    endloop
  endfacet
  facet normal 0.998416 -0.0562691 0
    outer loop
      vertex 30.9748 54.5521 10
      vertex 30.9787 54.6213 2.4
      vertex 30.9787 54.6213 10
    endloop
  endfacet
  facet normal 0.998416 -0.0562691 0
    outer loop
      vertex 30.9787 54.6213 2.4
      vertex 30.9748 54.5521 10
      vertex 30.9748 54.5521 2.4
    endloop
  endfacet
  facet normal 0.276899 -0.960899 0
    outer loop
      vertex 27.8901 51.1003 2.4
      vertex 28.3211 51.2245 10
      vertex 27.8901 51.1003 10
    endloop
  endfacet
  facet normal 0.276899 -0.960899 0
    outer loop
      vertex 28.3211 51.2245 10
      vertex 27.8901 51.1003 2.4
      vertex 28.3211 51.2245 2.4
    endloop
  endfacet
  facet normal -0.998421 -0.0561737 0
    outer loop
      vertex 23.0252 54.5521 2.4
      vertex 23 55 10
      vertex 23 55 2.4
    endloop
  endfacet
  facet normal -0.998421 -0.0561737 0
    outer loop
      vertex 23 55 10
      vertex 23.0252 54.5521 2.4
      vertex 23.0252 54.5521 10
    endloop
  endfacet
  facet normal -0.745574 -0.666423 0
    outer loop
      vertex 24.1716 52.1716 2.4
      vertex 23.8727 52.506 10
      vertex 23.8727 52.506 2.4
    endloop
  endfacet
  facet normal -0.745574 -0.666423 0
    outer loop
      vertex 23.8727 52.506 10
      vertex 24.1716 52.1716 2.4
      vertex 24.1716 52.1716 10
    endloop
  endfacet
  facet normal -0.666423 -0.745574 0
    outer loop
      vertex 24.1716 52.1716 2.4
      vertex 24.506 51.8727 10
      vertex 24.1716 52.1716 10
    endloop
  endfacet
  facet normal -0.666423 -0.745574 -0
    outer loop
      vertex 24.506 51.8727 10
      vertex 24.1716 52.1716 2.4
      vertex 24.506 51.8727 2.4
    endloop
  endfacet
  facet normal 0.875207 -0.483749 0
    outer loop
      vertex 30.3869 52.8719 10
      vertex 30.6039 53.2645 2.4
      vertex 30.6039 53.2645 10
    endloop
  endfacet
  facet normal 0.875207 -0.483749 0
    outer loop
      vertex 30.6039 53.2645 2.4
      vertex 30.3869 52.8719 10
      vertex 30.3869 52.8719 2.4
    endloop
  endfacet
  facet normal -0.483749 -0.875207 0
    outer loop
      vertex 24.8719 51.6131 2.4
      vertex 25.2645 51.3961 10
      vertex 24.8719 51.6131 10
    endloop
  endfacet
  facet normal -0.483749 -0.875207 -0
    outer loop
      vertex 25.2645 51.3961 10
      vertex 24.8719 51.6131 2.4
      vertex 25.2645 51.3961 2.4
    endloop
  endfacet
  facet normal -0.985883 0.167435 0
    outer loop
      vertex 23.0252 55.4479 2.4
      vertex 23.1003 55.8901 10
      vertex 23.1003 55.8901 2.4
    endloop
  endfacet
  facet normal -0.985883 0.167435 0
    outer loop
      vertex 23.1003 55.8901 10
      vertex 23.0252 55.4479 2.4
      vertex 23.0252 55.4479 10
    endloop
  endfacet
  facet normal -0.0561737 -0.998421 0
    outer loop
      vertex 26.5521 51.0252 2.4
      vertex 27 51 10
      vertex 26.5521 51.0252 10
    endloop
  endfacet
  facet normal -0.0561737 -0.998421 -0
    outer loop
      vertex 27 51 10
      vertex 26.5521 51.0252 2.4
      vertex 27 51 2.4
    endloop
  endfacet
  facet normal -0.382588 -0.923919 0
    outer loop
      vertex 25.2645 51.3961 2.4
      vertex 25.6789 51.2245 10
      vertex 25.2645 51.3961 10
    endloop
  endfacet
  facet normal -0.382588 -0.923919 -0
    outer loop
      vertex 25.6789 51.2245 10
      vertex 25.2645 51.3961 2.4
      vertex 25.6789 51.2245 2.4
    endloop
  endfacet
  facet normal -0.998421 0.0561737 0
    outer loop
      vertex 23 55 2.4
      vertex 23.0252 55.4479 10
      vertex 23.0252 55.4479 2.4
    endloop
  endfacet
  facet normal -0.998421 0.0561737 0
    outer loop
      vertex 23.0252 55.4479 10
      vertex 23 55 2.4
      vertex 23 55 10
    endloop
  endfacet
  facet normal 0.815417 -0.578875 0
    outer loop
      vertex 25.7299 55.798 10
      vertex 25.8273 55.9352 2.4
      vertex 25.8273 55.9352 10
    endloop
  endfacet
  facet normal 0.815417 -0.578875 0
    outer loop
      vertex 25.8273 55.9352 2.4
      vertex 25.7299 55.798 10
      vertex 25.7299 55.798 2.4
    endloop
  endfacet
  facet normal -0.985859 -0.167578 0
    outer loop
      vertex 28.4906 55.1679 2.4
      vertex 28.4624 55.3338 10
      vertex 28.4624 55.3338 2.4
    endloop
  endfacet
  facet normal -0.985859 -0.167578 0
    outer loop
      vertex 28.4624 55.3338 10
      vertex 28.4906 55.1679 2.4
      vertex 28.4906 55.1679 10
    endloop
  endfacet
  facet normal -0.998436 -0.0558982 0
    outer loop
      vertex 28.5 55 2.4
      vertex 28.4906 55.1679 10
      vertex 28.4906 55.1679 2.4
    endloop
  endfacet
  facet normal -0.998436 -0.0558982 0
    outer loop
      vertex 28.4906 55.1679 10
      vertex 28.5 55 2.4
      vertex 28.5 55 10
    endloop
  endfacet
  facet normal -0.960848 -0.277076 0
    outer loop
      vertex 28.4624 55.3338 2.4
      vertex 28.4158 55.4954 10
      vertex 28.4158 55.4954 2.4
    endloop
  endfacet
  facet normal -0.960848 -0.277076 0
    outer loop
      vertex 28.4158 55.4954 10
      vertex 28.4624 55.3338 2.4
      vertex 28.4624 55.3338 10
    endloop
  endfacet
  facet normal 0.167578 -0.985859 0
    outer loop
      vertex 26.6662 56.4624 2.4
      vertex 26.8321 56.4906 10
      vertex 26.6662 56.4624 10
    endloop
  endfacet
  facet normal 0.167578 -0.985859 0
    outer loop
      vertex 26.8321 56.4906 10
      vertex 26.6662 56.4624 2.4
      vertex 26.8321 56.4906 2.4
    endloop
  endfacet
  facet normal -0.578875 -0.815417 0
    outer loop
      vertex 27.798 56.2701 2.4
      vertex 27.9352 56.1727 10
      vertex 27.798 56.2701 10
    endloop
  endfacet
  facet normal -0.578875 -0.815417 -0
    outer loop
      vertex 27.9352 56.1727 10
      vertex 27.798 56.2701 2.4
      vertex 27.9352 56.1727 2.4
    endloop
  endfacet
  facet normal 0.985859 0.167578 0
    outer loop
      vertex 25.5376 54.6662 10
      vertex 25.5094 54.8321 2.4
      vertex 25.5094 54.8321 10
    endloop
  endfacet
  facet normal 0.985859 0.167578 0
    outer loop
      vertex 25.5094 54.8321 2.4
      vertex 25.5376 54.6662 10
      vertex 25.5376 54.6662 2.4
    endloop
  endfacet
  facet normal -0.277076 -0.960848 0
    outer loop
      vertex 27.3338 56.4624 2.4
      vertex 27.4954 56.4158 10
      vertex 27.3338 56.4624 10
    endloop
  endfacet
  facet normal -0.277076 -0.960848 -0
    outer loop
      vertex 27.4954 56.4158 10
      vertex 27.3338 56.4624 2.4
      vertex 27.4954 56.4158 2.4
    endloop
  endfacet
  facet normal 0.665839 -0.746096 0
    outer loop
      vertex 25.9393 56.0607 2.4
      vertex 26.0648 56.1727 10
      vertex 25.9393 56.0607 10
    endloop
  endfacet
  facet normal 0.665839 -0.746096 0
    outer loop
      vertex 26.0648 56.1727 10
      vertex 25.9393 56.0607 2.4
      vertex 26.0648 56.1727 2.4
    endloop
  endfacet
  facet normal -0.875109 0.483926 0
    outer loop
      vertex 28.2701 54.202 2.4
      vertex 28.3515 54.3492 10
      vertex 28.3515 54.3492 2.4
    endloop
  endfacet
  facet normal -0.875109 0.483926 0
    outer loop
      vertex 28.3515 54.3492 10
      vertex 28.2701 54.202 2.4
      vertex 28.2701 54.202 10
    endloop
  endfacet
  facet normal -0.815417 0.578875 0
    outer loop
      vertex 28.1727 54.0648 2.4
      vertex 28.2701 54.202 10
      vertex 28.2701 54.202 2.4
    endloop
  endfacet
  facet normal -0.815417 0.578875 0
    outer loop
      vertex 28.2701 54.202 10
      vertex 28.1727 54.0648 2.4
      vertex 28.1727 54.0648 10
    endloop
  endfacet
  facet normal -0.382334 -0.924024 0
    outer loop
      vertex 27.4954 56.4158 2.4
      vertex 27.6508 56.3515 10
      vertex 27.4954 56.4158 10
    endloop
  endfacet
  facet normal -0.382334 -0.924024 -0
    outer loop
      vertex 27.6508 56.3515 10
      vertex 27.4954 56.4158 2.4
      vertex 27.6508 56.3515 2.4
    endloop
  endfacet
  facet normal 0.483926 -0.875109 0
    outer loop
      vertex 26.202 56.2701 2.4
      vertex 26.3492 56.3515 10
      vertex 26.202 56.2701 10
    endloop
  endfacet
  facet normal 0.483926 -0.875109 0
    outer loop
      vertex 26.3492 56.3515 10
      vertex 26.202 56.2701 2.4
      vertex 26.3492 56.3515 2.4
    endloop
  endfacet
  facet normal 0.167578 0.985859 -0
    outer loop
      vertex 26.8321 53.5094 2.4
      vertex 26.6662 53.5376 10
      vertex 26.8321 53.5094 10
    endloop
  endfacet
  facet normal 0.167578 0.985859 0
    outer loop
      vertex 26.6662 53.5376 10
      vertex 26.8321 53.5094 2.4
      vertex 26.6662 53.5376 2.4
    endloop
  endfacet
  facet normal -0.483926 -0.875109 0
    outer loop
      vertex 27.6508 56.3515 2.4
      vertex 27.798 56.2701 10
      vertex 27.6508 56.3515 10
    endloop
  endfacet
  facet normal -0.483926 -0.875109 -0
    outer loop
      vertex 27.798 56.2701 10
      vertex 27.6508 56.3515 2.4
      vertex 27.798 56.2701 2.4
    endloop
  endfacet
  facet normal 0.998436 0.0558982 0
    outer loop
      vertex 25.5094 54.8321 10
      vertex 25.5 55 2.4
      vertex 25.5 55 10
    endloop
  endfacet
  facet normal 0.998436 0.0558982 0
    outer loop
      vertex 25.5 55 2.4
      vertex 25.5094 54.8321 10
      vertex 25.5094 54.8321 2.4
    endloop
  endfacet
  facet normal -0.815417 -0.578875 0
    outer loop
      vertex 28.2701 55.798 2.4
      vertex 28.1727 55.9352 10
      vertex 28.1727 55.9352 2.4
    endloop
  endfacet
  facet normal -0.815417 -0.578875 0
    outer loop
      vertex 28.1727 55.9352 10
      vertex 28.2701 55.798 2.4
      vertex 28.2701 55.798 10
    endloop
  endfacet
  facet normal 0.0558982 0.998436 -0
    outer loop
      vertex 27 53.5 2.4
      vertex 26.8321 53.5094 10
      vertex 27 53.5 10
    endloop
  endfacet
  facet normal 0.0558982 0.998436 0
    outer loop
      vertex 26.8321 53.5094 10
      vertex 27 53.5 2.4
      vertex 26.8321 53.5094 2.4
    endloop
  endfacet
  facet normal -0.0558982 -0.998436 0
    outer loop
      vertex 27 56.5 2.4
      vertex 27.1679 56.4906 10
      vertex 27 56.5 10
    endloop
  endfacet
  facet normal -0.0558982 -0.998436 -0
    outer loop
      vertex 27.1679 56.4906 10
      vertex 27 56.5 2.4
      vertex 27.1679 56.4906 2.4
    endloop
  endfacet
  facet normal -0.960848 0.277076 0
    outer loop
      vertex 28.4158 54.5046 2.4
      vertex 28.4624 54.6662 10
      vertex 28.4624 54.6662 2.4
    endloop
  endfacet
  facet normal -0.960848 0.277076 0
    outer loop
      vertex 28.4624 54.6662 10
      vertex 28.4158 54.5046 2.4
      vertex 28.4158 54.5046 10
    endloop
  endfacet
  facet normal -0.746096 0.665839 0
    outer loop
      vertex 28.0607 53.9393 2.4
      vertex 28.1727 54.0648 10
      vertex 28.1727 54.0648 2.4
    endloop
  endfacet
  facet normal -0.746096 0.665839 0
    outer loop
      vertex 28.1727 54.0648 10
      vertex 28.0607 53.9393 2.4
      vertex 28.0607 53.9393 10
    endloop
  endfacet
  facet normal -0.746096 -0.665839 0
    outer loop
      vertex 28.1727 55.9352 2.4
      vertex 28.0607 56.0607 10
      vertex 28.0607 56.0607 2.4
    endloop
  endfacet
  facet normal -0.746096 -0.665839 0
    outer loop
      vertex 28.0607 56.0607 10
      vertex 28.1727 55.9352 2.4
      vertex 28.1727 55.9352 10
    endloop
  endfacet
  facet normal 0.815417 0.578875 0
    outer loop
      vertex 25.8273 54.0648 10
      vertex 25.7299 54.202 2.4
      vertex 25.7299 54.202 10
    endloop
  endfacet
  facet normal 0.815417 0.578875 0
    outer loop
      vertex 25.7299 54.202 2.4
      vertex 25.8273 54.0648 10
      vertex 25.8273 54.0648 2.4
    endloop
  endfacet
  facet normal -0.665839 -0.746096 0
    outer loop
      vertex 27.9352 56.1727 2.4
      vertex 28.0607 56.0607 10
      vertex 27.9352 56.1727 10
    endloop
  endfacet
  facet normal -0.665839 -0.746096 -0
    outer loop
      vertex 28.0607 56.0607 10
      vertex 27.9352 56.1727 2.4
      vertex 28.0607 56.0607 2.4
    endloop
  endfacet
  facet normal 0.875109 0.483926 0
    outer loop
      vertex 25.7299 54.202 10
      vertex 25.6485 54.3492 2.4
      vertex 25.6485 54.3492 10
    endloop
  endfacet
  facet normal 0.875109 0.483926 0
    outer loop
      vertex 25.6485 54.3492 2.4
      vertex 25.7299 54.202 10
      vertex 25.7299 54.202 2.4
    endloop
  endfacet
  facet normal -0.167578 0.985859 0
    outer loop
      vertex 27.3338 53.5376 2.4
      vertex 27.1679 53.5094 10
      vertex 27.3338 53.5376 10
    endloop
  endfacet
  facet normal -0.167578 0.985859 0
    outer loop
      vertex 27.1679 53.5094 10
      vertex 27.3338 53.5376 2.4
      vertex 27.1679 53.5094 2.4
    endloop
  endfacet
  facet normal -0.0558982 0.998436 0
    outer loop
      vertex 27.1679 53.5094 2.4
      vertex 27 53.5 10
      vertex 27.1679 53.5094 10
    endloop
  endfacet
  facet normal -0.0558982 0.998436 0
    outer loop
      vertex 27 53.5 10
      vertex 27.1679 53.5094 2.4
      vertex 27 53.5 2.4
    endloop
  endfacet
  facet normal 0.746096 -0.665839 0
    outer loop
      vertex 25.8273 55.9352 10
      vertex 25.9393 56.0607 2.4
      vertex 25.9393 56.0607 10
    endloop
  endfacet
  facet normal 0.746096 -0.665839 0
    outer loop
      vertex 25.9393 56.0607 2.4
      vertex 25.8273 55.9352 10
      vertex 25.8273 55.9352 2.4
    endloop
  endfacet
  facet normal 0.277076 -0.960848 0
    outer loop
      vertex 26.5046 56.4158 2.4
      vertex 26.6662 56.4624 10
      vertex 26.5046 56.4158 10
    endloop
  endfacet
  facet normal 0.277076 -0.960848 0
    outer loop
      vertex 26.6662 56.4624 10
      vertex 26.5046 56.4158 2.4
      vertex 26.6662 56.4624 2.4
    endloop
  endfacet
  facet normal 0.746096 0.665839 0
    outer loop
      vertex 25.9393 53.9393 10
      vertex 25.8273 54.0648 2.4
      vertex 25.8273 54.0648 10
    endloop
  endfacet
  facet normal 0.746096 0.665839 0
    outer loop
      vertex 25.8273 54.0648 2.4
      vertex 25.9393 53.9393 10
      vertex 25.9393 53.9393 2.4
    endloop
  endfacet
  facet normal -0.924024 -0.382334 0
    outer loop
      vertex 28.4158 55.4954 2.4
      vertex 28.3515 55.6508 10
      vertex 28.3515 55.6508 2.4
    endloop
  endfacet
  facet normal -0.924024 -0.382334 0
    outer loop
      vertex 28.3515 55.6508 10
      vertex 28.4158 55.4954 2.4
      vertex 28.4158 55.4954 10
    endloop
  endfacet
  facet normal 0.578875 0.815417 -0
    outer loop
      vertex 26.202 53.7299 2.4
      vertex 26.0648 53.8273 10
      vertex 26.202 53.7299 10
    endloop
  endfacet
  facet normal 0.578875 0.815417 0
    outer loop
      vertex 26.0648 53.8273 10
      vertex 26.202 53.7299 2.4
      vertex 26.0648 53.8273 2.4
    endloop
  endfacet
  facet normal -0.483926 0.875109 0
    outer loop
      vertex 27.798 53.7299 2.4
      vertex 27.6508 53.6485 10
      vertex 27.798 53.7299 10
    endloop
  endfacet
  facet normal -0.483926 0.875109 0
    outer loop
      vertex 27.6508 53.6485 10
      vertex 27.798 53.7299 2.4
      vertex 27.6508 53.6485 2.4
    endloop
  endfacet
  facet normal 0.960848 -0.277076 0
    outer loop
      vertex 25.5376 55.3338 10
      vertex 25.5842 55.4954 2.4
      vertex 25.5842 55.4954 10
    endloop
  endfacet
  facet normal 0.960848 -0.277076 0
    outer loop
      vertex 25.5842 55.4954 2.4
      vertex 25.5376 55.3338 10
      vertex 25.5376 55.3338 2.4
    endloop
  endfacet
  facet normal -0.998436 0.0558982 0
    outer loop
      vertex 28.4906 54.8321 2.4
      vertex 28.5 55 10
      vertex 28.5 55 2.4
    endloop
  endfacet
  facet normal -0.998436 0.0558982 0
    outer loop
      vertex 28.5 55 10
      vertex 28.4906 54.8321 2.4
      vertex 28.4906 54.8321 10
    endloop
  endfacet
  facet normal -0.985859 0.167578 0
    outer loop
      vertex 28.4624 54.6662 2.4
      vertex 28.4906 54.8321 10
      vertex 28.4906 54.8321 2.4
    endloop
  endfacet
  facet normal -0.985859 0.167578 0
    outer loop
      vertex 28.4906 54.8321 10
      vertex 28.4624 54.6662 2.4
      vertex 28.4624 54.6662 10
    endloop
  endfacet
  facet normal 0.960848 0.277076 0
    outer loop
      vertex 25.5842 54.5046 10
      vertex 25.5376 54.6662 2.4
      vertex 25.5376 54.6662 10
    endloop
  endfacet
  facet normal 0.960848 0.277076 0
    outer loop
      vertex 25.5376 54.6662 2.4
      vertex 25.5842 54.5046 10
      vertex 25.5842 54.5046 2.4
    endloop
  endfacet
  facet normal -0.924024 0.382334 0
    outer loop
      vertex 28.3515 54.3492 2.4
      vertex 28.4158 54.5046 10
      vertex 28.4158 54.5046 2.4
    endloop
  endfacet
  facet normal -0.924024 0.382334 0
    outer loop
      vertex 28.4158 54.5046 10
      vertex 28.3515 54.3492 2.4
      vertex 28.3515 54.3492 10
    endloop
  endfacet
  facet normal 0.0558982 -0.998436 0
    outer loop
      vertex 26.8321 56.4906 2.4
      vertex 27 56.5 10
      vertex 26.8321 56.4906 10
    endloop
  endfacet
  facet normal 0.0558982 -0.998436 0
    outer loop
      vertex 27 56.5 10
      vertex 26.8321 56.4906 2.4
      vertex 27 56.5 2.4
    endloop
  endfacet
  facet normal 0.483926 0.875109 -0
    outer loop
      vertex 26.3492 53.6485 2.4
      vertex 26.202 53.7299 10
      vertex 26.3492 53.6485 10
    endloop
  endfacet
  facet normal 0.483926 0.875109 0
    outer loop
      vertex 26.202 53.7299 10
      vertex 26.3492 53.6485 2.4
      vertex 26.202 53.7299 2.4
    endloop
  endfacet
  facet normal 0.875109 -0.483926 0
    outer loop
      vertex 25.6485 55.6508 10
      vertex 25.7299 55.798 2.4
      vertex 25.7299 55.798 10
    endloop
  endfacet
  facet normal 0.875109 -0.483926 0
    outer loop
      vertex 25.7299 55.798 2.4
      vertex 25.6485 55.6508 10
      vertex 25.6485 55.6508 2.4
    endloop
  endfacet
  facet normal 0.998436 -0.0558982 0
    outer loop
      vertex 25.5 55 10
      vertex 25.5094 55.1679 2.4
      vertex 25.5094 55.1679 10
    endloop
  endfacet
  facet normal 0.998436 -0.0558982 0
    outer loop
      vertex 25.5094 55.1679 2.4
      vertex 25.5 55 10
      vertex 25.5 55 2.4
    endloop
  endfacet
  facet normal -0.875109 -0.483926 0
    outer loop
      vertex 28.3515 55.6508 2.4
      vertex 28.2701 55.798 10
      vertex 28.2701 55.798 2.4
    endloop
  endfacet
  facet normal -0.875109 -0.483926 0
    outer loop
      vertex 28.2701 55.798 10
      vertex 28.3515 55.6508 2.4
      vertex 28.3515 55.6508 10
    endloop
  endfacet
  facet normal 0.924024 -0.382334 0
    outer loop
      vertex 25.5842 55.4954 10
      vertex 25.6485 55.6508 2.4
      vertex 25.6485 55.6508 10
    endloop
  endfacet
  facet normal 0.924024 -0.382334 0
    outer loop
      vertex 25.6485 55.6508 2.4
      vertex 25.5842 55.4954 10
      vertex 25.5842 55.4954 2.4
    endloop
  endfacet
  facet normal 0.924024 0.382334 0
    outer loop
      vertex 25.6485 54.3492 10
      vertex 25.5842 54.5046 2.4
      vertex 25.5842 54.5046 10
    endloop
  endfacet
  facet normal 0.924024 0.382334 0
    outer loop
      vertex 25.5842 54.5046 2.4
      vertex 25.6485 54.3492 10
      vertex 25.6485 54.3492 2.4
    endloop
  endfacet
  facet normal 0.578875 -0.815417 0
    outer loop
      vertex 26.0648 56.1727 2.4
      vertex 26.202 56.2701 10
      vertex 26.0648 56.1727 10
    endloop
  endfacet
  facet normal 0.578875 -0.815417 0
    outer loop
      vertex 26.202 56.2701 10
      vertex 26.0648 56.1727 2.4
      vertex 26.202 56.2701 2.4
    endloop
  endfacet
  facet normal 0.985859 -0.167578 0
    outer loop
      vertex 25.5094 55.1679 10
      vertex 25.5376 55.3338 2.4
      vertex 25.5376 55.3338 10
    endloop
  endfacet
  facet normal 0.985859 -0.167578 0
    outer loop
      vertex 25.5376 55.3338 2.4
      vertex 25.5094 55.1679 10
      vertex 25.5094 55.1679 2.4
    endloop
  endfacet
  facet normal -0.277076 0.960848 0
    outer loop
      vertex 27.4954 53.5842 2.4
      vertex 27.3338 53.5376 10
      vertex 27.4954 53.5842 10
    endloop
  endfacet
  facet normal -0.277076 0.960848 0
    outer loop
      vertex 27.3338 53.5376 10
      vertex 27.4954 53.5842 2.4
      vertex 27.3338 53.5376 2.4
    endloop
  endfacet
  facet normal 0.277076 0.960848 -0
    outer loop
      vertex 26.6662 53.5376 2.4
      vertex 26.5046 53.5842 10
      vertex 26.6662 53.5376 10
    endloop
  endfacet
  facet normal 0.277076 0.960848 0
    outer loop
      vertex 26.5046 53.5842 10
      vertex 26.6662 53.5376 2.4
      vertex 26.5046 53.5842 2.4
    endloop
  endfacet
  facet normal 0.382334 -0.924024 0
    outer loop
      vertex 26.3492 56.3515 2.4
      vertex 26.5046 56.4158 10
      vertex 26.3492 56.3515 10
    endloop
  endfacet
  facet normal 0.382334 -0.924024 0
    outer loop
      vertex 26.5046 56.4158 10
      vertex 26.3492 56.3515 2.4
      vertex 26.5046 56.4158 2.4
    endloop
  endfacet
  facet normal -0.167578 -0.985859 0
    outer loop
      vertex 27.1679 56.4906 2.4
      vertex 27.3338 56.4624 10
      vertex 27.1679 56.4906 10
    endloop
  endfacet
  facet normal -0.167578 -0.985859 -0
    outer loop
      vertex 27.3338 56.4624 10
      vertex 27.1679 56.4906 2.4
      vertex 27.3338 56.4624 2.4
    endloop
  endfacet
  facet normal -0.382334 0.924024 0
    outer loop
      vertex 27.6508 53.6485 2.4
      vertex 27.4954 53.5842 10
      vertex 27.6508 53.6485 10
    endloop
  endfacet
  facet normal -0.382334 0.924024 0
    outer loop
      vertex 27.4954 53.5842 10
      vertex 27.6508 53.6485 2.4
      vertex 27.4954 53.5842 2.4
    endloop
  endfacet
  facet normal -0.578875 0.815417 0
    outer loop
      vertex 27.9352 53.8273 2.4
      vertex 27.798 53.7299 10
      vertex 27.9352 53.8273 10
    endloop
  endfacet
  facet normal -0.578875 0.815417 0
    outer loop
      vertex 27.798 53.7299 10
      vertex 27.9352 53.8273 2.4
      vertex 27.798 53.7299 2.4
    endloop
  endfacet
  facet normal 0.665839 0.746096 -0
    outer loop
      vertex 26.0648 53.8273 2.4
      vertex 25.9393 53.9393 10
      vertex 26.0648 53.8273 10
    endloop
  endfacet
  facet normal 0.665839 0.746096 0
    outer loop
      vertex 25.9393 53.9393 10
      vertex 26.0648 53.8273 2.4
      vertex 25.9393 53.9393 2.4
    endloop
  endfacet
  facet normal 0.382334 0.924024 -0
    outer loop
      vertex 26.5046 53.5842 2.4
      vertex 26.3492 53.6485 10
      vertex 26.5046 53.5842 10
    endloop
  endfacet
  facet normal 0.382334 0.924024 0
    outer loop
      vertex 26.3492 53.6485 10
      vertex 26.5046 53.5842 2.4
      vertex 26.3492 53.6485 2.4
    endloop
  endfacet
  facet normal -0.665839 0.746096 0
    outer loop
      vertex 28.0607 53.9393 2.4
      vertex 27.9352 53.8273 10
      vertex 28.0607 53.9393 10
    endloop
  endfacet
  facet normal -0.665839 0.746096 0
    outer loop
      vertex 27.9352 53.8273 10
      vertex 28.0607 53.9393 2.4
      vertex 27.9352 53.8273 2.4
    endloop
  endfacet
  facet normal 0 -1 0
    outer loop
      vertex -25 -63 0
      vertex 25 -63 4.76837e-07
      vertex -25 -63 4.76837e-07
    endloop
  endfacet
  facet normal 0 -1 -0
    outer loop
      vertex 25 -63 4.76837e-07
      vertex -25 -63 0
      vertex 25 -63 0
    endloop
  endfacet
  facet normal 0 1 -0
    outer loop
      vertex 25 63 0
      vertex -25 63 4.76837e-07
      vertex 25 63 4.76837e-07
    endloop
  endfacet
  facet normal 0 1 0
    outer loop
      vertex -25 63 4.76837e-07
      vertex 25 63 0
      vertex -25 63 0
    endloop
  endfacet
  facet normal 0.707107 -0.707107 0
    outer loop
      vertex -27.8336 54.773 0
      vertex -26.773 55.8336 0.0999994
      vertex -27.8336 54.773 0.0999994
    endloop
  endfacet
  facet normal 0.707107 -0.707107 0
    outer loop
      vertex -26.773 55.8336 0.0999994
      vertex -27.8336 54.773 0
      vertex -26.773 55.8336 0
    endloop
  endfacet
  facet normal 0 0 -1
    outer loop
      vertex -26.0803 53.0197 0.0999994
      vertex -26.773 55.8336 0.0999994
      vertex -25.0197 54.0803 0.0999994
    endloop
  endfacet
  facet normal 0 -0 -1
    outer loop
      vertex -26.773 55.8336 0.0999994
      vertex -26.0803 53.0197 0.0999994
      vertex -27.8336 54.773 0.0999994
    endloop
  endfacet
  facet normal -0.707107 -0.707107 0
    outer loop
      vertex -26.773 55.8336 0
      vertex -25.0197 54.0803 0.0999994
      vertex -26.773 55.8336 0.0999994
    endloop
  endfacet
  facet normal -0.707107 -0.707107 -0
    outer loop
      vertex -25.0197 54.0803 0.0999994
      vertex -26.773 55.8336 0
      vertex -25.0197 54.0803 0
    endloop
  endfacet
  facet normal 0.707107 0.707107 0
    outer loop
      vertex -26.0803 53.0197 0.0999994
      vertex -27.8336 54.773 0
      vertex -27.8336 54.773 0.0999994
    endloop
  endfacet
  facet normal 0.707107 0.707107 0
    outer loop
      vertex -27.8336 54.773 0
      vertex -26.0803 53.0197 0.0999994
      vertex -26.0803 53.0197 0
    endloop
  endfacet
  facet normal 0.707107 -0.707107 0
    outer loop
      vertex 25.0197 54.0803 0
      vertex 26.773 55.8336 0.0999994
      vertex 25.0197 54.0803 0.0999994
    endloop
  endfacet
  facet normal 0.707107 -0.707107 0
    outer loop
      vertex 26.773 55.8336 0.0999994
      vertex 25.0197 54.0803 0
      vertex 26.773 55.8336 0
    endloop
  endfacet
  facet normal 0 0 -1
    outer loop
      vertex 26.0803 53.0197 0.0999994
      vertex 26.773 55.8336 0.0999994
      vertex 27.8336 54.773 0.0999994
    endloop
  endfacet
  facet normal 0 0 -1
    outer loop
      vertex 26.773 55.8336 0.0999994
      vertex 26.0803 53.0197 0.0999994
      vertex 25.0197 54.0803 0.0999994
    endloop
  endfacet
  facet normal -0.707107 -0.707107 0
    outer loop
      vertex 26.773 55.8336 0
      vertex 27.8336 54.773 0.0999994
      vertex 26.773 55.8336 0.0999994
    endloop
  endfacet
  facet normal -0.707107 -0.707107 -0
    outer loop
      vertex 27.8336 54.773 0.0999994
      vertex 26.773 55.8336 0
      vertex 27.8336 54.773 0
    endloop
  endfacet
  facet normal -0.707107 0.707107 0
    outer loop
      vertex 26.0803 53.0197 0
      vertex 27.8336 54.773 0.0999994
      vertex 27.8336 54.773 0
    endloop
  endfacet
  facet normal -0.707107 0.707107 0
    outer loop
      vertex 27.8336 54.773 0.0999994
      vertex 26.0803 53.0197 0
      vertex 26.0803 53.0197 0.0999994
    endloop
  endfacet
  facet normal 1 -0 0
    outer loop
      vertex -22 -51.2 0.0999994
      vertex -22 -50 0
      vertex -22 -50 0.0999994
    endloop
  endfacet
  facet normal 1 0 0
    outer loop
      vertex -22 -50 0
      vertex -22 -51.2 0.0999994
      vertex -22 -51.2 0
    endloop
  endfacet
  facet normal 0 0 -1
    outer loop
      vertex -22 -51.2 0.0999994
      vertex 22 -50 0.0999994
      vertex 22 -51.2 0.0999994
    endloop
  endfacet
  facet normal -0 0 -1
    outer loop
      vertex 22 -50 0.0999994
      vertex -22 -51.2 0.0999994
      vertex -22 -50 0.0999994
    endloop
  endfacet
  facet normal 0 -1 0
    outer loop
      vertex -22 -50 0
      vertex 22 -50 0.0999994
      vertex -22 -50 0.0999994
    endloop
  endfacet
  facet normal 0 -1 -0
    outer loop
      vertex 22 -50 0.0999994
      vertex -22 -50 0
      vertex 22 -50 0
    endloop
  endfacet
  facet normal -1 0 0
    outer loop
      vertex 22 -51.2 0
      vertex 22 -50 0.0999994
      vertex 22 -50 0
    endloop
  endfacet
  facet normal -1 -0 0
    outer loop
      vertex 22 -50 0.0999994
      vertex 22 -51.2 0
      vertex 22 -51.2 0.0999994
    endloop
  endfacet
  facet normal 0 1 -0
    outer loop
      vertex 22 -51.2 0
      vertex -22 -51.2 0.0999994
      vertex 22 -51.2 0.0999994
    endloop
  endfacet
  facet normal 0 1 0
    outer loop
      vertex -22 -51.2 0.0999994
      vertex 22 -51.2 0
      vertex -22 -51.2 0
    endloop
  endfacet
  facet normal 1 -0 0
    outer loop
      vertex -22 -48.2 0.0999994
      vertex -22 -47 0
      vertex -22 -47 0.0999994
    endloop
  endfacet
  facet normal 1 0 0
    outer loop
      vertex -22 -47 0
      vertex -22 -48.2 0.0999994
      vertex -22 -48.2 0
    endloop
  endfacet
  facet normal 0 0 -1
    outer loop
      vertex -22 -48.2 0.0999994
      vertex 22 -47 0.0999994
      vertex 22 -48.2 0.0999994
    endloop
  endfacet
  facet normal -0 0 -1
    outer loop
      vertex 22 -47 0.0999994
      vertex -22 -48.2 0.0999994
      vertex -22 -47 0.0999994
    endloop
  endfacet
  facet normal 0 -1 0
    outer loop
      vertex -22 -47 0
      vertex 22 -47 0.0999994
      vertex -22 -47 0.0999994
    endloop
  endfacet
  facet normal 0 -1 -0
    outer loop
      vertex 22 -47 0.0999994
      vertex -22 -47 0
      vertex 22 -47 0
    endloop
  endfacet
  facet normal -1 0 0
    outer loop
      vertex 22 -48.2 0
      vertex 22 -47 0.0999994
      vertex 22 -47 0
    endloop
  endfacet
  facet normal -1 -0 0
    outer loop
      vertex 22 -47 0.0999994
      vertex 22 -48.2 0
      vertex 22 -48.2 0.0999994
    endloop
  endfacet
  facet normal 0 1 -0
    outer loop
      vertex 22 -48.2 0
      vertex -22 -48.2 0.0999994
      vertex 22 -48.2 0.0999994
    endloop
  endfacet
  facet normal 0 1 0
    outer loop
      vertex -22 -48.2 0.0999994
      vertex 22 -48.2 0
      vertex -22 -48.2 0
    endloop
  endfacet
  facet normal 0 -0.24365 -0.969863
    outer loop
      vertex -35 -10.6591 8.15339
      vertex -33.5 -9.90335 7.96353
      vertex -33.5 -10.6591 8.15339
    endloop
  endfacet
  facet normal -0 -0.24365 -0.969863
    outer loop
      vertex -33.5 -9.90335 7.96353
      vertex -35 -10.6591 8.15339
      vertex -35 -9.90335 7.96353
    endloop
  endfacet
  facet normal 0 -0.0255224 0.999674
    outer loop
      vertex -35 -13.1379 1.52201
      vertex -33.5 -14 1.5
      vertex -33.5 -13.1379 1.52201
    endloop
  endfacet
  facet normal 0 -0.0255224 0.999674
    outer loop
      vertex -33.5 -14 1.5
      vertex -35 -13.1379 1.52201
      vertex -35 -14 1.5
    endloop
  endfacet
  facet normal 0 0.992459 0.122576
    outer loop
      vertex -33.5 -21.6516 4.60812
      vertex -35 -21.7 5
      vertex -33.5 -21.7 5
    endloop
  endfacet
  facet normal 0 0.992459 0.122576
    outer loop
      vertex -35 -21.7 5
      vertex -33.5 -21.6516 4.60812
      vertex -35 -21.6516 4.60812
    endloop
  endfacet
  facet normal 0 -0.129854 -0.991533
    outer loop
      vertex -35 -12.2866 8.41225
      vertex -33.5 -11.4569 8.30359
      vertex -33.5 -12.2866 8.41225
    endloop
  endfacet
  facet normal -0 -0.129854 -0.991533
    outer loop
      vertex -33.5 -11.4569 8.30359
      vertex -35 -12.2866 8.41225
      vertex -35 -11.4569 8.30359
    endloop
  endfacet
  facet normal 0 -0.243638 0.969866
    outer loop
      vertex -35 -9.90335 2.03646
      vertex -33.5 -10.6591 1.84661
      vertex -33.5 -9.90335 2.03646
    endloop
  endfacet
  facet normal 0 -0.243638 0.969866
    outer loop
      vertex -33.5 -10.6591 1.84661
      vertex -35 -9.90335 2.03646
      vertex -35 -10.6591 1.84661
    endloop
  endfacet
  facet normal 0 -0.73914 0.673551
    outer loop
      vertex -35 -7.06254 3.48141
      vertex -33.5 -7 3.55004
      vertex -35 -7 3.55004
    endloop
  endfacet
  facet normal 0 -0.73914 0.673551
    outer loop
      vertex -33.5 -7 3.55004
      vertex -35 -7.06254 3.48141
      vertex -33.5 -7.06254 3.48141
    endloop
  endfacet
  facet normal 0 0.844685 0.535263
    outer loop
      vertex -33.5 -21.2679 3.84402
      vertex -35 -21.5069 4.22118
      vertex -33.5 -21.5069 4.22118
    endloop
  endfacet
  facet normal 0 0.844685 0.535263
    outer loop
      vertex -35 -21.5069 4.22118
      vertex -33.5 -21.2679 3.84402
      vertex -35 -21.2679 3.84402
    endloop
  endfacet
  facet normal 0 0.376372 -0.926468
    outer loop
      vertex -35 -19.4447 7.47487
      vertex -33.5 -18.8009 7.73641
      vertex -33.5 -19.4447 7.47487
    endloop
  endfacet
  facet normal 0 0.376372 -0.926468
    outer loop
      vertex -33.5 -18.8009 7.73641
      vertex -35 -19.4447 7.47487
      vertex -35 -18.8009 7.73641
    endloop
  endfacet
  facet normal 0 -0.453362 0.891326
    outer loop
      vertex -35 -7.9799 2.81779
      vertex -33.5 -8.55528 2.52513
      vertex -33.5 -7.9799 2.81779
    endloop
  endfacet
  facet normal 0 -0.453362 0.891326
    outer loop
      vertex -33.5 -8.55528 2.52513
      vertex -35 -7.9799 2.81779
      vertex -35 -8.55528 2.52513
    endloop
  endfacet
  facet normal 0 -0.0769938 0.997032
    outer loop
      vertex -35 -12.2866 1.58775
      vertex -33.5 -13.1379 1.52201
      vertex -33.5 -12.2866 1.58775
    endloop
  endfacet
  facet normal 0 -0.0769938 0.997032
    outer loop
      vertex -33.5 -13.1379 1.52201
      vertex -35 -12.2866 1.58775
      vertex -35 -13.1379 1.52201
    endloop
  endfacet
  facet normal -0 0.306925 0.951734
    outer loop
      vertex -35 -18.0966 2.03646
      vertex -33.5 -18.8009 2.26359
      vertex -33.5 -18.0966 2.03646
    endloop
  endfacet
  facet normal 0 0.306925 0.951734
    outer loop
      vertex -33.5 -18.8009 2.26359
      vertex -35 -18.0966 2.03646
      vertex -35 -18.8009 2.26359
    endloop
  endfacet
  facet normal 0 0.129854 -0.991533
    outer loop
      vertex -35 -16.5431 8.30359
      vertex -33.5 -15.7134 8.41225
      vertex -33.5 -16.5431 8.30359
    endloop
  endfacet
  facet normal 0 0.129854 -0.991533
    outer loop
      vertex -33.5 -15.7134 8.41225
      vertex -35 -16.5431 8.30359
      vertex -35 -15.7134 8.41225
    endloop
  endfacet
  facet normal 0 0.844685 -0.535263
    outer loop
      vertex -33.5 -21.5069 5.77882
      vertex -35 -21.2679 6.15598
      vertex -33.5 -21.2679 6.15598
    endloop
  endfacet
  facet normal 0 0.844685 -0.535263
    outer loop
      vertex -35 -21.2679 6.15598
      vertex -33.5 -21.5069 5.77882
      vertex -35 -21.5069 5.77882
    endloop
  endfacet
  facet normal 0 -0.73914 -0.673551
    outer loop
      vertex -35 -7 6.44996
      vertex -33.5 -7.06254 6.51859
      vertex -35 -7.06254 6.51859
    endloop
  endfacet
  facet normal 0 -0.73914 -0.673551
    outer loop
      vertex -33.5 -7.06254 6.51859
      vertex -35 -7 6.44996
      vertex -33.5 -7 6.44996
    endloop
  endfacet
  facet normal 0 0.45335 -0.891333
    outer loop
      vertex -35 -20.0201 7.18221
      vertex -33.5 -19.4447 7.47487
      vertex -33.5 -20.0201 7.18221
    endloop
  endfacet
  facet normal 0 0.45335 -0.891333
    outer loop
      vertex -33.5 -19.4447 7.47487
      vertex -35 -20.0201 7.18221
      vertex -35 -19.4447 7.47487
    endloop
  endfacet
  facet normal -0 0.185017 0.982735
    outer loop
      vertex -35 -16.5431 1.69641
      vertex -33.5 -17.3409 1.84661
      vertex -33.5 -16.5431 1.69641
    endloop
  endfacet
  facet normal 0 0.185017 0.982735
    outer loop
      vertex -33.5 -17.3409 1.84661
      vertex -35 -16.5431 1.69641
      vertex -35 -17.3409 1.84661
    endloop
  endfacet
  facet normal 0 -0.635209 -0.77234
    outer loop
      vertex -35 -7.48022 6.86211
      vertex -33.5 -7.06254 6.51859
      vertex -33.5 -7.48022 6.86211
    endloop
  endfacet
  facet normal -0 -0.635209 -0.77234
    outer loop
      vertex -33.5 -7.06254 6.51859
      vertex -35 -7.48022 6.86211
      vertex -35 -7.06254 6.51859
    endloop
  endfacet
  facet normal 0 -0.376347 -0.926479
    outer loop
      vertex -35 -9.19913 7.73641
      vertex -33.5 -8.55528 7.47487
      vertex -33.5 -9.19913 7.73641
    endloop
  endfacet
  facet normal -0 -0.376347 -0.926479
    outer loop
      vertex -33.5 -8.55528 7.47487
      vertex -35 -9.19913 7.73641
      vertex -35 -8.55528 7.47487
    endloop
  endfacet
  facet normal 0 -0.185017 0.982735
    outer loop
      vertex -35 -10.6591 1.84661
      vertex -33.5 -11.4569 1.69641
      vertex -33.5 -10.6591 1.84661
    endloop
  endfacet
  facet normal 0 -0.185017 0.982735
    outer loop
      vertex -33.5 -11.4569 1.69641
      vertex -35 -10.6591 1.84661
      vertex -35 -11.4569 1.69641
    endloop
  endfacet
  facet normal 0 0.936649 0.350269
    outer loop
      vertex -33.5 -21.5069 4.22118
      vertex -35 -21.6516 4.60812
      vertex -33.5 -21.6516 4.60812
    endloop
  endfacet
  facet normal 0 0.936649 0.350269
    outer loop
      vertex -35 -21.6516 4.60812
      vertex -33.5 -21.5069 4.22118
      vertex -35 -21.5069 4.22118
    endloop
  endfacet
  facet normal 0 -0.376347 0.926479
    outer loop
      vertex -35 -8.55528 2.52513
      vertex -33.5 -9.19913 2.26359
      vertex -33.5 -8.55528 2.52513
    endloop
  endfacet
  facet normal 0 -0.376347 0.926479
    outer loop
      vertex -33.5 -9.19913 2.26359
      vertex -35 -8.55528 2.52513
      vertex -35 -9.19913 2.26359
    endloop
  endfacet
  facet normal -0 0.376372 0.926468
    outer loop
      vertex -35 -18.8009 2.26359
      vertex -33.5 -19.4447 2.52513
      vertex -33.5 -18.8009 2.26359
    endloop
  endfacet
  facet normal 0 0.376372 0.926468
    outer loop
      vertex -33.5 -19.4447 2.52513
      vertex -35 -18.8009 2.26359
      vertex -35 -19.4447 2.52513
    endloop
  endfacet
  facet normal 0 0.635191 -0.772355
    outer loop
      vertex -35 -20.9375 6.51859
      vertex -33.5 -20.5198 6.86211
      vertex -33.5 -20.9375 6.51859
    endloop
  endfacet
  facet normal 0 0.635191 -0.772355
    outer loop
      vertex -33.5 -20.5198 6.86211
      vertex -35 -20.9375 6.51859
      vertex -35 -20.5198 6.86211
    endloop
  endfacet
  facet normal -0 0.129854 0.991533
    outer loop
      vertex -35 -15.7134 1.58775
      vertex -33.5 -16.5431 1.69641
      vertex -33.5 -15.7134 1.58775
    endloop
  endfacet
  facet normal 0 0.129854 0.991533
    outer loop
      vertex -33.5 -16.5431 1.69641
      vertex -35 -15.7134 1.58775
      vertex -35 -16.5431 1.69641
    endloop
  endfacet
  facet normal 0 0.185017 -0.982735
    outer loop
      vertex -35 -17.3409 8.15339
      vertex -33.5 -16.5431 8.30359
      vertex -33.5 -17.3409 8.15339
    endloop
  endfacet
  facet normal 0 0.185017 -0.982735
    outer loop
      vertex -33.5 -16.5431 8.30359
      vertex -35 -17.3409 8.15339
      vertex -35 -16.5431 8.30359
    endloop
  endfacet
  facet normal -0 0.0769938 0.997032
    outer loop
      vertex -35 -14.8621 1.52201
      vertex -33.5 -15.7134 1.58775
      vertex -33.5 -14.8621 1.52201
    endloop
  endfacet
  facet normal 0 0.0769938 0.997032
    outer loop
      vertex -33.5 -15.7134 1.58775
      vertex -35 -14.8621 1.52201
      vertex -35 -15.7134 1.58775
    endloop
  endfacet
  facet normal -0 0.539403 0.842048
    outer loop
      vertex -35 -20.0201 2.81779
      vertex -33.5 -20.5198 3.13789
      vertex -33.5 -20.0201 2.81779
    endloop
  endfacet
  facet normal 0 0.539403 0.842048
    outer loop
      vertex -33.5 -20.5198 3.13789
      vertex -35 -20.0201 2.81779
      vertex -35 -20.5198 3.13789
    endloop
  endfacet
  facet normal 0 -0.0769938 -0.997032
    outer loop
      vertex -35 -13.1379 8.47799
      vertex -33.5 -12.2866 8.41225
      vertex -33.5 -13.1379 8.47799
    endloop
  endfacet
  facet normal -0 -0.0769938 -0.997032
    outer loop
      vertex -33.5 -12.2866 8.41225
      vertex -35 -13.1379 8.47799
      vertex -35 -12.2866 8.41225
    endloop
  endfacet
  facet normal 0 -0.539418 0.842038
    outer loop
      vertex -35 -7.48022 3.13789
      vertex -33.5 -7.9799 2.81779
      vertex -33.5 -7.48022 3.13789
    endloop
  endfacet
  facet normal 0 -0.539418 0.842038
    outer loop
      vertex -33.5 -7.9799 2.81779
      vertex -35 -7.48022 3.13789
      vertex -35 -7.9799 2.81779
    endloop
  endfacet
  facet normal 0 -0.635209 0.77234
    outer loop
      vertex -35 -7.06254 3.48141
      vertex -33.5 -7.48022 3.13789
      vertex -33.5 -7.06254 3.48141
    endloop
  endfacet
  facet normal 0 -0.635209 0.77234
    outer loop
      vertex -33.5 -7.48022 3.13789
      vertex -35 -7.06254 3.48141
      vertex -35 -7.48022 3.13789
    endloop
  endfacet
  facet normal -0 0.243653 0.969863
    outer loop
      vertex -35 -17.3409 1.84661
      vertex -33.5 -18.0966 2.03646
      vertex -33.5 -17.3409 1.84661
    endloop
  endfacet
  facet normal 0 0.243653 0.969863
    outer loop
      vertex -33.5 -18.0966 2.03646
      vertex -35 -17.3409 1.84661
      vertex -35 -18.0966 2.03646
    endloop
  endfacet
  facet normal 0 0.936649 -0.350269
    outer loop
      vertex -33.5 -21.6516 5.39188
      vertex -35 -21.5069 5.77882
      vertex -33.5 -21.5069 5.77882
    endloop
  endfacet
  facet normal 0 0.936649 -0.350269
    outer loop
      vertex -35 -21.5069 5.77882
      vertex -33.5 -21.6516 5.39188
      vertex -35 -21.6516 5.39188
    endloop
  endfacet
  facet normal 0 -0.539418 -0.842038
    outer loop
      vertex -35 -7.9799 7.18221
      vertex -33.5 -7.48022 6.86211
      vertex -33.5 -7.9799 7.18221
    endloop
  endfacet
  facet normal -0 -0.539418 -0.842038
    outer loop
      vertex -33.5 -7.48022 6.86211
      vertex -35 -7.9799 7.18221
      vertex -35 -7.48022 6.86211
    endloop
  endfacet
  facet normal 0 0.992459 -0.122576
    outer loop
      vertex -33.5 -21.7 5
      vertex -35 -21.6516 5.39188
      vertex -33.5 -21.6516 5.39188
    endloop
  endfacet
  facet normal 0 0.992459 -0.122576
    outer loop
      vertex -35 -21.6516 5.39188
      vertex -33.5 -21.7 5
      vertex -35 -21.7 5
    endloop
  endfacet
  facet normal -0 0.0255224 0.999674
    outer loop
      vertex -35 -14 1.5
      vertex -33.5 -14.8621 1.52201
      vertex -33.5 -14 1.5
    endloop
  endfacet
  facet normal 0 0.0255224 0.999674
    outer loop
      vertex -33.5 -14.8621 1.52201
      vertex -35 -14 1.5
      vertex -35 -14.8621 1.52201
    endloop
  endfacet
  facet normal 0 -0.306957 0.951724
    outer loop
      vertex -35 -9.19913 2.26359
      vertex -33.5 -9.90335 2.03646
      vertex -33.5 -9.19913 2.26359
    endloop
  endfacet
  facet normal 0 -0.306957 0.951724
    outer loop
      vertex -33.5 -9.90335 2.03646
      vertex -35 -9.19913 2.26359
      vertex -35 -9.90335 2.03646
    endloop
  endfacet
  facet normal -1 0 0
    outer loop
      vertex -33.5 21.6516 4.60812
      vertex -33.5 21.6516 5.39188
      vertex -33.5 21.7 5
    endloop
  endfacet
  facet normal -1 0 0
    outer loop
      vertex -33.5 21.5069 4.22118
      vertex -33.5 21.6516 5.39188
      vertex -33.5 21.6516 4.60812
    endloop
  endfacet
  facet normal -1 0 0
    outer loop
      vertex -33.5 21.5069 4.22118
      vertex -33.5 21.5069 5.77882
      vertex -33.5 21.6516 5.39188
    endloop
  endfacet
  facet normal -1 0 0
    outer loop
      vertex -33.5 21.2679 3.84402
      vertex -33.5 21.5069 5.77882
      vertex -33.5 21.5069 4.22118
    endloop
  endfacet
  facet normal -1 0 0
    outer loop
      vertex -33.5 21.2679 3.84402
      vertex -33.5 21.2679 6.15598
      vertex -33.5 21.5069 5.77882
    endloop
  endfacet
  facet normal -1 0 0
    outer loop
      vertex -33.5 20.9375 3.48141
      vertex -33.5 21.2679 6.15598
      vertex -33.5 21.2679 3.84402
    endloop
  endfacet
  facet normal -1 0 0
    outer loop
      vertex -33.5 20.9375 3.48141
      vertex -33.5 20.9375 6.51859
      vertex -33.5 21.2679 6.15598
    endloop
  endfacet
  facet normal -1 0 0
    outer loop
      vertex -33.5 20.5198 3.13789
      vertex -33.5 20.9375 6.51859
      vertex -33.5 20.9375 3.48141
    endloop
  endfacet
  facet normal -1 0 0
    outer loop
      vertex -33.5 20.5198 3.13789
      vertex -33.5 20.5198 6.86211
      vertex -33.5 20.9375 6.51859
    endloop
  endfacet
  facet normal -1 0 0
    outer loop
      vertex -33.5 20.0201 2.81779
      vertex -33.5 20.5198 6.86211
      vertex -33.5 20.5198 3.13789
    endloop
  endfacet
  facet normal -1 0 0
    outer loop
      vertex -33.5 20.0201 2.81779
      vertex -33.5 20.0201 7.18221
      vertex -33.5 20.5198 6.86211
    endloop
  endfacet
  facet normal -1 0 0
    outer loop
      vertex -33.5 19.4447 2.52513
      vertex -33.5 20.0201 7.18221
      vertex -33.5 20.0201 2.81779
    endloop
  endfacet
  facet normal -1 0 0
    outer loop
      vertex -33.5 19.4447 2.52513
      vertex -33.5 19.4447 7.47487
      vertex -33.5 20.0201 7.18221
    endloop
  endfacet
  facet normal -1 0 0
    outer loop
      vertex -33.5 18.8009 2.26359
      vertex -33.5 19.4447 7.47487
      vertex -33.5 19.4447 2.52513
    endloop
  endfacet
  facet normal -1 0 0
    outer loop
      vertex -33.5 18.8009 2.26359
      vertex -33.5 18.8009 7.73641
      vertex -33.5 19.4447 7.47487
    endloop
  endfacet
  facet normal -1 0 0
    outer loop
      vertex -33.5 18.0966 2.03646
      vertex -33.5 18.8009 7.73641
      vertex -33.5 18.8009 2.26359
    endloop
  endfacet
  facet normal -1 0 0
    outer loop
      vertex -33.5 18.0966 2.03646
      vertex -33.5 18.0966 7.96353
      vertex -33.5 18.8009 7.73641
    endloop
  endfacet
  facet normal -1 0 0
    outer loop
      vertex -33.5 17.3409 1.84661
      vertex -33.5 18.0966 7.96353
      vertex -33.5 18.0966 2.03646
    endloop
  endfacet
  facet normal -1 0 0
    outer loop
      vertex -33.5 17.3409 1.84661
      vertex -33.5 17.3409 8.15339
      vertex -33.5 18.0966 7.96353
    endloop
  endfacet
  facet normal -1 0 0
    outer loop
      vertex -33.5 16.5431 1.69641
      vertex -33.5 17.3409 8.15339
      vertex -33.5 17.3409 1.84661
    endloop
  endfacet
  facet normal -1 0 0
    outer loop
      vertex -33.5 16.5431 1.69641
      vertex -33.5 16.5431 8.30359
      vertex -33.5 17.3409 8.15339
    endloop
  endfacet
  facet normal -1 0 0
    outer loop
      vertex -33.5 15.7134 1.58775
      vertex -33.5 16.5431 8.30359
      vertex -33.5 16.5431 1.69641
    endloop
  endfacet
  facet normal -1 0 0
    outer loop
      vertex -33.5 15.7134 1.58775
      vertex -33.5 15.7134 8.41225
      vertex -33.5 16.5431 8.30359
    endloop
  endfacet
  facet normal -1 0 0
    outer loop
      vertex -33.5 14.8621 1.52201
      vertex -33.5 15.7134 8.41225
      vertex -33.5 15.7134 1.58775
    endloop
  endfacet
  facet normal -1 0 0
    outer loop
      vertex -33.5 14.8621 1.52201
      vertex -33.5 14.8621 8.47799
      vertex -33.5 15.7134 8.41225
    endloop
  endfacet
  facet normal -1 0 0
    outer loop
      vertex -33.5 14 1.5
      vertex -33.5 14.8621 8.47799
      vertex -33.5 14.8621 1.52201
    endloop
  endfacet
  facet normal -1 0 0
    outer loop
      vertex -33.5 14 1.5
      vertex -33.5 14 8.5
      vertex -33.5 14.8621 8.47799
    endloop
  endfacet
  facet normal -1 0 0
    outer loop
      vertex -33.5 13.1379 1.52201
      vertex -33.5 14 8.5
      vertex -33.5 14 1.5
    endloop
  endfacet
  facet normal -1 0 0
    outer loop
      vertex -33.5 13.1379 1.52201
      vertex -33.5 13.1379 8.47799
      vertex -33.5 14 8.5
    endloop
  endfacet
  facet normal -1 0 0
    outer loop
      vertex -33.5 12.2866 1.58775
      vertex -33.5 13.1379 8.47799
      vertex -33.5 13.1379 1.52201
    endloop
  endfacet
  facet normal -1 0 0
    outer loop
      vertex -33.5 12.2866 1.58775
      vertex -33.5 12.2866 8.41225
      vertex -33.5 13.1379 8.47799
    endloop
  endfacet
  facet normal -1 0 0
    outer loop
      vertex -33.5 11.4569 1.69641
      vertex -33.5 12.2866 8.41225
      vertex -33.5 12.2866 1.58775
    endloop
  endfacet
  facet normal -1 0 0
    outer loop
      vertex -33.5 11.4569 1.69641
      vertex -33.5 11.4569 8.30359
      vertex -33.5 12.2866 8.41225
    endloop
  endfacet
  facet normal -1 0 0
    outer loop
      vertex -33.5 10.6591 1.84661
      vertex -33.5 11.4569 8.30359
      vertex -33.5 11.4569 1.69641
    endloop
  endfacet
  facet normal -1 0 0
    outer loop
      vertex -33.5 10.6591 1.84661
      vertex -33.5 10.6591 8.15339
      vertex -33.5 11.4569 8.30359
    endloop
  endfacet
  facet normal -1 0 0
    outer loop
      vertex -33.5 9.90335 2.03646
      vertex -33.5 10.6591 8.15339
      vertex -33.5 10.6591 1.84661
    endloop
  endfacet
  facet normal -1 0 0
    outer loop
      vertex -33.5 9.90335 2.03646
      vertex -33.5 9.90335 7.96353
      vertex -33.5 10.6591 8.15339
    endloop
  endfacet
  facet normal -1 0 0
    outer loop
      vertex -33.5 9.19913 2.26359
      vertex -33.5 9.90335 7.96353
      vertex -33.5 9.90335 2.03646
    endloop
  endfacet
  facet normal -1 0 0
    outer loop
      vertex -33.5 9.19913 2.26359
      vertex -33.5 9.19913 7.73641
      vertex -33.5 9.90335 7.96353
    endloop
  endfacet
  facet normal -1 0 0
    outer loop
      vertex -33.5 8.55528 2.52513
      vertex -33.5 9.19913 7.73641
      vertex -33.5 9.19913 2.26359
    endloop
  endfacet
  facet normal -1 0 0
    outer loop
      vertex -33.5 8.55528 2.52513
      vertex -33.5 8.55528 7.47487
      vertex -33.5 9.19913 7.73641
    endloop
  endfacet
  facet normal -1 0 0
    outer loop
      vertex -33.5 7.9799 2.81779
      vertex -33.5 8.55528 7.47487
      vertex -33.5 8.55528 2.52513
    endloop
  endfacet
  facet normal -1 0 0
    outer loop
      vertex -33.5 7.9799 2.81779
      vertex -33.5 7.9799 7.18221
      vertex -33.5 8.55528 7.47487
    endloop
  endfacet
  facet normal -1 0 0
    outer loop
      vertex -33.5 7.48022 3.13789
      vertex -33.5 7.9799 7.18221
      vertex -33.5 7.9799 2.81779
    endloop
  endfacet
  facet normal -1 0 0
    outer loop
      vertex -33.5 7.48022 3.13789
      vertex -33.5 7.48022 6.86211
      vertex -33.5 7.9799 7.18221
    endloop
  endfacet
  facet normal -1 0 0
    outer loop
      vertex -33.5 7.06254 3.48141
      vertex -33.5 7.48022 6.86211
      vertex -33.5 7.48022 3.13789
    endloop
  endfacet
  facet normal -1 0 0
    outer loop
      vertex -33.5 7.06254 3.48141
      vertex -33.5 7.06254 6.51859
      vertex -33.5 7.48022 6.86211
    endloop
  endfacet
  facet normal -1 0 0
    outer loop
      vertex -33.5 7 3.55004
      vertex -33.5 7.06254 6.51859
      vertex -33.5 7.06254 3.48141
    endloop
  endfacet
  facet normal -1 0 0
    outer loop
      vertex -33.5 7 3.55004
      vertex -33.5 7 6.44996
      vertex -33.5 7.06254 6.51859
    endloop
  endfacet
  facet normal -1 0 0
    outer loop
      vertex -33.5 6.93746 3.48141
      vertex -33.5 7 6.44996
      vertex -33.5 7 3.55004
    endloop
  endfacet
  facet normal -1 0 0
    outer loop
      vertex -33.5 6.93746 3.48141
      vertex -33.5 6.93746 6.51859
      vertex -33.5 7 6.44996
    endloop
  endfacet
  facet normal -1 0 0
    outer loop
      vertex -33.5 6.51978 3.13789
      vertex -33.5 6.93746 6.51859
      vertex -33.5 6.93746 3.48141
    endloop
  endfacet
  facet normal -1 0 0
    outer loop
      vertex -33.5 6.51978 3.13789
      vertex -33.5 6.51978 6.86211
      vertex -33.5 6.93746 6.51859
    endloop
  endfacet
  facet normal -1 0 0
    outer loop
      vertex -33.5 6.0201 2.81779
      vertex -33.5 6.51978 6.86211
      vertex -33.5 6.51978 3.13789
    endloop
  endfacet
  facet normal -1 0 0
    outer loop
      vertex -33.5 6.0201 2.81779
      vertex -33.5 6.0201 7.18221
      vertex -33.5 6.51978 6.86211
    endloop
  endfacet
  facet normal -1 0 0
    outer loop
      vertex -33.5 5.44472 2.52513
      vertex -33.5 6.0201 7.18221
      vertex -33.5 6.0201 2.81779
    endloop
  endfacet
  facet normal -1 0 0
    outer loop
      vertex -33.5 5.44472 2.52513
      vertex -33.5 5.44472 7.47487
      vertex -33.5 6.0201 7.18221
    endloop
  endfacet
  facet normal -1 0 0
    outer loop
      vertex -33.5 4.80087 2.26359
      vertex -33.5 5.44472 7.47487
      vertex -33.5 5.44472 2.52513
    endloop
  endfacet
  facet normal -1 0 0
    outer loop
      vertex -33.5 4.80087 2.26359
      vertex -33.5 4.80087 7.73641
      vertex -33.5 5.44472 7.47487
    endloop
  endfacet
  facet normal -1 0 0
    outer loop
      vertex -33.5 4.09665 2.03646
      vertex -33.5 4.80087 7.73641
      vertex -33.5 4.80087 2.26359
    endloop
  endfacet
  facet normal -1 0 0
    outer loop
      vertex -33.5 4.09665 2.03646
      vertex -33.5 4.09665 7.96353
      vertex -33.5 4.80087 7.73641
    endloop
  endfacet
  facet normal -1 0 0
    outer loop
      vertex -33.5 3.3409 1.84661
      vertex -33.5 4.09665 7.96353
      vertex -33.5 4.09665 2.03646
    endloop
  endfacet
  facet normal -1 0 0
    outer loop
      vertex -33.5 3.3409 1.84661
      vertex -33.5 3.3409 8.15339
      vertex -33.5 4.09665 7.96353
    endloop
  endfacet
  facet normal -1 0 0
    outer loop
      vertex -33.5 2.54315 1.69641
      vertex -33.5 3.3409 8.15339
      vertex -33.5 3.3409 1.84661
    endloop
  endfacet
  facet normal -1 0 0
    outer loop
      vertex -33.5 2.54315 1.69641
      vertex -33.5 2.54315 8.30359
      vertex -33.5 3.3409 8.15339
    endloop
  endfacet
  facet normal -1 0 0
    outer loop
      vertex -33.5 1.71341 1.58775
      vertex -33.5 2.54315 8.30359
      vertex -33.5 2.54315 1.69641
    endloop
  endfacet
  facet normal -1 0 0
    outer loop
      vertex -33.5 1.71341 1.58775
      vertex -33.5 1.71341 8.41225
      vertex -33.5 2.54315 8.30359
    endloop
  endfacet
  facet normal -1 0 0
    outer loop
      vertex -33.5 0.862126 1.52201
      vertex -33.5 1.71341 8.41225
      vertex -33.5 1.71341 1.58775
    endloop
  endfacet
  facet normal -1 0 0
    outer loop
      vertex -33.5 0.862126 1.52201
      vertex -33.5 0.862126 8.47799
      vertex -33.5 1.71341 8.41225
    endloop
  endfacet
  facet normal -1 0 0
    outer loop
      vertex -33.5 0 1.5
      vertex -33.5 0.862126 8.47799
      vertex -33.5 0.862126 1.52201
    endloop
  endfacet
  facet normal -1 0 0
    outer loop
      vertex -33.5 0 1.5
      vertex -33.5 0 8.5
      vertex -33.5 0.862126 8.47799
    endloop
  endfacet
  facet normal -1 0 0
    outer loop
      vertex -33.5 -0.862126 1.52201
      vertex -33.5 0 8.5
      vertex -33.5 0 1.5
    endloop
  endfacet
  facet normal -1 0 0
    outer loop
      vertex -33.5 -0.862126 1.52201
      vertex -33.5 -0.862126 8.47799
      vertex -33.5 0 8.5
    endloop
  endfacet
  facet normal -1 0 0
    outer loop
      vertex -33.5 -1.71341 1.58775
      vertex -33.5 -0.862126 8.47799
      vertex -33.5 -0.862126 1.52201
    endloop
  endfacet
  facet normal -1 0 0
    outer loop
      vertex -33.5 -1.71341 1.58775
      vertex -33.5 -1.71341 8.41225
      vertex -33.5 -0.862126 8.47799
    endloop
  endfacet
  facet normal -1 0 0
    outer loop
      vertex -33.5 -2.54315 1.69641
      vertex -33.5 -1.71341 8.41225
      vertex -33.5 -1.71341 1.58775
    endloop
  endfacet
  facet normal -1 0 0
    outer loop
      vertex -33.5 -2.54315 1.69641
      vertex -33.5 -2.54315 8.30359
      vertex -33.5 -1.71341 8.41225
    endloop
  endfacet
  facet normal -1 0 0
    outer loop
      vertex -33.5 -3.3409 1.84661
      vertex -33.5 -2.54315 8.30359
      vertex -33.5 -2.54315 1.69641
    endloop
  endfacet
  facet normal -1 0 0
    outer loop
      vertex -33.5 -3.3409 1.84661
      vertex -33.5 -3.3409 8.15339
      vertex -33.5 -2.54315 8.30359
    endloop
  endfacet
  facet normal -1 0 0
    outer loop
      vertex -33.5 -4.09665 2.03646
      vertex -33.5 -3.3409 8.15339
      vertex -33.5 -3.3409 1.84661
    endloop
  endfacet
  facet normal -1 0 0
    outer loop
      vertex -33.5 -4.09665 2.03646
      vertex -33.5 -4.09665 7.96353
      vertex -33.5 -3.3409 8.15339
    endloop
  endfacet
  facet normal -1 0 0
    outer loop
      vertex -33.5 -4.80087 2.26359
      vertex -33.5 -4.09665 7.96353
      vertex -33.5 -4.09665 2.03646
    endloop
  endfacet
  facet normal -1 0 0
    outer loop
      vertex -33.5 -4.80087 2.26359
      vertex -33.5 -4.80087 7.73641
      vertex -33.5 -4.09665 7.96353
    endloop
  endfacet
  facet normal -1 0 0
    outer loop
      vertex -33.5 -5.44472 2.52513
      vertex -33.5 -4.80087 7.73641
      vertex -33.5 -4.80087 2.26359
    endloop
  endfacet
  facet normal -1 0 0
    outer loop
      vertex -33.5 -5.44472 2.52513
      vertex -33.5 -5.44472 7.47487
      vertex -33.5 -4.80087 7.73641
    endloop
  endfacet
  facet normal -1 0 0
    outer loop
      vertex -33.5 -6.0201 2.81779
      vertex -33.5 -5.44472 7.47487
      vertex -33.5 -5.44472 2.52513
    endloop
  endfacet
  facet normal -1 0 0
    outer loop
      vertex -33.5 -6.0201 2.81779
      vertex -33.5 -6.0201 7.18221
      vertex -33.5 -5.44472 7.47487
    endloop
  endfacet
  facet normal -1 0 0
    outer loop
      vertex -33.5 -6.51978 3.13789
      vertex -33.5 -6.0201 7.18221
      vertex -33.5 -6.0201 2.81779
    endloop
  endfacet
  facet normal -1 0 0
    outer loop
      vertex -33.5 -6.51978 3.13789
      vertex -33.5 -6.51978 6.86211
      vertex -33.5 -6.0201 7.18221
    endloop
  endfacet
  facet normal -1 0 0
    outer loop
      vertex -33.5 -6.93746 3.48141
      vertex -33.5 -6.51978 6.86211
      vertex -33.5 -6.51978 3.13789
    endloop
  endfacet
  facet normal -1 0 0
    outer loop
      vertex -33.5 -6.93746 3.48141
      vertex -33.5 -6.93746 6.51859
      vertex -33.5 -6.51978 6.86211
    endloop
  endfacet
  facet normal -1 0 0
    outer loop
      vertex -33.5 -7 3.55004
      vertex -33.5 -6.93746 6.51859
      vertex -33.5 -6.93746 3.48141
    endloop
  endfacet
  facet normal -1 0 0
    outer loop
      vertex -33.5 -7 3.55004
      vertex -33.5 -7 6.44996
      vertex -33.5 -6.93746 6.51859
    endloop
  endfacet
  facet normal -1 0 0
    outer loop
      vertex -33.5 -7.06254 3.48141
      vertex -33.5 -7 6.44996
      vertex -33.5 -7 3.55004
    endloop
  endfacet
  facet normal -1 0 0
    outer loop
      vertex -33.5 -7.06254 3.48141
      vertex -33.5 -7.06254 6.51859
      vertex -33.5 -7 6.44996
    endloop
  endfacet
  facet normal -1 0 0
    outer loop
      vertex -33.5 -7.48022 3.13789
      vertex -33.5 -7.06254 6.51859
      vertex -33.5 -7.06254 3.48141
    endloop
  endfacet
  facet normal -1 0 0
    outer loop
      vertex -33.5 -7.48022 3.13789
      vertex -33.5 -7.48022 6.86211
      vertex -33.5 -7.06254 6.51859
    endloop
  endfacet
  facet normal -1 0 0
    outer loop
      vertex -33.5 -7.9799 2.81779
      vertex -33.5 -7.48022 6.86211
      vertex -33.5 -7.48022 3.13789
    endloop
  endfacet
  facet normal -1 0 0
    outer loop
      vertex -33.5 -7.9799 2.81779
      vertex -33.5 -7.9799 7.18221
      vertex -33.5 -7.48022 6.86211
    endloop
  endfacet
  facet normal -1 0 0
    outer loop
      vertex -33.5 -8.55528 2.52513
      vertex -33.5 -7.9799 7.18221
      vertex -33.5 -7.9799 2.81779
    endloop
  endfacet
  facet normal -1 0 0
    outer loop
      vertex -33.5 -8.55528 2.52513
      vertex -33.5 -8.55528 7.47487
      vertex -33.5 -7.9799 7.18221
    endloop
  endfacet
  facet normal -1 0 0
    outer loop
      vertex -33.5 -9.19913 2.26359
      vertex -33.5 -8.55528 7.47487
      vertex -33.5 -8.55528 2.52513
    endloop
  endfacet
  facet normal -1 0 0
    outer loop
      vertex -33.5 -9.19913 2.26359
      vertex -33.5 -9.19913 7.73641
      vertex -33.5 -8.55528 7.47487
    endloop
  endfacet
  facet normal -1 0 0
    outer loop
      vertex -33.5 -9.90335 2.03646
      vertex -33.5 -9.19913 7.73641
      vertex -33.5 -9.19913 2.26359
    endloop
  endfacet
  facet normal -1 0 0
    outer loop
      vertex -33.5 -9.90335 2.03646
      vertex -33.5 -9.90335 7.96353
      vertex -33.5 -9.19913 7.73641
    endloop
  endfacet
  facet normal -1 0 0
    outer loop
      vertex -33.5 -10.6591 1.84661
      vertex -33.5 -9.90335 7.96353
      vertex -33.5 -9.90335 2.03646
    endloop
  endfacet
  facet normal -1 0 0
    outer loop
      vertex -33.5 -10.6591 1.84661
      vertex -33.5 -10.6591 8.15339
      vertex -33.5 -9.90335 7.96353
    endloop
  endfacet
  facet normal -1 0 0
    outer loop
      vertex -33.5 -11.4569 1.69641
      vertex -33.5 -10.6591 8.15339
      vertex -33.5 -10.6591 1.84661
    endloop
  endfacet
  facet normal -1 0 0
    outer loop
      vertex -33.5 -11.4569 1.69641
      vertex -33.5 -11.4569 8.30359
      vertex -33.5 -10.6591 8.15339
    endloop
  endfacet
  facet normal -1 0 0
    outer loop
      vertex -33.5 -12.2866 1.58775
      vertex -33.5 -11.4569 8.30359
      vertex -33.5 -11.4569 1.69641
    endloop
  endfacet
  facet normal -1 0 0
    outer loop
      vertex -33.5 -12.2866 1.58775
      vertex -33.5 -12.2866 8.41225
      vertex -33.5 -11.4569 8.30359
    endloop
  endfacet
  facet normal -1 0 0
    outer loop
      vertex -33.5 -13.1379 1.52201
      vertex -33.5 -12.2866 8.41225
      vertex -33.5 -12.2866 1.58775
    endloop
  endfacet
  facet normal -1 0 0
    outer loop
      vertex -33.5 -13.1379 1.52201
      vertex -33.5 -13.1379 8.47799
      vertex -33.5 -12.2866 8.41225
    endloop
  endfacet
  facet normal -1 0 0
    outer loop
      vertex -33.5 -14 1.5
      vertex -33.5 -13.1379 8.47799
      vertex -33.5 -13.1379 1.52201
    endloop
  endfacet
  facet normal -1 0 0
    outer loop
      vertex -33.5 -14 1.5
      vertex -33.5 -14 8.5
      vertex -33.5 -13.1379 8.47799
    endloop
  endfacet
  facet normal -1 0 0
    outer loop
      vertex -33.5 -14.8621 1.52201
      vertex -33.5 -14 8.5
      vertex -33.5 -14 1.5
    endloop
  endfacet
  facet normal -1 0 0
    outer loop
      vertex -33.5 -14.8621 1.52201
      vertex -33.5 -14.8621 8.47799
      vertex -33.5 -14 8.5
    endloop
  endfacet
  facet normal -1 0 0
    outer loop
      vertex -33.5 -15.7134 1.58775
      vertex -33.5 -14.8621 8.47799
      vertex -33.5 -14.8621 1.52201
    endloop
  endfacet
  facet normal -1 0 0
    outer loop
      vertex -33.5 -15.7134 1.58775
      vertex -33.5 -15.7134 8.41225
      vertex -33.5 -14.8621 8.47799
    endloop
  endfacet
  facet normal -1 0 0
    outer loop
      vertex -33.5 -16.5431 1.69641
      vertex -33.5 -15.7134 8.41225
      vertex -33.5 -15.7134 1.58775
    endloop
  endfacet
  facet normal -1 0 0
    outer loop
      vertex -33.5 -16.5431 1.69641
      vertex -33.5 -16.5431 8.30359
      vertex -33.5 -15.7134 8.41225
    endloop
  endfacet
  facet normal -1 0 0
    outer loop
      vertex -33.5 -17.3409 1.84661
      vertex -33.5 -16.5431 8.30359
      vertex -33.5 -16.5431 1.69641
    endloop
  endfacet
  facet normal -1 0 0
    outer loop
      vertex -33.5 -17.3409 1.84661
      vertex -33.5 -17.3409 8.15339
      vertex -33.5 -16.5431 8.30359
    endloop
  endfacet
  facet normal -1 0 0
    outer loop
      vertex -33.5 -18.0966 2.03646
      vertex -33.5 -17.3409 8.15339
      vertex -33.5 -17.3409 1.84661
    endloop
  endfacet
  facet normal -1 0 0
    outer loop
      vertex -33.5 -18.0966 2.03646
      vertex -33.5 -18.0966 7.96353
      vertex -33.5 -17.3409 8.15339
    endloop
  endfacet
  facet normal -1 0 0
    outer loop
      vertex -33.5 -18.8009 2.26359
      vertex -33.5 -18.0966 7.96353
      vertex -33.5 -18.0966 2.03646
    endloop
  endfacet
  facet normal -1 0 0
    outer loop
      vertex -33.5 -18.8009 2.26359
      vertex -33.5 -18.8009 7.73641
      vertex -33.5 -18.0966 7.96353
    endloop
  endfacet
  facet normal -1 0 0
    outer loop
      vertex -33.5 -19.4447 2.52513
      vertex -33.5 -18.8009 7.73641
      vertex -33.5 -18.8009 2.26359
    endloop
  endfacet
  facet normal -1 0 0
    outer loop
      vertex -33.5 -19.4447 2.52513
      vertex -33.5 -19.4447 7.47487
      vertex -33.5 -18.8009 7.73641
    endloop
  endfacet
  facet normal -1 0 0
    outer loop
      vertex -33.5 -20.0201 2.81779
      vertex -33.5 -19.4447 7.47487
      vertex -33.5 -19.4447 2.52513
    endloop
  endfacet
  facet normal -1 0 0
    outer loop
      vertex -33.5 -20.0201 2.81779
      vertex -33.5 -20.0201 7.18221
      vertex -33.5 -19.4447 7.47487
    endloop
  endfacet
  facet normal -1 0 0
    outer loop
      vertex -33.5 -20.5198 3.13789
      vertex -33.5 -20.0201 7.18221
      vertex -33.5 -20.0201 2.81779
    endloop
  endfacet
  facet normal -1 0 0
    outer loop
      vertex -33.5 -20.5198 3.13789
      vertex -33.5 -20.5198 6.86211
      vertex -33.5 -20.0201 7.18221
    endloop
  endfacet
  facet normal -1 0 0
    outer loop
      vertex -33.5 -20.9375 3.48141
      vertex -33.5 -20.5198 6.86211
      vertex -33.5 -20.5198 3.13789
    endloop
  endfacet
  facet normal -1 0 0
    outer loop
      vertex -33.5 -20.9375 3.48141
      vertex -33.5 -20.9375 6.51859
      vertex -33.5 -20.5198 6.86211
    endloop
  endfacet
  facet normal -1 0 0
    outer loop
      vertex -33.5 -21.2679 3.84402
      vertex -33.5 -20.9375 6.51859
      vertex -33.5 -20.9375 3.48141
    endloop
  endfacet
  facet normal -1 0 0
    outer loop
      vertex -33.5 -21.2679 3.84402
      vertex -33.5 -21.2679 6.15598
      vertex -33.5 -20.9375 6.51859
    endloop
  endfacet
  facet normal -1 0 0
    outer loop
      vertex -33.5 -21.5069 4.22118
      vertex -33.5 -21.2679 6.15598
      vertex -33.5 -21.2679 3.84402
    endloop
  endfacet
  facet normal -1 0 0
    outer loop
      vertex -33.5 -21.5069 4.22118
      vertex -33.5 -21.5069 5.77882
      vertex -33.5 -21.2679 6.15598
    endloop
  endfacet
  facet normal -1 0 0
    outer loop
      vertex -33.5 -21.6516 4.60812
      vertex -33.5 -21.5069 5.77882
      vertex -33.5 -21.5069 4.22118
    endloop
  endfacet
  facet normal -1 0 0
    outer loop
      vertex -33.5 -21.6516 4.60812
      vertex -33.5 -21.6516 5.39188
      vertex -33.5 -21.5069 5.77882
    endloop
  endfacet
  facet normal -1 0 -0
    outer loop
      vertex -33.5 -21.6516 5.39188
      vertex -33.5 -21.6516 4.60812
      vertex -33.5 -21.7 5
    endloop
  endfacet
  facet normal 0 -0.129854 0.991533
    outer loop
      vertex -35 -11.4569 1.69641
      vertex -33.5 -12.2866 1.58775
      vertex -33.5 -11.4569 1.69641
    endloop
  endfacet
  facet normal 0 -0.129854 0.991533
    outer loop
      vertex -33.5 -12.2866 1.58775
      vertex -35 -11.4569 1.69641
      vertex -35 -12.2866 1.58775
    endloop
  endfacet
  facet normal 0 0.739174 0.673515
    outer loop
      vertex -33.5 -20.9375 3.48141
      vertex -35 -21.2679 3.84402
      vertex -33.5 -21.2679 3.84402
    endloop
  endfacet
  facet normal 0 0.739174 0.673515
    outer loop
      vertex -35 -21.2679 3.84402
      vertex -33.5 -20.9375 3.48141
      vertex -35 -20.9375 3.48141
    endloop
  endfacet
  facet normal 0 -0.453362 -0.891326
    outer loop
      vertex -35 -8.55528 7.47487
      vertex -33.5 -7.9799 7.18221
      vertex -33.5 -8.55528 7.47487
    endloop
  endfacet
  facet normal -0 -0.453362 -0.891326
    outer loop
      vertex -33.5 -7.9799 7.18221
      vertex -35 -8.55528 7.47487
      vertex -35 -7.9799 7.18221
    endloop
  endfacet
  facet normal 0 0.739174 -0.673515
    outer loop
      vertex -33.5 -21.2679 6.15598
      vertex -35 -20.9375 6.51859
      vertex -33.5 -20.9375 6.51859
    endloop
  endfacet
  facet normal 0 0.739174 -0.673515
    outer loop
      vertex -35 -20.9375 6.51859
      vertex -33.5 -21.2679 6.15598
      vertex -35 -21.2679 6.15598
    endloop
  endfacet
  facet normal 0 0.0769938 -0.997032
    outer loop
      vertex -35 -15.7134 8.41225
      vertex -33.5 -14.8621 8.47799
      vertex -33.5 -15.7134 8.41225
    endloop
  endfacet
  facet normal 0 0.0769938 -0.997032
    outer loop
      vertex -33.5 -14.8621 8.47799
      vertex -35 -15.7134 8.41225
      vertex -35 -14.8621 8.47799
    endloop
  endfacet
  facet normal -0 0.635191 0.772355
    outer loop
      vertex -35 -20.5198 3.13789
      vertex -33.5 -20.9375 3.48141
      vertex -33.5 -20.5198 3.13789
    endloop
  endfacet
  facet normal 0 0.635191 0.772355
    outer loop
      vertex -33.5 -20.9375 3.48141
      vertex -35 -20.5198 3.13789
      vertex -35 -20.9375 3.48141
    endloop
  endfacet
  facet normal 0 -0.306944 -0.951727
    outer loop
      vertex -35 -9.90335 7.96353
      vertex -33.5 -9.19913 7.73641
      vertex -33.5 -9.90335 7.96353
    endloop
  endfacet
  facet normal -0 -0.306944 -0.951727
    outer loop
      vertex -33.5 -9.19913 7.73641
      vertex -35 -9.90335 7.96353
      vertex -35 -9.19913 7.73641
    endloop
  endfacet
  facet normal 0 0.0255224 -0.999674
    outer loop
      vertex -35 -14.8621 8.47799
      vertex -33.5 -14 8.5
      vertex -33.5 -14.8621 8.47799
    endloop
  endfacet
  facet normal 0 0.0255224 -0.999674
    outer loop
      vertex -33.5 -14 8.5
      vertex -35 -14.8621 8.47799
      vertex -35 -14 8.5
    endloop
  endfacet
  facet normal 0 -0.185017 -0.982735
    outer loop
      vertex -35 -11.4569 8.30359
      vertex -33.5 -10.6591 8.15339
      vertex -33.5 -11.4569 8.30359
    endloop
  endfacet
  facet normal -0 -0.185017 -0.982735
    outer loop
      vertex -33.5 -10.6591 8.15339
      vertex -35 -11.4569 8.30359
      vertex -35 -10.6591 8.15339
    endloop
  endfacet
  facet normal 0 0.539403 -0.842048
    outer loop
      vertex -35 -20.5198 6.86211
      vertex -33.5 -20.0201 7.18221
      vertex -33.5 -20.5198 6.86211
    endloop
  endfacet
  facet normal 0 0.539403 -0.842048
    outer loop
      vertex -33.5 -20.0201 7.18221
      vertex -35 -20.5198 6.86211
      vertex -35 -20.0201 7.18221
    endloop
  endfacet
  facet normal 0 -0.0255224 -0.999674
    outer loop
      vertex -35 -14 8.5
      vertex -33.5 -13.1379 8.47799
      vertex -33.5 -14 8.5
    endloop
  endfacet
  facet normal -0 -0.0255224 -0.999674
    outer loop
      vertex -33.5 -13.1379 8.47799
      vertex -35 -14 8.5
      vertex -35 -13.1379 8.47799
    endloop
  endfacet
  facet normal 0 0.306913 -0.951738
    outer loop
      vertex -35 -18.8009 7.73641
      vertex -33.5 -18.0966 7.96353
      vertex -33.5 -18.8009 7.73641
    endloop
  endfacet
  facet normal 0 0.306913 -0.951738
    outer loop
      vertex -33.5 -18.0966 7.96353
      vertex -35 -18.8009 7.73641
      vertex -35 -18.0966 7.96353
    endloop
  endfacet
  facet normal 0 0.243665 -0.969859
    outer loop
      vertex -35 -18.0966 7.96353
      vertex -33.5 -17.3409 8.15339
      vertex -33.5 -18.0966 7.96353
    endloop
  endfacet
  facet normal 0 0.243665 -0.969859
    outer loop
      vertex -33.5 -17.3409 8.15339
      vertex -35 -18.0966 7.96353
      vertex -35 -17.3409 8.15339
    endloop
  endfacet
  facet normal -0 0.45335 0.891333
    outer loop
      vertex -35 -19.4447 2.52513
      vertex -33.5 -20.0201 2.81779
      vertex -33.5 -19.4447 2.52513
    endloop
  endfacet
  facet normal 0 0.45335 0.891333
    outer loop
      vertex -33.5 -20.0201 2.81779
      vertex -35 -19.4447 2.52513
      vertex -35 -20.0201 2.81779
    endloop
  endfacet
  facet normal 0 -0.24365 -0.969863
    outer loop
      vertex -35 3.3409 8.15339
      vertex -33.5 4.09665 7.96353
      vertex -33.5 3.3409 8.15339
    endloop
  endfacet
  facet normal -0 -0.24365 -0.969863
    outer loop
      vertex -33.5 4.09665 7.96353
      vertex -35 3.3409 8.15339
      vertex -35 4.09665 7.96353
    endloop
  endfacet
  facet normal 0 -0.0255216 0.999674
    outer loop
      vertex -35 0.862126 1.52201
      vertex -33.5 0 1.5
      vertex -33.5 0.862126 1.52201
    endloop
  endfacet
  facet normal 0 -0.0255216 0.999674
    outer loop
      vertex -33.5 0 1.5
      vertex -35 0.862126 1.52201
      vertex -35 0 1.5
    endloop
  endfacet
  facet normal 0 -0.306957 0.951724
    outer loop
      vertex -35 4.80087 2.26359
      vertex -33.5 4.09665 2.03646
      vertex -33.5 4.80087 2.26359
    endloop
  endfacet
  facet normal 0 -0.306957 0.951724
    outer loop
      vertex -33.5 4.09665 2.03646
      vertex -35 4.80087 2.26359
      vertex -35 4.09665 2.03646
    endloop
  endfacet
  facet normal 0 -0.129848 -0.991534
    outer loop
      vertex -35 1.71341 8.41225
      vertex -33.5 2.54315 8.30359
      vertex -33.5 1.71341 8.41225
    endloop
  endfacet
  facet normal -0 -0.129848 -0.991534
    outer loop
      vertex -33.5 2.54315 8.30359
      vertex -35 1.71341 8.41225
      vertex -35 2.54315 8.30359
    endloop
  endfacet
  facet normal 0 -0.243638 0.969866
    outer loop
      vertex -35 4.09665 2.03646
      vertex -33.5 3.3409 1.84661
      vertex -33.5 4.09665 2.03646
    endloop
  endfacet
  facet normal 0 -0.243638 0.969866
    outer loop
      vertex -33.5 3.3409 1.84661
      vertex -35 4.09665 2.03646
      vertex -35 3.3409 1.84661
    endloop
  endfacet
  facet normal 0 -0.73914 0.673551
    outer loop
      vertex -35 6.93746 3.48141
      vertex -33.5 7 3.55004
      vertex -35 7 3.55004
    endloop
  endfacet
  facet normal 0 -0.73914 0.673551
    outer loop
      vertex -33.5 7 3.55004
      vertex -35 6.93746 3.48141
      vertex -33.5 6.93746 3.48141
    endloop
  endfacet
  facet normal 0 0.376347 -0.926479
    outer loop
      vertex -35 -5.44472 7.47487
      vertex -33.5 -4.80087 7.73641
      vertex -33.5 -5.44472 7.47487
    endloop
  endfacet
  facet normal 0 0.376347 -0.926479
    outer loop
      vertex -33.5 -4.80087 7.73641
      vertex -35 -5.44472 7.47487
      vertex -35 -4.80087 7.73641
    endloop
  endfacet
  facet normal 0 -0.453362 0.891326
    outer loop
      vertex -35 6.0201 2.81779
      vertex -33.5 5.44472 2.52513
      vertex -33.5 6.0201 2.81779
    endloop
  endfacet
  facet normal 0 -0.453362 0.891326
    outer loop
      vertex -33.5 5.44472 2.52513
      vertex -35 6.0201 2.81779
      vertex -35 5.44472 2.52513
    endloop
  endfacet
  facet normal 0 -0.0769953 0.997031
    outer loop
      vertex -35 1.71341 1.58775
      vertex -33.5 0.862126 1.52201
      vertex -33.5 1.71341 1.58775
    endloop
  endfacet
  facet normal 0 -0.0769953 0.997031
    outer loop
      vertex -33.5 0.862126 1.52201
      vertex -35 1.71341 1.58775
      vertex -35 0.862126 1.52201
    endloop
  endfacet
  facet normal -0 0.306957 0.951724
    outer loop
      vertex -35 -4.09665 2.03646
      vertex -33.5 -4.80087 2.26359
      vertex -33.5 -4.09665 2.03646
    endloop
  endfacet
  facet normal 0 0.306957 0.951724
    outer loop
      vertex -33.5 -4.80087 2.26359
      vertex -35 -4.09665 2.03646
      vertex -35 -4.80087 2.26359
    endloop
  endfacet
  facet normal 0 0.129848 -0.991534
    outer loop
      vertex -35 -2.54315 8.30359
      vertex -33.5 -1.71341 8.41225
      vertex -33.5 -2.54315 8.30359
    endloop
  endfacet
  facet normal 0 0.129848 -0.991534
    outer loop
      vertex -33.5 -1.71341 8.41225
      vertex -35 -2.54315 8.30359
      vertex -35 -1.71341 8.41225
    endloop
  endfacet
  facet normal 0 -0.73914 -0.673551
    outer loop
      vertex -35 7 6.44996
      vertex -33.5 6.93746 6.51859
      vertex -35 6.93746 6.51859
    endloop
  endfacet
  facet normal 0 -0.73914 -0.673551
    outer loop
      vertex -33.5 6.93746 6.51859
      vertex -35 7 6.44996
      vertex -33.5 7 6.44996
    endloop
  endfacet
  facet normal 0 0.453362 -0.891326
    outer loop
      vertex -35 -6.0201 7.18221
      vertex -33.5 -5.44472 7.47487
      vertex -33.5 -6.0201 7.18221
    endloop
  endfacet
  facet normal 0 0.453362 -0.891326
    outer loop
      vertex -33.5 -5.44472 7.47487
      vertex -35 -6.0201 7.18221
      vertex -35 -5.44472 7.47487
    endloop
  endfacet
  facet normal -0 0.185029 0.982733
    outer loop
      vertex -35 -2.54315 1.69641
      vertex -33.5 -3.3409 1.84661
      vertex -33.5 -2.54315 1.69641
    endloop
  endfacet
  facet normal 0 0.185029 0.982733
    outer loop
      vertex -33.5 -3.3409 1.84661
      vertex -35 -2.54315 1.69641
      vertex -35 -3.3409 1.84661
    endloop
  endfacet
  facet normal 0 -0.635209 -0.77234
    outer loop
      vertex -35 6.51978 6.86211
      vertex -33.5 6.93746 6.51859
      vertex -33.5 6.51978 6.86211
    endloop
  endfacet
  facet normal -0 -0.635209 -0.77234
    outer loop
      vertex -33.5 6.93746 6.51859
      vertex -35 6.51978 6.86211
      vertex -35 6.93746 6.51859
    endloop
  endfacet
  facet normal 0 -0.376347 -0.926479
    outer loop
      vertex -35 4.80087 7.73641
      vertex -33.5 5.44472 7.47487
      vertex -33.5 4.80087 7.73641
    endloop
  endfacet
  facet normal -0 -0.376347 -0.926479
    outer loop
      vertex -33.5 5.44472 7.47487
      vertex -35 4.80087 7.73641
      vertex -35 5.44472 7.47487
    endloop
  endfacet
  facet normal 0 -0.185029 0.982733
    outer loop
      vertex -35 3.3409 1.84661
      vertex -33.5 2.54315 1.69641
      vertex -33.5 3.3409 1.84661
    endloop
  endfacet
  facet normal 0 -0.185029 0.982733
    outer loop
      vertex -33.5 2.54315 1.69641
      vertex -35 3.3409 1.84661
      vertex -35 2.54315 1.69641
    endloop
  endfacet
  facet normal 0 -0.376347 0.926479
    outer loop
      vertex -35 5.44472 2.52513
      vertex -33.5 4.80087 2.26359
      vertex -33.5 5.44472 2.52513
    endloop
  endfacet
  facet normal 0 -0.376347 0.926479
    outer loop
      vertex -33.5 4.80087 2.26359
      vertex -35 5.44472 2.52513
      vertex -35 4.80087 2.26359
    endloop
  endfacet
  facet normal -0 0.376347 0.926479
    outer loop
      vertex -35 -4.80087 2.26359
      vertex -33.5 -5.44472 2.52513
      vertex -33.5 -4.80087 2.26359
    endloop
  endfacet
  facet normal 0 0.376347 0.926479
    outer loop
      vertex -33.5 -5.44472 2.52513
      vertex -35 -4.80087 2.26359
      vertex -35 -5.44472 2.52513
    endloop
  endfacet
  facet normal 0 0.635209 -0.77234
    outer loop
      vertex -35 -6.93746 6.51859
      vertex -33.5 -6.51978 6.86211
      vertex -33.5 -6.93746 6.51859
    endloop
  endfacet
  facet normal 0 0.635209 -0.77234
    outer loop
      vertex -33.5 -6.51978 6.86211
      vertex -35 -6.93746 6.51859
      vertex -35 -6.51978 6.86211
    endloop
  endfacet
  facet normal -0 0.129848 0.991534
    outer loop
      vertex -35 -1.71341 1.58775
      vertex -33.5 -2.54315 1.69641
      vertex -33.5 -1.71341 1.58775
    endloop
  endfacet
  facet normal 0 0.129848 0.991534
    outer loop
      vertex -33.5 -2.54315 1.69641
      vertex -35 -1.71341 1.58775
      vertex -35 -2.54315 1.69641
    endloop
  endfacet
  facet normal 0 0.185029 -0.982733
    outer loop
      vertex -35 -3.3409 8.15339
      vertex -33.5 -2.54315 8.30359
      vertex -33.5 -3.3409 8.15339
    endloop
  endfacet
  facet normal 0 0.185029 -0.982733
    outer loop
      vertex -33.5 -2.54315 8.30359
      vertex -35 -3.3409 8.15339
      vertex -35 -2.54315 8.30359
    endloop
  endfacet
  facet normal -0 0.0769953 0.997031
    outer loop
      vertex -35 -0.862126 1.52201
      vertex -33.5 -1.71341 1.58775
      vertex -33.5 -0.862126 1.52201
    endloop
  endfacet
  facet normal 0 0.0769953 0.997031
    outer loop
      vertex -33.5 -1.71341 1.58775
      vertex -35 -0.862126 1.52201
      vertex -35 -1.71341 1.58775
    endloop
  endfacet
  facet normal -0 0.539418 0.842038
    outer loop
      vertex -35 -6.0201 2.81779
      vertex -33.5 -6.51978 3.13789
      vertex -33.5 -6.0201 2.81779
    endloop
  endfacet
  facet normal 0 0.539418 0.842038
    outer loop
      vertex -33.5 -6.51978 3.13789
      vertex -35 -6.0201 2.81779
      vertex -35 -6.51978 3.13789
    endloop
  endfacet
  facet normal 0 -0.0769953 -0.997031
    outer loop
      vertex -35 0.862126 8.47799
      vertex -33.5 1.71341 8.41225
      vertex -33.5 0.862126 8.47799
    endloop
  endfacet
  facet normal -0 -0.0769953 -0.997031
    outer loop
      vertex -33.5 1.71341 8.41225
      vertex -35 0.862126 8.47799
      vertex -35 1.71341 8.41225
    endloop
  endfacet
  facet normal 0 -0.539418 0.842038
    outer loop
      vertex -35 6.51978 3.13789
      vertex -33.5 6.0201 2.81779
      vertex -33.5 6.51978 3.13789
    endloop
  endfacet
  facet normal 0 -0.539418 0.842038
    outer loop
      vertex -33.5 6.0201 2.81779
      vertex -35 6.51978 3.13789
      vertex -35 6.0201 2.81779
    endloop
  endfacet
  facet normal 0 -0.635209 0.77234
    outer loop
      vertex -35 6.93746 3.48141
      vertex -33.5 6.51978 3.13789
      vertex -33.5 6.93746 3.48141
    endloop
  endfacet
  facet normal 0 -0.635209 0.77234
    outer loop
      vertex -33.5 6.51978 3.13789
      vertex -35 6.93746 3.48141
      vertex -35 6.51978 3.13789
    endloop
  endfacet
  facet normal -0 0.243638 0.969866
    outer loop
      vertex -35 -3.3409 1.84661
      vertex -33.5 -4.09665 2.03646
      vertex -33.5 -3.3409 1.84661
    endloop
  endfacet
  facet normal 0 0.243638 0.969866
    outer loop
      vertex -33.5 -4.09665 2.03646
      vertex -35 -3.3409 1.84661
      vertex -35 -4.09665 2.03646
    endloop
  endfacet
  facet normal 0 -0.539418 -0.842038
    outer loop
      vertex -35 6.0201 7.18221
      vertex -33.5 6.51978 6.86211
      vertex -33.5 6.0201 7.18221
    endloop
  endfacet
  facet normal -0 -0.539418 -0.842038
    outer loop
      vertex -33.5 6.51978 6.86211
      vertex -35 6.0201 7.18221
      vertex -35 6.51978 6.86211
    endloop
  endfacet
  facet normal -0 0.0255216 0.999674
    outer loop
      vertex -35 0 1.5
      vertex -33.5 -0.862126 1.52201
      vertex -33.5 0 1.5
    endloop
  endfacet
  facet normal 0 0.0255216 0.999674
    outer loop
      vertex -33.5 -0.862126 1.52201
      vertex -35 0 1.5
      vertex -35 -0.862126 1.52201
    endloop
  endfacet
  facet normal 0 -0.129848 0.991534
    outer loop
      vertex -35 2.54315 1.69641
      vertex -33.5 1.71341 1.58775
      vertex -33.5 2.54315 1.69641
    endloop
  endfacet
  facet normal 0 -0.129848 0.991534
    outer loop
      vertex -33.5 1.71341 1.58775
      vertex -35 2.54315 1.69641
      vertex -35 1.71341 1.58775
    endloop
  endfacet
  facet normal 0 0.73914 0.673551
    outer loop
      vertex -33.5 -6.93746 3.48141
      vertex -35 -7 3.55004
      vertex -33.5 -7 3.55004
    endloop
  endfacet
  facet normal 0 0.73914 0.673551
    outer loop
      vertex -35 -7 3.55004
      vertex -33.5 -6.93746 3.48141
      vertex -35 -6.93746 3.48141
    endloop
  endfacet
  facet normal 0 -0.453362 -0.891326
    outer loop
      vertex -35 5.44472 7.47487
      vertex -33.5 6.0201 7.18221
      vertex -33.5 5.44472 7.47487
    endloop
  endfacet
  facet normal -0 -0.453362 -0.891326
    outer loop
      vertex -33.5 6.0201 7.18221
      vertex -35 5.44472 7.47487
      vertex -35 6.0201 7.18221
    endloop
  endfacet
  facet normal 0 0.73914 -0.673551
    outer loop
      vertex -33.5 -7 6.44996
      vertex -35 -6.93746 6.51859
      vertex -33.5 -6.93746 6.51859
    endloop
  endfacet
  facet normal 0 0.73914 -0.673551
    outer loop
      vertex -35 -6.93746 6.51859
      vertex -33.5 -7 6.44996
      vertex -35 -7 6.44996
    endloop
  endfacet
  facet normal 0 0.0769953 -0.997031
    outer loop
      vertex -35 -1.71341 8.41225
      vertex -33.5 -0.862126 8.47799
      vertex -33.5 -1.71341 8.41225
    endloop
  endfacet
  facet normal 0 0.0769953 -0.997031
    outer loop
      vertex -33.5 -0.862126 8.47799
      vertex -35 -1.71341 8.41225
      vertex -35 -0.862126 8.47799
    endloop
  endfacet
  facet normal -0 0.635209 0.77234
    outer loop
      vertex -35 -6.51978 3.13789
      vertex -33.5 -6.93746 3.48141
      vertex -33.5 -6.51978 3.13789
    endloop
  endfacet
  facet normal 0 0.635209 0.77234
    outer loop
      vertex -33.5 -6.93746 3.48141
      vertex -35 -6.51978 3.13789
      vertex -35 -6.93746 3.48141
    endloop
  endfacet
  facet normal 0 -0.306944 -0.951727
    outer loop
      vertex -35 4.09665 7.96353
      vertex -33.5 4.80087 7.73641
      vertex -33.5 4.09665 7.96353
    endloop
  endfacet
  facet normal -0 -0.306944 -0.951727
    outer loop
      vertex -33.5 4.80087 7.73641
      vertex -35 4.09665 7.96353
      vertex -35 4.80087 7.73641
    endloop
  endfacet
  facet normal 0 0.0255216 -0.999674
    outer loop
      vertex -35 -0.862126 8.47799
      vertex -33.5 0 8.5
      vertex -33.5 -0.862126 8.47799
    endloop
  endfacet
  facet normal 0 0.0255216 -0.999674
    outer loop
      vertex -33.5 0 8.5
      vertex -35 -0.862126 8.47799
      vertex -35 0 8.5
    endloop
  endfacet
  facet normal 0 -0.185029 -0.982733
    outer loop
      vertex -35 2.54315 8.30359
      vertex -33.5 3.3409 8.15339
      vertex -33.5 2.54315 8.30359
    endloop
  endfacet
  facet normal -0 -0.185029 -0.982733
    outer loop
      vertex -33.5 3.3409 8.15339
      vertex -35 2.54315 8.30359
      vertex -35 3.3409 8.15339
    endloop
  endfacet
  facet normal 0 0.539418 -0.842038
    outer loop
      vertex -35 -6.51978 6.86211
      vertex -33.5 -6.0201 7.18221
      vertex -33.5 -6.51978 6.86211
    endloop
  endfacet
  facet normal 0 0.539418 -0.842038
    outer loop
      vertex -33.5 -6.0201 7.18221
      vertex -35 -6.51978 6.86211
      vertex -35 -6.0201 7.18221
    endloop
  endfacet
  facet normal 0 -0.0255216 -0.999674
    outer loop
      vertex -35 0 8.5
      vertex -33.5 0.862126 8.47799
      vertex -33.5 0 8.5
    endloop
  endfacet
  facet normal -0 -0.0255216 -0.999674
    outer loop
      vertex -33.5 0.862126 8.47799
      vertex -35 0 8.5
      vertex -35 0.862126 8.47799
    endloop
  endfacet
  facet normal 0 0.306944 -0.951727
    outer loop
      vertex -35 -4.80087 7.73641
      vertex -33.5 -4.09665 7.96353
      vertex -33.5 -4.80087 7.73641
    endloop
  endfacet
  facet normal 0 0.306944 -0.951727
    outer loop
      vertex -33.5 -4.09665 7.96353
      vertex -35 -4.80087 7.73641
      vertex -35 -4.09665 7.96353
    endloop
  endfacet
  facet normal 0 0.24365 -0.969863
    outer loop
      vertex -35 -4.09665 7.96353
      vertex -33.5 -3.3409 8.15339
      vertex -33.5 -4.09665 7.96353
    endloop
  endfacet
  facet normal 0 0.24365 -0.969863
    outer loop
      vertex -33.5 -3.3409 8.15339
      vertex -35 -4.09665 7.96353
      vertex -35 -3.3409 8.15339
    endloop
  endfacet
  facet normal -0 0.453362 0.891326
    outer loop
      vertex -35 -5.44472 2.52513
      vertex -33.5 -6.0201 2.81779
      vertex -33.5 -5.44472 2.52513
    endloop
  endfacet
  facet normal 0 0.453362 0.891326
    outer loop
      vertex -33.5 -6.0201 2.81779
      vertex -35 -5.44472 2.52513
      vertex -35 -6.0201 2.81779
    endloop
  endfacet
  facet normal 0 -0.243665 -0.969859
    outer loop
      vertex -35 17.3409 8.15339
      vertex -33.5 18.0966 7.96353
      vertex -33.5 17.3409 8.15339
    endloop
  endfacet
  facet normal -0 -0.243665 -0.969859
    outer loop
      vertex -33.5 18.0966 7.96353
      vertex -35 17.3409 8.15339
      vertex -35 18.0966 7.96353
    endloop
  endfacet
  facet normal 0 -0.936649 -0.350269
    outer loop
      vertex -35 21.6516 5.39188
      vertex -33.5 21.5069 5.77882
      vertex -35 21.5069 5.77882
    endloop
  endfacet
  facet normal 0 -0.936649 -0.350269
    outer loop
      vertex -33.5 21.5069 5.77882
      vertex -35 21.6516 5.39188
      vertex -33.5 21.6516 5.39188
    endloop
  endfacet
  facet normal 0 -0.0255224 0.999674
    outer loop
      vertex -35 14.8621 1.52201
      vertex -33.5 14 1.5
      vertex -33.5 14.8621 1.52201
    endloop
  endfacet
  facet normal 0 -0.0255224 0.999674
    outer loop
      vertex -33.5 14 1.5
      vertex -35 14.8621 1.52201
      vertex -35 14 1.5
    endloop
  endfacet
  facet normal 0 -0.844685 -0.535263
    outer loop
      vertex -35 21.5069 5.77882
      vertex -33.5 21.2679 6.15598
      vertex -35 21.2679 6.15598
    endloop
  endfacet
  facet normal 0 -0.844685 -0.535263
    outer loop
      vertex -33.5 21.2679 6.15598
      vertex -35 21.5069 5.77882
      vertex -33.5 21.5069 5.77882
    endloop
  endfacet
  facet normal 0 -0.243653 0.969863
    outer loop
      vertex -35 18.0966 2.03646
      vertex -33.5 17.3409 1.84661
      vertex -33.5 18.0966 2.03646
    endloop
  endfacet
  facet normal 0 -0.243653 0.969863
    outer loop
      vertex -33.5 17.3409 1.84661
      vertex -35 18.0966 2.03646
      vertex -35 17.3409 1.84661
    endloop
  endfacet
  facet normal 0 -0.739174 0.673515
    outer loop
      vertex -35 20.9375 3.48141
      vertex -33.5 21.2679 3.84402
      vertex -35 21.2679 3.84402
    endloop
  endfacet
  facet normal 0 -0.739174 0.673515
    outer loop
      vertex -33.5 21.2679 3.84402
      vertex -35 20.9375 3.48141
      vertex -33.5 20.9375 3.48141
    endloop
  endfacet
  facet normal 0 0.376347 -0.926479
    outer loop
      vertex -35 8.55528 7.47487
      vertex -33.5 9.19913 7.73641
      vertex -33.5 8.55528 7.47487
    endloop
  endfacet
  facet normal 0 0.376347 -0.926479
    outer loop
      vertex -33.5 9.19913 7.73641
      vertex -35 8.55528 7.47487
      vertex -35 9.19913 7.73641
    endloop
  endfacet
  facet normal 0 -0.45335 0.891333
    outer loop
      vertex -35 20.0201 2.81779
      vertex -33.5 19.4447 2.52513
      vertex -33.5 20.0201 2.81779
    endloop
  endfacet
  facet normal 0 -0.45335 0.891333
    outer loop
      vertex -33.5 19.4447 2.52513
      vertex -35 20.0201 2.81779
      vertex -35 19.4447 2.52513
    endloop
  endfacet
  facet normal 0 -0.0769938 0.997032
    outer loop
      vertex -35 15.7134 1.58775
      vertex -33.5 14.8621 1.52201
      vertex -33.5 15.7134 1.58775
    endloop
  endfacet
  facet normal 0 -0.0769938 0.997032
    outer loop
      vertex -33.5 14.8621 1.52201
      vertex -35 15.7134 1.58775
      vertex -35 14.8621 1.52201
    endloop
  endfacet
  facet normal -0 0.306957 0.951724
    outer loop
      vertex -35 9.90335 2.03646
      vertex -33.5 9.19913 2.26359
      vertex -33.5 9.90335 2.03646
    endloop
  endfacet
  facet normal 0 0.306957 0.951724
    outer loop
      vertex -33.5 9.19913 2.26359
      vertex -35 9.90335 2.03646
      vertex -35 9.19913 2.26359
    endloop
  endfacet
  facet normal 0 0.129854 -0.991533
    outer loop
      vertex -35 11.4569 8.30359
      vertex -33.5 12.2866 8.41225
      vertex -33.5 11.4569 8.30359
    endloop
  endfacet
  facet normal 0 0.129854 -0.991533
    outer loop
      vertex -33.5 12.2866 8.41225
      vertex -35 11.4569 8.30359
      vertex -35 12.2866 8.41225
    endloop
  endfacet
  facet normal 0 -0.992459 0.122576
    outer loop
      vertex -35 21.6516 4.60812
      vertex -33.5 21.7 5
      vertex -35 21.7 5
    endloop
  endfacet
  facet normal 0 -0.992459 0.122576
    outer loop
      vertex -33.5 21.7 5
      vertex -35 21.6516 4.60812
      vertex -33.5 21.6516 4.60812
    endloop
  endfacet
  facet normal 0 -0.739174 -0.673515
    outer loop
      vertex -35 21.2679 6.15598
      vertex -33.5 20.9375 6.51859
      vertex -35 20.9375 6.51859
    endloop
  endfacet
  facet normal 0 -0.739174 -0.673515
    outer loop
      vertex -33.5 20.9375 6.51859
      vertex -35 21.2679 6.15598
      vertex -33.5 21.2679 6.15598
    endloop
  endfacet
  facet normal 0 0.453362 -0.891326
    outer loop
      vertex -35 7.9799 7.18221
      vertex -33.5 8.55528 7.47487
      vertex -33.5 7.9799 7.18221
    endloop
  endfacet
  facet normal 0 0.453362 -0.891326
    outer loop
      vertex -33.5 8.55528 7.47487
      vertex -35 7.9799 7.18221
      vertex -35 8.55528 7.47487
    endloop
  endfacet
  facet normal -0 0.185017 0.982735
    outer loop
      vertex -35 11.4569 1.69641
      vertex -33.5 10.6591 1.84661
      vertex -33.5 11.4569 1.69641
    endloop
  endfacet
  facet normal 0 0.185017 0.982735
    outer loop
      vertex -33.5 10.6591 1.84661
      vertex -35 11.4569 1.69641
      vertex -35 10.6591 1.84661
    endloop
  endfacet
  facet normal 0 -0.635191 -0.772355
    outer loop
      vertex -35 20.5198 6.86211
      vertex -33.5 20.9375 6.51859
      vertex -33.5 20.5198 6.86211
    endloop
  endfacet
  facet normal -0 -0.635191 -0.772355
    outer loop
      vertex -33.5 20.9375 6.51859
      vertex -35 20.5198 6.86211
      vertex -35 20.9375 6.51859
    endloop
  endfacet
  facet normal 0 -0.376372 -0.926468
    outer loop
      vertex -35 18.8009 7.73641
      vertex -33.5 19.4447 7.47487
      vertex -33.5 18.8009 7.73641
    endloop
  endfacet
  facet normal -0 -0.376372 -0.926468
    outer loop
      vertex -33.5 19.4447 7.47487
      vertex -35 18.8009 7.73641
      vertex -35 19.4447 7.47487
    endloop
  endfacet
  facet normal 0 -0.185017 0.982735
    outer loop
      vertex -35 17.3409 1.84661
      vertex -33.5 16.5431 1.69641
      vertex -33.5 17.3409 1.84661
    endloop
  endfacet
  facet normal 0 -0.185017 0.982735
    outer loop
      vertex -33.5 16.5431 1.69641
      vertex -35 17.3409 1.84661
      vertex -35 16.5431 1.69641
    endloop
  endfacet
  facet normal 0 -0.376372 0.926468
    outer loop
      vertex -35 19.4447 2.52513
      vertex -33.5 18.8009 2.26359
      vertex -33.5 19.4447 2.52513
    endloop
  endfacet
  facet normal 0 -0.376372 0.926468
    outer loop
      vertex -33.5 18.8009 2.26359
      vertex -35 19.4447 2.52513
      vertex -35 18.8009 2.26359
    endloop
  endfacet
  facet normal -0 0.376347 0.926479
    outer loop
      vertex -35 9.19913 2.26359
      vertex -33.5 8.55528 2.52513
      vertex -33.5 9.19913 2.26359
    endloop
  endfacet
  facet normal 0 0.376347 0.926479
    outer loop
      vertex -33.5 8.55528 2.52513
      vertex -35 9.19913 2.26359
      vertex -35 8.55528 2.52513
    endloop
  endfacet
  facet normal 0 0.635209 -0.77234
    outer loop
      vertex -35 7.06254 6.51859
      vertex -33.5 7.48022 6.86211
      vertex -33.5 7.06254 6.51859
    endloop
  endfacet
  facet normal 0 0.635209 -0.77234
    outer loop
      vertex -33.5 7.48022 6.86211
      vertex -35 7.06254 6.51859
      vertex -35 7.48022 6.86211
    endloop
  endfacet
  facet normal -0 0.129854 0.991533
    outer loop
      vertex -35 12.2866 1.58775
      vertex -33.5 11.4569 1.69641
      vertex -33.5 12.2866 1.58775
    endloop
  endfacet
  facet normal 0 0.129854 0.991533
    outer loop
      vertex -33.5 11.4569 1.69641
      vertex -35 12.2866 1.58775
      vertex -35 11.4569 1.69641
    endloop
  endfacet
  facet normal 0 0.185017 -0.982735
    outer loop
      vertex -35 10.6591 8.15339
      vertex -33.5 11.4569 8.30359
      vertex -33.5 10.6591 8.15339
    endloop
  endfacet
  facet normal 0 0.185017 -0.982735
    outer loop
      vertex -33.5 11.4569 8.30359
      vertex -35 10.6591 8.15339
      vertex -35 11.4569 8.30359
    endloop
  endfacet
  facet normal -0 0.0769938 0.997032
    outer loop
      vertex -35 13.1379 1.52201
      vertex -33.5 12.2866 1.58775
      vertex -33.5 13.1379 1.52201
    endloop
  endfacet
  facet normal 0 0.0769938 0.997032
    outer loop
      vertex -33.5 12.2866 1.58775
      vertex -35 13.1379 1.52201
      vertex -35 12.2866 1.58775
    endloop
  endfacet
  facet normal -0 0.539418 0.842038
    outer loop
      vertex -35 7.9799 2.81779
      vertex -33.5 7.48022 3.13789
      vertex -33.5 7.9799 2.81779
    endloop
  endfacet
  facet normal 0 0.539418 0.842038
    outer loop
      vertex -33.5 7.48022 3.13789
      vertex -35 7.9799 2.81779
      vertex -35 7.48022 3.13789
    endloop
  endfacet
  facet normal 0 -0.0769938 -0.997032
    outer loop
      vertex -35 14.8621 8.47799
      vertex -33.5 15.7134 8.41225
      vertex -33.5 14.8621 8.47799
    endloop
  endfacet
  facet normal -0 -0.0769938 -0.997032
    outer loop
      vertex -33.5 15.7134 8.41225
      vertex -35 14.8621 8.47799
      vertex -35 15.7134 8.41225
    endloop
  endfacet
  facet normal 0 -0.539403 0.842048
    outer loop
      vertex -35 20.5198 3.13789
      vertex -33.5 20.0201 2.81779
      vertex -33.5 20.5198 3.13789
    endloop
  endfacet
  facet normal 0 -0.539403 0.842048
    outer loop
      vertex -33.5 20.0201 2.81779
      vertex -35 20.5198 3.13789
      vertex -35 20.0201 2.81779
    endloop
  endfacet
  facet normal 0 -0.635191 0.772355
    outer loop
      vertex -35 20.9375 3.48141
      vertex -33.5 20.5198 3.13789
      vertex -33.5 20.9375 3.48141
    endloop
  endfacet
  facet normal 0 -0.635191 0.772355
    outer loop
      vertex -33.5 20.5198 3.13789
      vertex -35 20.9375 3.48141
      vertex -35 20.5198 3.13789
    endloop
  endfacet
  facet normal 0 -0.844685 0.535263
    outer loop
      vertex -35 21.2679 3.84402
      vertex -33.5 21.5069 4.22118
      vertex -35 21.5069 4.22118
    endloop
  endfacet
  facet normal 0 -0.844685 0.535263
    outer loop
      vertex -33.5 21.5069 4.22118
      vertex -35 21.2679 3.84402
      vertex -33.5 21.2679 3.84402
    endloop
  endfacet
  facet normal -0 0.243638 0.969866
    outer loop
      vertex -35 10.6591 1.84661
      vertex -33.5 9.90335 2.03646
      vertex -33.5 10.6591 1.84661
    endloop
  endfacet
  facet normal 0 0.243638 0.969866
    outer loop
      vertex -33.5 9.90335 2.03646
      vertex -35 10.6591 1.84661
      vertex -35 9.90335 2.03646
    endloop
  endfacet
  facet normal 0 -0.539403 -0.842048
    outer loop
      vertex -35 20.0201 7.18221
      vertex -33.5 20.5198 6.86211
      vertex -33.5 20.0201 7.18221
    endloop
  endfacet
  facet normal -0 -0.539403 -0.842048
    outer loop
      vertex -33.5 20.5198 6.86211
      vertex -35 20.0201 7.18221
      vertex -35 20.5198 6.86211
    endloop
  endfacet
  facet normal -0 0.0255224 0.999674
    outer loop
      vertex -35 14 1.5
      vertex -33.5 13.1379 1.52201
      vertex -33.5 14 1.5
    endloop
  endfacet
  facet normal 0 0.0255224 0.999674
    outer loop
      vertex -33.5 13.1379 1.52201
      vertex -35 14 1.5
      vertex -35 13.1379 1.52201
    endloop
  endfacet
  facet normal 0 -0.306925 0.951734
    outer loop
      vertex -35 18.8009 2.26359
      vertex -33.5 18.0966 2.03646
      vertex -33.5 18.8009 2.26359
    endloop
  endfacet
  facet normal 0 -0.306925 0.951734
    outer loop
      vertex -33.5 18.0966 2.03646
      vertex -35 18.8009 2.26359
      vertex -35 18.0966 2.03646
    endloop
  endfacet
  facet normal 0 -0.129854 0.991533
    outer loop
      vertex -35 16.5431 1.69641
      vertex -33.5 15.7134 1.58775
      vertex -33.5 16.5431 1.69641
    endloop
  endfacet
  facet normal 0 -0.129854 0.991533
    outer loop
      vertex -33.5 15.7134 1.58775
      vertex -35 16.5431 1.69641
      vertex -35 15.7134 1.58775
    endloop
  endfacet
  facet normal 0 0.73914 0.673551
    outer loop
      vertex -33.5 7.06254 3.48141
      vertex -35 7 3.55004
      vertex -33.5 7 3.55004
    endloop
  endfacet
  facet normal 0 0.73914 0.673551
    outer loop
      vertex -35 7 3.55004
      vertex -33.5 7.06254 3.48141
      vertex -35 7.06254 3.48141
    endloop
  endfacet
  facet normal 0 -0.936649 0.350269
    outer loop
      vertex -35 21.5069 4.22118
      vertex -33.5 21.6516 4.60812
      vertex -35 21.6516 4.60812
    endloop
  endfacet
  facet normal 0 -0.936649 0.350269
    outer loop
      vertex -33.5 21.6516 4.60812
      vertex -35 21.5069 4.22118
      vertex -33.5 21.5069 4.22118
    endloop
  endfacet
  facet normal 0 -0.45335 -0.891333
    outer loop
      vertex -35 19.4447 7.47487
      vertex -33.5 20.0201 7.18221
      vertex -33.5 19.4447 7.47487
    endloop
  endfacet
  facet normal -0 -0.45335 -0.891333
    outer loop
      vertex -33.5 20.0201 7.18221
      vertex -35 19.4447 7.47487
      vertex -35 20.0201 7.18221
    endloop
  endfacet
  facet normal 0 -0.992459 -0.122576
    outer loop
      vertex -35 21.7 5
      vertex -33.5 21.6516 5.39188
      vertex -35 21.6516 5.39188
    endloop
  endfacet
  facet normal 0 -0.992459 -0.122576
    outer loop
      vertex -33.5 21.6516 5.39188
      vertex -35 21.7 5
      vertex -33.5 21.7 5
    endloop
  endfacet
  facet normal 0 0.73914 -0.673551
    outer loop
      vertex -33.5 7 6.44996
      vertex -35 7.06254 6.51859
      vertex -33.5 7.06254 6.51859
    endloop
  endfacet
  facet normal 0 0.73914 -0.673551
    outer loop
      vertex -35 7.06254 6.51859
      vertex -33.5 7 6.44996
      vertex -35 7 6.44996
    endloop
  endfacet
  facet normal 0 0.0769938 -0.997032
    outer loop
      vertex -35 12.2866 8.41225
      vertex -33.5 13.1379 8.47799
      vertex -33.5 12.2866 8.41225
    endloop
  endfacet
  facet normal 0 0.0769938 -0.997032
    outer loop
      vertex -33.5 13.1379 8.47799
      vertex -35 12.2866 8.41225
      vertex -35 13.1379 8.47799
    endloop
  endfacet
  facet normal -0 0.635209 0.77234
    outer loop
      vertex -35 7.48022 3.13789
      vertex -33.5 7.06254 3.48141
      vertex -33.5 7.48022 3.13789
    endloop
  endfacet
  facet normal 0 0.635209 0.77234
    outer loop
      vertex -33.5 7.06254 3.48141
      vertex -35 7.48022 3.13789
      vertex -35 7.06254 3.48141
    endloop
  endfacet
  facet normal 0 -0.306913 -0.951738
    outer loop
      vertex -35 18.0966 7.96353
      vertex -33.5 18.8009 7.73641
      vertex -33.5 18.0966 7.96353
    endloop
  endfacet
  facet normal -0 -0.306913 -0.951738
    outer loop
      vertex -33.5 18.8009 7.73641
      vertex -35 18.0966 7.96353
      vertex -35 18.8009 7.73641
    endloop
  endfacet
  facet normal 0 0.0255224 -0.999674
    outer loop
      vertex -35 13.1379 8.47799
      vertex -33.5 14 8.5
      vertex -33.5 13.1379 8.47799
    endloop
  endfacet
  facet normal 0 0.0255224 -0.999674
    outer loop
      vertex -33.5 14 8.5
      vertex -35 13.1379 8.47799
      vertex -35 14 8.5
    endloop
  endfacet
  facet normal 0 -0.185017 -0.982735
    outer loop
      vertex -35 16.5431 8.30359
      vertex -33.5 17.3409 8.15339
      vertex -33.5 16.5431 8.30359
    endloop
  endfacet
  facet normal -0 -0.185017 -0.982735
    outer loop
      vertex -33.5 17.3409 8.15339
      vertex -35 16.5431 8.30359
      vertex -35 17.3409 8.15339
    endloop
  endfacet
  facet normal 0 -0.129854 -0.991533
    outer loop
      vertex -35 15.7134 8.41225
      vertex -33.5 16.5431 8.30359
      vertex -33.5 15.7134 8.41225
    endloop
  endfacet
  facet normal -0 -0.129854 -0.991533
    outer loop
      vertex -33.5 16.5431 8.30359
      vertex -35 15.7134 8.41225
      vertex -35 16.5431 8.30359
    endloop
  endfacet
  facet normal 0 0.539418 -0.842038
    outer loop
      vertex -35 7.48022 6.86211
      vertex -33.5 7.9799 7.18221
      vertex -33.5 7.48022 6.86211
    endloop
  endfacet
  facet normal 0 0.539418 -0.842038
    outer loop
      vertex -33.5 7.9799 7.18221
      vertex -35 7.48022 6.86211
      vertex -35 7.9799 7.18221
    endloop
  endfacet
  facet normal 0 -0.0255224 -0.999674
    outer loop
      vertex -35 14 8.5
      vertex -33.5 14.8621 8.47799
      vertex -33.5 14 8.5
    endloop
  endfacet
  facet normal -0 -0.0255224 -0.999674
    outer loop
      vertex -33.5 14.8621 8.47799
      vertex -35 14 8.5
      vertex -35 14.8621 8.47799
    endloop
  endfacet
  facet normal 0 0.306944 -0.951727
    outer loop
      vertex -35 9.19913 7.73641
      vertex -33.5 9.90335 7.96353
      vertex -33.5 9.19913 7.73641
    endloop
  endfacet
  facet normal 0 0.306944 -0.951727
    outer loop
      vertex -33.5 9.90335 7.96353
      vertex -35 9.19913 7.73641
      vertex -35 9.90335 7.96353
    endloop
  endfacet
  facet normal 0 0.24365 -0.969863
    outer loop
      vertex -35 9.90335 7.96353
      vertex -33.5 10.6591 8.15339
      vertex -33.5 9.90335 7.96353
    endloop
  endfacet
  facet normal 0 0.24365 -0.969863
    outer loop
      vertex -33.5 10.6591 8.15339
      vertex -35 9.90335 7.96353
      vertex -35 10.6591 8.15339
    endloop
  endfacet
  facet normal -0 0.453362 0.891326
    outer loop
      vertex -35 8.55528 2.52513
      vertex -33.5 7.9799 2.81779
      vertex -33.5 8.55528 2.52513
    endloop
  endfacet
  facet normal 0 0.453362 0.891326
    outer loop
      vertex -33.5 7.9799 2.81779
      vertex -35 8.55528 2.52513
      vertex -35 7.9799 2.81779
    endloop
  endfacet
  facet normal 1 0 0
    outer loop
      vertex 33.5 21.6516 5.39188
      vertex 33.5 21.6516 4.60812
      vertex 33.5 21.7 5
    endloop
  endfacet
  facet normal 1 0 0
    outer loop
      vertex 33.5 21.5069 5.77882
      vertex 33.5 21.6516 4.60812
      vertex 33.5 21.6516 5.39188
    endloop
  endfacet
  facet normal 1 0 0
    outer loop
      vertex 33.5 21.5069 5.77882
      vertex 33.5 21.5069 4.22118
      vertex 33.5 21.6516 4.60812
    endloop
  endfacet
  facet normal 1 0 0
    outer loop
      vertex 33.5 21.2679 6.15598
      vertex 33.5 21.5069 4.22118
      vertex 33.5 21.5069 5.77882
    endloop
  endfacet
  facet normal 1 0 0
    outer loop
      vertex 33.5 21.2679 6.15598
      vertex 33.5 21.2679 3.84402
      vertex 33.5 21.5069 4.22118
    endloop
  endfacet
  facet normal 1 0 0
    outer loop
      vertex 33.5 20.9375 6.51859
      vertex 33.5 21.2679 3.84402
      vertex 33.5 21.2679 6.15598
    endloop
  endfacet
  facet normal 1 0 0
    outer loop
      vertex 33.5 20.9375 6.51859
      vertex 33.5 20.9375 3.48141
      vertex 33.5 21.2679 3.84402
    endloop
  endfacet
  facet normal 1 0 0
    outer loop
      vertex 33.5 20.5198 6.86211
      vertex 33.5 20.9375 3.48141
      vertex 33.5 20.9375 6.51859
    endloop
  endfacet
  facet normal 1 0 0
    outer loop
      vertex 33.5 20.5198 6.86211
      vertex 33.5 20.5198 3.13789
      vertex 33.5 20.9375 3.48141
    endloop
  endfacet
  facet normal 1 0 0
    outer loop
      vertex 33.5 20.0201 7.18221
      vertex 33.5 20.5198 3.13789
      vertex 33.5 20.5198 6.86211
    endloop
  endfacet
  facet normal 1 0 0
    outer loop
      vertex 33.5 20.0201 7.18221
      vertex 33.5 20.0201 2.81779
      vertex 33.5 20.5198 3.13789
    endloop
  endfacet
  facet normal 1 0 0
    outer loop
      vertex 33.5 19.4447 7.47487
      vertex 33.5 20.0201 2.81779
      vertex 33.5 20.0201 7.18221
    endloop
  endfacet
  facet normal 1 0 0
    outer loop
      vertex 33.5 19.4447 7.47487
      vertex 33.5 19.4447 2.52513
      vertex 33.5 20.0201 2.81779
    endloop
  endfacet
  facet normal 1 0 0
    outer loop
      vertex 33.5 18.8009 7.73641
      vertex 33.5 19.4447 2.52513
      vertex 33.5 19.4447 7.47487
    endloop
  endfacet
  facet normal 1 0 0
    outer loop
      vertex 33.5 18.8009 7.73641
      vertex 33.5 18.8009 2.26359
      vertex 33.5 19.4447 2.52513
    endloop
  endfacet
  facet normal 1 0 0
    outer loop
      vertex 33.5 18.0966 7.96353
      vertex 33.5 18.8009 2.26359
      vertex 33.5 18.8009 7.73641
    endloop
  endfacet
  facet normal 1 0 0
    outer loop
      vertex 33.5 18.0966 7.96353
      vertex 33.5 18.0966 2.03646
      vertex 33.5 18.8009 2.26359
    endloop
  endfacet
  facet normal 1 0 0
    outer loop
      vertex 33.5 17.3409 8.15339
      vertex 33.5 18.0966 2.03646
      vertex 33.5 18.0966 7.96353
    endloop
  endfacet
  facet normal 1 0 0
    outer loop
      vertex 33.5 17.3409 8.15339
      vertex 33.5 17.3409 1.84661
      vertex 33.5 18.0966 2.03646
    endloop
  endfacet
  facet normal 1 0 0
    outer loop
      vertex 33.5 16.5431 8.30359
      vertex 33.5 17.3409 1.84661
      vertex 33.5 17.3409 8.15339
    endloop
  endfacet
  facet normal 1 0 0
    outer loop
      vertex 33.5 16.5431 8.30359
      vertex 33.5 16.5431 1.69641
      vertex 33.5 17.3409 1.84661
    endloop
  endfacet
  facet normal 1 0 0
    outer loop
      vertex 33.5 15.7134 8.41225
      vertex 33.5 16.5431 1.69641
      vertex 33.5 16.5431 8.30359
    endloop
  endfacet
  facet normal 1 0 0
    outer loop
      vertex 33.5 15.7134 8.41225
      vertex 33.5 15.7134 1.58775
      vertex 33.5 16.5431 1.69641
    endloop
  endfacet
  facet normal 1 0 0
    outer loop
      vertex 33.5 14.8621 8.47799
      vertex 33.5 15.7134 1.58775
      vertex 33.5 15.7134 8.41225
    endloop
  endfacet
  facet normal 1 0 0
    outer loop
      vertex 33.5 14.8621 8.47799
      vertex 33.5 14.8621 1.52201
      vertex 33.5 15.7134 1.58775
    endloop
  endfacet
  facet normal 1 0 0
    outer loop
      vertex 33.5 14 8.5
      vertex 33.5 14.8621 1.52201
      vertex 33.5 14.8621 8.47799
    endloop
  endfacet
  facet normal 1 0 0
    outer loop
      vertex 33.5 14 8.5
      vertex 33.5 14 1.5
      vertex 33.5 14.8621 1.52201
    endloop
  endfacet
  facet normal 1 -0 0
    outer loop
      vertex 33.5 13.1379 8.47799
      vertex 33.5 14 1.5
      vertex 33.5 14 8.5
    endloop
  endfacet
  facet normal 1 0 0
    outer loop
      vertex 33.5 13.1379 8.47799
      vertex 33.5 13.1379 1.52201
      vertex 33.5 14 1.5
    endloop
  endfacet
  facet normal 1 -0 0
    outer loop
      vertex 33.5 12.2866 8.41225
      vertex 33.5 13.1379 1.52201
      vertex 33.5 13.1379 8.47799
    endloop
  endfacet
  facet normal 1 0 0
    outer loop
      vertex 33.5 12.2866 8.41225
      vertex 33.5 12.2866 1.58775
      vertex 33.5 13.1379 1.52201
    endloop
  endfacet
  facet normal 1 -0 0
    outer loop
      vertex 33.5 11.4569 8.30359
      vertex 33.5 12.2866 1.58775
      vertex 33.5 12.2866 8.41225
    endloop
  endfacet
  facet normal 1 0 0
    outer loop
      vertex 33.5 11.4569 8.30359
      vertex 33.5 11.4569 1.69641
      vertex 33.5 12.2866 1.58775
    endloop
  endfacet
  facet normal 1 -0 0
    outer loop
      vertex 33.5 10.6591 8.15339
      vertex 33.5 11.4569 1.69641
      vertex 33.5 11.4569 8.30359
    endloop
  endfacet
  facet normal 1 0 0
    outer loop
      vertex 33.5 10.6591 8.15339
      vertex 33.5 10.6591 1.84661
      vertex 33.5 11.4569 1.69641
    endloop
  endfacet
  facet normal 1 -0 0
    outer loop
      vertex 33.5 9.90335 7.96353
      vertex 33.5 10.6591 1.84661
      vertex 33.5 10.6591 8.15339
    endloop
  endfacet
  facet normal 1 0 0
    outer loop
      vertex 33.5 9.90335 7.96353
      vertex 33.5 9.90335 2.03646
      vertex 33.5 10.6591 1.84661
    endloop
  endfacet
  facet normal 1 -0 0
    outer loop
      vertex 33.5 9.19913 7.73641
      vertex 33.5 9.90335 2.03646
      vertex 33.5 9.90335 7.96353
    endloop
  endfacet
  facet normal 1 0 0
    outer loop
      vertex 33.5 9.19913 7.73641
      vertex 33.5 9.19913 2.26359
      vertex 33.5 9.90335 2.03646
    endloop
  endfacet
  facet normal 1 -0 0
    outer loop
      vertex 33.5 8.55528 7.47487
      vertex 33.5 9.19913 2.26359
      vertex 33.5 9.19913 7.73641
    endloop
  endfacet
  facet normal 1 0 0
    outer loop
      vertex 33.5 8.55528 7.47487
      vertex 33.5 8.55528 2.52513
      vertex 33.5 9.19913 2.26359
    endloop
  endfacet
  facet normal 1 -0 0
    outer loop
      vertex 33.5 7.9799 7.18221
      vertex 33.5 8.55528 2.52513
      vertex 33.5 8.55528 7.47487
    endloop
  endfacet
  facet normal 1 0 0
    outer loop
      vertex 33.5 7.9799 7.18221
      vertex 33.5 7.9799 2.81779
      vertex 33.5 8.55528 2.52513
    endloop
  endfacet
  facet normal 1 -0 0
    outer loop
      vertex 33.5 7.48022 6.86211
      vertex 33.5 7.9799 2.81779
      vertex 33.5 7.9799 7.18221
    endloop
  endfacet
  facet normal 1 0 0
    outer loop
      vertex 33.5 7.48022 6.86211
      vertex 33.5 7.48022 3.13789
      vertex 33.5 7.9799 2.81779
    endloop
  endfacet
  facet normal 1 -0 0
    outer loop
      vertex 33.5 7.06254 6.51859
      vertex 33.5 7.48022 3.13789
      vertex 33.5 7.48022 6.86211
    endloop
  endfacet
  facet normal 1 0 0
    outer loop
      vertex 33.5 7.06254 6.51859
      vertex 33.5 7.06254 3.48141
      vertex 33.5 7.48022 3.13789
    endloop
  endfacet
  facet normal 1 -0 0
    outer loop
      vertex 33.5 7 6.44996
      vertex 33.5 7.06254 3.48141
      vertex 33.5 7.06254 6.51859
    endloop
  endfacet
  facet normal 1 0 0
    outer loop
      vertex 33.5 7 6.44996
      vertex 33.5 7 3.55004
      vertex 33.5 7.06254 3.48141
    endloop
  endfacet
  facet normal 1 0 0
    outer loop
      vertex 33.5 6.93746 6.51859
      vertex 33.5 7 3.55004
      vertex 33.5 7 6.44996
    endloop
  endfacet
  facet normal 1 0 0
    outer loop
      vertex 33.5 6.93746 6.51859
      vertex 33.5 6.93746 3.48141
      vertex 33.5 7 3.55004
    endloop
  endfacet
  facet normal 1 0 0
    outer loop
      vertex 33.5 6.51978 6.86211
      vertex 33.5 6.93746 3.48141
      vertex 33.5 6.93746 6.51859
    endloop
  endfacet
  facet normal 1 0 0
    outer loop
      vertex 33.5 6.51978 6.86211
      vertex 33.5 6.51978 3.13789
      vertex 33.5 6.93746 3.48141
    endloop
  endfacet
  facet normal 1 0 0
    outer loop
      vertex 33.5 6.0201 7.18221
      vertex 33.5 6.51978 3.13789
      vertex 33.5 6.51978 6.86211
    endloop
  endfacet
  facet normal 1 0 0
    outer loop
      vertex 33.5 6.0201 7.18221
      vertex 33.5 6.0201 2.81779
      vertex 33.5 6.51978 3.13789
    endloop
  endfacet
  facet normal 1 0 0
    outer loop
      vertex 33.5 5.44472 7.47487
      vertex 33.5 6.0201 2.81779
      vertex 33.5 6.0201 7.18221
    endloop
  endfacet
  facet normal 1 0 0
    outer loop
      vertex 33.5 5.44472 7.47487
      vertex 33.5 5.44472 2.52513
      vertex 33.5 6.0201 2.81779
    endloop
  endfacet
  facet normal 1 0 0
    outer loop
      vertex 33.5 4.80087 7.73641
      vertex 33.5 5.44472 2.52513
      vertex 33.5 5.44472 7.47487
    endloop
  endfacet
  facet normal 1 0 0
    outer loop
      vertex 33.5 4.80087 7.73641
      vertex 33.5 4.80087 2.26359
      vertex 33.5 5.44472 2.52513
    endloop
  endfacet
  facet normal 1 0 0
    outer loop
      vertex 33.5 4.09665 7.96353
      vertex 33.5 4.80087 2.26359
      vertex 33.5 4.80087 7.73641
    endloop
  endfacet
  facet normal 1 0 0
    outer loop
      vertex 33.5 4.09665 7.96353
      vertex 33.5 4.09665 2.03646
      vertex 33.5 4.80087 2.26359
    endloop
  endfacet
  facet normal 1 0 0
    outer loop
      vertex 33.5 3.3409 8.15339
      vertex 33.5 4.09665 2.03646
      vertex 33.5 4.09665 7.96353
    endloop
  endfacet
  facet normal 1 0 0
    outer loop
      vertex 33.5 3.3409 8.15339
      vertex 33.5 3.3409 1.84661
      vertex 33.5 4.09665 2.03646
    endloop
  endfacet
  facet normal 1 0 0
    outer loop
      vertex 33.5 2.54315 8.30359
      vertex 33.5 3.3409 1.84661
      vertex 33.5 3.3409 8.15339
    endloop
  endfacet
  facet normal 1 0 0
    outer loop
      vertex 33.5 2.54315 8.30359
      vertex 33.5 2.54315 1.69641
      vertex 33.5 3.3409 1.84661
    endloop
  endfacet
  facet normal 1 0 0
    outer loop
      vertex 33.5 1.71341 8.41225
      vertex 33.5 2.54315 1.69641
      vertex 33.5 2.54315 8.30359
    endloop
  endfacet
  facet normal 1 0 0
    outer loop
      vertex 33.5 1.71341 8.41225
      vertex 33.5 1.71341 1.58775
      vertex 33.5 2.54315 1.69641
    endloop
  endfacet
  facet normal 1 0 0
    outer loop
      vertex 33.5 0.862126 8.47799
      vertex 33.5 1.71341 1.58775
      vertex 33.5 1.71341 8.41225
    endloop
  endfacet
  facet normal 1 0 0
    outer loop
      vertex 33.5 0.862126 8.47799
      vertex 33.5 0.862126 1.52201
      vertex 33.5 1.71341 1.58775
    endloop
  endfacet
  facet normal 1 0 0
    outer loop
      vertex 33.5 0 8.5
      vertex 33.5 0.862126 1.52201
      vertex 33.5 0.862126 8.47799
    endloop
  endfacet
  facet normal 1 0 0
    outer loop
      vertex 33.5 0 8.5
      vertex 33.5 0 1.5
      vertex 33.5 0.862126 1.52201
    endloop
  endfacet
  facet normal 1 -0 0
    outer loop
      vertex 33.5 -0.862126 8.47799
      vertex 33.5 0 1.5
      vertex 33.5 0 8.5
    endloop
  endfacet
  facet normal 1 0 0
    outer loop
      vertex 33.5 -0.862126 8.47799
      vertex 33.5 -0.862126 1.52201
      vertex 33.5 0 1.5
    endloop
  endfacet
  facet normal 1 -0 0
    outer loop
      vertex 33.5 -1.71341 8.41225
      vertex 33.5 -0.862126 1.52201
      vertex 33.5 -0.862126 8.47799
    endloop
  endfacet
  facet normal 1 0 0
    outer loop
      vertex 33.5 -1.71341 8.41225
      vertex 33.5 -1.71341 1.58775
      vertex 33.5 -0.862126 1.52201
    endloop
  endfacet
  facet normal 1 -0 0
    outer loop
      vertex 33.5 -2.54315 8.30359
      vertex 33.5 -1.71341 1.58775
      vertex 33.5 -1.71341 8.41225
    endloop
  endfacet
  facet normal 1 0 0
    outer loop
      vertex 33.5 -2.54315 8.30359
      vertex 33.5 -2.54315 1.69641
      vertex 33.5 -1.71341 1.58775
    endloop
  endfacet
  facet normal 1 -0 0
    outer loop
      vertex 33.5 -3.3409 8.15339
      vertex 33.5 -2.54315 1.69641
      vertex 33.5 -2.54315 8.30359
    endloop
  endfacet
  facet normal 1 0 0
    outer loop
      vertex 33.5 -3.3409 8.15339
      vertex 33.5 -3.3409 1.84661
      vertex 33.5 -2.54315 1.69641
    endloop
  endfacet
  facet normal 1 -0 0
    outer loop
      vertex 33.5 -4.09665 7.96353
      vertex 33.5 -3.3409 1.84661
      vertex 33.5 -3.3409 8.15339
    endloop
  endfacet
  facet normal 1 0 0
    outer loop
      vertex 33.5 -4.09665 7.96353
      vertex 33.5 -4.09665 2.03646
      vertex 33.5 -3.3409 1.84661
    endloop
  endfacet
  facet normal 1 -0 0
    outer loop
      vertex 33.5 -4.80087 7.73641
      vertex 33.5 -4.09665 2.03646
      vertex 33.5 -4.09665 7.96353
    endloop
  endfacet
  facet normal 1 0 0
    outer loop
      vertex 33.5 -4.80087 7.73641
      vertex 33.5 -4.80087 2.26359
      vertex 33.5 -4.09665 2.03646
    endloop
  endfacet
  facet normal 1 -0 0
    outer loop
      vertex 33.5 -5.44472 7.47487
      vertex 33.5 -4.80087 2.26359
      vertex 33.5 -4.80087 7.73641
    endloop
  endfacet
  facet normal 1 0 0
    outer loop
      vertex 33.5 -5.44472 7.47487
      vertex 33.5 -5.44472 2.52513
      vertex 33.5 -4.80087 2.26359
    endloop
  endfacet
  facet normal 1 -0 0
    outer loop
      vertex 33.5 -6.0201 7.18221
      vertex 33.5 -5.44472 2.52513
      vertex 33.5 -5.44472 7.47487
    endloop
  endfacet
  facet normal 1 0 0
    outer loop
      vertex 33.5 -6.0201 7.18221
      vertex 33.5 -6.0201 2.81779
      vertex 33.5 -5.44472 2.52513
    endloop
  endfacet
  facet normal 1 -0 0
    outer loop
      vertex 33.5 -6.51978 6.86211
      vertex 33.5 -6.0201 2.81779
      vertex 33.5 -6.0201 7.18221
    endloop
  endfacet
  facet normal 1 0 0
    outer loop
      vertex 33.5 -6.51978 6.86211
      vertex 33.5 -6.51978 3.13789
      vertex 33.5 -6.0201 2.81779
    endloop
  endfacet
  facet normal 1 -0 0
    outer loop
      vertex 33.5 -6.93746 6.51859
      vertex 33.5 -6.51978 3.13789
      vertex 33.5 -6.51978 6.86211
    endloop
  endfacet
  facet normal 1 0 0
    outer loop
      vertex 33.5 -6.93746 6.51859
      vertex 33.5 -6.93746 3.48141
      vertex 33.5 -6.51978 3.13789
    endloop
  endfacet
  facet normal 1 -0 0
    outer loop
      vertex 33.5 -7 6.44996
      vertex 33.5 -6.93746 3.48141
      vertex 33.5 -6.93746 6.51859
    endloop
  endfacet
  facet normal 1 0 0
    outer loop
      vertex 33.5 -7 6.44996
      vertex 33.5 -7 3.55004
      vertex 33.5 -6.93746 3.48141
    endloop
  endfacet
  facet normal 1 0 0
    outer loop
      vertex 33.5 -7.06254 6.51859
      vertex 33.5 -7 3.55004
      vertex 33.5 -7 6.44996
    endloop
  endfacet
  facet normal 1 0 0
    outer loop
      vertex 33.5 -7.06254 6.51859
      vertex 33.5 -7.06254 3.48141
      vertex 33.5 -7 3.55004
    endloop
  endfacet
  facet normal 1 0 0
    outer loop
      vertex 33.5 -7.48022 6.86211
      vertex 33.5 -7.06254 3.48141
      vertex 33.5 -7.06254 6.51859
    endloop
  endfacet
  facet normal 1 0 0
    outer loop
      vertex 33.5 -7.48022 6.86211
      vertex 33.5 -7.48022 3.13789
      vertex 33.5 -7.06254 3.48141
    endloop
  endfacet
  facet normal 1 0 0
    outer loop
      vertex 33.5 -7.9799 7.18221
      vertex 33.5 -7.48022 3.13789
      vertex 33.5 -7.48022 6.86211
    endloop
  endfacet
  facet normal 1 0 0
    outer loop
      vertex 33.5 -7.9799 7.18221
      vertex 33.5 -7.9799 2.81779
      vertex 33.5 -7.48022 3.13789
    endloop
  endfacet
  facet normal 1 0 0
    outer loop
      vertex 33.5 -8.55528 7.47487
      vertex 33.5 -7.9799 2.81779
      vertex 33.5 -7.9799 7.18221
    endloop
  endfacet
  facet normal 1 0 0
    outer loop
      vertex 33.5 -8.55528 7.47487
      vertex 33.5 -8.55528 2.52513
      vertex 33.5 -7.9799 2.81779
    endloop
  endfacet
  facet normal 1 0 0
    outer loop
      vertex 33.5 -9.19913 7.73641
      vertex 33.5 -8.55528 2.52513
      vertex 33.5 -8.55528 7.47487
    endloop
  endfacet
  facet normal 1 0 0
    outer loop
      vertex 33.5 -9.19913 7.73641
      vertex 33.5 -9.19913 2.26359
      vertex 33.5 -8.55528 2.52513
    endloop
  endfacet
  facet normal 1 0 0
    outer loop
      vertex 33.5 -9.90335 7.96353
      vertex 33.5 -9.19913 2.26359
      vertex 33.5 -9.19913 7.73641
    endloop
  endfacet
  facet normal 1 0 0
    outer loop
      vertex 33.5 -9.90335 7.96353
      vertex 33.5 -9.90335 2.03646
      vertex 33.5 -9.19913 2.26359
    endloop
  endfacet
  facet normal 1 0 0
    outer loop
      vertex 33.5 -10.6591 8.15339
      vertex 33.5 -9.90335 2.03646
      vertex 33.5 -9.90335 7.96353
    endloop
  endfacet
  facet normal 1 0 0
    outer loop
      vertex 33.5 -10.6591 8.15339
      vertex 33.5 -10.6591 1.84661
      vertex 33.5 -9.90335 2.03646
    endloop
  endfacet
  facet normal 1 0 0
    outer loop
      vertex 33.5 -11.4569 8.30359
      vertex 33.5 -10.6591 1.84661
      vertex 33.5 -10.6591 8.15339
    endloop
  endfacet
  facet normal 1 0 0
    outer loop
      vertex 33.5 -11.4569 8.30359
      vertex 33.5 -11.4569 1.69641
      vertex 33.5 -10.6591 1.84661
    endloop
  endfacet
  facet normal 1 0 0
    outer loop
      vertex 33.5 -12.2866 8.41225
      vertex 33.5 -11.4569 1.69641
      vertex 33.5 -11.4569 8.30359
    endloop
  endfacet
  facet normal 1 0 0
    outer loop
      vertex 33.5 -12.2866 8.41225
      vertex 33.5 -12.2866 1.58775
      vertex 33.5 -11.4569 1.69641
    endloop
  endfacet
  facet normal 1 0 0
    outer loop
      vertex 33.5 -13.1379 8.47799
      vertex 33.5 -12.2866 1.58775
      vertex 33.5 -12.2866 8.41225
    endloop
  endfacet
  facet normal 1 0 0
    outer loop
      vertex 33.5 -13.1379 8.47799
      vertex 33.5 -13.1379 1.52201
      vertex 33.5 -12.2866 1.58775
    endloop
  endfacet
  facet normal 1 0 0
    outer loop
      vertex 33.5 -14 8.5
      vertex 33.5 -13.1379 1.52201
      vertex 33.5 -13.1379 8.47799
    endloop
  endfacet
  facet normal 1 0 0
    outer loop
      vertex 33.5 -14 8.5
      vertex 33.5 -14 1.5
      vertex 33.5 -13.1379 1.52201
    endloop
  endfacet
  facet normal 1 -0 0
    outer loop
      vertex 33.5 -14.8621 8.47799
      vertex 33.5 -14 1.5
      vertex 33.5 -14 8.5
    endloop
  endfacet
  facet normal 1 0 0
    outer loop
      vertex 33.5 -14.8621 8.47799
      vertex 33.5 -14.8621 1.52201
      vertex 33.5 -14 1.5
    endloop
  endfacet
  facet normal 1 -0 0
    outer loop
      vertex 33.5 -15.7134 8.41225
      vertex 33.5 -14.8621 1.52201
      vertex 33.5 -14.8621 8.47799
    endloop
  endfacet
  facet normal 1 0 0
    outer loop
      vertex 33.5 -15.7134 8.41225
      vertex 33.5 -15.7134 1.58775
      vertex 33.5 -14.8621 1.52201
    endloop
  endfacet
  facet normal 1 -0 0
    outer loop
      vertex 33.5 -16.5431 8.30359
      vertex 33.5 -15.7134 1.58775
      vertex 33.5 -15.7134 8.41225
    endloop
  endfacet
  facet normal 1 0 0
    outer loop
      vertex 33.5 -16.5431 8.30359
      vertex 33.5 -16.5431 1.69641
      vertex 33.5 -15.7134 1.58775
    endloop
  endfacet
  facet normal 1 -0 0
    outer loop
      vertex 33.5 -17.3409 8.15339
      vertex 33.5 -16.5431 1.69641
      vertex 33.5 -16.5431 8.30359
    endloop
  endfacet
  facet normal 1 0 0
    outer loop
      vertex 33.5 -17.3409 8.15339
      vertex 33.5 -17.3409 1.84661
      vertex 33.5 -16.5431 1.69641
    endloop
  endfacet
  facet normal 1 -0 0
    outer loop
      vertex 33.5 -18.0966 7.96353
      vertex 33.5 -17.3409 1.84661
      vertex 33.5 -17.3409 8.15339
    endloop
  endfacet
  facet normal 1 0 0
    outer loop
      vertex 33.5 -18.0966 7.96353
      vertex 33.5 -18.0966 2.03646
      vertex 33.5 -17.3409 1.84661
    endloop
  endfacet
  facet normal 1 -0 0
    outer loop
      vertex 33.5 -18.8009 7.73641
      vertex 33.5 -18.0966 2.03646
      vertex 33.5 -18.0966 7.96353
    endloop
  endfacet
  facet normal 1 0 0
    outer loop
      vertex 33.5 -18.8009 7.73641
      vertex 33.5 -18.8009 2.26359
      vertex 33.5 -18.0966 2.03646
    endloop
  endfacet
  facet normal 1 -0 0
    outer loop
      vertex 33.5 -19.4447 7.47487
      vertex 33.5 -18.8009 2.26359
      vertex 33.5 -18.8009 7.73641
    endloop
  endfacet
  facet normal 1 0 0
    outer loop
      vertex 33.5 -19.4447 7.47487
      vertex 33.5 -19.4447 2.52513
      vertex 33.5 -18.8009 2.26359
    endloop
  endfacet
  facet normal 1 -0 0
    outer loop
      vertex 33.5 -20.0201 7.18221
      vertex 33.5 -19.4447 2.52513
      vertex 33.5 -19.4447 7.47487
    endloop
  endfacet
  facet normal 1 0 0
    outer loop
      vertex 33.5 -20.0201 7.18221
      vertex 33.5 -20.0201 2.81779
      vertex 33.5 -19.4447 2.52513
    endloop
  endfacet
  facet normal 1 -0 0
    outer loop
      vertex 33.5 -20.5198 6.86211
      vertex 33.5 -20.0201 2.81779
      vertex 33.5 -20.0201 7.18221
    endloop
  endfacet
  facet normal 1 0 0
    outer loop
      vertex 33.5 -20.5198 6.86211
      vertex 33.5 -20.5198 3.13789
      vertex 33.5 -20.0201 2.81779
    endloop
  endfacet
  facet normal 1 -0 0
    outer loop
      vertex 33.5 -20.9375 6.51859
      vertex 33.5 -20.5198 3.13789
      vertex 33.5 -20.5198 6.86211
    endloop
  endfacet
  facet normal 1 0 0
    outer loop
      vertex 33.5 -20.9375 6.51859
      vertex 33.5 -20.9375 3.48141
      vertex 33.5 -20.5198 3.13789
    endloop
  endfacet
  facet normal 1 -0 0
    outer loop
      vertex 33.5 -21.2679 6.15598
      vertex 33.5 -20.9375 3.48141
      vertex 33.5 -20.9375 6.51859
    endloop
  endfacet
  facet normal 1 0 0
    outer loop
      vertex 33.5 -21.2679 6.15598
      vertex 33.5 -21.2679 3.84402
      vertex 33.5 -20.9375 3.48141
    endloop
  endfacet
  facet normal 1 -0 0
    outer loop
      vertex 33.5 -21.5069 5.77882
      vertex 33.5 -21.2679 3.84402
      vertex 33.5 -21.2679 6.15598
    endloop
  endfacet
  facet normal 1 0 0
    outer loop
      vertex 33.5 -21.5069 5.77882
      vertex 33.5 -21.5069 4.22118
      vertex 33.5 -21.2679 3.84402
    endloop
  endfacet
  facet normal 1 -0 0
    outer loop
      vertex 33.5 -21.6516 5.39188
      vertex 33.5 -21.5069 4.22118
      vertex 33.5 -21.5069 5.77882
    endloop
  endfacet
  facet normal 1 0 0
    outer loop
      vertex 33.5 -21.6516 5.39188
      vertex 33.5 -21.6516 4.60812
      vertex 33.5 -21.5069 4.22118
    endloop
  endfacet
  facet normal 1 0 -0
    outer loop
      vertex 33.5 -21.6516 4.60812
      vertex 33.5 -21.6516 5.39188
      vertex 33.5 -21.7 5
    endloop
  endfacet
  facet normal 0 -0.24365 -0.969863
    outer loop
      vertex 33.5 -10.6591 8.15339
      vertex 35 -9.90335 7.96353
      vertex 35 -10.6591 8.15339
    endloop
  endfacet
  facet normal -0 -0.24365 -0.969863
    outer loop
      vertex 35 -9.90335 7.96353
      vertex 33.5 -10.6591 8.15339
      vertex 33.5 -9.90335 7.96353
    endloop
  endfacet
  facet normal 0 -0.0255224 0.999674
    outer loop
      vertex 33.5 -13.1379 1.52201
      vertex 35 -14 1.5
      vertex 35 -13.1379 1.52201
    endloop
  endfacet
  facet normal 0 -0.0255224 0.999674
    outer loop
      vertex 35 -14 1.5
      vertex 33.5 -13.1379 1.52201
      vertex 33.5 -14 1.5
    endloop
  endfacet
  facet normal 0 0.992459 0.122576
    outer loop
      vertex 35 -21.6516 4.60812
      vertex 33.5 -21.7 5
      vertex 35 -21.7 5
    endloop
  endfacet
  facet normal 0 0.992459 0.122576
    outer loop
      vertex 33.5 -21.7 5
      vertex 35 -21.6516 4.60812
      vertex 33.5 -21.6516 4.60812
    endloop
  endfacet
  facet normal 0 -0.306957 0.951724
    outer loop
      vertex 33.5 -9.19913 2.26359
      vertex 35 -9.90335 2.03646
      vertex 35 -9.19913 2.26359
    endloop
  endfacet
  facet normal 0 -0.306957 0.951724
    outer loop
      vertex 35 -9.90335 2.03646
      vertex 33.5 -9.19913 2.26359
      vertex 33.5 -9.90335 2.03646
    endloop
  endfacet
  facet normal 0 -0.243638 0.969866
    outer loop
      vertex 33.5 -9.90335 2.03646
      vertex 35 -10.6591 1.84661
      vertex 35 -9.90335 2.03646
    endloop
  endfacet
  facet normal 0 -0.243638 0.969866
    outer loop
      vertex 35 -10.6591 1.84661
      vertex 33.5 -9.90335 2.03646
      vertex 33.5 -10.6591 1.84661
    endloop
  endfacet
  facet normal 0 -0.73914 0.673551
    outer loop
      vertex 33.5 -7.06254 3.48141
      vertex 35 -7 3.55004
      vertex 33.5 -7 3.55004
    endloop
  endfacet
  facet normal 0 -0.73914 0.673551
    outer loop
      vertex 35 -7 3.55004
      vertex 33.5 -7.06254 3.48141
      vertex 35 -7.06254 3.48141
    endloop
  endfacet
  facet normal 0 0.844685 0.535263
    outer loop
      vertex 35 -21.2679 3.84402
      vertex 33.5 -21.5069 4.22118
      vertex 35 -21.5069 4.22118
    endloop
  endfacet
  facet normal 0 0.844685 0.535263
    outer loop
      vertex 33.5 -21.5069 4.22118
      vertex 35 -21.2679 3.84402
      vertex 33.5 -21.2679 3.84402
    endloop
  endfacet
  facet normal 0 0.376372 -0.926468
    outer loop
      vertex 33.5 -19.4447 7.47487
      vertex 35 -18.8009 7.73641
      vertex 35 -19.4447 7.47487
    endloop
  endfacet
  facet normal 0 0.376372 -0.926468
    outer loop
      vertex 35 -18.8009 7.73641
      vertex 33.5 -19.4447 7.47487
      vertex 33.5 -18.8009 7.73641
    endloop
  endfacet
  facet normal 0 -0.453362 0.891326
    outer loop
      vertex 33.5 -7.9799 2.81779
      vertex 35 -8.55528 2.52513
      vertex 35 -7.9799 2.81779
    endloop
  endfacet
  facet normal 0 -0.453362 0.891326
    outer loop
      vertex 35 -8.55528 2.52513
      vertex 33.5 -7.9799 2.81779
      vertex 33.5 -8.55528 2.52513
    endloop
  endfacet
  facet normal 0 -0.0769938 0.997032
    outer loop
      vertex 33.5 -12.2866 1.58775
      vertex 35 -13.1379 1.52201
      vertex 35 -12.2866 1.58775
    endloop
  endfacet
  facet normal 0 -0.0769938 0.997032
    outer loop
      vertex 35 -13.1379 1.52201
      vertex 33.5 -12.2866 1.58775
      vertex 33.5 -13.1379 1.52201
    endloop
  endfacet
  facet normal -0 0.306925 0.951734
    outer loop
      vertex 33.5 -18.0966 2.03646
      vertex 35 -18.8009 2.26359
      vertex 35 -18.0966 2.03646
    endloop
  endfacet
  facet normal 0 0.306925 0.951734
    outer loop
      vertex 35 -18.8009 2.26359
      vertex 33.5 -18.0966 2.03646
      vertex 33.5 -18.8009 2.26359
    endloop
  endfacet
  facet normal 0 0.129854 -0.991533
    outer loop
      vertex 33.5 -16.5431 8.30359
      vertex 35 -15.7134 8.41225
      vertex 35 -16.5431 8.30359
    endloop
  endfacet
  facet normal 0 0.129854 -0.991533
    outer loop
      vertex 35 -15.7134 8.41225
      vertex 33.5 -16.5431 8.30359
      vertex 33.5 -15.7134 8.41225
    endloop
  endfacet
  facet normal 0 0.844685 -0.535263
    outer loop
      vertex 35 -21.5069 5.77882
      vertex 33.5 -21.2679 6.15598
      vertex 35 -21.2679 6.15598
    endloop
  endfacet
  facet normal 0 0.844685 -0.535263
    outer loop
      vertex 33.5 -21.2679 6.15598
      vertex 35 -21.5069 5.77882
      vertex 33.5 -21.5069 5.77882
    endloop
  endfacet
  facet normal 0 -0.73914 -0.673551
    outer loop
      vertex 33.5 -7 6.44996
      vertex 35 -7.06254 6.51859
      vertex 33.5 -7.06254 6.51859
    endloop
  endfacet
  facet normal 0 -0.73914 -0.673551
    outer loop
      vertex 35 -7.06254 6.51859
      vertex 33.5 -7 6.44996
      vertex 35 -7 6.44996
    endloop
  endfacet
  facet normal 0 0.45335 -0.891333
    outer loop
      vertex 33.5 -20.0201 7.18221
      vertex 35 -19.4447 7.47487
      vertex 35 -20.0201 7.18221
    endloop
  endfacet
  facet normal 0 0.45335 -0.891333
    outer loop
      vertex 35 -19.4447 7.47487
      vertex 33.5 -20.0201 7.18221
      vertex 33.5 -19.4447 7.47487
    endloop
  endfacet
  facet normal -0 0.185017 0.982735
    outer loop
      vertex 33.5 -16.5431 1.69641
      vertex 35 -17.3409 1.84661
      vertex 35 -16.5431 1.69641
    endloop
  endfacet
  facet normal 0 0.185017 0.982735
    outer loop
      vertex 35 -17.3409 1.84661
      vertex 33.5 -16.5431 1.69641
      vertex 33.5 -17.3409 1.84661
    endloop
  endfacet
  facet normal 0 -0.635209 -0.77234
    outer loop
      vertex 33.5 -7.48022 6.86211
      vertex 35 -7.06254 6.51859
      vertex 35 -7.48022 6.86211
    endloop
  endfacet
  facet normal -0 -0.635209 -0.77234
    outer loop
      vertex 35 -7.06254 6.51859
      vertex 33.5 -7.48022 6.86211
      vertex 33.5 -7.06254 6.51859
    endloop
  endfacet
  facet normal 0 -0.376347 -0.926479
    outer loop
      vertex 33.5 -9.19913 7.73641
      vertex 35 -8.55528 7.47487
      vertex 35 -9.19913 7.73641
    endloop
  endfacet
  facet normal -0 -0.376347 -0.926479
    outer loop
      vertex 35 -8.55528 7.47487
      vertex 33.5 -9.19913 7.73641
      vertex 33.5 -8.55528 7.47487
    endloop
  endfacet
  facet normal 0 -0.185017 0.982735
    outer loop
      vertex 33.5 -10.6591 1.84661
      vertex 35 -11.4569 1.69641
      vertex 35 -10.6591 1.84661
    endloop
  endfacet
  facet normal 0 -0.185017 0.982735
    outer loop
      vertex 35 -11.4569 1.69641
      vertex 33.5 -10.6591 1.84661
      vertex 33.5 -11.4569 1.69641
    endloop
  endfacet
  facet normal 0 0.936649 0.350269
    outer loop
      vertex 35 -21.5069 4.22118
      vertex 33.5 -21.6516 4.60812
      vertex 35 -21.6516 4.60812
    endloop
  endfacet
  facet normal 0 0.936649 0.350269
    outer loop
      vertex 33.5 -21.6516 4.60812
      vertex 35 -21.5069 4.22118
      vertex 33.5 -21.5069 4.22118
    endloop
  endfacet
  facet normal 0 -0.376347 0.926479
    outer loop
      vertex 33.5 -8.55528 2.52513
      vertex 35 -9.19913 2.26359
      vertex 35 -8.55528 2.52513
    endloop
  endfacet
  facet normal 0 -0.376347 0.926479
    outer loop
      vertex 35 -9.19913 2.26359
      vertex 33.5 -8.55528 2.52513
      vertex 33.5 -9.19913 2.26359
    endloop
  endfacet
  facet normal -0 0.376372 0.926468
    outer loop
      vertex 33.5 -18.8009 2.26359
      vertex 35 -19.4447 2.52513
      vertex 35 -18.8009 2.26359
    endloop
  endfacet
  facet normal 0 0.376372 0.926468
    outer loop
      vertex 35 -19.4447 2.52513
      vertex 33.5 -18.8009 2.26359
      vertex 33.5 -19.4447 2.52513
    endloop
  endfacet
  facet normal 0 0.635191 -0.772355
    outer loop
      vertex 33.5 -20.9375 6.51859
      vertex 35 -20.5198 6.86211
      vertex 35 -20.9375 6.51859
    endloop
  endfacet
  facet normal 0 0.635191 -0.772355
    outer loop
      vertex 35 -20.5198 6.86211
      vertex 33.5 -20.9375 6.51859
      vertex 33.5 -20.5198 6.86211
    endloop
  endfacet
  facet normal -0 0.129854 0.991533
    outer loop
      vertex 33.5 -15.7134 1.58775
      vertex 35 -16.5431 1.69641
      vertex 35 -15.7134 1.58775
    endloop
  endfacet
  facet normal 0 0.129854 0.991533
    outer loop
      vertex 35 -16.5431 1.69641
      vertex 33.5 -15.7134 1.58775
      vertex 33.5 -16.5431 1.69641
    endloop
  endfacet
  facet normal 0 0.185017 -0.982735
    outer loop
      vertex 33.5 -17.3409 8.15339
      vertex 35 -16.5431 8.30359
      vertex 35 -17.3409 8.15339
    endloop
  endfacet
  facet normal 0 0.185017 -0.982735
    outer loop
      vertex 35 -16.5431 8.30359
      vertex 33.5 -17.3409 8.15339
      vertex 33.5 -16.5431 8.30359
    endloop
  endfacet
  facet normal -0 0.0769938 0.997032
    outer loop
      vertex 33.5 -14.8621 1.52201
      vertex 35 -15.7134 1.58775
      vertex 35 -14.8621 1.52201
    endloop
  endfacet
  facet normal 0 0.0769938 0.997032
    outer loop
      vertex 35 -15.7134 1.58775
      vertex 33.5 -14.8621 1.52201
      vertex 33.5 -15.7134 1.58775
    endloop
  endfacet
  facet normal -0 0.539403 0.842048
    outer loop
      vertex 33.5 -20.0201 2.81779
      vertex 35 -20.5198 3.13789
      vertex 35 -20.0201 2.81779
    endloop
  endfacet
  facet normal 0 0.539403 0.842048
    outer loop
      vertex 35 -20.5198 3.13789
      vertex 33.5 -20.0201 2.81779
      vertex 33.5 -20.5198 3.13789
    endloop
  endfacet
  facet normal 0 -0.0769938 -0.997032
    outer loop
      vertex 33.5 -13.1379 8.47799
      vertex 35 -12.2866 8.41225
      vertex 35 -13.1379 8.47799
    endloop
  endfacet
  facet normal -0 -0.0769938 -0.997032
    outer loop
      vertex 35 -12.2866 8.41225
      vertex 33.5 -13.1379 8.47799
      vertex 33.5 -12.2866 8.41225
    endloop
  endfacet
  facet normal 0 -0.539418 0.842038
    outer loop
      vertex 33.5 -7.48022 3.13789
      vertex 35 -7.9799 2.81779
      vertex 35 -7.48022 3.13789
    endloop
  endfacet
  facet normal 0 -0.539418 0.842038
    outer loop
      vertex 35 -7.9799 2.81779
      vertex 33.5 -7.48022 3.13789
      vertex 33.5 -7.9799 2.81779
    endloop
  endfacet
  facet normal 0 -0.635209 0.77234
    outer loop
      vertex 33.5 -7.06254 3.48141
      vertex 35 -7.48022 3.13789
      vertex 35 -7.06254 3.48141
    endloop
  endfacet
  facet normal 0 -0.635209 0.77234
    outer loop
      vertex 35 -7.48022 3.13789
      vertex 33.5 -7.06254 3.48141
      vertex 33.5 -7.48022 3.13789
    endloop
  endfacet
  facet normal -0 0.243653 0.969863
    outer loop
      vertex 33.5 -17.3409 1.84661
      vertex 35 -18.0966 2.03646
      vertex 35 -17.3409 1.84661
    endloop
  endfacet
  facet normal 0 0.243653 0.969863
    outer loop
      vertex 35 -18.0966 2.03646
      vertex 33.5 -17.3409 1.84661
      vertex 33.5 -18.0966 2.03646
    endloop
  endfacet
  facet normal 0 0.936649 -0.350269
    outer loop
      vertex 35 -21.6516 5.39188
      vertex 33.5 -21.5069 5.77882
      vertex 35 -21.5069 5.77882
    endloop
  endfacet
  facet normal 0 0.936649 -0.350269
    outer loop
      vertex 33.5 -21.5069 5.77882
      vertex 35 -21.6516 5.39188
      vertex 33.5 -21.6516 5.39188
    endloop
  endfacet
  facet normal 0 -0.539418 -0.842038
    outer loop
      vertex 33.5 -7.9799 7.18221
      vertex 35 -7.48022 6.86211
      vertex 35 -7.9799 7.18221
    endloop
  endfacet
  facet normal -0 -0.539418 -0.842038
    outer loop
      vertex 35 -7.48022 6.86211
      vertex 33.5 -7.9799 7.18221
      vertex 33.5 -7.48022 6.86211
    endloop
  endfacet
  facet normal 0 0.992459 -0.122576
    outer loop
      vertex 35 -21.7 5
      vertex 33.5 -21.6516 5.39188
      vertex 35 -21.6516 5.39188
    endloop
  endfacet
  facet normal 0 0.992459 -0.122576
    outer loop
      vertex 33.5 -21.6516 5.39188
      vertex 35 -21.7 5
      vertex 33.5 -21.7 5
    endloop
  endfacet
  facet normal -0 0.0255224 0.999674
    outer loop
      vertex 33.5 -14 1.5
      vertex 35 -14.8621 1.52201
      vertex 35 -14 1.5
    endloop
  endfacet
  facet normal 0 0.0255224 0.999674
    outer loop
      vertex 35 -14.8621 1.52201
      vertex 33.5 -14 1.5
      vertex 33.5 -14.8621 1.52201
    endloop
  endfacet
  facet normal 0 -0.129854 0.991533
    outer loop
      vertex 33.5 -11.4569 1.69641
      vertex 35 -12.2866 1.58775
      vertex 35 -11.4569 1.69641
    endloop
  endfacet
  facet normal 0 -0.129854 0.991533
    outer loop
      vertex 35 -12.2866 1.58775
      vertex 33.5 -11.4569 1.69641
      vertex 33.5 -12.2866 1.58775
    endloop
  endfacet
  facet normal 0 0.739174 0.673515
    outer loop
      vertex 35 -20.9375 3.48141
      vertex 33.5 -21.2679 3.84402
      vertex 35 -21.2679 3.84402
    endloop
  endfacet
  facet normal 0 0.739174 0.673515
    outer loop
      vertex 33.5 -21.2679 3.84402
      vertex 35 -20.9375 3.48141
      vertex 33.5 -20.9375 3.48141
    endloop
  endfacet
  facet normal 0 -0.453362 -0.891326
    outer loop
      vertex 33.5 -8.55528 7.47487
      vertex 35 -7.9799 7.18221
      vertex 35 -8.55528 7.47487
    endloop
  endfacet
  facet normal -0 -0.453362 -0.891326
    outer loop
      vertex 35 -7.9799 7.18221
      vertex 33.5 -8.55528 7.47487
      vertex 33.5 -7.9799 7.18221
    endloop
  endfacet
  facet normal 0 0.739174 -0.673515
    outer loop
      vertex 35 -21.2679 6.15598
      vertex 33.5 -20.9375 6.51859
      vertex 35 -20.9375 6.51859
    endloop
  endfacet
  facet normal 0 0.739174 -0.673515
    outer loop
      vertex 33.5 -20.9375 6.51859
      vertex 35 -21.2679 6.15598
      vertex 33.5 -21.2679 6.15598
    endloop
  endfacet
  facet normal 0 0.0769938 -0.997032
    outer loop
      vertex 33.5 -15.7134 8.41225
      vertex 35 -14.8621 8.47799
      vertex 35 -15.7134 8.41225
    endloop
  endfacet
  facet normal 0 0.0769938 -0.997032
    outer loop
      vertex 35 -14.8621 8.47799
      vertex 33.5 -15.7134 8.41225
      vertex 33.5 -14.8621 8.47799
    endloop
  endfacet
  facet normal -0 0.635191 0.772355
    outer loop
      vertex 33.5 -20.5198 3.13789
      vertex 35 -20.9375 3.48141
      vertex 35 -20.5198 3.13789
    endloop
  endfacet
  facet normal 0 0.635191 0.772355
    outer loop
      vertex 35 -20.9375 3.48141
      vertex 33.5 -20.5198 3.13789
      vertex 33.5 -20.9375 3.48141
    endloop
  endfacet
  facet normal 0 -0.306944 -0.951727
    outer loop
      vertex 33.5 -9.90335 7.96353
      vertex 35 -9.19913 7.73641
      vertex 35 -9.90335 7.96353
    endloop
  endfacet
  facet normal -0 -0.306944 -0.951727
    outer loop
      vertex 35 -9.19913 7.73641
      vertex 33.5 -9.90335 7.96353
      vertex 33.5 -9.19913 7.73641
    endloop
  endfacet
  facet normal 0 0.0255224 -0.999674
    outer loop
      vertex 33.5 -14.8621 8.47799
      vertex 35 -14 8.5
      vertex 35 -14.8621 8.47799
    endloop
  endfacet
  facet normal 0 0.0255224 -0.999674
    outer loop
      vertex 35 -14 8.5
      vertex 33.5 -14.8621 8.47799
      vertex 33.5 -14 8.5
    endloop
  endfacet
  facet normal 0 -0.185017 -0.982735
    outer loop
      vertex 33.5 -11.4569 8.30359
      vertex 35 -10.6591 8.15339
      vertex 35 -11.4569 8.30359
    endloop
  endfacet
  facet normal -0 -0.185017 -0.982735
    outer loop
      vertex 35 -10.6591 8.15339
      vertex 33.5 -11.4569 8.30359
      vertex 33.5 -10.6591 8.15339
    endloop
  endfacet
  facet normal 0 -0.129854 -0.991533
    outer loop
      vertex 33.5 -12.2866 8.41225
      vertex 35 -11.4569 8.30359
      vertex 35 -12.2866 8.41225
    endloop
  endfacet
  facet normal -0 -0.129854 -0.991533
    outer loop
      vertex 35 -11.4569 8.30359
      vertex 33.5 -12.2866 8.41225
      vertex 33.5 -11.4569 8.30359
    endloop
  endfacet
  facet normal 0 0.539403 -0.842048
    outer loop
      vertex 33.5 -20.5198 6.86211
      vertex 35 -20.0201 7.18221
      vertex 35 -20.5198 6.86211
    endloop
  endfacet
  facet normal 0 0.539403 -0.842048
    outer loop
      vertex 35 -20.0201 7.18221
      vertex 33.5 -20.5198 6.86211
      vertex 33.5 -20.0201 7.18221
    endloop
  endfacet
  facet normal 0 -0.0255224 -0.999674
    outer loop
      vertex 33.5 -14 8.5
      vertex 35 -13.1379 8.47799
      vertex 35 -14 8.5
    endloop
  endfacet
  facet normal -0 -0.0255224 -0.999674
    outer loop
      vertex 35 -13.1379 8.47799
      vertex 33.5 -14 8.5
      vertex 33.5 -13.1379 8.47799
    endloop
  endfacet
  facet normal 0 0.306913 -0.951738
    outer loop
      vertex 33.5 -18.8009 7.73641
      vertex 35 -18.0966 7.96353
      vertex 35 -18.8009 7.73641
    endloop
  endfacet
  facet normal 0 0.306913 -0.951738
    outer loop
      vertex 35 -18.0966 7.96353
      vertex 33.5 -18.8009 7.73641
      vertex 33.5 -18.0966 7.96353
    endloop
  endfacet
  facet normal 0 0.243665 -0.969859
    outer loop
      vertex 33.5 -18.0966 7.96353
      vertex 35 -17.3409 8.15339
      vertex 35 -18.0966 7.96353
    endloop
  endfacet
  facet normal 0 0.243665 -0.969859
    outer loop
      vertex 35 -17.3409 8.15339
      vertex 33.5 -18.0966 7.96353
      vertex 33.5 -17.3409 8.15339
    endloop
  endfacet
  facet normal -0 0.45335 0.891333
    outer loop
      vertex 33.5 -19.4447 2.52513
      vertex 35 -20.0201 2.81779
      vertex 35 -19.4447 2.52513
    endloop
  endfacet
  facet normal 0 0.45335 0.891333
    outer loop
      vertex 35 -20.0201 2.81779
      vertex 33.5 -19.4447 2.52513
      vertex 33.5 -20.0201 2.81779
    endloop
  endfacet
  facet normal 0 -0.24365 -0.969863
    outer loop
      vertex 33.5 3.3409 8.15339
      vertex 35 4.09665 7.96353
      vertex 35 3.3409 8.15339
    endloop
  endfacet
  facet normal -0 -0.24365 -0.969863
    outer loop
      vertex 35 4.09665 7.96353
      vertex 33.5 3.3409 8.15339
      vertex 33.5 4.09665 7.96353
    endloop
  endfacet
  facet normal 0 -0.0255216 0.999674
    outer loop
      vertex 33.5 0.862126 1.52201
      vertex 35 0 1.5
      vertex 35 0.862126 1.52201
    endloop
  endfacet
  facet normal 0 -0.0255216 0.999674
    outer loop
      vertex 35 0 1.5
      vertex 33.5 0.862126 1.52201
      vertex 33.5 0 1.5
    endloop
  endfacet
  facet normal 0 -0.306957 0.951724
    outer loop
      vertex 33.5 4.80087 2.26359
      vertex 35 4.09665 2.03646
      vertex 35 4.80087 2.26359
    endloop
  endfacet
  facet normal 0 -0.306957 0.951724
    outer loop
      vertex 35 4.09665 2.03646
      vertex 33.5 4.80087 2.26359
      vertex 33.5 4.09665 2.03646
    endloop
  endfacet
  facet normal 0 -0.129848 -0.991534
    outer loop
      vertex 33.5 1.71341 8.41225
      vertex 35 2.54315 8.30359
      vertex 35 1.71341 8.41225
    endloop
  endfacet
  facet normal -0 -0.129848 -0.991534
    outer loop
      vertex 35 2.54315 8.30359
      vertex 33.5 1.71341 8.41225
      vertex 33.5 2.54315 8.30359
    endloop
  endfacet
  facet normal 0 -0.243638 0.969866
    outer loop
      vertex 33.5 4.09665 2.03646
      vertex 35 3.3409 1.84661
      vertex 35 4.09665 2.03646
    endloop
  endfacet
  facet normal 0 -0.243638 0.969866
    outer loop
      vertex 35 3.3409 1.84661
      vertex 33.5 4.09665 2.03646
      vertex 33.5 3.3409 1.84661
    endloop
  endfacet
  facet normal 0 -0.73914 0.673551
    outer loop
      vertex 33.5 6.93746 3.48141
      vertex 35 7 3.55004
      vertex 33.5 7 3.55004
    endloop
  endfacet
  facet normal 0 -0.73914 0.673551
    outer loop
      vertex 35 7 3.55004
      vertex 33.5 6.93746 3.48141
      vertex 35 6.93746 3.48141
    endloop
  endfacet
  facet normal 0 0.376347 -0.926479
    outer loop
      vertex 33.5 -5.44472 7.47487
      vertex 35 -4.80087 7.73641
      vertex 35 -5.44472 7.47487
    endloop
  endfacet
  facet normal 0 0.376347 -0.926479
    outer loop
      vertex 35 -4.80087 7.73641
      vertex 33.5 -5.44472 7.47487
      vertex 33.5 -4.80087 7.73641
    endloop
  endfacet
  facet normal 0 -0.453362 0.891326
    outer loop
      vertex 33.5 6.0201 2.81779
      vertex 35 5.44472 2.52513
      vertex 35 6.0201 2.81779
    endloop
  endfacet
  facet normal 0 -0.453362 0.891326
    outer loop
      vertex 35 5.44472 2.52513
      vertex 33.5 6.0201 2.81779
      vertex 33.5 5.44472 2.52513
    endloop
  endfacet
  facet normal 0 -0.0769953 0.997031
    outer loop
      vertex 33.5 1.71341 1.58775
      vertex 35 0.862126 1.52201
      vertex 35 1.71341 1.58775
    endloop
  endfacet
  facet normal 0 -0.0769953 0.997031
    outer loop
      vertex 35 0.862126 1.52201
      vertex 33.5 1.71341 1.58775
      vertex 33.5 0.862126 1.52201
    endloop
  endfacet
  facet normal -0 0.306957 0.951724
    outer loop
      vertex 33.5 -4.09665 2.03646
      vertex 35 -4.80087 2.26359
      vertex 35 -4.09665 2.03646
    endloop
  endfacet
  facet normal 0 0.306957 0.951724
    outer loop
      vertex 35 -4.80087 2.26359
      vertex 33.5 -4.09665 2.03646
      vertex 33.5 -4.80087 2.26359
    endloop
  endfacet
  facet normal 0 0.129848 -0.991534
    outer loop
      vertex 33.5 -2.54315 8.30359
      vertex 35 -1.71341 8.41225
      vertex 35 -2.54315 8.30359
    endloop
  endfacet
  facet normal 0 0.129848 -0.991534
    outer loop
      vertex 35 -1.71341 8.41225
      vertex 33.5 -2.54315 8.30359
      vertex 33.5 -1.71341 8.41225
    endloop
  endfacet
  facet normal 0 -0.73914 -0.673551
    outer loop
      vertex 33.5 7 6.44996
      vertex 35 6.93746 6.51859
      vertex 33.5 6.93746 6.51859
    endloop
  endfacet
  facet normal 0 -0.73914 -0.673551
    outer loop
      vertex 35 6.93746 6.51859
      vertex 33.5 7 6.44996
      vertex 35 7 6.44996
    endloop
  endfacet
  facet normal 0 0.453362 -0.891326
    outer loop
      vertex 33.5 -6.0201 7.18221
      vertex 35 -5.44472 7.47487
      vertex 35 -6.0201 7.18221
    endloop
  endfacet
  facet normal 0 0.453362 -0.891326
    outer loop
      vertex 35 -5.44472 7.47487
      vertex 33.5 -6.0201 7.18221
      vertex 33.5 -5.44472 7.47487
    endloop
  endfacet
  facet normal -0 0.185029 0.982733
    outer loop
      vertex 33.5 -2.54315 1.69641
      vertex 35 -3.3409 1.84661
      vertex 35 -2.54315 1.69641
    endloop
  endfacet
  facet normal 0 0.185029 0.982733
    outer loop
      vertex 35 -3.3409 1.84661
      vertex 33.5 -2.54315 1.69641
      vertex 33.5 -3.3409 1.84661
    endloop
  endfacet
  facet normal 0 -0.635209 -0.77234
    outer loop
      vertex 33.5 6.51978 6.86211
      vertex 35 6.93746 6.51859
      vertex 35 6.51978 6.86211
    endloop
  endfacet
  facet normal -0 -0.635209 -0.77234
    outer loop
      vertex 35 6.93746 6.51859
      vertex 33.5 6.51978 6.86211
      vertex 33.5 6.93746 6.51859
    endloop
  endfacet
  facet normal 0 -0.376347 -0.926479
    outer loop
      vertex 33.5 4.80087 7.73641
      vertex 35 5.44472 7.47487
      vertex 35 4.80087 7.73641
    endloop
  endfacet
  facet normal -0 -0.376347 -0.926479
    outer loop
      vertex 35 5.44472 7.47487
      vertex 33.5 4.80087 7.73641
      vertex 33.5 5.44472 7.47487
    endloop
  endfacet
  facet normal 0 -0.185029 0.982733
    outer loop
      vertex 33.5 3.3409 1.84661
      vertex 35 2.54315 1.69641
      vertex 35 3.3409 1.84661
    endloop
  endfacet
  facet normal 0 -0.185029 0.982733
    outer loop
      vertex 35 2.54315 1.69641
      vertex 33.5 3.3409 1.84661
      vertex 33.5 2.54315 1.69641
    endloop
  endfacet
  facet normal 0 -0.376347 0.926479
    outer loop
      vertex 33.5 5.44472 2.52513
      vertex 35 4.80087 2.26359
      vertex 35 5.44472 2.52513
    endloop
  endfacet
  facet normal 0 -0.376347 0.926479
    outer loop
      vertex 35 4.80087 2.26359
      vertex 33.5 5.44472 2.52513
      vertex 33.5 4.80087 2.26359
    endloop
  endfacet
  facet normal -0 0.376347 0.926479
    outer loop
      vertex 33.5 -4.80087 2.26359
      vertex 35 -5.44472 2.52513
      vertex 35 -4.80087 2.26359
    endloop
  endfacet
  facet normal 0 0.376347 0.926479
    outer loop
      vertex 35 -5.44472 2.52513
      vertex 33.5 -4.80087 2.26359
      vertex 33.5 -5.44472 2.52513
    endloop
  endfacet
  facet normal 0 0.635209 -0.77234
    outer loop
      vertex 33.5 -6.93746 6.51859
      vertex 35 -6.51978 6.86211
      vertex 35 -6.93746 6.51859
    endloop
  endfacet
  facet normal 0 0.635209 -0.77234
    outer loop
      vertex 35 -6.51978 6.86211
      vertex 33.5 -6.93746 6.51859
      vertex 33.5 -6.51978 6.86211
    endloop
  endfacet
  facet normal 0 0.185029 -0.982733
    outer loop
      vertex 33.5 -3.3409 8.15339
      vertex 35 -2.54315 8.30359
      vertex 35 -3.3409 8.15339
    endloop
  endfacet
  facet normal 0 0.185029 -0.982733
    outer loop
      vertex 35 -2.54315 8.30359
      vertex 33.5 -3.3409 8.15339
      vertex 33.5 -2.54315 8.30359
    endloop
  endfacet
  facet normal -0 0.0769953 0.997031
    outer loop
      vertex 33.5 -0.862126 1.52201
      vertex 35 -1.71341 1.58775
      vertex 35 -0.862126 1.52201
    endloop
  endfacet
  facet normal 0 0.0769953 0.997031
    outer loop
      vertex 35 -1.71341 1.58775
      vertex 33.5 -0.862126 1.52201
      vertex 33.5 -1.71341 1.58775
    endloop
  endfacet
  facet normal -0 0.539418 0.842038
    outer loop
      vertex 33.5 -6.0201 2.81779
      vertex 35 -6.51978 3.13789
      vertex 35 -6.0201 2.81779
    endloop
  endfacet
  facet normal 0 0.539418 0.842038
    outer loop
      vertex 35 -6.51978 3.13789
      vertex 33.5 -6.0201 2.81779
      vertex 33.5 -6.51978 3.13789
    endloop
  endfacet
  facet normal 0 -0.0769953 -0.997031
    outer loop
      vertex 33.5 0.862126 8.47799
      vertex 35 1.71341 8.41225
      vertex 35 0.862126 8.47799
    endloop
  endfacet
  facet normal -0 -0.0769953 -0.997031
    outer loop
      vertex 35 1.71341 8.41225
      vertex 33.5 0.862126 8.47799
      vertex 33.5 1.71341 8.41225
    endloop
  endfacet
  facet normal 0 -0.539418 0.842038
    outer loop
      vertex 33.5 6.51978 3.13789
      vertex 35 6.0201 2.81779
      vertex 35 6.51978 3.13789
    endloop
  endfacet
  facet normal 0 -0.539418 0.842038
    outer loop
      vertex 35 6.0201 2.81779
      vertex 33.5 6.51978 3.13789
      vertex 33.5 6.0201 2.81779
    endloop
  endfacet
  facet normal 0 -0.635209 0.77234
    outer loop
      vertex 33.5 6.93746 3.48141
      vertex 35 6.51978 3.13789
      vertex 35 6.93746 3.48141
    endloop
  endfacet
  facet normal 0 -0.635209 0.77234
    outer loop
      vertex 35 6.51978 3.13789
      vertex 33.5 6.93746 3.48141
      vertex 33.5 6.51978 3.13789
    endloop
  endfacet
  facet normal -0 0.243638 0.969866
    outer loop
      vertex 33.5 -3.3409 1.84661
      vertex 35 -4.09665 2.03646
      vertex 35 -3.3409 1.84661
    endloop
  endfacet
  facet normal 0 0.243638 0.969866
    outer loop
      vertex 35 -4.09665 2.03646
      vertex 33.5 -3.3409 1.84661
      vertex 33.5 -4.09665 2.03646
    endloop
  endfacet
  facet normal -0 0.129848 0.991534
    outer loop
      vertex 33.5 -1.71341 1.58775
      vertex 35 -2.54315 1.69641
      vertex 35 -1.71341 1.58775
    endloop
  endfacet
  facet normal 0 0.129848 0.991534
    outer loop
      vertex 35 -2.54315 1.69641
      vertex 33.5 -1.71341 1.58775
      vertex 33.5 -2.54315 1.69641
    endloop
  endfacet
  facet normal 0 -0.539418 -0.842038
    outer loop
      vertex 33.5 6.0201 7.18221
      vertex 35 6.51978 6.86211
      vertex 35 6.0201 7.18221
    endloop
  endfacet
  facet normal -0 -0.539418 -0.842038
    outer loop
      vertex 35 6.51978 6.86211
      vertex 33.5 6.0201 7.18221
      vertex 33.5 6.51978 6.86211
    endloop
  endfacet
  facet normal -0 0.0255216 0.999674
    outer loop
      vertex 33.5 0 1.5
      vertex 35 -0.862126 1.52201
      vertex 35 0 1.5
    endloop
  endfacet
  facet normal 0 0.0255216 0.999674
    outer loop
      vertex 35 -0.862126 1.52201
      vertex 33.5 0 1.5
      vertex 33.5 -0.862126 1.52201
    endloop
  endfacet
  facet normal 0 -0.129848 0.991534
    outer loop
      vertex 33.5 2.54315 1.69641
      vertex 35 1.71341 1.58775
      vertex 35 2.54315 1.69641
    endloop
  endfacet
  facet normal 0 -0.129848 0.991534
    outer loop
      vertex 35 1.71341 1.58775
      vertex 33.5 2.54315 1.69641
      vertex 33.5 1.71341 1.58775
    endloop
  endfacet
  facet normal 0 0.73914 0.673551
    outer loop
      vertex 35 -6.93746 3.48141
      vertex 33.5 -7 3.55004
      vertex 35 -7 3.55004
    endloop
  endfacet
  facet normal 0 0.73914 0.673551
    outer loop
      vertex 33.5 -7 3.55004
      vertex 35 -6.93746 3.48141
      vertex 33.5 -6.93746 3.48141
    endloop
  endfacet
  facet normal 0 -0.453362 -0.891326
    outer loop
      vertex 33.5 5.44472 7.47487
      vertex 35 6.0201 7.18221
      vertex 35 5.44472 7.47487
    endloop
  endfacet
  facet normal -0 -0.453362 -0.891326
    outer loop
      vertex 35 6.0201 7.18221
      vertex 33.5 5.44472 7.47487
      vertex 33.5 6.0201 7.18221
    endloop
  endfacet
  facet normal 0 0.73914 -0.673551
    outer loop
      vertex 35 -7 6.44996
      vertex 33.5 -6.93746 6.51859
      vertex 35 -6.93746 6.51859
    endloop
  endfacet
  facet normal 0 0.73914 -0.673551
    outer loop
      vertex 33.5 -6.93746 6.51859
      vertex 35 -7 6.44996
      vertex 33.5 -7 6.44996
    endloop
  endfacet
  facet normal 0 0.0769953 -0.997031
    outer loop
      vertex 33.5 -1.71341 8.41225
      vertex 35 -0.862126 8.47799
      vertex 35 -1.71341 8.41225
    endloop
  endfacet
  facet normal 0 0.0769953 -0.997031
    outer loop
      vertex 35 -0.862126 8.47799
      vertex 33.5 -1.71341 8.41225
      vertex 33.5 -0.862126 8.47799
    endloop
  endfacet
  facet normal -0 0.635209 0.77234
    outer loop
      vertex 33.5 -6.51978 3.13789
      vertex 35 -6.93746 3.48141
      vertex 35 -6.51978 3.13789
    endloop
  endfacet
  facet normal 0 0.635209 0.77234
    outer loop
      vertex 35 -6.93746 3.48141
      vertex 33.5 -6.51978 3.13789
      vertex 33.5 -6.93746 3.48141
    endloop
  endfacet
  facet normal 0 -0.306944 -0.951727
    outer loop
      vertex 33.5 4.09665 7.96353
      vertex 35 4.80087 7.73641
      vertex 35 4.09665 7.96353
    endloop
  endfacet
  facet normal -0 -0.306944 -0.951727
    outer loop
      vertex 35 4.80087 7.73641
      vertex 33.5 4.09665 7.96353
      vertex 33.5 4.80087 7.73641
    endloop
  endfacet
  facet normal 0 0.0255216 -0.999674
    outer loop
      vertex 33.5 -0.862126 8.47799
      vertex 35 0 8.5
      vertex 35 -0.862126 8.47799
    endloop
  endfacet
  facet normal 0 0.0255216 -0.999674
    outer loop
      vertex 35 0 8.5
      vertex 33.5 -0.862126 8.47799
      vertex 33.5 0 8.5
    endloop
  endfacet
  facet normal 0 -0.185029 -0.982733
    outer loop
      vertex 33.5 2.54315 8.30359
      vertex 35 3.3409 8.15339
      vertex 35 2.54315 8.30359
    endloop
  endfacet
  facet normal -0 -0.185029 -0.982733
    outer loop
      vertex 35 3.3409 8.15339
      vertex 33.5 2.54315 8.30359
      vertex 33.5 3.3409 8.15339
    endloop
  endfacet
  facet normal 0 0.539418 -0.842038
    outer loop
      vertex 33.5 -6.51978 6.86211
      vertex 35 -6.0201 7.18221
      vertex 35 -6.51978 6.86211
    endloop
  endfacet
  facet normal 0 0.539418 -0.842038
    outer loop
      vertex 35 -6.0201 7.18221
      vertex 33.5 -6.51978 6.86211
      vertex 33.5 -6.0201 7.18221
    endloop
  endfacet
  facet normal 0 -0.0255216 -0.999674
    outer loop
      vertex 33.5 0 8.5
      vertex 35 0.862126 8.47799
      vertex 35 0 8.5
    endloop
  endfacet
  facet normal -0 -0.0255216 -0.999674
    outer loop
      vertex 35 0.862126 8.47799
      vertex 33.5 0 8.5
      vertex 33.5 0.862126 8.47799
    endloop
  endfacet
  facet normal 0 0.306944 -0.951727
    outer loop
      vertex 33.5 -4.80087 7.73641
      vertex 35 -4.09665 7.96353
      vertex 35 -4.80087 7.73641
    endloop
  endfacet
  facet normal 0 0.306944 -0.951727
    outer loop
      vertex 35 -4.09665 7.96353
      vertex 33.5 -4.80087 7.73641
      vertex 33.5 -4.09665 7.96353
    endloop
  endfacet
  facet normal 0 0.24365 -0.969863
    outer loop
      vertex 33.5 -4.09665 7.96353
      vertex 35 -3.3409 8.15339
      vertex 35 -4.09665 7.96353
    endloop
  endfacet
  facet normal 0 0.24365 -0.969863
    outer loop
      vertex 35 -3.3409 8.15339
      vertex 33.5 -4.09665 7.96353
      vertex 33.5 -3.3409 8.15339
    endloop
  endfacet
  facet normal -0 0.453362 0.891326
    outer loop
      vertex 33.5 -5.44472 2.52513
      vertex 35 -6.0201 2.81779
      vertex 35 -5.44472 2.52513
    endloop
  endfacet
  facet normal 0 0.453362 0.891326
    outer loop
      vertex 35 -6.0201 2.81779
      vertex 33.5 -5.44472 2.52513
      vertex 33.5 -6.0201 2.81779
    endloop
  endfacet
  facet normal 0 -0.243665 -0.969859
    outer loop
      vertex 33.5 17.3409 8.15339
      vertex 35 18.0966 7.96353
      vertex 35 17.3409 8.15339
    endloop
  endfacet
  facet normal -0 -0.243665 -0.969859
    outer loop
      vertex 35 18.0966 7.96353
      vertex 33.5 17.3409 8.15339
      vertex 33.5 18.0966 7.96353
    endloop
  endfacet
  facet normal 0 -0.936649 -0.350269
    outer loop
      vertex 33.5 21.6516 5.39188
      vertex 35 21.5069 5.77882
      vertex 33.5 21.5069 5.77882
    endloop
  endfacet
  facet normal 0 -0.936649 -0.350269
    outer loop
      vertex 35 21.5069 5.77882
      vertex 33.5 21.6516 5.39188
      vertex 35 21.6516 5.39188
    endloop
  endfacet
  facet normal 0 -0.0255224 0.999674
    outer loop
      vertex 33.5 14.8621 1.52201
      vertex 35 14 1.5
      vertex 35 14.8621 1.52201
    endloop
  endfacet
  facet normal 0 -0.0255224 0.999674
    outer loop
      vertex 35 14 1.5
      vertex 33.5 14.8621 1.52201
      vertex 33.5 14 1.5
    endloop
  endfacet
  facet normal 0 -0.844685 -0.535263
    outer loop
      vertex 33.5 21.5069 5.77882
      vertex 35 21.2679 6.15598
      vertex 33.5 21.2679 6.15598
    endloop
  endfacet
  facet normal 0 -0.844685 -0.535263
    outer loop
      vertex 35 21.2679 6.15598
      vertex 33.5 21.5069 5.77882
      vertex 35 21.5069 5.77882
    endloop
  endfacet
  facet normal 0 -0.129854 -0.991533
    outer loop
      vertex 33.5 15.7134 8.41225
      vertex 35 16.5431 8.30359
      vertex 35 15.7134 8.41225
    endloop
  endfacet
  facet normal -0 -0.129854 -0.991533
    outer loop
      vertex 35 16.5431 8.30359
      vertex 33.5 15.7134 8.41225
      vertex 33.5 16.5431 8.30359
    endloop
  endfacet
  facet normal 0 -0.243653 0.969863
    outer loop
      vertex 33.5 18.0966 2.03646
      vertex 35 17.3409 1.84661
      vertex 35 18.0966 2.03646
    endloop
  endfacet
  facet normal 0 -0.243653 0.969863
    outer loop
      vertex 35 17.3409 1.84661
      vertex 33.5 18.0966 2.03646
      vertex 33.5 17.3409 1.84661
    endloop
  endfacet
  facet normal 0 -0.739174 0.673515
    outer loop
      vertex 33.5 20.9375 3.48141
      vertex 35 21.2679 3.84402
      vertex 33.5 21.2679 3.84402
    endloop
  endfacet
  facet normal 0 -0.739174 0.673515
    outer loop
      vertex 35 21.2679 3.84402
      vertex 33.5 20.9375 3.48141
      vertex 35 20.9375 3.48141
    endloop
  endfacet
  facet normal 0 0.376347 -0.926479
    outer loop
      vertex 33.5 8.55528 7.47487
      vertex 35 9.19913 7.73641
      vertex 35 8.55528 7.47487
    endloop
  endfacet
  facet normal 0 0.376347 -0.926479
    outer loop
      vertex 35 9.19913 7.73641
      vertex 33.5 8.55528 7.47487
      vertex 33.5 9.19913 7.73641
    endloop
  endfacet
  facet normal 0 -0.45335 0.891333
    outer loop
      vertex 33.5 20.0201 2.81779
      vertex 35 19.4447 2.52513
      vertex 35 20.0201 2.81779
    endloop
  endfacet
  facet normal 0 -0.45335 0.891333
    outer loop
      vertex 35 19.4447 2.52513
      vertex 33.5 20.0201 2.81779
      vertex 33.5 19.4447 2.52513
    endloop
  endfacet
  facet normal 0 -0.0769938 0.997032
    outer loop
      vertex 33.5 15.7134 1.58775
      vertex 35 14.8621 1.52201
      vertex 35 15.7134 1.58775
    endloop
  endfacet
  facet normal 0 -0.0769938 0.997032
    outer loop
      vertex 35 14.8621 1.52201
      vertex 33.5 15.7134 1.58775
      vertex 33.5 14.8621 1.52201
    endloop
  endfacet
  facet normal -0 0.306957 0.951724
    outer loop
      vertex 33.5 9.90335 2.03646
      vertex 35 9.19913 2.26359
      vertex 35 9.90335 2.03646
    endloop
  endfacet
  facet normal 0 0.306957 0.951724
    outer loop
      vertex 35 9.19913 2.26359
      vertex 33.5 9.90335 2.03646
      vertex 33.5 9.19913 2.26359
    endloop
  endfacet
  facet normal 0 0.129854 -0.991533
    outer loop
      vertex 33.5 11.4569 8.30359
      vertex 35 12.2866 8.41225
      vertex 35 11.4569 8.30359
    endloop
  endfacet
  facet normal 0 0.129854 -0.991533
    outer loop
      vertex 35 12.2866 8.41225
      vertex 33.5 11.4569 8.30359
      vertex 33.5 12.2866 8.41225
    endloop
  endfacet
  facet normal 0 -0.992459 0.122576
    outer loop
      vertex 33.5 21.6516 4.60812
      vertex 35 21.7 5
      vertex 33.5 21.7 5
    endloop
  endfacet
  facet normal 0 -0.992459 0.122576
    outer loop
      vertex 35 21.7 5
      vertex 33.5 21.6516 4.60812
      vertex 35 21.6516 4.60812
    endloop
  endfacet
  facet normal 0 -0.739174 -0.673515
    outer loop
      vertex 33.5 21.2679 6.15598
      vertex 35 20.9375 6.51859
      vertex 33.5 20.9375 6.51859
    endloop
  endfacet
  facet normal 0 -0.739174 -0.673515
    outer loop
      vertex 35 20.9375 6.51859
      vertex 33.5 21.2679 6.15598
      vertex 35 21.2679 6.15598
    endloop
  endfacet
  facet normal 0 0.453362 -0.891326
    outer loop
      vertex 33.5 7.9799 7.18221
      vertex 35 8.55528 7.47487
      vertex 35 7.9799 7.18221
    endloop
  endfacet
  facet normal 0 0.453362 -0.891326
    outer loop
      vertex 35 8.55528 7.47487
      vertex 33.5 7.9799 7.18221
      vertex 33.5 8.55528 7.47487
    endloop
  endfacet
  facet normal -0 0.185017 0.982735
    outer loop
      vertex 33.5 11.4569 1.69641
      vertex 35 10.6591 1.84661
      vertex 35 11.4569 1.69641
    endloop
  endfacet
  facet normal 0 0.185017 0.982735
    outer loop
      vertex 35 10.6591 1.84661
      vertex 33.5 11.4569 1.69641
      vertex 33.5 10.6591 1.84661
    endloop
  endfacet
  facet normal 0 -0.635191 -0.772355
    outer loop
      vertex 33.5 20.5198 6.86211
      vertex 35 20.9375 6.51859
      vertex 35 20.5198 6.86211
    endloop
  endfacet
  facet normal -0 -0.635191 -0.772355
    outer loop
      vertex 35 20.9375 6.51859
      vertex 33.5 20.5198 6.86211
      vertex 33.5 20.9375 6.51859
    endloop
  endfacet
  facet normal 0 -0.376372 -0.926468
    outer loop
      vertex 33.5 18.8009 7.73641
      vertex 35 19.4447 7.47487
      vertex 35 18.8009 7.73641
    endloop
  endfacet
  facet normal -0 -0.376372 -0.926468
    outer loop
      vertex 35 19.4447 7.47487
      vertex 33.5 18.8009 7.73641
      vertex 33.5 19.4447 7.47487
    endloop
  endfacet
  facet normal 0 -0.185017 0.982735
    outer loop
      vertex 33.5 17.3409 1.84661
      vertex 35 16.5431 1.69641
      vertex 35 17.3409 1.84661
    endloop
  endfacet
  facet normal 0 -0.185017 0.982735
    outer loop
      vertex 35 16.5431 1.69641
      vertex 33.5 17.3409 1.84661
      vertex 33.5 16.5431 1.69641
    endloop
  endfacet
  facet normal 0 -0.376372 0.926468
    outer loop
      vertex 33.5 19.4447 2.52513
      vertex 35 18.8009 2.26359
      vertex 35 19.4447 2.52513
    endloop
  endfacet
  facet normal 0 -0.376372 0.926468
    outer loop
      vertex 35 18.8009 2.26359
      vertex 33.5 19.4447 2.52513
      vertex 33.5 18.8009 2.26359
    endloop
  endfacet
  facet normal -0 0.376347 0.926479
    outer loop
      vertex 33.5 9.19913 2.26359
      vertex 35 8.55528 2.52513
      vertex 35 9.19913 2.26359
    endloop
  endfacet
  facet normal 0 0.376347 0.926479
    outer loop
      vertex 35 8.55528 2.52513
      vertex 33.5 9.19913 2.26359
      vertex 33.5 8.55528 2.52513
    endloop
  endfacet
  facet normal 0 0.635209 -0.77234
    outer loop
      vertex 33.5 7.06254 6.51859
      vertex 35 7.48022 6.86211
      vertex 35 7.06254 6.51859
    endloop
  endfacet
  facet normal 0 0.635209 -0.77234
    outer loop
      vertex 35 7.48022 6.86211
      vertex 33.5 7.06254 6.51859
      vertex 33.5 7.48022 6.86211
    endloop
  endfacet
  facet normal 0 0.185017 -0.982735
    outer loop
      vertex 33.5 10.6591 8.15339
      vertex 35 11.4569 8.30359
      vertex 35 10.6591 8.15339
    endloop
  endfacet
  facet normal 0 0.185017 -0.982735
    outer loop
      vertex 35 11.4569 8.30359
      vertex 33.5 10.6591 8.15339
      vertex 33.5 11.4569 8.30359
    endloop
  endfacet
  facet normal -0 0.0769938 0.997032
    outer loop
      vertex 33.5 13.1379 1.52201
      vertex 35 12.2866 1.58775
      vertex 35 13.1379 1.52201
    endloop
  endfacet
  facet normal 0 0.0769938 0.997032
    outer loop
      vertex 35 12.2866 1.58775
      vertex 33.5 13.1379 1.52201
      vertex 33.5 12.2866 1.58775
    endloop
  endfacet
  facet normal -0 0.539418 0.842038
    outer loop
      vertex 33.5 7.9799 2.81779
      vertex 35 7.48022 3.13789
      vertex 35 7.9799 2.81779
    endloop
  endfacet
  facet normal 0 0.539418 0.842038
    outer loop
      vertex 35 7.48022 3.13789
      vertex 33.5 7.9799 2.81779
      vertex 33.5 7.48022 3.13789
    endloop
  endfacet
  facet normal 0 -0.0769938 -0.997032
    outer loop
      vertex 33.5 14.8621 8.47799
      vertex 35 15.7134 8.41225
      vertex 35 14.8621 8.47799
    endloop
  endfacet
  facet normal -0 -0.0769938 -0.997032
    outer loop
      vertex 35 15.7134 8.41225
      vertex 33.5 14.8621 8.47799
      vertex 33.5 15.7134 8.41225
    endloop
  endfacet
  facet normal 0 -0.539403 0.842048
    outer loop
      vertex 33.5 20.5198 3.13789
      vertex 35 20.0201 2.81779
      vertex 35 20.5198 3.13789
    endloop
  endfacet
  facet normal 0 -0.539403 0.842048
    outer loop
      vertex 35 20.0201 2.81779
      vertex 33.5 20.5198 3.13789
      vertex 33.5 20.0201 2.81779
    endloop
  endfacet
  facet normal 0 -0.635191 0.772355
    outer loop
      vertex 33.5 20.9375 3.48141
      vertex 35 20.5198 3.13789
      vertex 35 20.9375 3.48141
    endloop
  endfacet
  facet normal 0 -0.635191 0.772355
    outer loop
      vertex 35 20.5198 3.13789
      vertex 33.5 20.9375 3.48141
      vertex 33.5 20.5198 3.13789
    endloop
  endfacet
  facet normal 0 -0.844685 0.535263
    outer loop
      vertex 33.5 21.2679 3.84402
      vertex 35 21.5069 4.22118
      vertex 33.5 21.5069 4.22118
    endloop
  endfacet
  facet normal 0 -0.844685 0.535263
    outer loop
      vertex 35 21.5069 4.22118
      vertex 33.5 21.2679 3.84402
      vertex 35 21.2679 3.84402
    endloop
  endfacet
  facet normal -0 0.243638 0.969866
    outer loop
      vertex 33.5 10.6591 1.84661
      vertex 35 9.90335 2.03646
      vertex 35 10.6591 1.84661
    endloop
  endfacet
  facet normal 0 0.243638 0.969866
    outer loop
      vertex 35 9.90335 2.03646
      vertex 33.5 10.6591 1.84661
      vertex 33.5 9.90335 2.03646
    endloop
  endfacet
  facet normal -0 0.129854 0.991533
    outer loop
      vertex 33.5 12.2866 1.58775
      vertex 35 11.4569 1.69641
      vertex 35 12.2866 1.58775
    endloop
  endfacet
  facet normal 0 0.129854 0.991533
    outer loop
      vertex 35 11.4569 1.69641
      vertex 33.5 12.2866 1.58775
      vertex 33.5 11.4569 1.69641
    endloop
  endfacet
  facet normal 0 -0.539403 -0.842048
    outer loop
      vertex 33.5 20.0201 7.18221
      vertex 35 20.5198 6.86211
      vertex 35 20.0201 7.18221
    endloop
  endfacet
  facet normal -0 -0.539403 -0.842048
    outer loop
      vertex 35 20.5198 6.86211
      vertex 33.5 20.0201 7.18221
      vertex 33.5 20.5198 6.86211
    endloop
  endfacet
  facet normal -0 0.0255224 0.999674
    outer loop
      vertex 33.5 14 1.5
      vertex 35 13.1379 1.52201
      vertex 35 14 1.5
    endloop
  endfacet
  facet normal 0 0.0255224 0.999674
    outer loop
      vertex 35 13.1379 1.52201
      vertex 33.5 14 1.5
      vertex 33.5 13.1379 1.52201
    endloop
  endfacet
  facet normal 0 -0.306925 0.951734
    outer loop
      vertex 33.5 18.8009 2.26359
      vertex 35 18.0966 2.03646
      vertex 35 18.8009 2.26359
    endloop
  endfacet
  facet normal 0 -0.306925 0.951734
    outer loop
      vertex 35 18.0966 2.03646
      vertex 33.5 18.8009 2.26359
      vertex 33.5 18.0966 2.03646
    endloop
  endfacet
  facet normal 0 -0.129854 0.991533
    outer loop
      vertex 33.5 16.5431 1.69641
      vertex 35 15.7134 1.58775
      vertex 35 16.5431 1.69641
    endloop
  endfacet
  facet normal 0 -0.129854 0.991533
    outer loop
      vertex 35 15.7134 1.58775
      vertex 33.5 16.5431 1.69641
      vertex 33.5 15.7134 1.58775
    endloop
  endfacet
  facet normal 0 0.73914 0.673551
    outer loop
      vertex 35 7.06254 3.48141
      vertex 33.5 7 3.55004
      vertex 35 7 3.55004
    endloop
  endfacet
  facet normal 0 0.73914 0.673551
    outer loop
      vertex 33.5 7 3.55004
      vertex 35 7.06254 3.48141
      vertex 33.5 7.06254 3.48141
    endloop
  endfacet
  facet normal 0 -0.936649 0.350269
    outer loop
      vertex 33.5 21.5069 4.22118
      vertex 35 21.6516 4.60812
      vertex 33.5 21.6516 4.60812
    endloop
  endfacet
  facet normal 0 -0.936649 0.350269
    outer loop
      vertex 35 21.6516 4.60812
      vertex 33.5 21.5069 4.22118
      vertex 35 21.5069 4.22118
    endloop
  endfacet
  facet normal 0 -0.45335 -0.891333
    outer loop
      vertex 33.5 19.4447 7.47487
      vertex 35 20.0201 7.18221
      vertex 35 19.4447 7.47487
    endloop
  endfacet
  facet normal -0 -0.45335 -0.891333
    outer loop
      vertex 35 20.0201 7.18221
      vertex 33.5 19.4447 7.47487
      vertex 33.5 20.0201 7.18221
    endloop
  endfacet
  facet normal 0 -0.992459 -0.122576
    outer loop
      vertex 33.5 21.7 5
      vertex 35 21.6516 5.39188
      vertex 33.5 21.6516 5.39188
    endloop
  endfacet
  facet normal 0 -0.992459 -0.122576
    outer loop
      vertex 35 21.6516 5.39188
      vertex 33.5 21.7 5
      vertex 35 21.7 5
    endloop
  endfacet
  facet normal 0 0.73914 -0.673551
    outer loop
      vertex 35 7 6.44996
      vertex 33.5 7.06254 6.51859
      vertex 35 7.06254 6.51859
    endloop
  endfacet
  facet normal 0 0.73914 -0.673551
    outer loop
      vertex 33.5 7.06254 6.51859
      vertex 35 7 6.44996
      vertex 33.5 7 6.44996
    endloop
  endfacet
  facet normal 0 0.0769938 -0.997032
    outer loop
      vertex 33.5 12.2866 8.41225
      vertex 35 13.1379 8.47799
      vertex 35 12.2866 8.41225
    endloop
  endfacet
  facet normal 0 0.0769938 -0.997032
    outer loop
      vertex 35 13.1379 8.47799
      vertex 33.5 12.2866 8.41225
      vertex 33.5 13.1379 8.47799
    endloop
  endfacet
  facet normal -0 0.635209 0.77234
    outer loop
      vertex 33.5 7.48022 3.13789
      vertex 35 7.06254 3.48141
      vertex 35 7.48022 3.13789
    endloop
  endfacet
  facet normal 0 0.635209 0.77234
    outer loop
      vertex 35 7.06254 3.48141
      vertex 33.5 7.48022 3.13789
      vertex 33.5 7.06254 3.48141
    endloop
  endfacet
  facet normal 0 -0.306913 -0.951738
    outer loop
      vertex 33.5 18.0966 7.96353
      vertex 35 18.8009 7.73641
      vertex 35 18.0966 7.96353
    endloop
  endfacet
  facet normal -0 -0.306913 -0.951738
    outer loop
      vertex 35 18.8009 7.73641
      vertex 33.5 18.0966 7.96353
      vertex 33.5 18.8009 7.73641
    endloop
  endfacet
  facet normal 0 0.0255224 -0.999674
    outer loop
      vertex 33.5 13.1379 8.47799
      vertex 35 14 8.5
      vertex 35 13.1379 8.47799
    endloop
  endfacet
  facet normal 0 0.0255224 -0.999674
    outer loop
      vertex 35 14 8.5
      vertex 33.5 13.1379 8.47799
      vertex 33.5 14 8.5
    endloop
  endfacet
  facet normal 0 -0.185017 -0.982735
    outer loop
      vertex 33.5 16.5431 8.30359
      vertex 35 17.3409 8.15339
      vertex 35 16.5431 8.30359
    endloop
  endfacet
  facet normal -0 -0.185017 -0.982735
    outer loop
      vertex 35 17.3409 8.15339
      vertex 33.5 16.5431 8.30359
      vertex 33.5 17.3409 8.15339
    endloop
  endfacet
  facet normal 0 0.539418 -0.842038
    outer loop
      vertex 33.5 7.48022 6.86211
      vertex 35 7.9799 7.18221
      vertex 35 7.48022 6.86211
    endloop
  endfacet
  facet normal 0 0.539418 -0.842038
    outer loop
      vertex 35 7.9799 7.18221
      vertex 33.5 7.48022 6.86211
      vertex 33.5 7.9799 7.18221
    endloop
  endfacet
  facet normal 0 -0.0255224 -0.999674
    outer loop
      vertex 33.5 14 8.5
      vertex 35 14.8621 8.47799
      vertex 35 14 8.5
    endloop
  endfacet
  facet normal -0 -0.0255224 -0.999674
    outer loop
      vertex 35 14.8621 8.47799
      vertex 33.5 14 8.5
      vertex 33.5 14.8621 8.47799
    endloop
  endfacet
  facet normal 0 0.306944 -0.951727
    outer loop
      vertex 33.5 9.19913 7.73641
      vertex 35 9.90335 7.96353
      vertex 35 9.19913 7.73641
    endloop
  endfacet
  facet normal 0 0.306944 -0.951727
    outer loop
      vertex 35 9.90335 7.96353
      vertex 33.5 9.19913 7.73641
      vertex 33.5 9.90335 7.96353
    endloop
  endfacet
  facet normal 0 0.24365 -0.969863
    outer loop
      vertex 33.5 9.90335 7.96353
      vertex 35 10.6591 8.15339
      vertex 35 9.90335 7.96353
    endloop
  endfacet
  facet normal 0 0.24365 -0.969863
    outer loop
      vertex 35 10.6591 8.15339
      vertex 33.5 9.90335 7.96353
      vertex 33.5 10.6591 8.15339
    endloop
  endfacet
  facet normal -0 0.453362 0.891326
    outer loop
      vertex 33.5 8.55528 2.52513
      vertex 35 7.9799 2.81779
      vertex 35 8.55528 2.52513
    endloop
  endfacet
  facet normal 0 0.453362 0.891326
    outer loop
      vertex 35 7.9799 2.81779
      vertex 33.5 8.55528 2.52513
      vertex 33.5 7.9799 2.81779
    endloop
  endfacet
  facet normal 0 -1 0
    outer loop
      vertex -18.5 51.6 1.3
      vertex 18.5 51.6 2.4
      vertex -18.5 51.6 2.4
    endloop
  endfacet
  facet normal 0 -1 -0
    outer loop
      vertex 18.5 51.6 2.4
      vertex -18.5 51.6 1.3
      vertex 18.5 51.6 1.3
    endloop
  endfacet
  facet normal 0.707107 0.707107 0
    outer loop
      vertex -18.5 -8.4 2.4
      vertex -22.5 -4.4 1.3
      vertex -22.5 -4.4 2.4
    endloop
  endfacet
  facet normal 0.707107 0.707107 0
    outer loop
      vertex -22.5 -4.4 1.3
      vertex -18.5 -8.4 2.4
      vertex -18.5 -8.4 1.3
    endloop
  endfacet
  facet normal -1 0 0
    outer loop
      vertex 22.5 -4.4 1.3
      vertex 22.5 47.6 2.4
      vertex 22.5 47.6 1.3
    endloop
  endfacet
  facet normal -1 -0 0
    outer loop
      vertex 22.5 47.6 2.4
      vertex 22.5 -4.4 1.3
      vertex 22.5 -4.4 2.4
    endloop
  endfacet
  facet normal -0.707107 0.707107 0
    outer loop
      vertex 18.5 -8.4 1.3
      vertex 22.5 -4.4 2.4
      vertex 22.5 -4.4 1.3
    endloop
  endfacet
  facet normal -0.707107 0.707107 0
    outer loop
      vertex 22.5 -4.4 2.4
      vertex 18.5 -8.4 1.3
      vertex 18.5 -8.4 2.4
    endloop
  endfacet
  facet normal 1 -0 0
    outer loop
      vertex -22.5 -4.4 2.4
      vertex -22.5 47.6 1.3
      vertex -22.5 47.6 2.4
    endloop
  endfacet
  facet normal 1 0 0
    outer loop
      vertex -22.5 47.6 1.3
      vertex -22.5 -4.4 2.4
      vertex -22.5 -4.4 1.3
    endloop
  endfacet
  facet normal 0 1 -0
    outer loop
      vertex 18.5 -8.4 1.3
      vertex -18.5 -8.4 2.4
      vertex 18.5 -8.4 2.4
    endloop
  endfacet
  facet normal 0 1 0
    outer loop
      vertex -18.5 -8.4 2.4
      vertex 18.5 -8.4 1.3
      vertex -18.5 -8.4 1.3
    endloop
  endfacet
  facet normal -0.707107 -0.707107 0
    outer loop
      vertex 22.5 47.6 1.3
      vertex 18.5 51.6 2.4
      vertex 18.5 51.6 1.3
    endloop
  endfacet
  facet normal -0.707107 -0.707107 0
    outer loop
      vertex 18.5 51.6 2.4
      vertex 22.5 47.6 1.3
      vertex 22.5 47.6 2.4
    endloop
  endfacet
  facet normal 0.707107 -0.707107 0
    outer loop
      vertex -22.5 47.6 2.4
      vertex -18.5 51.6 1.3
      vertex -18.5 51.6 2.4
    endloop
  endfacet
  facet normal 0.707107 -0.707107 0
    outer loop
      vertex -18.5 51.6 1.3
      vertex -22.5 47.6 2.4
      vertex -22.5 47.6 1.3
    endloop
  endfacet
  facet normal 0 -1 0
    outer loop
      vertex -20.5 55.6 0.599999
      vertex 20.5 55.6 1.3
      vertex -20.5 55.6 1.3
    endloop
  endfacet
  facet normal 0 -1 -0
    outer loop
      vertex 20.5 55.6 1.3
      vertex -20.5 55.6 0.599999
      vertex 20.5 55.6 0.599999
    endloop
  endfacet
  facet normal 0.707107 0.707107 0
    outer loop
      vertex -20.5 -12.4 1.3
      vertex -26.5 -6.4 0.599999
      vertex -26.5 -6.4 1.3
    endloop
  endfacet
  facet normal 0.707107 0.707107 0
    outer loop
      vertex -26.5 -6.4 0.599999
      vertex -20.5 -12.4 1.3
      vertex -20.5 -12.4 0.599999
    endloop
  endfacet
  facet normal -1 0 0
    outer loop
      vertex 26.5 -6.4 0.599999
      vertex 26.5 49.6 1.3
      vertex 26.5 49.6 0.599999
    endloop
  endfacet
  facet normal -1 -0 0
    outer loop
      vertex 26.5 49.6 1.3
      vertex 26.5 -6.4 0.599999
      vertex 26.5 -6.4 1.3
    endloop
  endfacet
  facet normal -0.707107 0.707107 0
    outer loop
      vertex 20.5 -12.4 0.599999
      vertex 26.5 -6.4 1.3
      vertex 26.5 -6.4 0.599999
    endloop
  endfacet
  facet normal -0.707107 0.707107 0
    outer loop
      vertex 26.5 -6.4 1.3
      vertex 20.5 -12.4 0.599999
      vertex 20.5 -12.4 1.3
    endloop
  endfacet
  facet normal 0 0 -1
    outer loop
      vertex 26.5 -6.4 1.3
      vertex 22.5 -4.4 1.3
      vertex 26.5 49.6 1.3
    endloop
  endfacet
  facet normal 0 0 -1
    outer loop
      vertex 20.5 -12.4 1.3
      vertex 22.5 -4.4 1.3
      vertex 26.5 -6.4 1.3
    endloop
  endfacet
  facet normal 0 0 -1
    outer loop
      vertex 18 -10 1.3
      vertex 20.5 -12.4 1.3
      vertex 20.4 -12.4 1.3
    endloop
  endfacet
  facet normal 0 0 -1
    outer loop
      vertex 20.5 -12.4 1.3
      vertex 18.5 -8.4 1.3
      vertex 22.5 -4.4 1.3
    endloop
  endfacet
  facet normal 0 0 -1
    outer loop
      vertex 20.5 -12.4 1.3
      vertex 18 -10 1.3
      vertex 18.5 -8.4 1.3
    endloop
  endfacet
  facet normal 0 0 -1
    outer loop
      vertex -18 -10 1.3
      vertex 18.5 -8.4 1.3
      vertex 18 -10 1.3
    endloop
  endfacet
  facet normal 0 0 -1
    outer loop
      vertex -18 -10 1.3
      vertex -18.5 -8.4 1.3
      vertex 18.5 -8.4 1.3
    endloop
  endfacet
  facet normal 0 0 -1
    outer loop
      vertex -20.5 -12.4 1.3
      vertex -18 -10 1.3
      vertex -20.4 -12.4 1.3
    endloop
  endfacet
  facet normal -0 0 -1
    outer loop
      vertex -18 -10 1.3
      vertex -20.5 -12.4 1.3
      vertex -18.5 -8.4 1.3
    endloop
  endfacet
  facet normal 0 0 -1
    outer loop
      vertex -20.5 -12.4 1.3
      vertex -22.5 -4.4 1.3
      vertex -18.5 -8.4 1.3
    endloop
  endfacet
  facet normal -0 0 -1
    outer loop
      vertex -22.5 -4.4 1.3
      vertex -26.5 -6.4 1.3
      vertex -22.5 47.6 1.3
    endloop
  endfacet
  facet normal 0 0 -1
    outer loop
      vertex -26.5 -6.4 1.3
      vertex -22.5 -4.4 1.3
      vertex -20.5 -12.4 1.3
    endloop
  endfacet
  facet normal 0 0 -1
    outer loop
      vertex 22.5 47.6 1.3
      vertex 26.5 49.6 1.3
      vertex 22.5 -4.4 1.3
    endloop
  endfacet
  facet normal 0 0 -1
    outer loop
      vertex 22.5 47.6 1.3
      vertex 20.5 55.6 1.3
      vertex 26.5 49.6 1.3
    endloop
  endfacet
  facet normal 0 0 -1
    outer loop
      vertex 18.5 51.6 1.3
      vertex 20.5 55.6 1.3
      vertex 22.5 47.6 1.3
    endloop
  endfacet
  facet normal 0 0 -1
    outer loop
      vertex -18.5 51.6 1.3
      vertex 20.5 55.6 1.3
      vertex 18.5 51.6 1.3
    endloop
  endfacet
  facet normal 0 0 -1
    outer loop
      vertex -18.5 51.6 1.3
      vertex -20.5 55.6 1.3
      vertex 20.5 55.6 1.3
    endloop
  endfacet
  facet normal 0 0 -1
    outer loop
      vertex -22.5 47.6 1.3
      vertex -20.5 55.6 1.3
      vertex -18.5 51.6 1.3
    endloop
  endfacet
  facet normal 0 0 -1
    outer loop
      vertex -22.5 47.6 1.3
      vertex -26.5 49.6 1.3
      vertex -20.5 55.6 1.3
    endloop
  endfacet
  facet normal 0 0 -1
    outer loop
      vertex -26.5 49.6 1.3
      vertex -22.5 47.6 1.3
      vertex -26.5 -6.4 1.3
    endloop
  endfacet
  facet normal 1 -0 0
    outer loop
      vertex -26.5 -6.4 1.3
      vertex -26.5 49.6 0.599999
      vertex -26.5 49.6 1.3
    endloop
  endfacet
  facet normal 1 0 0
    outer loop
      vertex -26.5 49.6 0.599999
      vertex -26.5 -6.4 1.3
      vertex -26.5 -6.4 0.599999
    endloop
  endfacet
  facet normal 0 1 0
    outer loop
      vertex 20.5 -12.4 1.3
      vertex 20.4 -12.4 1
      vertex 20.4 -12.4 1.3
    endloop
  endfacet
  facet normal 0 1 0
    outer loop
      vertex 20.4 -12.4 1
      vertex 20.5 -12.4 0.599999
      vertex -20.4 -12.4 1
    endloop
  endfacet
  facet normal 0 1 -0
    outer loop
      vertex 20.5 -12.4 0.599999
      vertex 20.4 -12.4 1
      vertex 20.5 -12.4 1.3
    endloop
  endfacet
  facet normal 0 1 -0
    outer loop
      vertex -20.4 -12.4 1
      vertex -20.5 -12.4 1.3
      vertex -20.4 -12.4 1.3
    endloop
  endfacet
  facet normal 0 1 0
    outer loop
      vertex -20.4 -12.4 1
      vertex -20.5 -12.4 0.599999
      vertex -20.5 -12.4 1.3
    endloop
  endfacet
  facet normal 0 1 0
    outer loop
      vertex -20.5 -12.4 0.599999
      vertex -20.4 -12.4 1
      vertex 20.5 -12.4 0.599999
    endloop
  endfacet
  facet normal -0.707107 -0.707107 0
    outer loop
      vertex 26.5 49.6 0.599999
      vertex 20.5 55.6 1.3
      vertex 20.5 55.6 0.599999
    endloop
  endfacet
  facet normal -0.707107 -0.707107 0
    outer loop
      vertex 20.5 55.6 1.3
      vertex 26.5 49.6 0.599999
      vertex 26.5 49.6 1.3
    endloop
  endfacet
  facet normal 0.707107 -0.707107 0
    outer loop
      vertex -26.5 49.6 1.3
      vertex -20.5 55.6 0.599999
      vertex -20.5 55.6 1.3
    endloop
  endfacet
  facet normal 0.707107 -0.707107 0
    outer loop
      vertex -20.5 55.6 0.599999
      vertex -26.5 49.6 1.3
      vertex -26.5 49.6 0.599999
    endloop
  endfacet
  facet normal 0 -1 0
    outer loop
      vertex -21.5 57.6 0
      vertex 21.5 57.6 0.599999
      vertex -21.5 57.6 0.599999
    endloop
  endfacet
  facet normal 0 -1 -0
    outer loop
      vertex 21.5 57.6 0.599999
      vertex -21.5 57.6 0
      vertex 21.5 57.6 0
    endloop
  endfacet
  facet normal 0.707107 0.707107 0
    outer loop
      vertex -21.5 -14.4 0.599999
      vertex -28.5 -7.4 0
      vertex -28.5 -7.4 0.599999
    endloop
  endfacet
  facet normal 0.707107 0.707107 0
    outer loop
      vertex -28.5 -7.4 0
      vertex -21.5 -14.4 0.599999
      vertex -21.5 -14.4 0
    endloop
  endfacet
  facet normal -1 0 0
    outer loop
      vertex 28.5 -7.4 0
      vertex 28.5 50.6 0.599999
      vertex 28.5 50.6 0
    endloop
  endfacet
  facet normal -1 -0 0
    outer loop
      vertex 28.5 50.6 0.599999
      vertex 28.5 -7.4 0
      vertex 28.5 -7.4 0.599999
    endloop
  endfacet
  facet normal -0.707107 0.707107 0
    outer loop
      vertex 21.5 -14.4 0
      vertex 28.5 -7.4 0.599999
      vertex 28.5 -7.4 0
    endloop
  endfacet
  facet normal -0.707107 0.707107 0
    outer loop
      vertex 28.5 -7.4 0.599999
      vertex 21.5 -14.4 0
      vertex 21.5 -14.4 0.599999
    endloop
  endfacet
  facet normal 0 0 -1
    outer loop
      vertex 28.5 -7.4 0.599999
      vertex 26.5 -6.4 0.599999
      vertex 28.5 50.6 0.599999
    endloop
  endfacet
  facet normal 0 0 -1
    outer loop
      vertex 21.5 -14.4 0.599999
      vertex 26.5 -6.4 0.599999
      vertex 28.5 -7.4 0.599999
    endloop
  endfacet
  facet normal 0 0 -1
    outer loop
      vertex 21.5 -14.4 0.599999
      vertex 20.5 -12.4 0.599999
      vertex 26.5 -6.4 0.599999
    endloop
  endfacet
  facet normal 0 0 -1
    outer loop
      vertex 21.5 -14.4 0.599999
      vertex -20.5 -12.4 0.599999
      vertex 20.5 -12.4 0.599999
    endloop
  endfacet
  facet normal 0 0 -1
    outer loop
      vertex -21.5 -14.4 0.599999
      vertex -20.5 -12.4 0.599999
      vertex 21.5 -14.4 0.599999
    endloop
  endfacet
  facet normal 0 0 -1
    outer loop
      vertex -21.5 -14.4 0.599999
      vertex -26.5 -6.4 0.599999
      vertex -20.5 -12.4 0.599999
    endloop
  endfacet
  facet normal -0 0 -1
    outer loop
      vertex -26.5 -6.4 0.599999
      vertex -28.5 -7.4 0.599999
      vertex -26.5 49.6 0.599999
    endloop
  endfacet
  facet normal 0 0 -1
    outer loop
      vertex -28.5 -7.4 0.599999
      vertex -26.5 -6.4 0.599999
      vertex -21.5 -14.4 0.599999
    endloop
  endfacet
  facet normal 0 0 -1
    outer loop
      vertex 26.5 49.6 0.599999
      vertex 28.5 50.6 0.599999
      vertex 26.5 -6.4 0.599999
    endloop
  endfacet
  facet normal 0 0 -1
    outer loop
      vertex 26.5 49.6 0.599999
      vertex 21.5 57.6 0.599999
      vertex 28.5 50.6 0.599999
    endloop
  endfacet
  facet normal 0 0 -1
    outer loop
      vertex 20.5 55.6 0.599999
      vertex 21.5 57.6 0.599999
      vertex 26.5 49.6 0.599999
    endloop
  endfacet
  facet normal 0 0 -1
    outer loop
      vertex -20.5 55.6 0.599999
      vertex 21.5 57.6 0.599999
      vertex 20.5 55.6 0.599999
    endloop
  endfacet
  facet normal 0 0 -1
    outer loop
      vertex -20.5 55.6 0.599999
      vertex -21.5 57.6 0.599999
      vertex 21.5 57.6 0.599999
    endloop
  endfacet
  facet normal 0 0 -1
    outer loop
      vertex -26.5 49.6 0.599999
      vertex -21.5 57.6 0.599999
      vertex -20.5 55.6 0.599999
    endloop
  endfacet
  facet normal 0 0 -1
    outer loop
      vertex -26.5 49.6 0.599999
      vertex -28.5 50.6 0.599999
      vertex -21.5 57.6 0.599999
    endloop
  endfacet
  facet normal 0 0 -1
    outer loop
      vertex -28.5 50.6 0.599999
      vertex -26.5 49.6 0.599999
      vertex -28.5 -7.4 0.599999
    endloop
  endfacet
  facet normal 1 -0 0
    outer loop
      vertex -28.5 -7.4 0.599999
      vertex -28.5 50.6 0
      vertex -28.5 50.6 0.599999
    endloop
  endfacet
  facet normal 1 0 0
    outer loop
      vertex -28.5 50.6 0
      vertex -28.5 -7.4 0.599999
      vertex -28.5 -7.4 0
    endloop
  endfacet
  facet normal 0 1 -0
    outer loop
      vertex 21.5 -14.4 0
      vertex -21.5 -14.4 0.599999
      vertex 21.5 -14.4 0.599999
    endloop
  endfacet
  facet normal 0 1 0
    outer loop
      vertex -21.5 -14.4 0.599999
      vertex 21.5 -14.4 0
      vertex -21.5 -14.4 0
    endloop
  endfacet
  facet normal -0.707107 -0.707107 0
    outer loop
      vertex 26.0803 53.0197 0
      vertex 28.5 50.6 0
      vertex 26.0803 53.0197 0.0999994
    endloop
  endfacet
  facet normal -0.707107 -0.707107 -0
    outer loop
      vertex 25.0197 54.0803 0.0999994
      vertex 21.5 57.6 0
      vertex 25.0197 54.0803 0
    endloop
  endfacet
  facet normal -0.707107 -0.707107 0
    outer loop
      vertex 21.5 57.6 0
      vertex 25.0197 54.0803 0.0999994
      vertex 21.5 57.6 0.599999
    endloop
  endfacet
  facet normal -0.707107 -0.707107 0
    outer loop
      vertex 28.5 50.6 0.599999
      vertex 25.0197 54.0803 0.0999994
      vertex 26.0803 53.0197 0.0999994
    endloop
  endfacet
  facet normal -0.707107 -0.707107 -0
    outer loop
      vertex 28.5 50.6 0.599999
      vertex 26.0803 53.0197 0.0999994
      vertex 28.5 50.6 0
    endloop
  endfacet
  facet normal -0.707107 -0.707107 0
    outer loop
      vertex 25.0197 54.0803 0.0999994
      vertex 28.5 50.6 0.599999
      vertex 21.5 57.6 0.599999
    endloop
  endfacet
  facet normal 0.707107 -0.707107 0
    outer loop
      vertex -21.5 57.6 0.599999
      vertex -25.0197 54.0803 0.0999994
      vertex -21.5 57.6 0
    endloop
  endfacet
  facet normal 0.707107 -0.707107 0
    outer loop
      vertex -28.5 50.6 0.599999
      vertex -25.0197 54.0803 0.0999994
      vertex -21.5 57.6 0.599999
    endloop
  endfacet
  facet normal 0.707107 -0.707107 0
    outer loop
      vertex -25.0197 54.0803 0.0999994
      vertex -28.5 50.6 0.599999
      vertex -26.0803 53.0197 0.0999994
    endloop
  endfacet
  facet normal 0.707107 -0.707107 0
    outer loop
      vertex -28.5 50.6 0
      vertex -26.0803 53.0197 0.0999994
      vertex -28.5 50.6 0.599999
    endloop
  endfacet
  facet normal 0.707107 -0.707107 0
    outer loop
      vertex -26.0803 53.0197 0.0999994
      vertex -28.5 50.6 0
      vertex -26.0803 53.0197 0
    endloop
  endfacet
  facet normal 0.707107 -0.707107 0
    outer loop
      vertex -21.5 57.6 0
      vertex -25.0197 54.0803 0.0999994
      vertex -25.0197 54.0803 0
    endloop
  endfacet
  facet normal -0.707107 -0.707107 0
    outer loop
      vertex 20.4 -12.4 1.3
      vertex 18 -10 2.4
      vertex 18 -10 1.3
    endloop
  endfacet
  facet normal -0.707107 -0.707107 -0
    outer loop
      vertex 22 -14 2.4
      vertex 20.4 -12.4 1.3
      vertex 22 -14 1
    endloop
  endfacet
  facet normal -0.707107 -0.707107 1.14189e-15
    outer loop
      vertex 20.4 -12.4 1.3
      vertex 22 -14 2.4
      vertex 18 -10 2.4
    endloop
  endfacet
  facet normal -0.707107 -0.707107 0
    outer loop
      vertex 20.4 -12.4 1
      vertex 22 -14 1
      vertex 20.4 -12.4 1.3
    endloop
  endfacet
  facet normal 0.707107 0.707107 0
    outer loop
      vertex -18 -50 2.4
      vertex -22 -46 1
      vertex -22 -46 2.4
    endloop
  endfacet
  facet normal 0.707107 0.707107 0
    outer loop
      vertex -22 -46 1
      vertex -18 -50 2.4
      vertex -18 -50 1
    endloop
  endfacet
  facet normal -1 0 0
    outer loop
      vertex 22 -46 1
      vertex 22 -14 2.4
      vertex 22 -14 1
    endloop
  endfacet
  facet normal -1 -0 0
    outer loop
      vertex 22 -14 2.4
      vertex 22 -46 1
      vertex 22 -46 2.4
    endloop
  endfacet
  facet normal 0 1 -0
    outer loop
      vertex 18 -50 1
      vertex -18 -50 2.4
      vertex 18 -50 2.4
    endloop
  endfacet
  facet normal 0 1 0
    outer loop
      vertex -18 -50 2.4
      vertex 18 -50 1
      vertex -18 -50 1
    endloop
  endfacet
  facet normal 0.707107 -0.707107 0
    outer loop
      vertex -18 -10 2.4
      vertex -20.4 -12.4 1.3
      vertex -18 -10 1.3
    endloop
  endfacet
  facet normal 0.707107 -0.707107 1.14189e-15
    outer loop
      vertex -22 -14 2.4
      vertex -20.4 -12.4 1.3
      vertex -18 -10 2.4
    endloop
  endfacet
  facet normal 0.707107 -0.707107 0
    outer loop
      vertex -22 -14 1
      vertex -20.4 -12.4 1.3
      vertex -22 -14 2.4
    endloop
  endfacet
  facet normal 0.707107 -0.707107 0
    outer loop
      vertex -20.4 -12.4 1.3
      vertex -22 -14 1
      vertex -20.4 -12.4 1
    endloop
  endfacet
  facet normal 0 0 1
    outer loop
      vertex 20.4 -12.4 1
      vertex 22 -46 1
      vertex 22 -14 1
    endloop
  endfacet
  facet normal 0 0 1
    outer loop
      vertex 20.4 -12.4 1
      vertex 18 -50 1
      vertex 22 -46 1
    endloop
  endfacet
  facet normal 0 0 1
    outer loop
      vertex 20.4 -12.4 1
      vertex -18 -50 1
      vertex 18 -50 1
    endloop
  endfacet
  facet normal -0 0 1
    outer loop
      vertex -20.4 -12.4 1
      vertex -18 -50 1
      vertex 20.4 -12.4 1
    endloop
  endfacet
  facet normal 0 0 1
    outer loop
      vertex -22 -46 1
      vertex -20.4 -12.4 1
      vertex -22 -14 1
    endloop
  endfacet
  facet normal 0 0 1
    outer loop
      vertex -20.4 -12.4 1
      vertex -22 -46 1
      vertex -18 -50 1
    endloop
  endfacet
  facet normal 0 -1 0
    outer loop
      vertex -18 -10 1.3
      vertex 18 -10 2.4
      vertex -18 -10 2.4
    endloop
  endfacet
  facet normal 0 -1 -0
    outer loop
      vertex 18 -10 2.4
      vertex -18 -10 1.3
      vertex 18 -10 1.3
    endloop
  endfacet
  facet normal 1 -0 0
    outer loop
      vertex -22 -46 2.4
      vertex -22 -14 1
      vertex -22 -14 2.4
    endloop
  endfacet
  facet normal 1 0 0
    outer loop
      vertex -22 -14 1
      vertex -22 -46 2.4
      vertex -22 -46 1
    endloop
  endfacet
  facet normal -0.707107 0.707107 0
    outer loop
      vertex 18 -50 1
      vertex 22 -46 2.4
      vertex 22 -46 1
    endloop
  endfacet
  facet normal -0.707107 0.707107 0
    outer loop
      vertex 22 -46 2.4
      vertex 18 -50 1
      vertex 18 -50 2.4
    endloop
  endfacet
endsolid OpenSCAD_Model
